step_index,simulation_time_s,emitter_enabled,solver_gpu_ms,diagnostics_gpu_ms,source_gpu_ms,velocity_advection_gpu_ms,buoyancy_gpu_ms,divergence_gpu_ms,pressure_clear_gpu_ms,pressure_solve_gpu_ms,pressure_gradient_gpu_ms,scalar_advection_gpu_ms,pressure_fraction,pressure_iteration_us,pressure_iterations,rms_divergence_before,max_abs_divergence_before,rms_divergence_after,max_abs_divergence_after,divergence_remaining_fraction,kinetic_energy,velocity_rms,velocity_max,nonfinite_divergence_before,nonfinite_divergence_after,nonfinite_velocity,density_min,density_max,density_sum,density_integral,density_centre_x,density_centre_y,density_centre_z,nonfinite_density_cells
1,0.016666666666666666,1,0.097311999999999996,0.1216,0.0013439999999999999,0.0041919999999999995,0.0014399999999999999,0.0024319999999999997,0.0022719999999999997,0.07708799999999999,0.006816,0.0017279999999999999,0.79217362709634986,1.9271999999999998,40,0.00015625002644810369,0.020000003278255463,1.484763771158628e-06,1.8566337530501187e-05,0.0095024865269496255,7.21760845534547e-12,3.7993705940182962e-06,0.00049479445442557335,0,0,0,0,0.49916735291481018,0.49916735291481018,1.5233378690027166e-05,0.015625,-0.234375,0.015625,0
2,0.033333333333333333,1,0.107456,0.121472,0.002016,0.0037759999999999998,0.0014399999999999999,0.0023999999999999998,0.001792,0.091327999999999993,0.002784,0.0019199999999999998,0.84991066110780222,2.2831999999999999,40,0.00031093611757512996,0.039799369871616364,3.5451352555179656e-06,4.1396939195692539e-05,0.011401490708654559,6.4488185624878014e-11,1.1356776446234909e-05,0.0014785805251449347,0,0,0,0,0.99750345945358276,0.99750345945358276,3.0441389753832482e-05,0.015625,-0.234375,0.015625,0
3,0.050000000000000003,1,0.107904,0.12140799999999999,0.002016,0.0037759999999999998,0.001472,0.0024319999999999997,0.0021440000000000001,0.091327999999999993,0.002784,0.001952,0.84638196915776975,2.2831999999999999,40,0.00046401407057756078,0.059392087161540985,5.937385278011331e-06,6.5986299887299538e-05,0.012795700937734574,2.5611079923493207e-10,2.2632313148899829e-05,0.002946050837635994,0,0,0,0,1.4950097799301147,1.4950097799301147,4.5624077756656334e-05,0.015625,-0.234375,0.015625,0
4,0.066666666666666666,1,0.093311999999999992,0.12124799999999999,0.0021119999999999997,0.0039680000000000002,0.0015039999999999999,0.0024319999999999997,0.0034879999999999998,0.075359999999999996,0.002464,0.0019840000000000001,0.80761316872427991,1.8839999999999999,40,0.00061548768646037331,0.078778892755508423,8.5506234485267599e-06,9.1514084488153458e-05,0.01389243625278809,7.0637695692710167e-10,3.758661881380398e-05,0.0048920311965048313,0,0,0,0,1.9839075803756714,1.9839075803756714,6.0544054576894268e-05,0.015625,-0.234375,0.015625,0
5,0.083333333333333329,1,0.16550399999999998,0.121184,0.0019840000000000001,0.0037439999999999999,0.0038079999999999998,0.0066879999999999995,0.010432,0.134688,0.0022079999999999999,0.001952,0.81380510440835274,3.3671999999999995,40,0.00076106739589778204,0.097656227648258209,1.1280396166215991e-05,0.00011708610691130161,0.014821809772719585,1.572259988869007e-09,5.6076019631728626e-05,0.007297782227396965,0,0,0,0,2.4700846672058105,2.4797712741419673,7.5676613590758279e-05,0.015625,-0.23425292968250283,0.015625,0
6,0.10000000000000001,1,0.16358399999999998,0.121152,0.0022719999999999997,0.0038079999999999998,0.0031359999999999999,0.0065919999999999998,0.014591999999999999,0.12911999999999998,0.0021119999999999997,0.001952,0.78931924882629112,3.2279999999999993,40,0.00090551084439619207,0.11625968664884567,1.413537092697406e-05,0.0001432439312338829,0.015610382818109409,3.051722652358535e-09,7.8124549948892957e-05,0.010165220126509666,0,0,0,0,2.9535560607910156,2.9747713319957256,9.0782816528189869e-05,0.015625,-0.23415213338231533,0.015625,0
7,0.11666666666666667,1,0.091583999999999999,0.12134399999999999,0.0019199999999999998,0.0041919999999999995,0.001408,0.0024319999999999997,0.0018879999999999999,0.075423999999999991,0.0024319999999999997,0.0018879999999999999,0.82354996505939893,1.8855999999999997,40,0.0010476529074478062,0.1345924586057663,1.7074843598555828e-05,0.00016953051090240479,0.01629818757450114,5.3753823614499652e-09,0.0001036858945223502,0.013488061726093292,0,0,0,0,3.4208688735961914,3.4554340578615665,0.00010545147881657613,0.015625,-0.23406240193266445,0.015625,0
8,0.13333333333333333,1,0.091647999999999993,0.12124799999999999,0.0018879999999999999,0.003712,0.0014399999999999999,0.0023999999999999998,0.0024319999999999997,0.075327999999999992,0.002464,0.0019840000000000001,0.82192737430167595,1.8831999999999998,40,0.0011879850660521702,0.15349923074245453,1.9992298560144758e-05,0.00019485596567392349,0.016828745690029408,8.7719556063348136e-09,0.00013245343035448205,0.017224112525582314,0,0,0,0,3.8837587833404541,3.9334219954907894,0.00012003851304598356,0.015625,-0.2339804388821039,0.015625,0
9,0.14999999999999999,1,0.091488,0.121472,0.0020479999999999999,0.0039039999999999999,0.0015039999999999999,0.0024319999999999997,0.001952,0.075263999999999998,0.002464,0.0019199999999999998,0.8226652675760755,1.8815999999999999,40,0.001322425309660587,0.17109251022338867,2.2944059016681383e-05,0.0002202894538640976,0.017349984796169844,1.3528026698850226e-08,0.00016448724387532442,0.021382428705692291,0,0,0,0,4.3251724243164062,4.4085566475987434,0.00013453847191158275,0.015625,-0.23378393195077979,0.015625,0
10,0.16666666666666666,1,0.091551999999999994,0.12143999999999999,0.0020799999999999998,0.0037439999999999999,0.001472,0.0023999999999999998,0.0021119999999999997,0.075327999999999992,0.002464,0.001952,0.82278923453337993,1.8831999999999998,40,0.0014580741562699377,0.18988010287284851,2.5889151980743832e-05,0.00024511292576789856,0.017755716929359591,1.9897278491498582e-08,0.00019948573127669347,0.02591044083237648,0,0,0,0,4.7418694496154785,4.8620983362197876,0.00014837946582701989,0.015625,-0.23360225694822007,0.015625,0
11,0.18333333333333332,1,0.097855999999999999,0.12092799999999999,0.002016,0.0037759999999999998,0.0015039999999999999,0.0024319999999999997,0.002016,0.081984000000000001,0.002176,0.001952,0.83780248528449974,2.0495999999999999,40,0.0015779347801188289,0.20585080981254578,2.8792417585937439e-05,0.0002690926194190979,0.018246899649280293,2.818155664385813e-08,0.00023740916849969434,0.03081066906452179,0,0,0,0,5.151371955871582,5.3336642082722392,0.00016277051416846433,0.015625,-0.23330420052680279,0.015625,0
12,0.20000000000000001,1,0.097695999999999991,0.12134399999999999,0.0020479999999999999,0.0036479999999999998,0.001408,0.0023999999999999998,0.0023679999999999999,0.081344,0.0025279999999999999,0.001952,0.83262364886996409,2.0335999999999999,40,0.0016843571179222683,0.22148442268371582,3.1616134715487487e-05,0.00029201246798038483,0.018770446230836985,3.8642919975018231e-08,0.00027800330924295928,0.036046236753463745,0,0,0,0,5.531766414642334,5.781266181380488,0.00017643024235169946,0.015625,-0.23302004287391853,0.015625,0
13,0.21666666666666667,1,0.091231999999999994,0.12121599999999999,0.0020799999999999998,0.0036799999999999997,0.001472,0.0024319999999999997,0.001856,0.075327999999999992,0.002464,0.0019199999999999998,0.82567520168361974,1.8831999999999998,40,0.0017778591923929435,0.23576998710632324,3.4298058104738641e-05,0.00031315535306930542,0.019291774203205887,5.149993498321237e-08,0.00032093592813274232,0.04157247394323349,0,0,0,0,5.8805880546569824,6.2246891490649432,0.00018996243741042917,0.015625,-0.23263689710398475,0.015625,0
14,0.23333333333333334,1,0.093343999999999996,0.12131199999999999,0.0022079999999999999,0.0039359999999999994,0.0015039999999999999,0.002464,0.003552,0.075359999999999996,0.002336,0.0019840000000000001,0.80733630442235171,1.8839999999999999,40,0.0018876320895106996,0.25298535823822021,3.6854302759335394e-05,0.00033270567655563354,0.019524092096192613,6.6933729669926834e-08,0.0003658790228201853,0.04733533039689064,0,0,0,0,6.2206664085388184,6.6649846872314811,0.00020339919089451541,0.015625,-0.23227578770328214,0.015625,0
15,0.25,1,0.091615999999999989,0.12153599999999999,0.0019840000000000001,0.0037439999999999999,0.001472,0.0024319999999999997,0.0022079999999999999,0.075359999999999996,0.002464,0.001952,0.82256374432413559,1.8839999999999999,40,0.0019792292173053893,0.2658238410949707,3.9428373966144329e-05,0.00035336613655090332,0.019921075144506948,8.5362067636651773e-08,0.00041318777241504081,0.053383633494377136,0,0,0,0,6.5260124206542969,7.1005688617005944,0.00021669216496889021,0.015625,-0.23182412768174374,0.015625,0
16,0.26666666666666666,1,0.09151999999999999,0.12153599999999999,0.0019840000000000001,0.0036799999999999997,0.0014399999999999999,0.0024319999999999997,0.0022719999999999997,0.075296000000000002,0.002496,0.0019199999999999998,0.82272727272727286,1.8824000000000001,40,0.0020266228833726177,0.2717430591583252,4.2095681470991097e-05,0.00037563405930995941,0.02077134419845161,1.0692773599885186e-07,0.00046244510160418364,0.059643559157848358,0,0,0,0,6.7951145172119141,7.5056927110708784,0.00022905556369234858,0.015625,-0.23138701077504334,0.015625,0
17,0.28333333333333333,1,0.091583999999999999,0.121376,0.001952,0.0035839999999999999,0.0014399999999999999,0.0024319999999999997,0.0024319999999999997,0.075296000000000002,0.002464,0.0019840000000000001,0.82215234102026558,1.8824000000000001,40,0.0021742048947988842,0.29935699701309204,4.45508686334122e-05,0.00039345026016235352,0.020490648668847374,1.3145685784365924e-07,0.00051275112451102289,0.065989449620246887,0,0,0,0,7.0269241333007812,7.9043542061699554,0.00024122174701446397,0.015625,-0.2308682556983874,0.015625,0
18,0.29999999999999999,1,0.091296000000000002,0.121568,0.0021119999999999997,0.003712,0.0015039999999999999,0.0023999999999999998,0.001952,0.075263999999999998,0.002496,0.001856,0.82439537329127233,1.8815999999999999,40,0.0022208683348699039,0.30828738212585449,4.6748505127660315e-05,0.00040873885154724121,0.021049651793247255,1.5912551987184997e-07,0.00056413742983753518,0.072432287037372589,0,0,0,0,7.2208585739135742,8.2989914034260437,0.00025326511851275768,0.015625,-0.2302558451382401,0.015625,0
19,0.31666666666666665,1,0.09151999999999999,0.121472,0.0021440000000000001,0.0037759999999999998,0.001472,0.002464,0.001952,0.075359999999999996,0.0024319999999999997,0.0019199999999999998,0.82342657342657344,1.8839999999999999,40,0.0022651594991542185,0.30799537897109985,5.0454970934208814e-05,0.00044561177492141724,0.022274356818161395,1.9038377274682716e-07,0.00061706364784652019,0.078984290361404419,0,0,0,0,7.3767976760864258,8.6598351448774338,0.00026427719558341778,0.015625,-0.22966090944655398,0.015625,0
20,0.33333333333333331,1,0.091455999999999996,0.12153599999999999,0.0021119999999999997,0.0037759999999999998,0.001472,0.0023999999999999998,0.0019840000000000001,0.075359999999999996,0.0024319999999999997,0.0019199999999999998,0.82400279916025188,1.8839999999999999,40,0.0023232383273005634,0.32088804244995117,5.3179632671481577e-05,0.00046401843428611755,0.022890304471376598,2.2467828841854498e-07,0.00067034064238795041,0.085513770580291748,0,0,0,0,7.4950704574584961,9.0122304052638356,0.00027503144547313951,0.015625,-0.2290028751302961,0.015625,0
21,0.34999999999999998,1,0.091167999999999999,0.121376,0.002016,0.0037759999999999998,0.001472,0.0024319999999999997,0.001696,0.075359999999999996,0.002464,0.001952,0.8266058266058266,1.8839999999999999,40,0.0023093259509301052,0.31533253192901611,5.5667503425557908e-05,0.00048143789172172546,0.02410552022902494,2.6224029170407448e-07,0.00072421031710971152,0.092016682028770447,0,0,0,0,7.5764327049255371,9.355700571264606,0.00028551332309767474,0.015625,-0.22828774714505604,0.015625,0
22,0.36666666666666664,1,0.091392000000000001,0.12128,0.0022079999999999999,0.003872,0.0015039999999999999,0.0024319999999999997,0.001632,0.075327999999999992,0.002464,0.001952,0.82422969187675066,1.8831999999999998,40,0.0023234140938886709,0.31504368782043457,5.7977769943042622e-05,0.00049832463264465332,0.024953696414058462,3.0330093636621314e-07,0.00077884650139319891,0.098539933562278748,0,0,0,0,7.6535348892211914,9.7510621243272908,0.00029757880018088656,0.015625,-0.22745352369336799,0.015625,0
23,0.3833333333333333,1,0.091455999999999996,0.12121599999999999,0.0020479999999999999,0.0037759999999999998,0.0015039999999999999,0.002464,0.001856,0.075392000000000001,0.002464,0.001952,0.82435269419174251,1.8847999999999998,40,0.0023637324391830705,0.31544101238250732,6.0278573180354167e-05,0.00051502138376235962,0.025501436702872787,3.4755640854200465e-07,0.00083373426047153012,0.10494208335876465,0,0,0,0,7.6948027610778809,10.138461980910506,0.00030940130556977863,0.015625,-0.22658342648158095,0.015625,0
24,0.40000000000000002,1,0.091647999999999993,0.121376,0.0021440000000000001,0.0036799999999999997,0.0014399999999999999,0.0023999999999999998,0.0022719999999999997,0.075327999999999992,0.002496,0.0018879999999999999,0.82192737430167595,1.8831999999999998,40,0.0024453991038010338,0.32853806018829346,6.2154767163653162e-05,0.00052502378821372986,0.025417023776218042,3.9403249729730305e-07,0.00088773024877752483,0.11109833419322968,0,0,0,0,7.7017922401428223,10.50074273138307,0.00032045723667550874,0.015625,-0.22569643294719277,0.015625,0
25,0.41666666666666669,1,0.091488,0.12134399999999999,0.0021440000000000001,0.0038079999999999998,0.001472,0.002464,0.0019199999999999998,0.075263999999999998,0.002496,0.0019199999999999998,0.8226652675760755,1.8815999999999999,40,0.0024679119762464224,0.32484340667724609,6.4335121070540637e-05,0.0005412176251411438,0.026068644947536305,4.439538372480456e-07,0.00094228853038551372,0.1171584352850914,0,0,0,0,7.6763758659362793,10.853807341656648,0.00033123191350270531,0.015625,-0.22478240906127267,0.015625,0
26,0.43333333333333335,1,0.091551999999999994,0.12182399999999999,0.0021440000000000001,0.0037759999999999998,0.0015039999999999999,0.0024319999999999997,0.001952,0.075359999999999996,0.0024319999999999997,0.001952,0.82313876267039499,1.8839999999999999,40,0.0024122015970967883,0.30582189559936523,6.6390604887106488e-05,0.00055404007434844971,0.027522826022091634,4.9655778866508626e-07,0.00099655184377440823,0.12299714237451553,0,0,0,0,7.620701789855957,11.196123919449747,0.00034167858640898885,0.015625,-0.22385003331813408,0.015625,0
27,0.45000000000000001,1,0.091551999999999994,0.121472,0.0020799999999999998,0.0039359999999999994,0.0015039999999999999,0.002464,0.001856,0.075296000000000002,0.002496,0.0019199999999999998,0.82243970639636499,1.8824000000000001,40,0.0023779891549347062,0.29403066635131836,6.8362204524976647e-05,0.00056739151477813721,0.028747904246373111,5.5197358506120509e-07,0.001050688902635985,0.12868258357048035,0,0,0,0,7.5688114166259766,11.568415690911934,0.00035304002962988079,0.015625,-0.22289141755161032,0.015625,0
28,0.46666666666666667,1,0.091615999999999989,0.12140799999999999,0.0019840000000000001,0.003712,0.0014399999999999999,0.0024319999999999997,0.0022719999999999997,0.075263999999999998,0.0025599999999999998,0.001952,0.82151589242053802,1.8815999999999999,40,0.002401622619855152,0.28479909896850586,7.0222455322551113e-05,0.00057744979858398438,0.029239587744550145,6.0957029290875653e-07,0.0011041469946603637,0.13405847549438477,0,0,0,0,7.488980770111084,11.938294402556494,0.000364327832109268,0.015625,-0.22187929802645742,0.015625,0
29,0.48333333333333334,1,0.090911999999999993,0.121376,0.0019840000000000001,0.0037759999999999998,0.001472,0.0023999999999999998,0.0015039999999999999,0.075392000000000001,0.002464,0.0019199999999999998,0.82928546286518834,1.8847999999999998,40,0.0023989683589885225,0.25783276557922363,7.3227150432521415e-05,0.00060388445854187012,0.030524433620873679,6.7027713157585822e-07,0.0011578230707460083,0.13925337791442871,0,0,0,0,7.3837318420410156,12.293092268519104,0.00037515540370236522,0.015625,-0.22086995034120832,0.015625,0
30,0.5,1,0.091551999999999994,0.121472,0.002016,0.0036799999999999997,0.001472,0.0023999999999999998,0.002336,0.075263999999999998,0.002464,0.0019199999999999998,0.82209017825934994,1.8815999999999999,40,0.0024453608886439819,0.24433636665344238,7.3043494988082828e-05,0.00058070570230484009,0.029870231149639187,7.3278539503007778e-07,0.0012106076119288841,0.14412550628185272,0,0,0,0,7.2864570617675781,12.676383908372372,0.00038685253626624672,0.015625,-0.21984477572849689,0.015625,0
31,0.51666666666666661,1,0.091488,0.121472,0.0022719999999999997,0.0037439999999999999,0.0014399999999999999,0.002496,0.001856,0.075263999999999998,0.002464,0.001952,0.8226652675760755,1.8815999999999999,40,0.0024295477910569003,0.25298178195953369,7.4403188490171929e-05,0.000590495765209198,0.030624295090653515,7.990436756699637e-07,0.0012641547972222103,0.14885561168193817,0,0,0,0,7.1661863327026367,13.062450914865622,0.00039863436629838933,0.015625,-0.21875367266686715,0.015625,0
32,0.53333333333333333,1,0.091359999999999997,0.12143999999999999,0.0021440000000000001,0.0039359999999999994,0.0015039999999999999,0.002464,0.0017279999999999999,0.075231999999999993,0.0023679999999999999,0.0019840000000000001,0.82346760070052538,1.8808,40,0.0024606721270550988,0.27461361885070801,7.5736579201963241e-05,0.00059525668621063232,0.030778817855999296,8.6665818344044965e-07,0.0013165547337201365,0.15315468609333038,0,0,0,0,7.0256004333496094,13.430885566907818,0.00040987809957604426,0.015625,-0.21767443062897066,0.015625,0
33,0.55000000000000004,1,0.091551999999999994,0.12143999999999999,0.0019840000000000001,0.0037759999999999998,0.001472,0.0024319999999999997,0.0022079999999999999,0.075296000000000002,0.0024319999999999997,0.001952,0.82243970639636499,1.8824000000000001,40,0.0024451412561377495,0.29474210739135742,7.7328389756789237e-05,0.00060512125492095947,0.031625326169881146,9.3661532218902721e-07,0.0013686601639479592,0.1571829617023468,0,0,0,0,6.8967618942260742,13.827202043309626,0.00042197271860686114,0.015627359230039106,-0.21659082611309532,0.015625,0
34,0.56666666666666665,1,0.091551999999999994,0.121568,0.001952,0.0036479999999999998,0.001472,0.0023999999999999998,0.0023679999999999999,0.075327999999999992,0.002464,0.0019199999999999998,0.82278923453337993,1.8831999999999998,40,0.0025259459094969889,0.3216930627822876,7.9298967862865644e-05,0.00061944127082824707,0.031393771166959412,1.008836420623993e-06,0.0014204481128319985,0.16089451313018799,0,0,0,0,6.7498435974121094,14.221228802773254,0.000433997461022133,0.015629712756945167,-0.21546126154630216,0.015625000000000003,0
35,0.58333333333333337,1,0.091455999999999996,0.12140799999999999,0.0020479999999999999,0.003872,0.0015039999999999999,0.002464,0.0019199999999999998,0.075296000000000002,0.002464,0.0018879999999999999,0.82330300909727083,1.8824000000000001,40,0.0025608923032571385,0.34929227828979492,8.1501080757621027e-05,0.00064122676849365234,0.031825266784535108,1.0842087476703455e-06,0.0014725547512200322,0.16433997452259064,0,0,0,0,6.6157746315002441,14.638990192012329,0.00044674652685584501,0.015629603983776479,-0.21434371395976012,0.015624999999999997,0
36,0.59999999999999998,1,0.09151999999999999,0.121376,0.002016,0.003712,0.0014399999999999999,0.0023999999999999998,0.0023040000000000001,0.075263999999999998,0.002464,0.0019199999999999998,0.82237762237762246,1.8815999999999999,40,0.0025569820731110322,0.35443115234375,8.4120068113912122e-05,0.00066635012626647949,0.032898184542828966,1.1633496797003318e-06,0.0015253522083114653,0.16760291159152985,0,0,0,0,6.493431568145752,15.077140501234961,0.00046011781314803958,0.015629494297816737,-0.21324511032021154,0.015625,0
37,0.6166666666666667,1,0.091423999999999991,0.12143999999999999,0.0020479999999999999,0.0038399999999999997,0.001472,0.002464,0.0019199999999999998,0.075392000000000001,0.0023999999999999998,0.0018879999999999999,0.82464123206160311,1.8847999999999998,40,0.0025823885741810093,0.36702859401702881,8.6095551522356506e-05,0.00068002939224243164,0.033339502963709189,1.2429128446456161e-06,0.0015766501480326042,0.17355452477931976,0,0,0,0,6.3545160293579102,15.434664628135103,0.00047102858362228707,0.015629412902213952,-0.21215156208401695,0.015625,0
38,0.6333333333333333,1,0.092991999999999991,0.1216,0.002176,0.0037759999999999998,0.001472,0.0023999999999999998,0.0033599999999999997,0.075392000000000001,0.0024319999999999997,0.0019840000000000001,0.81073640743289754,1.8847999999999998,40,0.0026198560012130976,0.36824095249176025,8.890307508846836e-05,0.00070473551750183105,0.033934336485403283,1.3240888847576571e-06,0.0016273222697165163,0.18047121167182922,0,0,0,0,6.2282915115356445,15.800969234872809,0.00048220731307595244,0.015629332424802755,-0.2110654221985957,0.015625,0
39,0.65000000000000002,1,0.091392000000000001,0.12128,0.0019840000000000001,0.003712,0.0014399999999999999,0.0023679999999999999,0.0022399999999999998,0.075231999999999993,0.002496,0.0019199999999999998,0.82317927170868344,1.8808,40,0.002639387356509067,0.36994946002960205,9.1978517999801357e-05,0.00073412060737609863,0.03484843472216026,1.4100594398769317e-06,0.0016793209579332544,0.18739499151706696,0,0,0,0,6.1135983467102051,16.186749868959552,0.00049398040371580665,0.015629251145591726,-0.20997129616124219,0.015625,0
40,0.66666666666666663,1,0.091647999999999993,0.12140799999999999,0.0020479999999999999,0.003712,0.001472,0.0024319999999999997,0.002176,0.075327999999999992,0.002496,0.0019840000000000001,0.82192737430167595,1.8831999999999998,40,0.0027959691476799192,0.4049227237701416,9.4386909780092069e-05,0.0007476508617401123,0.033758208619152269,1.4965319223847473e-06,0.0017300473533315482,0.19395311176776886,0,0,0,0,5.9835925102233887,16.587939461356513,0.00050622373844471779,0.015629155001615325,-0.20879397340478553,0.015625,0
41,0.68333333333333335,1,0.091551999999999994,0.121376,0.002016,0.0037759999999999998,0.0015039999999999999,0.002464,0.002016,0.075392000000000001,0.0024319999999999997,0.001952,0.82348829080741004,1.8847999999999998,40,0.0028003413382549939,0.39200782775878906,9.7117812514681091e-05,0.0007680058479309082,0.034680705236883422,1.5861814972595312e-06,0.0017811128528307976,0.20033073425292969,0,0,0,0,5.8659710884094238,17.010143034211978,0.0005191083689639886,0.015629058757144123,-0.20761431673225333,0.015625,0
42,0.69999999999999996,1,0.091488,0.12121599999999999,0.0021119999999999997,0.0038079999999999998,0.0015039999999999999,0.0024319999999999997,0.001952,0.075263999999999998,0.002464,0.001952,0.8226652675760755,1.8815999999999999,40,0.002837406598273222,0.38892233371734619,9.9892610112057635e-05,0.00078824162483215332,0.035205602951952637,1.6779246152509586e-06,0.0018318977128928126,0.20641836524009705,0,0,0,0,5.9015016555786133,17.442992184395621,0.00053231787672105776,0.015628965945630069,-0.20646220861612508,0.015625,0
43,0.71666666666666667,1,0.090880000000000002,0.12134399999999999,0.0020479999999999999,0.003712,0.0014399999999999999,0.0024319999999999997,0.001536,0.075263999999999998,0.0025279999999999999,0.0019199999999999998,0.82816901408450694,1.8815999999999999,40,0.0028452821686450113,0.3773643970489502,0.0001028060560600153,0.00081205368041992188,0.03613211272784727,1.7728054899635026e-06,0.0018829792829255995,0.2122444361448288,0,0,0,0,5.9321670532226562,17.912418667221345,0.00054664363608463579,0.015628868729502324,-0.20527216572145965,0.015625,0
44,0.73333333333333328,1,0.09151999999999999,0.12143999999999999,0.002016,0.0036159999999999999,0.001472,0.0023999999999999998,0.0023999999999999998,0.075231999999999993,0.002464,0.0019199999999999998,0.82202797202797206,1.8808,40,0.0028142319895331125,0.35312855243682861,0.00010600283478761857,0.0008373260498046875,0.037666700962064141,1.8712156588662765e-06,0.0019345364606883357,0.21782174706459045,0,0,0,0,5.9493260383605957,18.31700622185781,0.00055899066839165679,0.01562878865639547,-0.20409045024352607,0.015625,0
45,0.75,1,0.09151999999999999,0.12140799999999999,0.001952,0.0037439999999999999,0.0014399999999999999,0.0024319999999999997,0.0023040000000000001,0.075231999999999993,0.002496,0.0019199999999999998,0.82202797202797206,1.8808,40,0.0028369308810137681,0.33710205554962158,0.00010899948341629178,0.000858306884765625,0.03842162110672967,1.9727135622815695e-06,0.0019863099266134525,0.22310146689414978,0,0,0,0,5.9547524452209473,18.731872946248814,0.00057165139606472209,0.015628709622702019,-0.20290333924072965,0.015625,0
46,0.76666666666666661,1,0.093343999999999996,0.12143999999999999,0.001952,0.0043200000000000001,0.0014399999999999999,0.0024319999999999997,0.003424,0.075392000000000001,0.002464,0.0019199999999999998,0.80767912238601303,1.8847999999999998,40,0.0027697298030728902,0.30699872970581055,0.00010935131630405932,0.00083717703819274902,0.039480860617789854,2.0766758552781539e-06,0.0020379773577143363,0.22806598246097565,0,0,0,0,5.949986457824707,19.153185686763436,0.00058450884053843494,0.015628632538109265,-0.20174955039385309,0.015625,0
47,0.78333333333333333,1,0.091392000000000001,0.12124799999999999,0.001952,0.0037439999999999999,0.0014399999999999999,0.0024319999999999997,0.0020479999999999999,0.075392000000000001,0.0024319999999999997,0.001952,0.82492997198879547,1.8847999999999998,40,0.0028084264306850143,0.33016622066497803,0.00011095728019050762,0.00084644556045532227,0.039508701021391396,2.1831258436577627e-06,0.0020895577731461566,0.23270097374916077,0,0,0,0,5.9370913505554199,19.602831805334063,0.00059823095109051705,0.015628553267029471,-0.20057127072793743,0.015625,0
48,0.80000000000000004,1,0.091488,0.12140799999999999,0.0020479999999999999,0.003712,0.001472,0.0024319999999999997,0.0021440000000000001,0.075327999999999992,0.0024319999999999997,0.0019199999999999998,0.82336481287163332,1.8831999999999998,40,0.0028415721284383282,0.35091710090637207,0.00011293962739156606,0.00086072087287902832,0.039745472677350423,2.2919209641258931e-06,0.0021409908753312768,0.23697543144226074,0,0,0,0,5.9177761077880859,20.045451938464794,0.00061173864558303204,0.01562855601855594,-0.19935732502292344,0.015625,0
49,0.81666666666666665,1,0.091679999999999998,0.12140799999999999,0.0019840000000000001,0.003712,0.0014399999999999999,0.0024319999999999997,0.0023040000000000001,0.075392000000000001,0.002496,0.0019199999999999998,0.82233856893542756,1.8847999999999998,40,0.0029359658032112258,0.37679970264434814,0.00011775168365323105,0.00091636180877685547,0.040106626420661852,2.4058342660282506e-06,0.0021935515795295313,0.24093863368034363,0,0,0,0,5.8902316093444824,20.502377042968419,0.00062568289315699521,0.015628478727472212,-0.19815373854370244,0.015625,0
50,0.83333333333333337,1,0.091583999999999999,0.12140799999999999,0.0020799999999999998,0.003712,0.0014399999999999999,0.0024319999999999997,0.0021440000000000001,0.075392000000000001,0.0024319999999999997,0.001952,0.82320055904961564,1.8847999999999998,40,0.002906477652546635,0.38265073299407959,0.00012173957234655904,0.00095582008361816406,0.041885604122877632,2.5227759579138365e-06,0.0022462306016586258,0.24456021189689636,0,0,0,0,5.8568615913391113,20.997927906521909,0.00064080590535040005,0.015628387973032318,-0.19686957161944077,0.015625,0
51,0.84999999999999998,1,0.091488,0.121376,0.0021119999999999997,0.0038399999999999997,0.001472,0.002464,0.001952,0.075263999999999998,0.002464,0.0019199999999999998,0.8226652675760755,1.8815999999999999,40,0.0030489480972149181,0.43881106376647949,0.00012566327966152712,0.00099277496337890625,0.041215289881882569,2.6441291538503719e-06,0.0022996213400690003,0.2479112297296524,0,0,0,0,5.8185176849365234,21.446218769766347,0.00065448665679218587,0.015628317606437753,-0.19566969237528328,0.015625,0
52,0.8666666666666667,1,0.091679999999999998,0.12182399999999999,0.001952,0.0037439999999999999,0.0014399999999999999,0.0024319999999999997,0.0022719999999999997,0.075423999999999991,0.0024319999999999997,0.0019840000000000001,0.82268760907504357,1.8855999999999997,40,0.0031141412318473139,0.45351672172546387,0.00012975452021740251,0.00102996826171875,0.041666228522471961,2.7702271836460568e-06,0.0023538169782912422,0.25090938806533813,0,0,0,0,5.7774486541748047,21.916782160170982,0.0006688471118216242,0.015628246512298553,-0.19445808155878611,0.015625,0
53,0.8833333333333333,1,0.091615999999999989,0.12140799999999999,0.0019199999999999998,0.0036799999999999997,0.001472,0.0024319999999999997,0.002336,0.075392000000000001,0.0024319999999999997,0.001952,0.82291302829200152,1.8847999999999998,40,0.0031061822511396844,0.45256447792053223,0.00013369224829030675,0.0010584592819213867,0.04304069673994626,2.8991742055950454e-06,0.002407975998881652,0.25355878472328186,0,0,0,0,5.7348012924194336,22.418949221445871,0.00068417203434588229,0.01562818095916008,-0.19328314766127352,0.015624999999999998,0
54,0.90000000000000002,1,0.091615999999999989,0.12153599999999999,0.001952,0.0037439999999999999,0.0014399999999999999,0.0023999999999999998,0.002336,0.075327999999999992,0.002464,0.001952,0.82221446035626966,1.8831999999999998,40,0.0031728654212926375,0.45567822456359863,0.00013809470709371204,0.0010942220687866211,0.04352365724905273,3.0324954423122108e-06,0.0024627202205334698,0.25584644079208374,0,0,0,0,5.6934399604797363,22.9497309458106,0.00070037020708650513,0.015628114147335923,-0.19207413062012721,0.015625000000000003,0
55,0.91666666666666663,1,0.091359999999999997,0.121472,0.0020479999999999999,0.0037759999999999998,0.0014399999999999999,0.002464,0.002016,0.075263999999999998,0.002496,0.001856,0.82381786339754814,1.8815999999999999,40,0.0032231336388146015,0.44734835624694824,0.00013867280326069616,0.001068115234375,0.043024217671500893,3.1679835501563502e-06,0.0025171347004704974,0.25797522068023682,0,0,0,0,5.6545042991638184,23.499722016231622,0.00071715460254613106,0.015628047304669046,-0.19085589823395252,0.015625000000000003,0
56,0.93333333333333335,1,0.091296000000000002,0.121504,0.0019840000000000001,0.0036479999999999998,0.001472,0.0023999999999999998,0.0020799999999999998,0.075296000000000002,0.002464,0.001952,0.82474588152821593,1.8824000000000001,40,0.0032709474776907899,0.44644069671630859,0.00014117057810444323,0.0010881423950195312,0.043158925377825466,3.3078370051953243e-06,0.0025720952568656255,0.25981670618057251,0,0,0,0,5.6179733276367188,24.070031236541237,0.00073455905873233754,0.015627980687916692,-0.18964041097664164,0.015624999999999998,0
57,0.94999999999999996,1,0.09151999999999999,0.121184,0.0020479999999999999,0.0037759999999999998,0.0015039999999999999,0.0024319999999999997,0.0019840000000000001,0.075392000000000001,0.002464,0.0019199999999999998,0.82377622377622384,1.8847999999999998,40,0.0033247197216052676,0.43340015411376953,0.00014561930730048659,0.0011312961578369141,0.04379897239283001,3.4531215078459354e-06,0.0026279731763646048,0.26141783595085144,0,0,0,0,5.5837979316711426,24.57622685930583,0.00075000692319658906,0.015627924456774547,-0.18847245185556791,0.015625000000000003,0
58,0.96666666666666667,1,0.093343999999999996,0.12143999999999999,0.0021119999999999997,0.0043200000000000001,0.001536,0.0024319999999999997,0.0031679999999999998,0.075392000000000001,0.002464,0.0019199999999999998,0.80767912238601303,1.8847999999999998,40,0.0033640162300505303,0.44958639144897461,0.00014667374569341592,0.0011159181594848633,0.043600784200500946,3.5999667034047889e-06,0.0026832691640626695,0.26604655385017395,0,0,0,0,5.5519084930419922,25.099766734572796,0.00076598409224160145,0.01562787003615199,-0.1872955731401815,0.015625000000000003,0
59,0.98333333333333328,1,0.09151999999999999,0.121376,0.0020799999999999998,0.0036479999999999998,0.001472,0.0024319999999999997,0.002176,0.075327999999999992,0.0024319999999999997,0.001952,0.82307692307692304,1.8831999999999998,40,0.003397702827812286,0.41309452056884766,0.00014986317024214135,0.0011408329010009766,0.044107203553948031,3.752192469619331e-06,0.0027394132472554522,0.27265551686286926,0,0,0,0,5.522221565246582,25.629561084138448,0.00078215213269465479,0.015634050319187676,-0.18609621851207417,0.015625,0
60,1,1,0.091808000000000001,0.12124799999999999,0.0020479999999999999,0.0036479999999999998,0.001408,0.0023999999999999998,0.0024319999999999997,0.075359999999999996,0.002464,0.0020479999999999999,0.82084349947716972,1.8839999999999999,40,0.0034343124370933512,0.39673185348510742,0.00015323608805773096,0.0011696815490722656,0.044619146005080171,3.9093915802368429e-06,0.0027962087118943188,0.27888566255569458,0,0,0,0,5.494117259979248,26.163660430434113,0.00079845155122174418,0.015633841161704357,-0.18489990371844128,0.015625,0
61,1.0166666666666666,1,0.091615999999999989,0.12143999999999999,0.002016,0.0036479999999999998,0.0014399999999999999,0.0024319999999999997,0.002336,0.075263999999999998,0.002496,0.0019840000000000001,0.82151589242053802,1.8815999999999999,40,0.0033357167855715191,0.38522326946258545,0.0001574990679340258,0.0012068748474121094,0.047215959285056924,4.0717000047152396e-06,0.0028536643126742291,0.28469052910804749,0,0,0,0,5.4681506156921387,26.727161270576104,0.00081564823213428053,0.015633636067099117,-0.18365115864385248,0.015625,0
62,1.0333333333333332,1,0.09151999999999999,0.12143999999999999,0.0020479999999999999,0.0037759999999999998,0.001472,0.0023999999999999998,0.0021119999999999997,0.075263999999999998,0.002496,0.001952,0.82237762237762246,1.8815999999999999,40,0.0033966052992751117,0.42394113540649414,0.00016145485650388396,0.0012351274490356445,0.047534182596470936,4.2395245145598892e-06,0.002911880668763708,0.29007309675216675,0,0,0,0,5.4441947937011719,27.288902135333331,0.00083279120286051424,0.015653937564248696,-0.18236952115513216,0.015604508372645291,0
63,1.05,1,0.093567999999999998,0.12121599999999999,0.0020799999999999998,0.004352,0.001536,0.0024319999999999997,0.0034559999999999999,0.075263999999999998,0.0025279999999999999,0.0019199999999999998,0.8043775649794801,1.8815999999999999,40,0.0035028523850891202,0.45905625820159912,0.00016547794185760206,0.0012606382369995117,0.04724091216689736,4.4116568460594863e-06,0.0029704063176809619,0.29502242803573608,0,0,0,0,5.4221234321594238,27.822557203045641,0.00084907706308122682,0.015653252874679804,-0.18110668856665929,0.015605013284567131,0
64,1.0666666666666667,1,0.091615999999999989,0.12128,0.0020479999999999999,0.0037759999999999998,0.001472,0.0023999999999999998,0.0021440000000000001,0.075392000000000001,0.002464,0.0019199999999999998,0.82291302829200152,1.8847999999999998,40,0.0035086586658672429,0.48354780673980713,0.00017007098901425643,0.0012981891632080078,0.048471796549699318,4.5907627281849273e-06,0.0030301032088643209,0.29958239197731018,0,0,0,0,5.4018135070800781,28.372024889009026,0.00086584548611477741,0.015652581899540191,-0.17983502754947114,0.015605506703935144,0
65,1.0833333333333333,1,0.091199999999999989,0.121504,0.002016,0.0037759999999999998,0.001472,0.002464,0.001696,0.075423999999999991,0.0024319999999999997,0.0019199999999999998,0.8270175438596491,1.8855999999999997,40,0.0035573198693741423,0.50113344192504883,0.00017526443513622323,0.0013482570648193359,0.049268674612344715,4.7764169721631333e-06,0.0030907659154853942,0.30371901392936707,0,0,0,0,5.3831462860107422,28.950289533847595,0.00088349272259056382,0.015651912966044835,-0.17853404029873648,0.015605997213500377,0
66,1.1000000000000001,1,0.09151999999999999,0.12128,0.0021440000000000001,0.003872,0.001472,0.0024319999999999997,0.0018879999999999999,0.075231999999999993,0.002496,0.0019840000000000001,0.82202797202797206,1.8808,40,0.0036354918034602196,0.51437234878540039,0.00017954721699088143,0.0013785362243652344,0.049387325483718721,4.9653990572551265e-06,0.003151316885765418,0.30736178159713745,0,0,0,0,5.3660063743591309,29.55143972693071,0.0009018383705728366,0.015646429988416064,-0.1772145703800112,0.015606412252244076,0
67,1.1166666666666667,1,0.091583999999999999,0.121472,0.0020799999999999998,0.0038079999999999998,0.001472,0.0024319999999999997,0.0020479999999999999,0.075327999999999992,0.002496,0.0019199999999999998,0.82250174703004886,1.8831999999999998,40,0.0037810278608721225,0.55704832077026367,0.00018143886882348431,0.0013740062713623047,0.047986652174954902,5.1578804232121911e-06,0.0032118158176371791,0.31074368953704834,0,0,0,0,5.3502840995788574,30.196007950207218,0.00092150903168356987,0.015645886900092543,-0.17582243369847697,0.015606842601788559,0
68,1.1333333333333333,1,0.091392000000000001,0.12143999999999999,0.0021119999999999997,0.0038399999999999997,0.001472,0.0023999999999999998,0.001856,0.075327999999999992,0.002464,0.0019199999999999998,0.82422969187675066,1.8831999999999998,40,0.0038504425438166921,0.56281280517578125,0.00018577403340308869,0.0014160871505737305,0.048247449816234113,5.3567077884508763e-06,0.0032731354351602611,0.31372064352035522,0,0,0,0,5.3358745574951172,30.861312302870516,0.00094181250924287464,0.015644408475641039,-0.17439176468778342,0.015607393013551813,0
69,1.1499999999999999,1,0.091615999999999989,0.12166399999999999,0.0019199999999999998,0.0041919999999999995,0.0014399999999999999,0.0023999999999999998,0.0019199999999999998,0.075551999999999994,0.0022719999999999997,0.0019199999999999998,0.82465944813133085,1.8887999999999998,40,0.0038996610400931051,0.56320047378540039,0.00018919194040422296,0.0014364719390869141,0.048514970521567682,5.5643072300881613e-06,0.0033359578025173404,0.31638550758361816,0,0,0,0,5.3226790428161621,31.477258756507084,0.00096060970326254528,0.015643833531142202,-0.17303951486481836,0.015607884781377417,0
70,1.1666666666666667,1,0.091615999999999989,0.12140799999999999,0.002016,0.0037759999999999998,0.001472,0.0023999999999999998,0.0021440000000000001,0.075392000000000001,0.002464,0.001952,0.82291302829200152,1.8847999999999998,40,0.0038706071401986225,0.52960348129272461,0.00019343835980983374,0.0014717578887939453,0.049976231842508136,5.7769952945818659e-06,0.0033991161482308501,0.31868121027946472,0,0,0,0,5.3133730888366699,32.128240422362012,0.0009804760871082157,0.015643266006650839,-0.17163757208184227,0.01560837149972227,0
71,1.1833333333333333,1,0.091455999999999996,0.12143999999999999,0.0019840000000000001,0.0038079999999999998,0.0014399999999999999,0.002464,0.0020479999999999999,0.075327999999999992,0.002464,0.0019199999999999998,0.82365290412876135,1.8831999999999998,40,0.0039144921241450279,0.50996851921081543,0.00019754675258261748,0.0015053749084472656,0.050465487301437364,5.9962758314213715e-06,0.0034630263733969372,0.32074955105781555,0,0,0,0,5.3040604591369629,32.798025725149358,0.0010009163124130053,0.015642739892758783,-0.17021366333627022,0.015608794069037564,0
72,1.2,1,0.091551999999999994,0.12121599999999999,0.0020799999999999998,0.0038399999999999997,0.0014399999999999999,0.0024319999999999997,0.002016,0.075359999999999996,0.002464,0.0019199999999999998,0.82313876267039499,1.8839999999999999,40,0.0040000820760052614,0.47552323341369629,0.00019906288958428003,0.0014880895614624023,0.049764701274099106,6.2183712543628644e-06,0.0035265765990157832,0.32261490821838379,0,0,0,0,5.2944560050964355,33.498040614337015,0.0010222790714824528,0.015642222213013507,-0.16876174033896935,0.015609212272844812,0
73,1.2166666666666666,1,0.09151999999999999,0.12124799999999999,0.0020479999999999999,0.0037439999999999999,0.0014399999999999999,0.0024319999999999997,0.0021440000000000001,0.075263999999999998,0.002496,0.001952,0.82237762237762246,1.8815999999999999,40,0.0040312732724855169,0.4370579719543457,0.00020278987586082003,0.0015218257904052734,0.050304174922824851,6.4488954194530379e-06,0.0035913494453904196,0.32423502206802368,0,0,0,0,5.2847843170166016,34.214180887024384,0.0010441339382026484,0.01564171749460545,-0.16730898974792111,0.015609618930912471,0
74,1.2333333333333334,1,0.091615999999999989,0.121504,0.002016,0.003712,0.001472,0.0024319999999999997,0.0022399999999999998,0.075359999999999996,0.002464,0.0019199999999999998,0.82256374432413559,1.8839999999999999,40,0.0041013788213360037,0.47264587879180908,0.00020755382334327406,0.0015611648559570312,0.050605865096768711,6.6849602262664121e-06,0.0036564901822010712,0.32822531461715698,0,0,0,0,5.27520751953125,34.899202984470442,0.0010650391535788099,0.015640187075577332,-0.16586514624296719,0.015611060585996017,0
75,1.25,1,0.091455999999999996,0.12143999999999999,0.0020479999999999999,0.0036799999999999997,0.001472,0.0024319999999999997,0.0021440000000000001,0.075200000000000003,0.0025599999999999998,0.0019199999999999998,0.82225332400279927,1.8800000000000001,40,0.0041828649094396552,0.50743043422698975,0.00021460008990671403,0.0016255378723144531,0.051304571042305618,6.931896223250078e-06,0.0037234113990398852,0.33474752306938171,0,0,0,0,5.2658467292785645,35.601967498445759,0.0010864858245375293,0.015639766821647624,-0.16441173901081294,0.015611392304724565,0
76,1.2666666666666666,1,0.091647999999999993,0.121568,0.0021119999999999997,0.0037439999999999999,0.001472,0.0023999999999999998,0.0020479999999999999,0.075392000000000001,0.0025279999999999999,0.001952,0.82262569832402244,1.8847999999999998,40,0.0041750800710473549,0.54784846305847168,0.00021701524847815416,0.0016119480133056641,0.051978703350643529,7.180967259046156e-06,0.0037897143056030373,0.3408082127571106,0,0,0,0,5.2571086883544922,36.340183745713816,0.0011090143965366765,0.015639340623235198,-0.16292015932948423,0.015611721468784132,0
77,1.2833333333333332,1,0.091455999999999996,0.121184,0.002016,0.0037759999999999998,0.0014399999999999999,0.0024319999999999997,0.0021440000000000001,0.075263999999999998,0.002464,0.0019199999999999998,0.82295311406578031,1.8815999999999999,40,0.0041398456141930554,0.57043027877807617,0.00022165044862472265,0.0016524791717529297,0.053540752308447397,7.4382469392730854e-06,0.0038570058178004048,0.34638801217079163,0,0,0,0,5.2506775856018066,37.107547739586948,0.0011324324871700119,0.015638893764498209,-0.16143128571230531,0.015612094238328373,0
78,1.3,1,0.091615999999999989,0.12131199999999999,0.0020479999999999999,0.0038079999999999998,0.0014399999999999999,0.0024319999999999997,0.0021440000000000001,0.075327999999999992,0.002496,0.0019199999999999998,0.82221446035626966,1.8831999999999998,40,0.0043303600485208784,0.62340497970581055,0.00022774121254481183,0.0017151832580566406,0.052591749875995047,7.7039230745867826e-06,0.0039252829387413039,0.35135021805763245,0,0,0,0,5.2476134300231934,37.829034353781935,0.0011544505112848491,0.015638470753738462,-0.15995133518449775,0.015612443616531708,0
79,1.3166666666666667,1,0.091199999999999989,0.12128,0.0019840000000000001,0.0038079999999999998,0.0014399999999999999,0.0024319999999999997,0.001856,0.075296000000000002,0.002464,0.0019199999999999998,0.82561403508771947,1.8824000000000001,40,0.0043714154601971157,0.61878633499145508,0.00023408154012138175,0.0017744302749633789,0.053548225340912019,7.9786168498685583e-06,0.0039946506355045767,0.35584419965744019,0,0,0,0,5.2472248077392578,38.51927442001336,0.0011755149664310718,0.015637437479206925,-0.15853064734647956,0.015612742467153037,0
80,1.3333333333333333,1,0.093343999999999996,0.12134399999999999,0.0021440000000000001,0.0041279999999999997,0.0014399999999999999,0.0023999999999999998,0.0034879999999999998,0.075327999999999992,0.002464,0.001952,0.8069934864586904,1.8831999999999998,40,0.004470749722582594,0.63995885848999023,0.00024082560979715904,0.0018368959426879883,0.053866940611929981,8.2644273788901046e-06,0.004065569426018969,0.35986638069152832,0,0,0,0,5.2489356994628906,39.236375999407002,0.0011973991699037781,0.015637528620357107,-0.15708500749431825,0.015613028468138944,0
81,1.3500000000000001,1,0.09350399999999999,0.121472,0.0020799999999999998,0.004352,0.001536,0.0024319999999999997,0.0034559999999999999,0.075263999999999998,0.002464,0.0019199999999999998,0.80492813141683783,1.8815999999999999,40,0.0044441542399164266,0.61894512176513672,0.00024801400297222469,0.001904606819152832,0.055806794630262127,8.5611545728170313e-06,0.004137911205624652,0.36348819732666016,0,0,0,0,5.2522702217102051,39.967142812652625,0.0012197004032181587,0.015636337588225628,-0.15561816015833785,0.015613308365602882,0
82,1.3666666666666667,1,0.091423999999999991,0.12131199999999999,0.0020799999999999998,0.0037759999999999998,0.0015039999999999999,0.0023999999999999998,0.001952,0.075359999999999996,0.002464,0.0018879999999999999,0.82429121456072807,1.8839999999999999,40,0.0045259670991985492,0.6112823486328125,0.00025060871953163982,0.0018924474716186523,0.055371308283707406,8.8578708528075367e-06,0.0042090072113997465,0.36676836013793945,0,0,0,0,5.256833553314209,40.759883316600316,0.0012438929234802343,0.015636034531392746,-0.15405572292039746,0.015613595050644646,0
83,1.3833333333333333,1,0.09151999999999999,0.121472,0.0019840000000000001,0.0036799999999999997,0.0014399999999999999,0.0024319999999999997,0.0023040000000000001,0.075263999999999998,0.0025279999999999999,0.0018879999999999999,0.82237762237762246,1.8815999999999999,40,0.0046620158021099898,0.60914850234985352,0.00025650265907473211,0.0019431114196777344,0.055019688899089772,9.1638312369468622e-06,0.0042810819279585997,0.36959439516067505,0,0,0,0,5.262300968170166,41.518641728653108,0.0012670483925980563,0.015634186343164647,-0.15253038050811493,0.015613871278939258,0
84,1.3999999999999999,1,0.091551999999999994,0.12128,0.0020799999999999998,0.0038399999999999997,0.001472,0.0024319999999999997,0.0019840000000000001,0.075359999999999996,0.0024319999999999997,0.001952,0.82313876267039499,1.8839999999999999,40,0.0047807471851053548,0.59138679504394531,0.00026479211662181634,0.0020227432250976562,0.055387182456915686,9.4799925136612728e-06,0.0043543064921204785,0.37207767367362976,0,0,0,0,5.2684078216552734,42.288920521711631,0.0012905554358432505,0.015633939357931372,-0.15099155972833872,0.015614141512650632,0
85,1.4166666666666667,1,0.091551999999999994,0.12128,0.0019199999999999998,0.0038079999999999998,0.001408,0.002464,0.002176,0.075423999999999991,0.0024319999999999997,0.0019199999999999998,0.82383781894442498,1.8855999999999997,40,0.004589248077058611,0.5058741569519043,0.00026735648630769795,0.0020077228546142578,0.058257144050285217,9.8032869573216885e-06,0.0044279311099703639,0.37421315908432007,0,0,0,0,5.2749385833740234,43.092752527122101,0.0013150864418677399,0.015633698010870188,-0.14940794386420783,0.015614411706763103,0
86,1.4333333333333333,1,0.09151999999999999,0.121568,0.0019840000000000001,0.0036479999999999998,0.001472,0.0023999999999999998,0.0022719999999999997,0.075359999999999996,0.0023999999999999998,0.0019840000000000001,0.82342657342657344,1.8839999999999999,40,0.0045988386616026807,0.52914917469024658,0.0002726206727232205,0.0020482540130615234,0.059280329836188049,1.0136182936548721e-05,0.0045024844111998261,0.37602680921554565,0,0,0,0,5.2817182540893555,43.93397841387241,0.0013407586185874149,0.015635464483755544,-0.14778641858149746,0.015614669839959742,0
87,1.45,1,0.09151999999999999,0.12153599999999999,0.0020479999999999999,0.0038079999999999998,0.0014399999999999999,0.002464,0.0020799999999999998,0.075359999999999996,0.0024319999999999997,0.0018879999999999999,0.82342657342657344,1.8839999999999999,40,0.004745560634695921,0.58216404914855957,0.00027478527339191516,0.0020246505737304688,0.057903648176549416,1.0474755072209518e-05,0.004577063484857845,0.37773811817169189,0,0,0,0,5.2886080741882324,44.700855788708701,0.0013641618587862763,0.015635377866758941,-0.14625817252858039,0.01561460469531389,0
88,1.4666666666666666,1,0.091679999999999998,0.12153599999999999,0.002016,0.0041279999999999997,0.0015039999999999999,0.0023999999999999998,0.001792,0.075392000000000001,0.002496,0.001952,0.82233856893542756,1.8847999999999998,40,0.0048719167214062329,0.64342403411865234,0.00027806647060993361,0.0020328760147094727,0.057075374336380762,1.0820089300977997e-05,0.0046519005365501954,0.38249307870864868,0,0,0,0,5.295496940612793,45.500784193174113,0.0013885737363639561,0.01563442494335544,-0.14468583415391112,0.015615562167274069,0
89,1.4833333333333334,1,0.092960000000000001,0.12124799999999999,0.0019840000000000001,0.0042880000000000001,0.001536,0.0024319999999999997,0.0029119999999999997,0.075392000000000001,0.002464,0.001952,0.81101549053356281,1.8847999999999998,40,0.0049858372358432632,0.68559074401855469,0.00028369126072640225,0.002091526985168457,0.056899422766339275,1.1177399755979422e-05,0.0047280862420178895,0.38881844282150269,0,0,0,0,5.3022975921630859,46.326759045698701,0.0014137804884551605,0.015633647227089372,-0.14308747181345602,0.015615758326489929,0
90,1.5,1,0.09151999999999999,0.12140799999999999,0.0021119999999999997,0.0039039999999999999,0.0015039999999999999,0.0024319999999999997,0.001792,0.075359999999999996,0.0024319999999999997,0.0019840000000000001,0.82342657342657344,1.8839999999999999,40,0.0050279030471386509,0.70119690895080566,0.00028998479924651898,0.0021570920944213867,0.057675097655581799,1.1543645996425766e-05,0.0048049237239368879,0.39444902539253235,0,0,0,0,5.3089442253112793,47.187479030436116,0.0014400475778331334,0.01563347483482359,-0.14144484549063613,0.015615955243945072,0
91,1.5166666666666666,1,0.090880000000000002,0.1216,0.0020799999999999998,0.003712,0.0014399999999999999,0.0024319999999999997,0.001472,0.075296000000000002,0.002496,0.001952,0.82852112676056333,1.8824000000000001,40,0.0049463796533755107,0.70555758476257324,0.00029323495917573549,0.0021724104881286621,0.059282744092565953,1.1917672964045778e-05,0.0048821456274973562,0.399699866771698,0,0,0,0,5.3153858184814453,48.080046222195676,0.0014672865668394677,0.015633305608085339,-0.13974759795996333,0.015616154475090316,0
92,1.5333333333333332,1,0.091488,0.121568,0.001952,0.0037759999999999998,0.0014399999999999999,0.0024319999999999997,0.0022719999999999997,0.075200000000000003,0.002464,0.001952,0.82196572228051767,1.8800000000000001,40,0.0052421363155050315,0.76376581192016602,0.00029870620193157995,0.0022274255752563477,0.056981769254659753,1.2301942660997156e-05,0.0049602303698512143,0.40431523323059082,0,0,0,0,5.3215856552124023,48.939066613221243,0.0014935017887335584,0.015633142248501035,-0.13807104729887004,0.015616337171856641,0
93,1.55,1,0.091583999999999999,0.12131199999999999,0.001952,0.0037439999999999999,0.0014399999999999999,0.0024319999999999997,0.0022719999999999997,0.075423999999999991,0.0023999999999999998,0.0019199999999999998,0.82354996505939893,1.8855999999999997,40,0.0053063623331483433,0.742340087890625,0.00030480666114676724,0.0022841095924377441,0.057441735413103788,1.2692847121797968e-05,0.0050384218008812974,0.40831762552261353,0,0,0,0,5.3275175094604492,49.756856326820923,0.0015184587502081581,0.015632998072806981,-0.13641893026784835,0.015616513181024538,0
94,1.5666666666666667,1,0.091679999999999998,0.12140799999999999,0.002016,0.0042560000000000002,0.0014399999999999999,0.0023999999999999998,0.0017279999999999999,0.075359999999999996,0.002464,0.002016,0.82198952879581155,1.8839999999999999,40,0.005311373158771642,0.71780538558959961,0.0003125464336762642,0.0023671984672546387,0.058844751504627216,1.309986510023009e-05,0.0051185672019091613,0.41188246011734009,0,0,0,0,5.3331656455993652,50.617602335619438,0.0015447266337774487,0.015632854586678315,-0.13471736097345244,0.015616689118002762,0
95,1.5833333333333333,1,0.091392000000000001,0.12163199999999999,0.0021119999999999997,0.0038079999999999998,0.001472,0.002464,0.0019199999999999998,0.075263999999999998,0.002464,0.0018879999999999999,0.82352941176470584,1.8815999999999999,40,0.0053055020217543164,0.64872455596923828,0.00031658322394351429,0.0023669004440307617,0.059670738536224878,1.3509898963093292e-05,0.0051980571299463981,0.41506436467170715,0,0,0,0,5.3385195732116699,51.510372403365047,0.0015719718140675368,0.015632702893799859,-0.13298939842979507,0.015616864522288172,0
96,1.6000000000000001,1,0.091359999999999997,0.12134399999999999,0.0020479999999999999,0.0039039999999999999,0.0014399999999999999,0.0024319999999999997,0.0018239999999999999,0.075359999999999996,0.0023999999999999998,0.001952,0.82486865148861643,1.8839999999999999,40,0.005374787290681784,0.60961151123046875,0.00032308954871994208,0.0024248957633972168,0.060112062347114512,1.393049842590699e-05,0.0052783517173274818,0.41781094670295715,0,0,0,0,5.3435754776000977,52.358620590594064,0.001597858294390688,0.015632560043592082,-0.13131431770036917,0.015617024002506313,0
97,1.6166666666666667,1,0.091423999999999991,0.12121599999999999,0.0020479999999999999,0.0036799999999999997,0.0014399999999999999,0.0024319999999999997,0.0020799999999999998,0.075359999999999996,0.002496,0.0018879999999999999,0.82429121456072807,1.8839999999999999,40,0.0052933739108124,0.62653398513793945,0.00033081286654740083,0.0024928450584411621,0.062495654401377693,1.4366849427460693e-05,0.0053603823422328171,0.42013388872146606,0,0,0,0,5.3483338356018066,53.228294858596364,0.0016243986468077504,0.0156324281416142,-0.12960226169062969,0.015617180404342124,0
98,1.6333333333333333,1,0.091551999999999994,0.121472,0.0021440000000000001,0.0037439999999999999,0.001472,0.0023999999999999998,0.0020799999999999998,0.075231999999999993,0.002464,0.002016,0.82174065012233477,1.8808,40,0.0054797975186100982,0.71867036819458008,0.00033989603950032447,0.0025691986083984375,0.062027116576113213,1.4818032468610909e-05,0.0054439016281727405,0.42208316922187805,0,0,0,0,5.3527998924255371,54.14812358090731,0.0016524695917024936,0.015631764571377084,-0.12782049899769865,0.015617332833375698,0
99,1.6499999999999999,1,0.091455999999999996,0.121376,0.0020479999999999999,0.0036479999999999998,0.0014399999999999999,0.0024319999999999997,0.0022719999999999997,0.075263999999999998,0.002464,0.0018879999999999999,0.82295311406578031,1.8815999999999999,40,0.0054505843712485307,0.75124931335449219,0.00034620725667685128,0.0025794506072998047,0.063517456679153803,1.5281100786523893e-05,0.0055283091061415681,0.42375877499580383,0,0,0,0,5.3569803237915039,55.104673510499808,0.0016816611789092959,0.015631253582691042,-0.12600975369690037,0.015617857084313564,0
100,1.6666666666666667,1,0.091583999999999999,0.12128,0.002176,0.0036479999999999998,0.001472,0.0023999999999999998,0.0021440000000000001,0.075263999999999998,0.0025279999999999999,0.001952,0.82180293501048218,1.8815999999999999,40,0.0055885874774719655,0.7919316291809082,0.00035048080540587076,0.0025956034660339355,0.062713665451008219,1.5746803910587914e-05,0.0056119165907179899,0.42749848961830139,0,0,0,0,5.3608846664428711,56.03255640466358,0.0017099779176227899,0.015631127807259174,-0.124213158819869,0.015617993010570479,0
101,1.6833333333333333,1,0.091103999999999991,0.12140799999999999,0.002016,0.0038399999999999997,0.001472,0.002464,0.0015999999999999999,0.075231999999999993,0.0025599999999999998,0.0019199999999999998,0.82578152441166142,1.8808,40,0.0057768911258503737,0.82797646522521973,0.00035666311789974645,0.0026640892028808594,0.061739629522141064,1.6221334590227343e-05,0.0056958466605461465,0.43392837047576904,0,0,0,0,5.3645234107971191,56.949632821787986,0.0017379648688289791,0.015631009220859617,-0.12244073347968977,0.015618122943806035,0
102,1.7,1,0.091488,0.121472,0.0020799999999999998,0.0038079999999999998,0.001472,0.002464,0.002016,0.075327999999999992,0.0023999999999999998,0.0019199999999999998,0.82336481287163332,1.8831999999999998,40,0.0058579204040268232,0.82788968086242676,0.0003661174828771777,0.0027745962142944336,0.062499565993676356,1.67152193171205e-05,0.0057819061419432435,0.43963634967803955,0,0,0,0,5.3679080009460449,57.902248190178277,0.0017670363827569054,0.015630895525856562,-0.12063070487125313,0.015618249077535427,0
103,1.7166666666666666,1,0.091551999999999994,0.12140799999999999,0.002176,0.0039680000000000002,0.0015039999999999999,0.002496,0.0016639999999999999,0.075327999999999992,0.002496,0.0019199999999999998,0.82278923453337993,1.8831999999999998,40,0.0058464831098489645,0.81381964683532715,0.00036852076420099106,0.0027604103088378906,0.063032896405735325,1.7210497389896773e-05,0.0058669408365683686,0.44477653503417969,0,0,0,0,5.3710508346557617,58.900007234921873,0.0017974855723547935,0.015631127909424031,-0.11876956629036989,0.015618372108637337,0
104,1.7333333333333334,1,0.091583999999999999,0.12134399999999999,0.0020799999999999998,0.003872,0.0015039999999999999,0.0024319999999999997,0.0019199999999999998,0.075327999999999992,0.002464,0.0019840000000000001,0.82250174703004886,1.8831999999999998,40,0.0059510246293420273,0.7971491813659668,0.00037551164626318314,0.0028325319290161133,0.06310033475776447,1.7721713447826914e-05,0.0059534382415251299,0.44922429323196411,0,0,0,0,5.373964786529541,59.851187513027867,0.0018265132908028524,0.015631008070891877,-0.11691804420940076,0.015618488896058042,0
105,1.75,1,0.091551999999999994,0.12124799999999999,0.0020799999999999998,0.0039039999999999999,0.001472,0.002464,0.0018879999999999999,0.075392000000000001,0.0023679999999999999,0.0019840000000000001,0.82348829080741004,1.8847999999999998,40,0.0060439391013249284,0.74698996543884277,0.00038320882566548114,0.0029032230377197266,0.063403819800480057,1.8245838873554021e-05,0.0060408341929826248,0.45305800437927246,0,0,0,0,5.3766622543334961,60.800079832129619,0.0018554711862832525,0.015630903185617839,-0.11506119258690094,0.015618603863591965,0
106,1.7666666666666666,1,0.091455999999999996,0.12140799999999999,0.0021119999999999997,0.0037439999999999999,0.001472,0.0023999999999999998,0.0020479999999999999,0.075296000000000002,0.002496,0.0018879999999999999,0.82330300909727083,1.8824000000000001,40,0.005781454987512368,0.66167640686035156,0.00038772447120243725,0.0029169321060180664,0.067063476588488755,1.8774109776131809e-05,0.0061276602020888544,0.45624452829360962,0,0,0,0,5.3791570663452148,61.790755445757114,0.0018857042067186619,0.015630799197602907,-0.11315000607605341,0.015618717114806408,0
107,1.7833333333333332,1,0.091392000000000001,0.12143999999999999,0.0020799999999999998,0.0039359999999999994,0.0015039999999999999,0.002464,0.001792,0.075263999999999998,0.0024319999999999997,0.0019199999999999998,0.82352941176470584,1.8815999999999999,40,0.0059769203382387106,0.70245718955993652,0.00039198291206595616,0.0029197335243225098,0.065582756651139565,1.9308316041133367e-05,0.0062142281968291715,0.45914417505264282,0,0,0,0,5.3814611434936523,62.827699821829405,0.0019173492377267275,0.015630691968278373,-0.1111732404895064,0.015618835383520957,0
108,1.8,1,0.091423999999999991,0.12140799999999999,0.0020479999999999999,0.0037759999999999998,0.001472,0.0024319999999999997,0.0020479999999999999,0.075551999999999994,0.0022399999999999998,0.001856,0.82639131956597833,1.8887999999999998,40,0.0060055415236093474,0.76101207733154297,0.00040050757269447689,0.0030001401901245117,0.066689668387101705,1.985908966162242e-05,0.0063022360574041371,0.46153074502944946,0,0,0,0,5.3835864067077637,63.808643376756152,0.0019472852593004197,0.01563004879781623,-0.10928304357256377,0.015619131514616686,0
109,1.8166666666666667,1,0.091583999999999999,0.12128,0.0020479999999999999,0.0036799999999999997,0.001472,0.002464,0.002176,0.075359999999999996,0.002496,0.0018879999999999999,0.82285115303983225,1.8839999999999999,40,0.0061698158719928897,0.84090423583984375,0.00041047900905181756,0.0030881166458129883,0.066530187864298485,2.0431705706869252e-05,0.0063924495628623077,0.4635101854801178,0,0,0,0,5.3855452537536621,64.797138685637563,0.0019774517421154041,0.015629622205807141,-0.10736134381240867,0.015619573190179684,0
110,1.8333333333333333,1,0.091488,0.121472,0.0020479999999999999,0.0037759999999999998,0.001472,0.0023999999999999998,0.0020799999999999998,0.075359999999999996,0.0023999999999999998,0.001952,0.82371458551941235,1.8839999999999999,40,0.0063689209816792354,0.90652847290039062,0.00042151015785254928,0.0031768679618835449,0.066182350050355554,2.1021955035394058e-05,0.0064841275489296258,0.46517100930213928,0,0,0,0,5.3873491287231445,65.839958221874923,0.002009276068782804,0.015629545846466992,-0.10539036420814274,0.015619662155403582,0
111,1.8499999999999999,1,0.091359999999999997,0.12121599999999999,0.0021119999999999997,0.0038079999999999998,0.001472,0.002464,0.0017279999999999999,0.075359999999999996,0.002464,0.001952,0.82486865148861643,1.8839999999999999,40,0.0063297461509017761,0.91752028465270996,0.00042144621412577225,0.0031372308731079102,0.066581850848115021,2.1600588297587819e-05,0.0065727601960801551,0.46867462992668152,0,0,0,0,5.3890089988708496,66.86144696921626,0.0020404494314336017,0.015629472357090911,-0.10344257598122851,0.015619747105154898,0
112,1.8666666666666667,1,0.09151999999999999,0.121472,0.0019840000000000001,0.0037439999999999999,0.0014399999999999999,0.0023999999999999998,0.0023040000000000001,0.075296000000000002,0.002496,0.001856,0.82272727272727286,1.8824000000000001,40,0.0065123415810821308,0.93167018890380859,0.00042749875670432155,0.0032184123992919922,0.065644400156492672,2.2200514649739489e-05,0.0066634097352240747,0.4750860333442688,0,0,0,0,5.3905348777770996,67.941403363338267,0.0020734070850628133,0.015629400179139389,-0.10141108125561445,0.01561983197367596,0
113,1.8833333333333333,1,0.091551999999999994,0.12172799999999999,0.001952,0.003712,0.001472,0.0024319999999999997,0.002176,0.075455999999999995,0.0023999999999999998,0.001952,0.82418734708144004,1.8863999999999996,40,0.0066454566530364792,0.95100092887878418,0.00043546933197855333,0.0033054351806640625,0.065528880062678055,2.2814510884927586e-05,0.0067549257412539455,0.48067459464073181,0,0,0,0,5.3919367790222168,68.985594031387635,0.0021052732553524058,0.015629326704703426,-0.099431645953263828,0.015619912426694546,0
114,1.8999999999999999,1,0.091615999999999989,0.121376,0.0019840000000000001,0.0036479999999999998,0.001472,0.0023999999999999998,0.0023679999999999999,0.075296000000000002,0.002464,0.0019840000000000001,0.82186517638840384,1.8824000000000001,40,0.0066449924089745944,0.89683675765991211,0.00044120664159783072,0.0033396482467651367,0.06639686164305407,2.343111191294156e-05,0.0068455988653939636,0.48553991317749023,0,0,0,0,5.3932232856750488,70.074510929054469,0.0021385043618485861,0.015629251362943845,-0.097413653436263931,0.015619993757405642,0
115,1.9166666666666667,1,0.091551999999999994,0.12128,0.0019840000000000001,0.0037439999999999999,0.001408,0.0024319999999999997,0.0023040000000000001,0.075135999999999994,0.0025919999999999997,0.001952,0.82069206571128972,1.8783999999999998,40,0.0066792500564251808,0.8330230712890625,0.00044927471409101537,0.0034134387969970703,0.067264245281374133,2.4068694983725436e-05,0.0069381114121532285,0.48965209722518921,0,0,0,0,5.3944039344787598,71.120842172621153,0.0021704358573187608,0.015622286008496309,-0.095396660088822138,0.015620534678095795,0
116,1.9333333333333333,1,0.091296000000000002,0.121472,0.001952,0.0036799999999999997,0.001472,0.0023679999999999999,0.0021119999999999997,0.075231999999999993,0.002496,0.0019840000000000001,0.82404486505432872,1.8808,40,0.0067940489215121257,0.75986051559448242,0.00045953775636725294,0.0035159587860107422,0.067638276037755601,2.4722559828660451e-05,0.0070317223819858603,0.49305498600006104,0,0,0,0,5.3954868316650391,72.176780988702248,0.0022026605526337356,0.01562225778586545,-0.093366514032825171,0.015620597098801092,0
117,1.95,1,0.091455999999999996,0.12128,0.0019840000000000001,0.003712,0.001472,0.0023999999999999998,0.0021119999999999997,0.075359999999999996,0.002464,0.001952,0.82400279916025188,1.8839999999999999,40,0.0067413097055670527,0.79236125946044922,0.00046830637706897385,0.0035818815231323242,0.069468159381884054,2.5388830181327648e-05,0.0071258445368009042,0.49594414234161377,0,0,0,0,5.3964786529541016,73.269134654259531,0.0022359965409625101,0.01562225450778798,-0.091293239874894308,0.01562066096469769,0
118,1.9666666666666666,1,0.091679999999999998,0.12128,0.0021440000000000001,0.003872,0.0015039999999999999,0.0024319999999999997,0.0018239999999999999,0.075392000000000001,0.002496,0.002016,0.82233856893542756,1.8847999999999998,40,0.0066323040184185751,0.88139700889587402,0.0004687767646705882,0.003507077693939209,0.07068083178466307,2.6052517569041811e-05,0.0072183817534183948,0.49846926331520081,0,0,0,0,5.3973875045776367,74.340927813031001,0.002268705072419159,0.015622272278998406,-0.089231997202392582,0.015620720239047953,0
119,1.9833333333333334,1,0.091455999999999996,0.121472,0.0019199999999999998,0.003712,0.0015039999999999999,0.0024319999999999997,0.002176,0.075392000000000001,0.0023999999999999998,0.0019199999999999998,0.82435269419174251,1.8847999999999998,40,0.0068679386761390871,0.97841119766235352,0.00047634104908324769,0.0035669803619384766,0.069357207678364105,2.6737123334896751e-05,0.0073126087458439551,0.50047290325164795,0,0,0,0,5.3982195854187012,75.448599877020712,0.002302508541168845,0.015622285859977604,-0.087131565048578247,0.015620771780773491,0
120,2,1,0.091327999999999993,0.12134399999999999,0.0020479999999999999,0.0036479999999999998,0.0014399999999999999,0.0023999999999999998,0.0020479999999999999,0.075263999999999998,0.002464,0.002016,0.82410651716888583,1.8815999999999999,40,0.006984385415653889,1.016718864440918,0.00048737096500025651,0.0037095546722412109,0.069780078846726712,2.7447160391602665e-05,0.0074090701699474635,0.50211805105209351,0,0,0,0,5.3989806175231934,76.54138599105147,0.0023358577267776938,0.015622221823643725,-0.085035395714921344,0.015620832036760582,0
121,2.0166666666666666,1,0.091359999999999997,0.12140799999999999,0.0021119999999999997,0.0038399999999999997,0.001472,0.0024319999999999997,0.001792,0.075327999999999992,0.002496,0.0018879999999999999,0.82451838879159367,1.8831999999999998,40,0.0072608315842967036,1.0667693614959717,0.00050309486764076104,0.0038968920707702637,0.069288877148565853,2.8180311346659437e-05,0.0075073712238918136,0.50450772047042847,0,0,0,0,5.3996767997741699,77.625842644191252,0.0023689527174130631,0.015622235541967604,-0.082939882534149273,0.015620889190620562,0
122,2.0333333333333332,1,0.091488,0.121504,0.001952,0.0036799999999999997,0.001472,0.0024319999999999997,0.0023040000000000001,0.075263999999999998,0.002464,0.0019199999999999998,0.8226652675760755,1.8815999999999999,40,0.0073299147391768125,1.0316495895385742,0.00050717712373173193,0.0038829445838928223,0.069192772600884384,2.890377254516352e-05,0.0076031273230380038,0.51098781824111938,0,0,0,0,5.4003138542175293,78.787795236662248,0.002404412696431343,0.015622248391305679,-0.08075356946826974,0.015620948221981136,0
123,2.0499999999999998,1,0.091488,0.121152,0.001952,0.0041919999999999995,0.001408,0.0023999999999999998,0.001952,0.075167999999999999,0.0025279999999999999,0.0018879999999999999,0.82161594963273865,1.8791999999999998,40,0.0071760136320118831,0.97184324264526367,0.00051297750540678182,0.0039314627647399902,0.071485023818574092,2.963956467283424e-05,0.0076992940809965478,0.5164799690246582,0,0,0,0,5.4008960723876953,79.915095140684045,0.0024388151593226332,0.015622582105691889,-0.078611935567837188,0.015620706632639461,0
124,2.0666666666666664,1,0.09151999999999999,0.12134399999999999,0.0021440000000000001,0.0038399999999999997,0.0015039999999999999,0.0024319999999999997,0.001856,0.075327999999999992,0.0025279999999999999,0.0018879999999999999,0.82307692307692304,1.8831999999999998,40,0.007237103062936465,0.91399812698364258,0.0005212131153010186,0.0040132403373718262,0.072019578934880563,3.0400733521673828e-05,0.0077975295474494773,0.52107483148574829,0,0,0,0,5.40142822265625,81.077797835951998,0.002474298029661621,0.015622616497571821,-0.076447194019651929,0.015620769806592593,0
125,2.0833333333333335,1,0.09151999999999999,0.121376,0.0019199999999999998,0.003712,0.0014399999999999999,0.0024319999999999997,0.0023679999999999999,0.075263999999999998,0.002464,0.0019199999999999998,0.82237762237762246,1.8815999999999999,40,0.0072805753417582763,0.82898306846618652,0.00052743101731958183,0.0040392875671386719,0.072443590315515644,3.1160445360001177e-05,0.0078943581575706551,0.52500796318054199,0,0,0,0,5.401914119720459,82.207167579746113,0.0025087636590498692,0.015622631476281184,-0.074308127747562305,0.015620829387145358,0
126,2.1000000000000001,1,0.091551999999999994,0.121152,0.0022079999999999999,0.0039039999999999999,0.001472,0.002464,0.0017599999999999998,0.075231999999999993,0.002496,0.002016,0.82174065012233477,1.8808,40,0.0073703845732719523,0.88565826416015625,0.00053658965510423428,0.0041151642799377441,0.072803481252542671,3.1948653486324474e-05,0.0079935791090505227,0.52822607755661011,0,0,0,0,5.4023575782775879,83.306545407605739,0.0025423140078004681,0.015622659932171525,-0.072184619796934718,0.015620884346064564,0
127,2.1166666666666667,1,0.092895999999999992,0.12140799999999999,0.0020479999999999999,0.0042560000000000002,0.0014399999999999999,0.0024319999999999997,0.0030399999999999997,0.075263999999999998,0.002496,0.0019199999999999998,0.81019634860489154,1.8815999999999999,40,0.0075942927152219059,0.99606037139892578,0.00054964842588793301,0.0042364001274108887,0.072376513060422934,3.2751548133092001e-05,0.0080933983138224454,0.53088468313217163,0,0,0,0,5.4027624130249023,84.437162489171442,0.0025768177029166089,0.015622552833636104,-0.070028951218969529,0.015620788082949959,0
128,2.1333333333333333,1,0.09151999999999999,0.12140799999999999,0.0019840000000000001,0.0036479999999999998,0.0014399999999999999,0.0024319999999999997,0.0023999999999999998,0.075263999999999998,0.002464,0.0018879999999999999,0.82237762237762246,1.8815999999999999,40,0.0074857415121347267,1.0506165027618408,0.00055431081388856236,0.0041948556900024414,0.074048885202621456,3.3546642953297123e-05,0.008191049133450137,0.53311443328857422,0,0,0,0,5.4031319618225098,85.607920946162608,0.0026125464155933413,0.015622587362599223,-0.067810682493757296,0.01562084406105216,0
129,2.1499999999999999,1,0.091583999999999999,0.121376,0.0020479999999999999,0.0037759999999999998,0.001472,0.0024319999999999997,0.0021119999999999997,0.075392000000000001,0.0023999999999999998,0.001952,0.82320055904961564,1.8847999999999998,40,0.0078266879235984708,1.1405901908874512,0.00056299408753086085,0.0043140649795532227,0.071932609684533508,3.4363420127192512e-05,0.0082901652730440201,0.5348668098449707,0,0,0,0,5.4034695625305176,86.791193363976078,0.0026486570240471215,0.015622648907452796,-0.06558487796628823,0.015620892495072633,0
130,2.1666666666666665,1,0.091327999999999993,0.121472,0.002016,0.0037439999999999999,0.0014399999999999999,0.0023999999999999998,0.002016,0.075263999999999998,0.0025279999999999999,0.0019199999999999998,0.82410651716888583,1.8815999999999999,40,0.0077514836168437315,1.1243939399719238,0.00057222242128880728,0.0044235587120056152,0.073821019249190684,3.5210381611250341e-05,0.0083917080038869735,0.53623902797698975,0,0,0,0,5.4037775993347168,87.940903332282687,0.0026837433878260097,0.015622730234338904,-0.06337917822231573,0.015620946027655503,0
131,2.1833333333333331,1,0.091327999999999993,0.121568,0.0020479999999999999,0.0037439999999999999,0.001472,0.0024319999999999997,0.002016,0.075263999999999998,0.002464,0.0018879999999999999,0.82410651716888583,1.8815999999999999,40,0.0078204559630149981,1.0909199714660645,0.00057677534557519473,0.0044412612915039062,0.073752137765741244,3.6045243177795783e-05,0.0084906116596857473,0.54148030281066895,0,0,0,0,5.4040584564208984,89.119908747915019,0.0027197237777073675,0.015622723646530102,-0.061123528900415988,0.015620998924432096,0
132,2.2000000000000002,1,0.091551999999999994,0.121472,0.0021119999999999997,0.0038399999999999997,0.001472,0.0023999999999999998,0.002016,0.075327999999999992,0.002496,0.0018879999999999999,0.82278923453337993,1.8831999999999998,40,0.0080999179261993636,1.095712423324585,0.0005839734463381534,0.0045235157012939453,0.072096217722068312,3.6901918065268546e-05,0.0085909159075465927,0.54723906517028809,0,0,0,0,5.4043145179748535,90.30699410030617,0.0027559507476900076,0.015622752082692102,-0.058872362651854838,0.015621050274192876,0
133,2.2166666666666668,1,0.091647999999999993,0.12131199999999999,0.0019840000000000001,0.0036799999999999997,0.0014399999999999999,0.0024319999999999997,0.002336,0.075392000000000001,0.002464,0.0019199999999999998,0.82262569832402244,1.8847999999999998,40,0.0081016114475657795,1.0111370086669922,0.00059543549697521278,0.0046507120132446289,0.073495933596533822,3.7780384445795789e-05,0.0086925697518968215,0.55192911624908447,0,0,0,0,5.4045476913452148,91.540664271512497,0.0027935993735202789,0.015622789358909815,-0.056557980404860292,0.015621101804763152,0
134,2.2333333333333334,1,0.091583999999999999,0.12134399999999999,0.0020479999999999999,0.0037759999999999998,0.0014399999999999999,0.0024319999999999997,0.0021119999999999997,0.075359999999999996,0.002464,0.001952,0.82285115303983225,1.8839999999999999,40,0.0078159321011336685,0.87654256820678711,0.00059884586974139954,0.004613339900970459,0.076618612085248214,3.8659909478155896e-05,0.0087931688802337805,0.55594134330749512,0,0,0,0,5.4047603607177734,92.760765015872892,0.0028308338933066678,0.015622758597181116,-0.054248571819880367,0.015621088958171769,0
135,2.25,1,0.091647999999999993,0.121504,0.002016,0.0042560000000000002,0.001472,0.0024319999999999997,0.001696,0.075423999999999991,0.0023999999999999998,0.001952,0.82297486033519551,1.8855999999999997,40,0.0079486625496426426,0.9986724853515625,0.00060990100860628988,0.0047271251678466797,0.076730016502425294,3.9567672502016649e-05,0.0088958049104076748,0.5592195987701416,0,0,0,0,5.4049539566040039,93.91462660222696,0.0028660469544136646,0.015621061766985609,-0.052008168064927959,0.015619811669487126,0
136,2.2666666666666666,1,0.091551999999999994,0.121376,0.0021440000000000001,0.003872,0.001472,0.002464,0.0018239999999999999,0.075583999999999998,0.0022719999999999997,0.0019199999999999998,0.82558545962950025,1.8896000000000002,40,0.0081022751071956733,1.0935359001159668,0.00062112231488378451,0.0047991275787353516,0.076660235139653865,4.0499377064406872e-05,0.0089999307846679432,0.56184375286102295,0,0,0,0,5.4051303863525391,95.113309980952721,0.0029026278680710669,0.015621106134797873,-0.049722185621090119,0.01561985978226255,0
137,2.2833333333333332,1,0.091455999999999996,0.121376,0.0018879999999999999,0.0037759999999999998,0.001472,0.0024319999999999997,0.002176,0.075296000000000002,0.0025279999999999999,0.0018879999999999999,0.82330300909727083,1.8824000000000001,40,0.0083548140617092544,1.1910915374755859,0.00063034305853956274,0.0048379898071289062,0.075446689044639872,4.14337519032415e-05,0.0091031590014940961,0.56407606601715088,0,0,0,0,5.4052910804748535,96.290742596948945,0.0029385602599166548,0.015621176057056074,-0.047445289503262114,0.015619925685516064,0
138,2.2999999999999998,1,0.091583999999999999,0.12128,0.002176,0.0037439999999999999,0.001408,0.0024319999999999997,0.0021119999999999997,0.075231999999999993,0.0025279999999999999,0.001952,0.82145352900069879,1.8808,40,0.0083904810507176852,1.2359180450439453,0.00063759872783053712,0.0049341917037963867,0.075990723770957058,4.2371240851934999e-05,0.0092055679729101999,0.5656898021697998,0,0,0,0,5.4054379463195801,97.543724706856665,0.002976798239344991,0.015621244573216574,-0.045079250533996897,0.015619996204004786,0
139,2.3166666666666664,1,0.091551999999999994,0.121376,0.0019199999999999998,0.0037439999999999999,0.0014399999999999999,0.0024319999999999997,0.002176,0.075392000000000001,0.002464,0.0019840000000000001,0.82348829080741004,1.8847999999999998,40,0.0085765165114162299,1.263796329498291,0.00064848273535021944,0.0050730705261230469,0.075611436704753246,4.3339663534425199e-05,0.0093101733103552048,0.56691074371337891,0,0,0,0,5.405571460723877,98.799236034232123,0.003015113404364994,0.015621234348858894,-0.0427182798796438,0.015620065988914356,0
140,2.3333333333333335,1,0.091488,0.121504,0.0020479999999999999,0.0037439999999999999,0.0014399999999999999,0.0023999999999999998,0.0022079999999999999,0.075296000000000002,0.0024319999999999997,0.0019199999999999998,0.82301504022385452,1.8824000000000001,40,0.0085389576260468981,1.1825237274169922,0.00065917781019247034,0.0051865577697753906,0.077196519652672879,4.4340697058942169e-05,0.0094170799145958366,0.57193803787231445,0,0,0,0,5.4056930541992188,99.995618304643443,0.0030516240937696363,0.015621299422172046,-0.04040414438903172,0.015620131089995885,0
141,2.3500000000000001,1,0.093215999999999993,0.121504,0.0021440000000000001,0.0044159999999999998,0.001536,0.0024319999999999997,0.003104,0.075200000000000003,0.002496,0.0018879999999999999,0.80672845863371101,1.8800000000000001,40,0.0086400316212609119,1.0903992652893066,0.00066663105247188642,0.0052230358123779297,0.077156089432760588,4.532251477940008e-05,0.0095207683281760495,0.57741522789001465,0,0,0,0,5.4058036804199219,101.26361946775849,0.0030903204183275906,0.015621372896304442,-0.038013680551588429,0.015620211255966358,0
142,2.3666666666666667,1,0.09151999999999999,0.121504,0.0019840000000000001,0.0037759999999999998,0.001472,0.0023999999999999998,0.0021440000000000001,0.075327999999999992,0.002464,0.001952,0.82307692307692304,1.8831999999999998,40,0.0086782673410593699,0.97129487991333008,0.00067723310447150194,0.0053227543830871582,0.078037824585942175,4.6341694542206824e-05,0.0096272212545684046,0.58190608024597168,0,0,0,0,5.4059042930603027,102.54216508968265,0.0031293385342310381,0.015621116128427519,-0.035598732313422088,0.015619955295171213,0
143,2.3833333333333333,1,0.091583999999999999,0.12153599999999999,0.0019199999999999998,0.003712,0.0015039999999999999,0.0024319999999999997,0.0022399999999999998,0.075423999999999991,0.0023999999999999998,0.001952,0.82354996505939893,1.8855999999999997,40,0.0088040006370928067,1.0597007274627686,0.00068490518539137399,0.0053590536117553711,0.077794767813367444,4.7363315388793126e-05,0.0097327606966156454,0.58569037914276123,0,0,0,0,5.4059963226318359,103.83880252250874,0.0031689087683871076,0.015621564537242135,-0.033149678542587303,0.015620036308065121,0
144,2.3999999999999999,1,0.091296000000000002,0.12128,0.0020479999999999999,0.0036799999999999997,0.0014399999999999999,0.0023999999999999998,0.0020799999999999998,0.075263999999999998,0.0024319999999999997,0.001952,0.82439537329127233,1.8815999999999999,40,0.0085510512915905838,1.1577882766723633,0.00069154828508143247,0.0053850412368774414,0.080872896384275736,4.8408135626232252e-05,0.0098395259668575749,0.58864688873291016,0,0,0,0,5.4060792922973633,105.10397707412031,0.0032075188316076754,0.01562162698432581,-0.030734729931155703,0.015620113579360561,0
145,2.4166666666666665,1,0.091296000000000002,0.12111999999999999,0.001952,0.003712,0.0014399999999999999,0.0024319999999999997,0.0019840000000000001,0.075359999999999996,0.002464,0.001952,0.82544689800210302,1.8839999999999999,40,0.0089323077200106071,1.2868871688842773,0.00069944607876646606,0.0054123401641845703,0.07830519286740778,4.9470494559500366e-05,0.0099469085206912774,0.59100216627120972,0,0,0,0,5.4061551094055176,106.41900393500296,0.0032476502665711353,0.015621693022110599,-0.028262020454729562,0.015620279295385097,0
146,2.4333333333333331,1,0.091263999999999998,0.12128,0.0020479999999999999,0.0037439999999999999,0.001472,0.0024319999999999997,0.001792,0.075327999999999992,0.0024319999999999997,0.002016,0.82538569424964925,1.8831999999999998,40,0.0093031851951136408,1.3609294891357422,0.00071386058161752451,0.0056006014347076416,0.076732921751624286,5.0554845074657351e-05,0.010055331429113348,0.59303158521652222,0,0,0,0,5.406224250793457,107.69995703359432,0.0032867418528318578,0.015621759207116189,-0.025818024231181666,0.015620351395936864,0
147,2.4500000000000002,1,0.091488,0.121184,0.0021119999999999997,0.0037759999999999998,0.001472,0.0024319999999999997,0.002016,0.075263999999999998,0.002496,0.0019199999999999998,0.8226652675760755,1.8815999999999999,40,0.0092589598541522895,1.3311285972595215,0.00072448992374701186,0.005723416805267334,0.078247441954519964,5.1638711738632992e-05,0.01016255004795873,0.59441900253295898,0,0,0,0,5.406287670135498,109.05394411653212,0.0033280622594156531,0.01562182282379501,-0.023302116140740747,0.015620426112040176,0
148,2.4666666666666668,1,0.093696000000000002,0.121184,0.0023040000000000001,0.0043200000000000001,0.001472,0.0024319999999999997,0.0033279999999999998,0.075392000000000001,0.002464,0.0019840000000000001,0.80464480874316935,1.8847999999999998,40,0.0091034659191942223,1.2615423202514648,0.00073561362548229896,0.0058355331420898438,0.0808058855837855,5.2752726332983002e-05,0.01027158472028372,0.59672087430953979,0,0,0,0,5.4063453674316406,110.37550950565625,0.0033683932344255449,0.015621744346134477,-0.020827703647044313,0.015620539341678539,0
149,2.4833333333333334,1,0.091359999999999997,0.12140799999999999,0.0020799999999999998,0.0039359999999999994,0.001536,0.002496,0.0016639999999999999,0.075200000000000003,0.002496,0.001952,0.82311733800350273,1.8800000000000001,40,0.0091828804220782465,1.1572108268737793,0.00073718685381307246,0.0057828426361083984,0.080278389778512899,5.3838994062971324e-05,0.010376800476348317,0.60269784927368164,0,0,0,0,5.4063973426818848,111.70152156303129,0.0034088599109811796,0.015622594472887764,-0.018318509705678082,0.015620602421013357,0
150,2.5,1,0.093600000000000003,0.12124799999999999,0.0020799999999999998,0.0042880000000000001,0.0015679999999999999,0.0023999999999999998,0.0034879999999999998,0.075327999999999992,0.002464,0.0019840000000000001,0.80478632478632472,1.8831999999999998,40,0.009145700297516924,1.0432496070861816,0.00074830803624025834,0.0059177279472351074,0.081820747662530058,5.4962049034656957e-05,0.010484469374713911,0.60746306180953979,0,0,0,0,5.4064445495605469,113.0128881296182,0.0034488796426275087,0.01562232433276434,-0.015840170003942354,0.015620730195107783,0
151,2.5166666666666666,1,0.091583999999999999,0.12143999999999999,0.0019199999999999998,0.0036479999999999998,0.001472,0.0023999999999999998,0.002464,0.075263999999999998,0.002496,0.0019199999999999998,0.82180293501048218,1.8815999999999999,40,0.0092703999552303778,1.1537661552429199,0.00076072759678958303,0.0060381889343261719,0.082059846442804119,5.6116507039405406e-05,0.010594008404697951,0.61124074459075928,0,0,0,0,5.4064874649047852,114.36300853991315,0.0034900820477268418,0.015622442079251838,-0.013314949016659092,0.01562086022133557,0
152,2.5333333333333332,1,0.091039999999999996,0.12153599999999999,0.0021119999999999997,0.0037439999999999999,0.0014399999999999999,0.0024319999999999997,0.001696,0.075231999999999993,0.002464,0.0019199999999999998,0.82636203866432334,1.8808,40,0.0094254422843693172,1.2810063362121582,0.00077403971421673146,0.006127476692199707,0.082122375891087923,5.7286997616756707e-05,0.010703924291282772,0.61439085006713867,0,0,0,0,5.4065265655517578,115.67657627846148,0.00353016895381047,0.015622246197962987,-0.01081394307871353,0.015620437647629716,0
153,2.5499999999999998,1,0.091615999999999989,0.12134399999999999,0.0019840000000000001,0.0036799999999999997,0.0014399999999999999,0.0024319999999999997,0.002336,0.075296000000000002,0.002464,0.0019840000000000001,0.82186517638840384,1.8824000000000001,40,0.0094567518546275885,1.3555042743682861,0.00078312058334622636,0.0061492323875427246,0.082810736221550774,5.8477784477872774e-05,0.010814599805621359,0.61671638488769531,0,0,0,0,5.406562328338623,116.99821347050181,0.0035705021200714664,0.015622291693868228,-0.0082874071497212824,0.015620497672935947,0
154,2.5666666666666664,1,0.09151999999999999,0.12121599999999999,0.0021119999999999997,0.0038399999999999997,0.001472,0.0024319999999999997,0.001952,0.075167999999999999,0.002624,0.0019199999999999998,0.82132867132867138,1.8791999999999998,40,0.0098029199370982343,1.4288182258605957,0.00079061739809806306,0.0062115788459777832,0.080651214451527384,5.9659512771759182e-05,0.010923324839238205,0.61871504783630371,0,0,0,0,5.4065947532653809,118.28813472787341,0.0036098673928184025,0.01562233348772807,-0.0058094787686379969,0.015620558913912966,0
155,2.5833333333333335,1,0.091583999999999999,0.12134399999999999,0.0018879999999999999,0.0036159999999999999,0.001472,0.0023999999999999998,0.002464,0.075327999999999992,0.002496,0.0019199999999999998,0.82250174703004886,1.8831999999999998,40,0.00973425834564433,1.3766548633575439,0.00080015569785841394,0.0063239336013793945,0.082199965261498309,6.0856487834826112e-05,0.011032360385232719,0.62008166313171387,0,0,0,0,5.4066243171691895,119.68706332025747,0.0036525593054277791,0.015622381306177224,-0.0031835795320592753,0.015620622737415019,0
156,2.6000000000000001,1,0.091551999999999994,0.121472,0.0021119999999999997,0.0037439999999999999,0.001472,0.0023999999999999998,0.0020799999999999998,0.075263999999999998,0.002496,0.0019840000000000001,0.82209017825934994,1.8815999999999999,40,0.0096694938463424748,1.3020997047424316,0.00081794051742639466,0.0065710246562957764,0.084589796573042345,6.2097751651890576e-05,0.011144303625789328,0.6218949556350708,0,0,0,0,5.4066510200500488,121.08752595024561,0.0036952980331495851,0.015622429183193081,-0.00056196429343098033,0.015620685569295949,0
157,2.6166666666666667,1,0.09151999999999999,0.12143999999999999,0.0020799999999999998,0.0038079999999999998,0.0014399999999999999,0.002464,0.0019840000000000001,0.075392000000000001,0.002464,0.0018879999999999999,0.82377622377622384,1.8847999999999998,40,0.0098121125184515053,1.1860544681549072,0.00082546606615665423,0.0066060423851013184,0.084127252373470018,6.3303567003458738e-05,0.011251983558773869,0.62772774696350098,0,0,0,0,5.4066753387451172,122.45065144437881,0.0037368973219109743,0.015622471780732549,0.0020241419411816718,0.015620745786677206,0
158,2.6333333333333333,1,0.091615999999999989,0.121376,0.0020799999999999998,0.0038399999999999997,0.001472,0.0023999999999999998,0.0020479999999999999,0.075359999999999996,0.0024319999999999997,0.0019840000000000001,0.82256374432413559,1.8839999999999999,40,0.0097172249257629732,1.1150903701782227,0.00082915075062744645,0.0065891146659851074,0.085327936418261252,6.4530977397225797e-05,0.011360543771952626,0.63229179382324219,0,0,0,0,5.4066972732543945,123.81648703137249,0.0037785793161429593,0.015622217242827406,0.0046149388223677978,0.01562050926063459,0
159,2.6499999999999999,1,0.091551999999999994,0.12153599999999999,0.0020479999999999999,0.0037759999999999998,0.001472,0.0024319999999999997,0.0020799999999999998,0.075392000000000001,0.0023999999999999998,0.001952,0.82348829080741004,1.8847999999999998,40,0.010022023592318824,1.2818925380706787,0.00084432828643378629,0.0067482590675354004,0.084247285855613488,6.5810090745799243e-05,0.011472583906496326,0.63593673706054688,0,0,0,0,5.4067173004150391,125.24206246849366,0.0038220844259183855,0.015622259512846541,0.0072724553967696993,0.015620569221061567,0
160,2.6666666666666665,1,0.091423999999999991,0.12153599999999999,0.0021119999999999997,0.0038079999999999998,0.001472,0.002464,0.001952,0.075263999999999998,0.002464,0.0018879999999999999,0.82324116205810294,1.8815999999999999,40,0.010059046387904391,1.4090194702148438,0.00085859760685497405,0.0068416595458984375,0.08535576572023805,6.7108987423125654e-05,0.011585248156438053,0.63895213603973389,0,0,0,0,5.406735897064209,126.57880187561376,0.0038628784752079395,0.015622295455843819,0.0098374357001961444,0.015620621070556151,0
161,2.6833333333333331,1,0.091455999999999996,0.12143999999999999,0.0020799999999999998,0.003872,0.001472,0.002464,0.001856,0.075392000000000001,0.0024319999999999997,0.0018879999999999999,0.82435269419174251,1.8847999999999998,40,0.010233002739691487,1.4952001571655273,0.00086699636989624078,0.0068373978137969971,0.084725509408236491,6.8425244535319507e-05,0.011698311376888504,0.64113295078277588,0,0,0,0,5.4067525863647461,127.90508423364787,0.0039033534006850546,0.015622333144305145,0.012406419875404877,0.015620696559300084,0
162,2.7000000000000002,1,0.091647999999999993,0.12124799999999999,0.002016,0.004352,0.001408,0.0024319999999999997,0.001632,0.075327999999999992,0.002496,0.0019840000000000001,0.82192737430167595,1.8831999999999998,40,0.010349956311366055,1.4879493713378906,0.0008726582163156452,0.0069026052951812744,0.084315159413505397,6.973771087359637e-05,0.011809971284774267,0.64302819967269897,0,0,0,0,5.4067678451538086,129.26098314013876,0.0039447321514934925,0.015622370564736837,0.015017131516949346,0.015620747781948422,0
163,2.7166666666666668,1,0.09151999999999999,0.12131199999999999,0.002016,0.0038079999999999998,0.001472,0.002464,0.0020479999999999999,0.075263999999999998,0.002496,0.001952,0.82237762237762246,1.8815999999999999,40,0.010470733555300546,1.4847784042358398,0.00088190987291244594,0.0070164501667022705,0.084226178448213992,7.1063666837289929e-05,0.011921716892905143,0.64427304267883301,0,0,0,0,5.4067816734313965,130.68728956844828,0.0039882595693496179,0.015622345822113999,0.017694865580771477,0.015620866295594886,0
164,2.7333333333333334,1,0.093472,0.12140799999999999,0.0021440000000000001,0.0043839999999999999,0.0015679999999999999,0.0024319999999999997,0.0033279999999999998,0.075200000000000003,0.002496,0.0019199999999999998,0.80451900034234858,1.8800000000000001,40,0.010499377152525673,1.3907899856567383,0.00089896660297692161,0.0072379708290100098,0.085620945882553715,7.2432048909831792e-05,0.012035950225040962,0.64681631326675415,0,0,0,0,5.4067940711975098,132.1052132428089,0.0040315311658572052,0.01562239005719848,0.020366893700831345,0.015620920758380048,0
165,2.75,1,0.091583999999999999,0.12134399999999999,0.0019199999999999998,0.0036479999999999998,0.0014399999999999999,0.0023999999999999998,0.002464,0.075200000000000003,0.0025599999999999998,0.001952,0.82110412299091551,1.8800000000000001,40,0.010605703635802375,1.2211284637451172,0.00090765483364997168,0.0072856247425079346,0.085581764757780066,7.3760726081673056e-05,0.012145840940970128,0.65224945545196533,0,0,0,0,5.4068055152893066,133.52989331730612,0.0040750089513338049,0.01562243185694639,0.023054733873796272,0.015620975173042921,0
166,2.7666666666666666,1,0.091455999999999996,0.12143999999999999,0.0022079999999999999,0.003712,0.001472,0.0024319999999999997,0.001952,0.075263999999999998,0.002464,0.001952,0.82295311406578031,1.8815999999999999,40,0.010477310662544993,1.3322384357452393,0.00091411760194173191,0.0073073208332061768,0.087247351098367454,7.5123884016647935e-05,0.012257559627972278,0.65653157234191895,0,0,0,0,5.4068160057067871,134.95610534031769,0.0041185334881688749,0.015622408028798855,0.025735561887573581,0.015620962428198415,0
167,2.7833333333333332,1,0.090815999999999994,0.121376,0.001952,0.0038079999999999998,0.001472,0.0023999999999999998,0.0015039999999999999,0.075263999999999998,0.002496,0.0019199999999999998,0.82875264270613114,1.8815999999999999,40,0.010501391826063087,1.4207015037536621,0.0009228068025443582,0.0073293149471282959,0.087874713926402781,7.648658356629312e-05,0.012368232174914338,0.65993750095367432,0,0,0,0,5.4068255424499512,136.44157765536005,0.0041638665055957046,0.015622307365175838,0.028496399858591447,0.015621016878534687,0
168,2.7999999999999998,1,0.09151999999999999,0.12134399999999999,0.0020799999999999998,0.0038079999999999998,0.001472,0.0023999999999999998,0.0020799999999999998,0.075359999999999996,0.002464,0.001856,0.82342657342657344,1.8839999999999999,40,0.010761376265023643,1.5472579002380371,0.00094027820165723162,0.0075029134750366211,0.087375274175042122,7.791054667904973e-05,0.012482831944638983,0.66247808933258057,0,0,0,0,5.4068341255187988,137.84192621200947,0.0042066017520754843,0.015622293636558773,0.031163998586582656,0.015621067572826072,0
169,2.8166666666666664,1,0.09151999999999999,0.12134399999999999,0.0021119999999999997,0.0037759999999999998,0.001472,0.002464,0.002016,0.075263999999999998,0.002496,0.0019199999999999998,0.82237762237762246,1.8815999999999999,40,0.010715956183568754,1.5773687362670898,0.00095335674958977722,0.0075992941856384277,0.088966092550061091,7.9359284427482635e-05,0.012598355799665497,0.66428935527801514,0,0,0,0,5.4068422317504883,139.28335606589616,0.0042505907002531786,0.015622265479561102,0.033890851020533692,0.015621187614467747,0
170,2.8333333333333335,1,0.091551999999999994,0.12143999999999999,0.0020799999999999998,0.0039039999999999999,0.0015039999999999999,0.0024319999999999997,0.001792,0.075359999999999996,0.002464,0.002016,0.82313876267039499,1.8839999999999999,40,0.011166961193041704,1.6055731773376465,0.00096004631269392695,0.0076646804809570312,0.085972029104224509,8.0796657130122185e-05,0.012711935897425079,0.66583216190338135,0,0,0,0,5.4068493843078613,140.68644448834095,0.0042934095608014207,0.015620368930358532,0.03656412364229146,0.015621236280711309,0
171,2.8500000000000001,1,0.091615999999999989,0.12195199999999999,0.0020799999999999998,0.0036799999999999997,0.001472,0.0024319999999999997,0.002176,0.075392000000000001,0.002464,0.0019199999999999998,0.82291302829200152,1.8847999999999998,40,0.010901375649252518,1.4708106517791748,0.00096762103224880226,0.0077260732650756836,0.088761369517171881,8.225416240748018e-05,0.012826079869350587,0.66672980785369873,0,0,0,0,5.4068560600280762,142.16601939699507,0.0043385626036680624,0.015620431245844014,0.03930881351679294,0.015621283519608941,0
172,2.8666666666666667,1,0.09151999999999999,0.12143999999999999,0.0019840000000000001,0.0037439999999999999,0.001472,0.0023999999999999998,0.0022079999999999999,0.075263999999999998,0.0025279999999999999,0.0019199999999999998,0.82237762237762246,1.8815999999999999,40,0.010943394787675946,1.2943716049194336,0.00098717563207257599,0.0079791843891143799,0.090207440307672845,8.3767066826112568e-05,0.012943497736401284,0.67117583751678467,0,0,0,0,5.4068622589111328,143.59607453418064,0.0043822044230401808,0.015620500513648846,0.042013122780512759,0.015621329049333279,0
173,2.8833333333333333,1,0.091488,0.12134399999999999,0.0021440000000000001,0.0037759999999999998,0.0015039999999999999,0.0024319999999999997,0.0018879999999999999,0.075359999999999996,0.002464,0.0019199999999999998,0.82371458551941235,1.8839999999999999,40,0.011185590075680367,1.3634448051452637,0.00099821961274181546,0.0080279111862182617,0.089241569375239096,8.5237777966540307e-05,0.013056628811951446,0.67590427398681641,0,0,0,0,5.406867504119873,145.10394355452658,0.0044282209336708551,0.015620567231724652,0.044803665818742268,0.015621373224300905,0
174,2.8999999999999999,1,0.091615999999999989,0.12124799999999999,0.0021119999999999997,0.0040639999999999999,0.001696,0.0024319999999999997,0.0015679999999999999,0.075359999999999996,0.0024319999999999997,0.001952,0.82256374432413559,1.8839999999999999,40,0.010939150418564872,1.489901065826416,0.001005007134827373,0.0080153942108154297,0.091872503473557854,8.6747109889984131e-05,0.013171720456340101,0.67946487665176392,0,0,0,0,5.4068722724914551,146.64543774511367,0.0044752636030613302,0.015620633880016555,0.047634470125720155,0.015621417601780164,0
175,2.9166666666666665,1,0.091423999999999991,0.12140799999999999,0.0019199999999999998,0.0036799999999999997,0.001408,0.002464,0.002336,0.075263999999999998,0.002464,0.0018879999999999999,0.82324116205810294,1.8815999999999999,40,0.01126188246203271,1.6205682754516602,0.0010189217914642168,0.0080877244472503662,0.090475264228632946,8.8278517068829387e-05,0.013287476590295796,0.68233835697174072,0,0,0,0,5.4068770408630371,148.1306803042506,0.0045205896088943666,0.01562047920716373,0.050427994243941586,0.015621458974810102,0
176,2.9333333333333331,1,0.091615999999999989,0.121376,0.0019199999999999998,0.0036799999999999997,0.0014399999999999999,0.0023999999999999998,0.0024319999999999997,0.075296000000000002,0.002496,0.001952,0.82186517638840384,1.8824000000000001,40,0.011606015036723386,1.7162511348724365,0.0010315158264360695,0.0081682205200195312,0.088877691711770124,8.982706640381366e-05,0.013403511957976809,0.68430972099304199,0,0,0,0,5.4068813323974609,149.65463589591064,0.0045670970427218825,0.015620515527007141,0.053244871041913319,0.015621431033907694,0
177,2.9500000000000002,1,0.093472,0.121568,0.0022079999999999999,0.0042880000000000001,0.0014399999999999999,0.0024319999999999997,0.0035199999999999997,0.075263999999999998,0.0023999999999999998,0.0019199999999999998,0.80520369736391639,1.8815999999999999,40,0.011674381619976141,1.6515440940856934,0.0010460164054968677,0.0083935558795928955,0.089599298664951949,9.1389098088257015e-05,0.013519548667633621,0.68600845336914062,0,0,0,0,5.4068851470947266,151.06019989009954,0.0046099914517242291,0.015620580606765891,0.055942815339803956,0.015621470303903418,0
178,2.9666666666666668,1,0.091647999999999993,0.12153599999999999,0.0019840000000000001,0.0037759999999999998,0.0015039999999999999,0.0023999999999999998,0.0021440000000000001,0.075423999999999991,0.002464,0.001952,0.82297486033519551,1.8855999999999997,40,0.011331570266848225,1.5120792388916016,0.0010487739806460021,0.0083482265472412109,0.092553278667327127,9.2941001639701426e-05,0.013633855041014734,0.68703216314315796,0,0,0,0,5.406888484954834,152.58757741208996,0.0046566033145779406,0.015620650527261498,0.058781472868653963,0.015621510647276881,0
179,2.9833333333333334,1,0.091488,0.12153599999999999,0.0018879999999999999,0.0037439999999999999,0.001472,0.0024319999999999997,0.0023040000000000001,0.075263999999999998,0.002464,0.0019199999999999998,0.8226652675760755,1.8815999999999999,40,0.011354248882044891,1.3453445434570312,0.0010647839940194611,0.0085483193397521973,0.093778461709013938,9.4560789875686169e-05,0.01375214818678785,0.68996632099151611,0,0,0,0,5.4068913459777832,154.13992032256451,0.0047039770606251375,0.015620448843847176,0.061649401798478831,0.015621556418829051,0
180,3,1,0.091615999999999989,0.12143999999999999,0.0020479999999999999,0.0039039999999999999,0.001472,0.0024319999999999997,0.0019840000000000001,0.075359999999999996,0.002464,0.001952,0.82256374432413559,1.8839999999999999,40,0.011599041673143084,1.3930490016937256,0.0010754405388288073,0.0086069107055664062,0.092718051123044778,9.6135656349360943e-05,0.013866193158135432,0.69485259056091309,0,0,0,0,5.4068942070007324,155.65928915329769,0.0047503445176177274,0.015618617818377263,0.064469369525595052,0.015621595676925764,0
181,3.0166666666666666,1,0.09151999999999999,0.121376,0.0020799999999999998,0.0037759999999999998,0.001472,0.0024319999999999997,0.002016,0.075263999999999998,0.002496,0.0019840000000000001,0.82237762237762246,1.8815999999999999,40,0.011783859803310823,1.6110944747924805,0.0010986390212996198,0.0088869929313659668,0.093232526492800213,9.7797470516525209e-05,0.013985526126429795,0.69859099388122559,0,0,0,0,5.4068965911865234,157.20288158629413,0.0047974512202848549,0.015618820508272265,0.067318663928415831,0.015621697981073091,0
182,3.0333333333333332,1,0.09151999999999999,0.121472,0.001952,0.0037439999999999999,0.0014399999999999999,0.0024319999999999997,0.0023040000000000001,0.075263999999999998,0.002464,0.0019199999999999998,0.82237762237762246,1.8815999999999999,40,0.011807051908619727,1.6823697090148926,0.0011046258770079918,0.0087476968765258789,0.093556451310386868,9.9438962934073061e-05,0.014102408513021672,0.70154845714569092,0,0,0,0,5.4068989753723145,158.68977263430793,0.0048428275340059793,0.015619015651909578,0.070130491520626767,0.015621833573799922,0
183,3.0499999999999998,1,0.091359999999999997,0.121504,0.002016,0.0038079999999999998,0.0014399999999999999,0.0024319999999999997,0.0020799999999999998,0.075263999999999998,0.0023679999999999999,0.001952,0.82381786339754814,1.8815999999999999,40,0.012009045062966335,1.7447965145111084,0.0011218517632329711,0.0089143812656402588,0.093417233206373226,0.00010114645556313917,0.014222971248170277,0.70363235473632812,0,0,0,0,5.4069008827209473,160.22590749021597,0.0048897066494816887,0.015619113886685918,0.072987527005263675,0.015621796386623019,0
184,3.0666666666666664,1,0.091647999999999993,0.12134399999999999,0.0021440000000000001,0.003712,0.0015039999999999999,0.0023999999999999998,0.0020479999999999999,0.075359999999999996,0.0025279999999999999,0.001952,0.82227653631284914,1.8839999999999999,40,0.011872828985677316,1.6935067176818848,0.0011381460706267885,0.0091080069541931152,0.095861405230360949,0.00010288543126080185,0.014344715491134835,0.70500743389129639,0,0,0,0,5.4069027900695801,161.73694620068292,0.004935819891378263,0.0156193308435384,0.075834388868774832,0.015621830678029764,0
185,3.0833333333333335,1,0.09151999999999999,0.121568,0.002016,0.0039039999999999999,0.001472,0.002464,0.0018879999999999999,0.075392000000000001,0.0024319999999999997,0.001952,0.82377622377622384,1.8847999999999998,40,0.011950311689074362,1.5647678375244141,0.0011432344646147409,0.0091139674186706543,0.095665660809495817,0.00010456877498654649,0.014461588777623742,0.70610880851745605,0,0,0,0,5.4069046974182129,163.30022921010169,0.0049835275027496854,0.015621035066779277,0.078729086846499874,0.015623747489665822,0
186,3.1000000000000001,1,0.091679999999999998,0.12121599999999999,0.002016,0.0038079999999999998,0.0014399999999999999,0.0023999999999999998,0.0022079999999999999,0.075359999999999996,0.002464,0.0019840000000000001,0.82198952879581155,1.8839999999999999,40,0.011835628039654818,1.3663311004638672,0.0011594815421993123,0.0093104243278503418,0.097965358349765122,0.00010630124597810209,0.014580894758422893,0.70847201347351074,0,0,0,0,5.4069061279296875,164.91470275086186,0.0050327973251605793,0.015621084054572893,0.081672806945003673,0.015623766915007418,0
187,3.1166666666666667,1,0.091167999999999999,0.12128,0.002016,0.0036799999999999997,0.001472,0.0024319999999999997,0.001856,0.075296000000000002,0.002464,0.001952,0.82590382590382594,1.8824000000000001,40,0.011925832121528458,1.4982242584228516,0.0011759487845362151,0.0094437599182128906,0.098605176775329387,0.0001080674774129875,0.01470152899619543,0.71320831775665283,0,0,0,0,5.4069075584411621,166.5178320418469,0.0050817209485426911,0.015620988557031461,0.084622591576937869,0.015623787699649398,0
188,3.1333333333333333,1,0.09151999999999999,0.12140799999999999,0.0019840000000000001,0.0036799999999999997,0.001472,0.0023999999999999998,0.0023040000000000001,0.075135999999999994,0.0025919999999999997,0.001952,0.82097902097902098,1.8783999999999998,40,0.012178646703912716,1.6746463775634766,0.0011940127648589829,0.0096036791801452637,0.098041497868180574,0.00010983379615936428,0.014821187277634965,0.71690165996551514,0,0,0,0,5.4069089889526367,168.08036334490507,0.0051294056196565267,0.015621052982154823,0.087524987733834228,0.015623865497063842,0
189,3.1499999999999999,1,0.091103999999999991,0.12134399999999999,0.0019840000000000001,0.0038079999999999998,0.0014399999999999999,0.0024319999999999997,0.0018239999999999999,0.075392000000000001,0.0023040000000000001,0.0019199999999999998,0.82753775904460847,1.8847999999999998,40,0.012513186835096075,1.8311741352081299,0.0011992911923523072,0.009432673454284668,0.095842186978989441,0.00011157794506289065,0.01493840319866154,0.71982431411743164,0,0,0,0,5.4069104194641113,169.69752863518679,0.0051787575877437373,0.015623373378249426,0.090486578039325277,0.015626252788148158,0
190,3.1666666666666665,1,0.09151999999999999,0.12153599999999999,0.0021119999999999997,0.0037759999999999998,0.001472,0.0023999999999999998,0.0020799999999999998,0.075263999999999998,0.002496,0.0019199999999999998,0.82237762237762246,1.8815999999999999,40,0.012571286655866739,1.83843994140625,0.0012194042168353874,0.0096800327301025391,0.096999157700880106,0.00011340899072820321,0.015060477464423443,0.72189122438430786,0,0,0,0,5.4069113731384277,171.27287277187952,0.0052268332755090186,0.015623334431069965,0.093413754327100806,0.015626231653932728,0
191,3.1833333333333331,1,0.091551999999999994,0.121568,0.002016,0.0036799999999999997,0.0014399999999999999,0.0024319999999999997,0.0022399999999999998,0.075296000000000002,0.002496,0.001952,0.82243970639636499,1.8824000000000001,40,0.012387516773570209,1.7398219108581543,0.0012386252026672954,0.0099215209484100342,0.099989790149871249,0.00011526793969096616,0.015183408029224937,0.72322666645050049,0,0,0,0,5.4069123268127441,172.86580784157772,0.0052754457959465857,0.015623291363635335,0.09636769021731216,0.015626228118419901,0
192,3.2000000000000002,1,0.09151999999999999,0.121056,0.0021119999999999997,0.003712,0.0014399999999999999,0.0024319999999999997,0.002176,0.075167999999999999,0.0025279999999999999,0.001952,0.82132867132867138,1.8791999999999998,40,0.012860769115419923,1.6429319381713867,0.0012517444056865401,0.010027050971984863,0.097330446915940047,0.00011708150123013183,0.015302385515345759,0.72437435388565063,0,0,0,0,5.4069132804870605,174.44116654681611,0.005323521928308597,0.01562333089827787,0.099299263899010712,0.015626207003134607,0
193,3.2166666666666668,1,0.091296000000000002,0.12128,0.0019199999999999998,0.0036479999999999998,0.0014399999999999999,0.0024319999999999997,0.0020479999999999999,0.075392000000000001,0.002464,0.001952,0.82579740623904663,1.8847999999999998,40,0.012479981349851158,1.4153904914855957,0.0012718465415565529,0.010240316390991211,0.10191093286944067,0.00011895965144503862,0.015424632990449959,0.72691750526428223,0,0,0,0,5.406914234161377,176.07059006298564,0.0053732479877620131,0.015623491628944034,0.10228090122643646,0.015626199544114889,0
194,3.2333333333333334,1,0.091647999999999993,0.12134399999999999,0.0022079999999999999,0.0037759999999999998,0.0014399999999999999,0.0024319999999999997,0.0019840000000000001,0.075327999999999992,0.0025279999999999999,0.001952,0.82192737430167595,1.8831999999999998,40,0.012564495201416934,1.6164901256561279,0.0012830489133464308,0.010200172662734985,0.10211702840252092,0.00012079330917913467,0.015543056918066964,0.73167598247528076,0,0,0,0,5.4069151878356934,177.72264622078768,0.005423664740624624,0.015623515618311819,0.10530802941503033,0.015626184315024019,0
195,3.25,1,0.091583999999999999,0.12131199999999999,0.002016,0.0037759999999999998,0.0014399999999999999,0.002464,0.0021440000000000001,0.075392000000000001,0.0024319999999999997,0.0019199999999999998,0.82320055904961564,1.8847999999999998,40,0.012709369121729071,1.7927591800689697,0.0013042965497624803,0.010399609804153442,0.10262480672880439,0.00012269291619304568,0.015664795957371781,0.73515617847442627,0,0,0,0,5.4069161415100098,179.31860148876692,0.0054723694301991857,0.015623571083839339,0.1082697526746234,0.015626188298281482,0
196,3.2666666666666666,1,0.091488,0.1216,0.0022079999999999999,0.0038079999999999998,0.001472,0.0023999999999999998,0.001952,0.075263999999999998,0.002464,0.0019199999999999998,0.8226652675760755,1.8815999999999999,40,0.012905882526216335,1.8998746871948242,0.0013149430275539913,0.010287880897521973,0.10188710650998759,0.00012457548291422427,0.015784516648553053,0.73790866136550903,0,0,0,0,5.406916618347168,180.9351268803824,0.0055217018701288574,0.015624601634192291,0.1112694401091532,0.015626364664534587,0
197,3.2833333333333332,1,0.091615999999999989,0.12121599999999999,0.0018879999999999999,0.0036799999999999997,0.0014399999999999999,0.0024319999999999997,0.0023999999999999998,0.075423999999999991,0.0024319999999999997,0.0019199999999999998,0.82326231225986723,1.8855999999999997,40,0.01293428448245683,1.8559074401855469,0.0013383083652295834,0.010648280382156372,0.10346984149334061,0.00012653344310820103,0.015908076131839515,0.73980015516281128,0,0,0,0,5.4069170951843262,182.56593766451829,0.0055714702656408169,0.015624628833709506,0.11428385012990019,0.015626258689825912,0
198,3.2999999999999998,1,0.091327999999999993,0.121376,0.002016,0.003712,0.0014399999999999999,0.0023999999999999998,0.0019199999999999998,0.075359999999999996,0.002496,0.0019840000000000001,0.82515767344078494,1.8839999999999999,40,0.013124918725444707,1.7567143440246582,0.0013582935995887903,0.010836601257324219,0.10348967700314408,0.00012845252058468759,0.016028257583698084,0.74119311571121216,0,0,0,0,5.4069175720214844,184.14367838002266,0.0056196190911872151,0.015624703885310317,0.11724814167347444,0.015624176747162542,0
199,3.3166666666666664,1,0.093567999999999998,0.12121599999999999,0.0020799999999999998,0.0042560000000000002,0.0015679999999999999,0.002464,0.0034879999999999998,0.075263999999999998,0.0025279999999999999,0.0019199999999999998,0.8043775649794801,1.8815999999999999,40,0.013060999797413946,1.5577201843261719,0.0013781904699422709,0.01097986102104187,0.10551952310841856,0.00013039297482464463,0.016148868370548113,0.74199604988098145,0,0,0,0,5.4069180488586426,185.7496214938281,0.0056686285856270783,0.015624718108175586,0.12024678720095641,0.015624152437116104,0
200,3.3333333333333335,1,0.091647999999999993,0.12124799999999999,0.001952,0.0037439999999999999,0.0014399999999999999,0.0023999999999999998,0.002336,0.075231999999999993,0.002496,0.0020479999999999999,0.82087988826815639,1.8808,40,0.012936767263383137,1.5890846252441406,0.0014049802754717655,0.011222600936889648,0.10860366016234139,0.00013244067667983472,0.016275175985520692,0.74542641639709473,0,0,0,0,5.4069185256958008,187.37593689359502,0.005718259792895356,0.015624746356017764,0.12327392305136649,0.015624120736316582,0
201,3.3500000000000001,1,0.09151999999999999,0.12143999999999999,0.001952,0.003712,0.001472,0.0024319999999999997,0.0023040000000000001,0.075263999999999998,0.002496,0.0018879999999999999,0.82237762237762246,1.8815999999999999,40,0.013072685347740519,1.7939286231994629,0.0014225449463095205,0.011178374290466309,0.10881811261183556,0.00013442667841445655,0.016396748361456093,0.7497406005859375,0,0,0,0,5.406919002532959,188.99683364393994,0.0057677256361065654,0.015624767199844465,0.12630556574041138,0.015624102341408441,0
202,3.3666666666666667,1,0.09151999999999999,0.121152,0.0022399999999999998,0.004032,0.001536,0.002464,0.001536,0.075231999999999993,0.002496,0.0019840000000000001,0.82202797202797206,1.8808,40,0.013247418769017531,1.925072193145752,0.0014491383278583863,0.011381238698959351,0.10939024070466966,0.00013647018931806087,0.016520907318792202,0.75278317928314209,0,0,0,0,5.406919002532959,190.64130979921052,0.005817911065649735,0.015624747348123831,0.12933388267282325,0.015624135128976591,0
203,3.3833333333333333,1,0.091488,0.121472,0.0019840000000000001,0.003872,0.0014399999999999999,0.0024319999999999997,0.0020799999999999998,0.075296000000000002,0.002464,0.0019199999999999998,0.82301504022385452,1.8824000000000001,40,0.013161718910015137,1.8983216285705566,0.0014681378593752686,0.011447727680206299,0.11154605788291981,0.00013848811795469373,0.016642603038869476,0.75516974925994873,0,0,0,0,5.406919002532959,192.26655877351351,0.0058675097281956027,0.015624853667104229,0.13237677420859384,0.015624128391062767,0
204,3.3999999999999999,1,0.091615999999999989,0.12131199999999999,0.0020479999999999999,0.0037439999999999999,0.0014399999999999999,0.0024319999999999997,0.002176,0.075423999999999991,0.0024319999999999997,0.0019199999999999998,0.82326231225986723,1.8855999999999997,40,0.013433486616714644,1.8905744552612305,0.0014954749831730893,0.011755168437957764,0.11132441084300046,0.00014054690836928785,0.016765852699417817,0.75666904449462891,0,0,0,0,5.406919002532959,193.95859455584628,0.0059191465623732384,0.015624790858686125,0.13548693890509081,0.015624116884254706,0
205,3.4166666666666665,1,0.091551999999999994,0.121376,0.001952,0.0036799999999999997,0.001472,0.0024319999999999997,0.0023040000000000001,0.075327999999999992,0.0024319999999999997,0.001952,0.82278923453337993,1.8831999999999998,40,0.013466225530532191,1.7030601501464844,0.0015232034413731948,0.011995941400527954,0.11311287174862852,0.00014259935414884239,0.016887827222519917,0.75784528255462646,0,0,0,0,5.406919002532959,195.59761320447845,0.0059691654420312027,0.015625301603444875,0.1385529348364623,0.015622188863519378,0
206,3.4333333333333331,1,0.091551999999999994,0.12153599999999999,0.0021440000000000001,0.003872,0.0015039999999999999,0.0024319999999999997,0.001856,0.075359999999999996,0.0023999999999999998,0.0019840000000000001,0.82313876267039499,1.8839999999999999,40,0.013322459238249424,1.5066182613372803,0.0015546032214279579,0.012219607830047607,0.11669040930255707,0.0001447123649995774,0.017012487472417279,0.75871372222900391,0,0,0,0,5.406919002532959,197.26777658129282,0.0060201347833646491,0.015627270880756161,0.14165044013685507,0.015622194715920277,0
207,3.4499999999999997,1,0.091359999999999997,0.12128,0.0020799999999999998,0.0038399999999999997,0.001472,0.002464,0.001792,0.075359999999999996,0.002464,0.0018879999999999999,0.82486865148861643,1.8839999999999999,40,0.013220318664396729,1.7844173908233643,0.0015839814118801952,0.012335598468780518,0.11981416273618059,0.00014685995120089501,0.017138258441329154,0.76345276832580566,0,0,0,0,5.406919002532959,198.97344816964065,0.0060721877493176467,0.015627189604198954,0.14479826342113908,0.015622204456896721,0
208,3.4666666666666668,1,0.09350399999999999,0.12134399999999999,0.002176,0.0044159999999999998,0.001536,0.0024319999999999997,0.0032320000000000001,0.075296000000000002,0.002464,0.001952,0.80527036276522945,1.8824000000000001,40,0.01346634655978258,1.9268381595611572,0.0016148445012010995,0.012449741363525391,0.11991704609948579,0.00014898247900418937,0.017261661507756973,0.76708424091339111,0,0,0,0,5.406919002532959,200.66939997521754,0.0061239440910405745,0.015627301110859325,0.14793484390406439,0.015622206300466904,0
209,3.4833333333333334,1,0.091488,0.12131199999999999,0.001952,0.0038079999999999998,0.001472,0.002464,0.0020799999999999998,0.075327999999999992,0.0024319999999999997,0.001952,0.82336481287163332,1.8831999999999998,40,0.013584440121351729,1.9813318252563477,0.0016497034486929346,0.012839645147323608,0.12144066549345427,0.00015112348773982376,0.017385251665697782,0.76980710029602051,0,0,0,0,5.406919002532959,202.29515331336754,0.0061735581455495464,0.015627747698080046,0.15100279958703627,0.015622207823803993,0
210,3.5,1,0.091583999999999999,0.12111999999999999,0.0020479999999999999,0.004352,0.001408,0.0024319999999999997,0.001536,0.075327999999999992,0.002464,0.002016,0.82250174703004886,1.8831999999999998,40,0.013750743942360219,1.9464993476867676,0.0016839556057313015,0.013150811195373535,0.12246287275728751,0.0001533361355541274,0.01751206073277085,0.77171516418457031,0,0,0,0,5.406919002532959,203.95347142656601,0.0062241659981251835,0.01562779244860734,0.15411324471103988,0.015622293732747405,0
211,3.5166666666666666,1,0.091392000000000001,0.12111999999999999,0.0021119999999999997,0.003872,0.001472,0.002464,0.001696,0.075359999999999996,0.002464,0.001952,0.82457983193277307,1.8839999999999999,40,0.013596414290046778,1.7559857368469238,0.001717541232165882,0.013387560844421387,0.12632310221844328,0.00015549002273473889,0.017634626320664631,0.77309906482696533,0,0,0,0,5.406919002532959,205.65842019397257,0.0062761969053336357,0.015627766475256058,0.15727590743715433,0.015622901124437299,0
212,3.5333333333333332,1,0.091327999999999993,0.121184,0.0020799999999999998,0.0039680000000000002,0.0014399999999999999,0.0024319999999999997,0.001632,0.075359999999999996,0.0024319999999999997,0.0019840000000000001,0.82515767344078494,1.8839999999999999,40,0.013486638159679048,1.4829702377319336,0.0017555376333720939,0.01366075873374939,0.13016866120280576,0.00015771586913615465,0.017760398032485344,0.77384436130523682,0,0,0,0,5.406919002532959,207.35967197322196,0.0063281149894171742,0.0156272028421497,0.16044696593026767,0.015623065778336963,0
213,3.5499999999999998,1,0.091615999999999989,0.12131199999999999,0.001952,0.0037439999999999999,0.001472,0.0023999999999999998,0.0022719999999999997,0.075423999999999991,0.0023999999999999998,0.001952,0.82326231225986723,1.8855999999999997,40,0.013385667254211133,1.7433638572692871,0.0017936604142353076,0.013880938291549683,0.1339985807335097,0.00016005201905500144,0.017891451537256638,0.77749061584472656,0,0,0,0,5.406919002532959,209.03142497831254,0.0063791328423557295,0.015626916784643941,0.1635915100670236,0.015623067108848646,0
214,3.5666666666666664,1,0.091712000000000002,0.121504,0.0020799999999999998,0.0042560000000000002,0.0014399999999999999,0.0024319999999999997,0.0016639999999999999,0.075423999999999991,0.002464,0.001952,0.82240055826936487,1.8855999999999997,40,0.013120954437678927,1.8272583484649658,0.0018269192915913073,0.014242380857467651,0.13923676819919559,0.00016232927737291902,0.018018283901244259,0.78159570693969727,0,0,0,0,5.406919002532959,210.7666298711745,0.0064320870932365265,0.015627654925725688,0.16680641492001763,0.015623773322130406,0
215,3.5833333333333335,1,0.091359999999999997,0.12134399999999999,0.0019199999999999998,0.0037439999999999999,0.001472,0.0024319999999999997,0.0021119999999999997,0.075263999999999998,0.002496,0.0019199999999999998,0.82381786339754814,1.8815999999999999,40,0.013223535137500348,1.9060921669006348,0.0018667896434321986,0.014766871929168701,0.14117175354555597,0.00016467369277961552,0.018147930613687916,0.78440839052200317,0,0,0,0,5.406919002532959,212.50836167028137,0.0064852405294885673,0.015628115485593369,0.17003358908038532,0.015624230241889428,0
216,3.6000000000000001,1,0.091423999999999991,0.12131199999999999,0.0022079999999999999,0.0037759999999999998,0.0014399999999999999,0.0023999999999999998,0.001952,0.075167999999999999,0.0025279999999999999,0.001952,0.82219110955547781,1.8791999999999998,40,0.013278386937288703,1.8578681945800781,0.0019013989158254874,0.015076547861099243,0.14319502246812305,0.00016703855362720788,0.018277776321380446,0.78659802675247192,0,0,0,0,5.406919002532959,214.20205955564936,0.006536928087025432,0.015628036332390398,0.17322694388321394,0.015624157263756802,0
217,3.6166666666666667,1,0.091551999999999994,0.12128,0.0020479999999999999,0.003872,0.001472,0.002464,0.001952,0.075327999999999992,0.002496,0.0019199999999999998,0.82278923453337993,1.8831999999999998,40,0.012778105045221042,1.62432861328125,0.0019375782568696904,0.015419185161590576,0.15163267558160642,0.00016948913980741054,0.01841136278537852,0.78790348768234253,0,0,0,0,5.406919002532959,215.91374871967761,0.0065891646948143803,0.015627710919239372,0.17643533897296271,0.015624100538537916,0
218,3.6333333333333333,1,0.091615999999999989,0.12131199999999999,0.0021119999999999997,0.0041919999999999995,0.0015039999999999999,0.0024319999999999997,0.001632,0.075359999999999996,0.0024319999999999997,0.001952,0.82256374432413559,1.8839999999999999,40,0.012282686631563254,1.277153491973877,0.0019668366946725335,0.015699118375778198,0.16013082102235546,0.00017190621292684227,0.018542179641392879,0.78883612155914307,0,0,0,0,5.406919002532959,217.57947805404393,0.0066399987199110087,0.015627710514146555,0.17959065820762801,0.015624109669012108,0
219,3.6499999999999999,1,0.09151999999999999,0.12124799999999999,0.0020479999999999999,0.0037759999999999998,0.001472,0.002464,0.0020479999999999999,0.075392000000000001,0.0024319999999999997,0.0018879999999999999,0.82377622377622384,1.8847999999999998,40,0.011824116157063665,1.464818000793457,0.001992278032175649,0.016104638576507568,0.16849276560814844,0.00017439734074287117,0.018676045659768086,0.79244726896286011,0,0,0,0,5.406919002532959,219.1734903970862,0.0066886441161220153,0.015627810852980172,0.18265657437111391,0.015624126615101977,0
220,3.6666666666666665,1,0.091743999999999992,0.12124799999999999,0.0019840000000000001,0.0041919999999999995,0.001472,0.0023999999999999998,0.0018239999999999999,0.075455999999999995,0.0024319999999999997,0.0019840000000000001,0.82246250435995816,1.8863999999999996,40,0.01135827952526787,1.5030412673950195,0.0020092798707898054,0.01639634370803833,0.1769000196129985,0.00017683254554867744,0.018805985512526456,0.79669511318206787,0,0,0,0,5.406919002532959,220.70291835128782,0.0067353185532009223,0.015627620267410332,0.18562767209975481,0.015624173906685645,0
221,3.6833333333333331,1,0.09151999999999999,0.12140799999999999,0.0018879999999999999,0.0037759999999999998,0.001472,0.0024319999999999997,0.0022719999999999997,0.075296000000000002,0.002496,0.0018879999999999999,0.82272727272727286,1.8824000000000001,40,0.010760196712946205,1.5012850761413574,0.002018692460491829,0.016514033079147339,0.18760739365136561,0.00017922904225997627,0.01893298931811753,0.79974591732025146,0,0,0,0,5.406919002532959,222.11379658339524,0.0067783751398741224,0.01562756323948198,0.18844511591365953,0.015624191441047311,0
222,3.6999999999999997,1,0.091615999999999989,0.12140799999999999,0.0021119999999999997,0.003872,0.001472,0.0023999999999999998,0.001952,0.075359999999999996,0.002496,0.001952,0.82256374432413559,1.8839999999999999,40,0.0098733385667433803,1.3539137840270996,0.0020159391562641718,0.016416728496551514,0.20418008990945691,0.00018159007595386356,0.019057286058296107,0.80173462629318237,0,0,0,0,5.406919002532959,223.31589897920034,0.0068150603936523542,0.015626746002675322,0.19100940842334077,0.015625106261624749,0
223,3.7166666666666668,1,0.091583999999999999,0.121568,0.002016,0.003712,0.0014399999999999999,0.0024319999999999997,0.0022719999999999997,0.075296000000000002,0.002496,0.0019199999999999998,0.82215234102026558,1.8824000000000001,40,0.0088264494678387904,1.0899748802185059,0.0020051411296836716,0.016179949045181274,0.22717414708936667,0.00018381314293947071,0.019173583021411034,0.80294841527938843,0,0,0,0,5.406919002532959,224.34361482528439,0.0068464237922755246,0.015626753366849901,0.19334407579305141,0.015625059609633292,0
224,3.7333333333333334,1,0.091296000000000002,0.12131199999999999,0.0020799999999999998,0.0038079999999999998,0.001472,0.0023999999999999998,0.001792,0.075327999999999992,0.0024319999999999997,0.0019840000000000001,0.82509638976515942,1.8831999999999998,40,0.0074330411379612098,0.75467920303344727,0.0019806986751490611,0.01570478081703186,0.26647217987715077,0.00018586927035357803,0.019280522314168672,0.80453062057495117,0,0,0,0,5.406919002532959,225.11533531048295,0.0068699748324732345,0.015626603975449051,0.19535993874049162,0.015624962467361022,0
225,3.75,1,0.091423999999999991,0.12153599999999999,0.0019840000000000001,0.003712,0.001472,0.0024319999999999997,0.002176,0.075263999999999998,0.002464,0.0019199999999999998,0.82324116205810294,1.8815999999999999,40,0.0064593318215142408,0.44652891159057617,0.001942218388079661,0.015011608600616455,0.30068410197021783,0.00018772282055579126,0.019376419718605976,0.80908334255218506,0,0,0,0,5.406919002532959,225.63513389590045,0.0068858378264129777,0.015626864439380925,0.19706426081077846,0.015625219317073741,0
226,3.7666666666666666,1,0.09151999999999999,0.12140799999999999,0.0020479999999999999,0.0037439999999999999,0.0014399999999999999,0.0024319999999999997,0.0021440000000000001,0.075296000000000002,0.002464,0.001952,0.82272727272727286,1.8824000000000001,40,0.0059112349919982488,0.31052166223526001,0.0018917540571447237,0.014248251914978027,0.32002687419896164,0.00018926826305687428,0.019456015165335079,0.8120313286781311,0,0,0,0,5.406919002532959,225.85956313314901,0.0068926868631942447,0.015626899941842114,0.19840306530290278,0.015625184109013028,0
227,3.7833333333333332,1,0.091296000000000002,0.121184,0.002016,0.0037759999999999998,0.001408,0.0024319999999999997,0.001952,0.075263999999999998,0.0025279999999999999,0.0019199999999999998,0.82439537329127233,1.8815999999999999,40,0.0051716056731027247,0.24059832096099854,0.0018234710557933041,0.013092398643493652,0.35259282533412989,0.00019044720102101564,0.019516516134854379,0.81375527381896973,0,0,0,0,5.406919002532959,225.99450486165108,0.0068968049579361292,0.015626809801460171,0.19961000444580165,0.015624996052228505,0
228,3.7999999999999998,1,0.091583999999999999,0.121472,0.0020799999999999998,0.0038079999999999998,0.0014399999999999999,0.0023999999999999998,0.0021119999999999997,0.075327999999999992,0.002464,0.001952,0.82250174703004886,1.8831999999999998,40,0.0051642259396166429,0.23450593650341034,0.0017668627441524227,0.012401759624481201,0.34213505853765619,0.00019140681251883507,0.019565623553510124,0.81447362899780273,0,0,0,0,5.406919002532959,225.83258726751671,0.0068918636251073216,0.015626799198783139,0.20046430916846109,0.015623539545506798,0
229,3.8166666666666664,1,0.091488,0.12134399999999999,0.002016,0.0037759999999999998,0.0014399999999999999,0.0024319999999999997,0.0021440000000000001,0.075296000000000002,0.002464,0.0019199999999999998,0.82301504022385452,1.8824000000000001,40,0.0047998679410723869,0.2157750129699707,0.0016972449131426616,0.011243164539337158,0.35360241864559777,0.00019201739632990211,0.01959680567490029,0.81531441211700439,0,0,0,0,5.406919002532959,225.54106970259366,0.0068829672150449725,0.015627340238050992,0.20114778869095654,0.015623513715460637,0
230,3.8333333333333335,1,0.091679999999999998,0.121184,0.002016,0.0041599999999999996,0.001536,0.0023999999999999998,0.0017599999999999998,0.075359999999999996,0.002464,0.0019840000000000001,0.82198952879581155,1.8839999999999999,40,0.0045847785392155449,0.21619176864624023,0.0016280509694328411,0.010173231363296509,0.35509915157459282,0.00019238716049585491,0.019615665193709587,0.81862092018127441,0,0,0,0,5.406919002532959,225.0239435264379,0.0068671857765636567,0.015627298189122407,0.20155217159677263,0.015623478762084361,0
231,3.8500000000000001,1,0.091551999999999994,0.12121599999999999,0.0020479999999999999,0.0036479999999999998,0.001472,0.0023999999999999998,0.002336,0.075135999999999994,0.0025599999999999998,0.001952,0.82069206571128972,1.8783999999999998,40,0.0041141963190475216,0.17337435483932495,0.0015600539282104413,0.0090965032577514648,0.37918801321848677,0.00019250795594416559,0.019621822338619092,0.82045257091522217,0,0,0,0,5.406919002532959,224.39679073613542,0.0068480465922892888,0.015627317617230473,0.20179927870019429,0.015623439042967315,0
232,3.8666666666666667,1,0.091231999999999994,0.12153599999999999,0.0020479999999999999,0.0037759999999999998,0.001472,0.0024319999999999997,0.001792,0.075296000000000002,0.0025279999999999999,0.0018879999999999999,0.82532444756225898,1.8824000000000001,40,0.0040672495628101858,0.22698330879211426,0.0014976692271365295,0.0081797242164611816,0.3682265383542741,0.0001924187527038157,0.019617275687710344,0.82128262519836426,0,0,0,0,5.406919002532959,223.66989247688093,0.0068258634178735636,0.015627328686918466,0.20191048253234206,0.015623393457980415,0
233,3.8833333333333333,1,0.091488,0.121472,0.0018879999999999999,0.0037759999999999998,0.0014399999999999999,0.0024319999999999997,0.0023040000000000001,0.075296000000000002,0.0024319999999999997,0.0019199999999999998,0.82301504022385452,1.8824000000000001,40,0.0039732081874751628,0.22639700770378113,0.0014471386357247566,0.0075709521770477295,0.3642242156569106,0.00019224442075937986,0.019608387019812715,0.8213922381401062,0,0,0,0,5.406919002532959,222.83042257393024,0.0068002448295266795,0.01562722947745802,0.20186205105917843,0.015623375054997524,0
234,3.8999999999999999,1,0.091583999999999999,0.121472,0.0019199999999999998,0.0038079999999999998,0.0014399999999999999,0.0023999999999999998,0.002336,0.075296000000000002,0.002464,0.0019199999999999998,0.82215234102026558,1.8824000000000001,40,0.0034187533657354724,0.15418969094753265,0.0013922723974830766,0.0066533684730529785,0.40724563855268298,0.00019188941223546863,0.019590273721184635,0.82105827331542969,0,0,0,0,5.406919002532959,221.90532025125219,0.0067720129471207334,0.015626932965046469,0.20168696165655964,0.015623371971923931,0
235,3.9166666666666665,1,0.091488,0.12131199999999999,0.0021119999999999997,0.0039039999999999999,0.001472,0.002496,0.0018239999999999999,0.075231999999999993,0.002496,0.001952,0.82231549492829659,1.8808,40,0.0035104063722171557,0.15334856510162354,0.0013416231847814227,0.0059227645397186279,0.3821845799391197,0.00019144458929076791,0.019567554230959367,0.82035923004150391,0,0,0,0,5.406919002532959,220.96576668343383,0.006743340047712214,0.015627096903424325,0.20146705879236648,0.01562368528154366,0
236,3.9333333333333331,1,0.091647999999999993,0.12134399999999999,0.002016,0.0037759999999999998,0.0014399999999999999,0.0024319999999999997,0.0022079999999999999,0.075392000000000001,0.0024319999999999997,0.001952,0.82262569832402244,1.8847999999999998,40,0.0033406668170474457,0.14702549576759338,0.0012954057457487224,0.0052613615989685059,0.38776861527712314,0.00019093896844424307,0.019541697390157441,0.82080739736557007,0,0,0,0,5.406919002532959,219.98739883124333,0.0067134826303480019,0.015627052049256244,0.20117215725853574,0.015623666132515335,0
237,3.9499999999999997,1,0.093376000000000001,0.12128,0.0022399999999999998,0.004352,0.001472,0.0024319999999999997,0.0032959999999999999,0.075167999999999999,0.0025279999999999999,0.0018879999999999999,0.80500342700479777,1.8791999999999998,40,0.0033789929962547787,0.17485657334327698,0.0012533234526646486,0.0046999156475067139,0.37091626234615227,0.00019035670266021043,0.019511878569743634,0.82100927829742432,0,0,0,0,5.406919002532959,218.90874599439059,0.0066805647581295955,0.015627009988105761,0.2007314693705311,0.015623613787305904,0
238,3.9666666666666668,1,0.091712000000000002,0.12131199999999999,0.002016,0.0037439999999999999,0.001472,0.0024319999999999997,0.002176,0.075423999999999991,0.002496,0.001952,0.82240055826936487,1.8855999999999997,40,0.0030922184923621219,0.16757377982139587,0.0012123367894651678,0.0040693879127502441,0.39206051980468981,0.00018970308883581311,0.019478351513196032,0.82102525234222412,0,0,0,0,5.406919002532959,217.76574088000197,0.0066456830102539664,0.015626975282303918,0.20018935656854914,0.015623624209783202,0
239,3.9833333333333334,1,0.09151999999999999,0.12131199999999999,0.0018879999999999999,0.003712,0.0014399999999999999,0.0024319999999999997,0.002336,0.075296000000000002,0.002496,0.0019199999999999998,0.82272727272727286,1.8824000000000001,40,0.0027390983238630554,0.10950762033462524,0.0011729524368458133,0.0033946037292480469,0.42822575101705496,0.00018895401444751769,0.019439856709735168,0.82083576917648315,0,0,0,0,5.406919002532959,216.64404153766486,0.0066114514629414325,0.015626747136774002,0.19964273392009749,0.015623904578439823,0
240,4,1,0.091615999999999989,0.12128,0.002176,0.003872,0.0015039999999999999,0.002464,0.0018239999999999999,0.075327999999999992,0.002464,0.0019840000000000001,0.82221446035626966,1.8831999999999998,40,0.0026561748120317811,0.11139309406280518,0.0011394365877861099,0.003001481294631958,0.42897650509475449,0.00018819508841261268,0.019400777737637875,0.820395827293396,0,0,0,0,5.406919002532959,215.52400585370967,0.0065772706864535421,0.01562672024860674,0.19907410231282197,0.015623868606488272,0
241,4.0166666666666666,0,0.091359999999999997,0.12134399999999999,0.000544,0.00464,0.0015039999999999999,0.002464,0.002496,0.075327999999999992,0.0024319999999999997,0.001952,0.82451838879159367,1.8831999999999998,40,0.0025771092897347654,0.11345362663269043,0.001109258984960425,0.0026993453502655029,0.4304276071561518,0.00018741795793175697,0.019360679633306108,0.81973898410797119,0,0,0,0,5.3549466133117676,213.86231756105201,0.0065265599841629642,0.015626684140591436,0.19950304180873349,0.015623729166400325,0
242,4.0333333333333332,0,0.091488,0.121376,0.00070399999999999998,0.0045760000000000002,0.0015039999999999999,0.0024319999999999997,0.0025279999999999999,0.075392000000000001,0.0024319999999999997,0.0019199999999999998,0.82406435816719137,1.8847999999999998,40,0.002413119701491957,0.1137981116771698,0.0010811628271407952,0.0024201273918151855,0.44803530735435371,0.0001866305829025805,0.019319968059113374,0.81898295879364014,0,0,0,0,5.3432364463806152,212.19745945459428,0.0064757525468321009,0.015626613094929683,0.19998189527568966,0.015623675420631825,0
243,4.0499999999999998,0,0.093311999999999992,0.12131199999999999,0.0025279999999999999,0.0045119999999999995,0.0014399999999999999,0.0024319999999999997,0.0026879999999999999,0.075423999999999991,0.0023999999999999998,0.0018879999999999999,0.8082990397805212,1.8855999999999997,40,0.0023471433280270312,0.1111551895737648,0.0010524531188823238,0.0019651204347610474,0.44839746525705271,0.00018581602489575744,0.0192777604973066,0.81823158264160156,0,0,0,0,5.3128228187561035,210.48569569804064,0.0064235136626599318,0.015626696908892033,0.20045272657213165,0.015623693758182976,0
244,4.0666666666666664,0,0.091392000000000001,0.12134399999999999,0.00063999999999999994,0.0044479999999999997,0.001472,0.0023999999999999998,0.0027519999999999997,0.075296000000000002,0.0024319999999999997,0.001952,0.82387955182072825,1.8824000000000001,40,0.0022829385573874881,0.11158759891986847,0.0010265200454180415,0.0016985237598419189,0.44964856460821867,0.00018499502039048821,0.019235125182357832,0.81745386123657227,0,0,0,0,5.3002414703369141,208.77761736686824,0.0063713872487447584,0.015626738013529363,0.20096715858045253,0.015623707515318538,0
245,4.083333333333333,0,0.091488,0.121472,0.00063999999999999994,0.004352,0.001472,0.0024319999999999997,0.0028479999999999998,0.075327999999999992,0.002496,0.0019199999999999998,0.82336481287163332,1.8831999999999998,40,0.0019207425714164593,0.11201923340559006,0.0010014073041873599,0.0013689249753952026,0.52136466338061538,0.00018414043006487191,0.019190645120207496,0.81686878204345703,0,0,0,0,5.2834396362304688,207.0829958951964,0.0063196715055907106,0.015626675519891144,0.20154196558408852,0.015623691172371106,0
246,4.0999999999999996,0,0.091551999999999994,0.12131199999999999,0.00070399999999999998,0.0044159999999999998,0.0014399999999999999,0.0023999999999999998,0.0028159999999999999,0.075359999999999996,0.002464,0.001952,0.82313876267039499,1.8839999999999999,40,0.0018638521518056033,0.11597671359777451,0.00097827056524774059,0.0013119514333084226,0.52486489569467343,0.00018328560690861195,0.019146049561651717,0.81619071960449219,0,0,0,0,5.2629032135009766,205.40523375818876,0.0062684702684994128,0.015626694469220308,0.20215318200182059,0.015623671762922923,0
247,4.1166666666666663,0,0.09151999999999999,0.12143999999999999,0.00076800000000000002,0.0043200000000000001,0.0014399999999999999,0.0023999999999999998,0.0029119999999999997,0.075296000000000002,0.0024319999999999997,0.001952,0.82272727272727286,1.8824000000000001,40,0.0018202116661257272,0.11853384226560593,0.00095558347935037968,0.0013063501100987196,0.52498481200503133,0.00018242310034111142,0.019100947638329958,0.81546503305435181,0,0,0,0,5.2524609565734863,203.72939720166221,0.0062173277954608828,0.015626746349598111,0.20282693070777463,0.015623680373803531,0
248,4.1333333333333329,0,0.091359999999999997,0.12140799999999999,0.00060799999999999993,0.0043200000000000001,0.0014399999999999999,0.0023999999999999998,0.0028799999999999997,0.075296000000000002,0.002464,0.001952,0.82416812609457102,1.8824000000000001,40,0.0018166310479456778,0.12048392742872238,0.00093376513993265544,0.00129935541190207,0.51400923758767425,0.00018154099234379828,0.019054710301854409,0.81481355428695679,0,0,0,0,5.235142707824707,202.02820518321823,0.0061654115351323924,0.015626752512362417,0.20350058441079683,0.015623644670223209,0
249,4.1500000000000004,0,0.091455999999999996,0.121376,0.00070399999999999998,0.0044479999999999997,0.001472,0.0024319999999999997,0.0026879999999999999,0.075392000000000001,0.0023679999999999999,0.001952,0.82435269419174251,1.8847999999999998,40,0.0015727874985305525,0.11931475251913071,0.00091242469381341959,0.00129102380014956,0.58013221408861237,0.00018064009782392532,0.019007372139458169,0.81429374217987061,0,0,0,0,5.2214374542236328,200.34632977595663,0.0061140847709947703,0.015626572891414257,0.20422211973872093,0.015623614824527527,0
250,4.166666666666667,0,0.091423999999999991,0.121472,0.00070399999999999998,0.0045760000000000002,0.001472,0.0024319999999999997,0.0025599999999999998,0.075231999999999993,0.002496,0.001952,0.82289114455722789,1.8808,40,0.0014666991664884846,0.11873526126146317,0.00089199123393561932,0.001281383796595037,0.60816236506848975,0.00017974656657315791,0.018960304141714495,0.81382054090499878,0,0,0,0,5.2097854614257812,198.67778650696934,0.0060631648714285077,0.015626431899118352,0.2049851652814994,0.01562357706038189,0
251,4.1833333333333336,0,0.09151999999999999,0.12140799999999999,0.00070399999999999998,0.0043839999999999999,0.0014399999999999999,0.0024319999999999997,0.0028479999999999998,0.075327999999999992,0.0024319999999999997,0.001952,0.82307692307692304,1.8831999999999998,40,0.0014306850328064022,0.11954085528850555,0.00087216559962349414,0.0012705019908025861,0.60961398185082849,0.00017884973203763366,0.018912944352354747,0.81334370374679565,0,0,0,0,5.1923232078552246,197.01818313603533,0.0060125177958995158,0.015626455926347375,0.20579170317953302,0.015623608403370176,0
252,4.2000000000000002,0,0.091488,0.121376,0.00070399999999999998,0.0049280000000000001,0.001536,0.0023999999999999998,0.002176,0.075423999999999991,0.0024319999999999997,0.0018879999999999999,0.82441413081497017,1.8855999999999997,40,0.0013867078802424033,0.12050522863864899,0.000852864881368354,0.0012584419455379248,0.61502850998385405,0.00017796157044358552,0.018865925391752483,0.81287240982055664,0,0,0,0,5.1829791069030762,195.38279768366425,0.0059626097925922928,0.015626340646136674,0.20664891152915821,0.015623598299700208,0
253,4.2166666666666668,0,0.093119999999999994,0.12124799999999999,0.002336,0.0045760000000000002,0.001472,0.0024319999999999997,0.0025919999999999997,0.075359999999999996,0.0024319999999999997,0.0019199999999999998,0.80927835051546393,1.8839999999999999,40,0.0013630049237332528,0.1230764240026474,0.0008339453168725126,0.0012452683877199888,0.61184321666890773,0.00017707509687170386,0.018818878652656426,0.81244802474975586,0,0,0,0,5.170384407043457,193.74974652352256,0.0059127730262305469,0.015626319831757048,0.20756365908613844,0.015623588733514103,0
254,4.2333333333333334,0,0.093183999999999989,0.12128,0.002336,0.00464,0.001472,0.0023999999999999998,0.0025599999999999998,0.075359999999999996,0.002496,0.0019199999999999998,0.80872252747252749,1.8839999999999999,40,0.001324003350421654,0.12246949970722198,0.00081537728408709103,0.001231056172400713,0.61584231174899873,0.0001761897437972948,0.018771773693356458,0.81203854084014893,0,0,0,0,5.1559686660766602,192.12902807127591,0.0058633126242454807,0.015626205972697298,0.20850156377884749,0.015623533973496447,0
255,4.25,0,0.091488,0.12134399999999999,0.000736,0.0048960000000000002,0.001472,0.0024319999999999997,0.0022399999999999998,0.075392000000000001,0.0024319999999999997,0.0018879999999999999,0.82406435816719137,1.8847999999999998,40,0.0013055099091543534,0.12310509383678436,0.00079707920223052119,0.0012158702593296766,0.61055009743038324,0.00017530273180454969,0.018724461637363552,0.81166547536849976,0,0,0,0,5.1464571952819824,190.50921517614645,0.0058138798576704851,0.015626646642536556,0.20948856926716106,0.015624035162778528,0
256,4.2666666666666666,0,0.091583999999999999,0.12134399999999999,0.00070399999999999998,0.0047039999999999998,0.0015039999999999999,0.002496,0.0023679999999999999,0.075359999999999996,0.0024319999999999997,0.002016,0.82285115303983225,1.8839999999999999,40,0.0012803067486153335,0.12348002940416336,0.00077903010777256474,0.0011997969122603536,0.60847145312253859,0.0001744162873364985,0.018677060118578538,0.81132239103317261,0,0,0,0,5.1329841613769531,188.89707904673526,0.0057646813673930437,0.015626589121513712,0.21048687688488105,0.015623957921129941,0
257,4.2833333333333332,0,0.093376000000000001,0.121376,0.0025599999999999998,0.0050239999999999998,0.0014399999999999999,0.0024319999999999997,0.0022079999999999999,0.075263999999999998,0.002464,0.0019840000000000001,0.80603152844413983,1.8815999999999999,40,0.0012215216228345796,0.12386125326156616,0.00076122359206722305,0.0011828979477286339,0.62317651839905996,0.00017351920541841537,0.01862896698254712,0.81105715036392212,0,0,0,0,5.1219205856323242,187.28860522739626,0.0057155946419493488,0.0156265393541654,0.21152940908303258,0.015623889910471127,0
258,4.2999999999999998,0,0.091423999999999991,0.121472,0.00070399999999999998,0.0049919999999999999,0.001472,0.0024319999999999997,0.0021119999999999997,0.075455999999999995,0.002336,0.0019199999999999998,0.8253412670633532,1.8863999999999996,40,0.0011734991042572402,0.12485463917255402,0.00074364283620291895,0.0011652454268187284,0.63369697812731063,0.00017261008906643838,0.018580101671758331,0.81083440780639648,0,0,0,0,5.1112875938415527,185.6846502671583,0.0056666458211413057,0.015626397269396106,0.21261476184578074,0.015623865356491283,0
259,4.3166666666666664,0,0.091488,0.12134399999999999,0.000736,0.0048639999999999994,0.001472,0.0024319999999999997,0.002336,0.075263999999999998,0.002464,0.0019199999999999998,0.8226652675760755,1.8815999999999999,40,0.0011618326458800164,0.12519131600856781,0.00072622095685086359,0.0011469110613688827,0.6250650293104788,0.00017169337661471218,0.01853069759154858,0.81058788299560547,0,0,0,0,5.0974917411804199,184.09463111031596,0.0056181222873021228,0.015626319664104042,0.21371809250742149,0.015623804897318586,0
260,4.333333333333333,0,0.092864000000000002,0.12153599999999999,0.0020799999999999998,0.0045439999999999994,0.001472,0.0024319999999999997,0.002624,0.075359999999999996,0.0024319999999999997,0.0019199999999999998,0.81150930392832521,1.8839999999999999,40,0.0011492023326845166,0.12613359093666077,0.00070897976886626795,0.0011279650498181581,0.61693206557465263,0.00017078068049158901,0.018481378763046279,0.81035226583480835,0,0,0,0,5.0888099670410156,182.49826510913678,0.0055694050631450434,0.015625969103809645,0.21485223491906946,0.015622528984394812,0
261,4.3499999999999996,0,0.093215999999999993,0.121504,0.0023999999999999998,0.0045760000000000002,0.001472,0.0024319999999999997,0.0025599999999999998,0.075392000000000001,0.002464,0.0019199999999999998,0.8087881908685205,1.8847999999999998,40,0.0011296829312150037,0.12665349245071411,0.00069191569172155913,0.0011084724683314562,0.61248663018868987,0.00016985851107165217,0.018431414002818784,0.81012547016143799,0,0,0,0,5.0770463943481445,180.90262413721592,0.0055207099651249977,0.015625909309740935,0.21599507469561605,0.015622504127405215,0
262,4.3666666666666663,0,0.093439999999999995,0.121184,0.0025919999999999997,0.0050239999999999998,0.0014399999999999999,0.0024319999999999997,0.0021440000000000001,0.075296000000000002,0.002464,0.0020479999999999999,0.80582191780821921,1.8824000000000001,40,0.0011136297798433549,0.12712585926055908,0.00067501992578796973,0.0010885082883760333,0.60614392503307446,0.00016892900748644024,0.018380914421564573,0.80992579460144043,0,0,0,0,5.0660724639892578,179.30086366739138,0.0054718281148495905,0.01562609324719947,0.21715648142818297,0.015622167078609087,0
263,4.3833333333333329,0,0.091647999999999993,0.12153599999999999,0.00070399999999999998,0.004352,0.0014399999999999999,0.0024319999999999997,0.0028799999999999997,0.075359999999999996,0.002496,0.0019840000000000001,0.82227653631284914,1.8839999999999999,40,0.0011048028832680685,0.126326784491539,0.00065830724389609788,0.0010691379429772496,0.59585945499054849,0.00016799384320620447,0.01832996689610783,0.80974423885345459,0,0,0,0,5.0562038421630859,177.70191686954294,0.0054230321310285321,0.015626663115174504,0.21833889120792876,0.01562216552234112,0
264,4.4000000000000004,0,0.093311999999999992,0.12134399999999999,0.0025279999999999999,0.0050879999999999996,0.0014399999999999999,0.0024319999999999997,0.0020799999999999998,0.075296000000000002,0.002496,0.001952,0.8069272976680385,1.8824000000000001,40,0.0010914991597129572,0.12654785811901093,0.0006417475740590424,0.0010504928650334477,0.58795058919496501,0.00016705172311048955,0.018278496826078974,0.80958294868469238,0,0,0,0,5.04339599609375,176.10158551891283,0.0053741938940097909,0.015626557873746734,0.21954499678341208,0.015622203722998801,0
265,4.416666666666667,0,0.093247999999999998,0.12163199999999999,0.002464,0.0047039999999999998,0.001472,0.002464,0.002464,0.075296000000000002,0.002464,0.0019199999999999998,0.80748112560054908,1.8824000000000001,40,0.0010781380413829819,0.1266244649887085,0.00062532973337990248,0.001032006461173296,0.58000896858973694,0.00016609884914942086,0.018226291402774226,0.80945330858230591,0,0,0,0,5.0349459648132324,174.50918789616978,0.0053255977751516656,0.015626529004407717,0.22076648591177891,0.015622134035350671,0
266,4.4333333333333336,0,0.091712000000000002,0.12124799999999999,0.00079999999999999993,0.0043839999999999999,0.0014399999999999999,0.0024319999999999997,0.0028159999999999999,0.075423999999999991,0.0024319999999999997,0.0019840000000000001,0.82240055826936487,1.8855999999999997,40,0.0010663265552913863,0.12647147476673126,0.00060907034772577967,0.0010131967719644308,0.57118557603523623,0.0001651335769565776,0.018173253806436404,0.8093334436416626,0,0,0,0,5.0238223075866699,172.91542482704907,0.0052769599861770345,0.015626556739884053,0.22201506485395586,0.015622201308062035,0
267,4.4500000000000002,0,0.091392000000000001,0.121472,0.00067199999999999996,0.0045760000000000002,0.001472,0.002464,0.0025599999999999998,0.075296000000000002,0.0024319999999999997,0.0019199999999999998,0.82387955182072825,1.8824000000000001,40,0.0010560142113828085,0.12648048996925354,0.00059299723784757307,0.00099411536939442158,0.56154285752562638,0.00016415285062976182,0.018119208074844871,0.809234619140625,0,0,0,0,5.013603687286377,171.32344586942907,0.00522837664396451,0.015626495428809003,0.22327484864279271,0.015622102223236302,0
268,4.4666666666666668,0,0.091423999999999991,0.12140799999999999,0.00070399999999999998,0.0048639999999999994,0.001472,0.0024319999999999997,0.0023040000000000001,0.075167999999999999,0.0025599999999999998,0.0019199999999999998,0.82219110955547781,1.8791999999999998,40,0.0010386314571356277,0.1254723072052002,0.00057712091960584306,0.00097479851683601737,0.55565515144076827,0.00016316151595674455,0.0180644134118296,0.80915439128875732,0,0,0,0,5.0038838386535645,169.73447584505192,0.0051798851271072973,0.01562648243681598,0.22455303040031555,0.015622117170180921,0
269,4.4833333333333334,0,0.091488,0.121696,0.000736,0.004352,0.0014399999999999999,0.0024319999999999997,0.0028799999999999997,0.075263999999999998,0.0024319999999999997,0.001952,0.8226652675760755,1.8815999999999999,40,0.00102662408953479,0.12518671154975891,0.00056140645119832065,0.00095529190730303526,0.54684714387787203,0.00016214871720876545,0.018008260171863657,0.8090745210647583,0,0,0,0,4.9923801422119141,168.15013242903876,0.0051315348031322865,0.01562642826726144,0.22584090674368398,0.015622228359753616,0
270,4.5,0,0.091647999999999993,0.12124799999999999,0.00070399999999999998,0.00496,0.0015039999999999999,0.0023999999999999998,0.002176,0.075392000000000001,0.002496,0.002016,0.82262569832402244,1.8847999999999998,40,0.0010137705451954968,0.12510570883750916,0.00054584891017112047,0.00093562825350090861,0.5384343752716334,0.00016112026060000062,0.017951059055108732,0.80900859832763672,0,0,0,0,4.983729362487793,166.56564777214663,0.0050831801688277171,0.015626367412358979,0.22714747836117838,0.015622372056524154,0
271,4.5166666666666666,0,0.09151999999999999,0.12143999999999999,0.00076800000000000002,0.0043200000000000001,0.0014399999999999999,0.0024319999999999997,0.0029119999999999997,0.075263999999999998,0.0024319999999999997,0.001952,0.82237762237762246,1.8815999999999999,40,0.0010030445587431824,0.12503924965858459,0.00053047879357745464,0.00091584539040923119,0.52886862199037898,0.00016007207159418613,0.017892572290991931,0.80895757675170898,0,0,0,0,4.9726991653442383,164.98246106292549,0.0050348651447425993,0.015626435386277886,0.22846504039888507,0.015622363738851754,0
272,4.5333333333333332,0,0.091488,0.121472,0.00076800000000000002,0.0044159999999999998,0.0014399999999999999,0.0024319999999999997,0.0027519999999999997,0.075296000000000002,0.002464,0.0019199999999999998,0.82301504022385452,1.8824000000000001,40,0.00099201383922420351,0.12483406066894531,0.00051530928744399909,0.0008959784172475338,0.51945776063667881,0.00015900196740403771,0.017832664826325745,0.80890083312988281,0,0,0,0,4.9635443687438965,163.40013583971569,0.004986576411124136,0.015626454644981368,0.22978676364069522,0.015622324579136985,0
273,4.5499999999999998,0,0.091455999999999996,0.12124799999999999,0.00067199999999999996,0.0046080000000000001,0.001472,0.002496,0.002464,0.075359999999999996,0.0024319999999999997,0.001952,0.82400279916025188,1.8839999999999999,40,0.00097952723070125389,0.1248115599155426,0.00050030640519916204,0.00087605381850153208,0.51076314115431731,0.00015791383339092135,0.01777154092311195,0.80884790420532227,0,0,0,0,4.9535961151123047,161.8151895638542,0.0049382076893266054,0.015626413938520291,0.2311258554724159,0.015622322954408392,0
274,4.5666666666666664,0,0.091583999999999999,0.12124799999999999,0.000736,0.0048960000000000002,0.001472,0.0024319999999999997,0.0022719999999999997,0.075296000000000002,0.002464,0.002016,0.82215234102026558,1.8824000000000001,40,0.00096851472664093272,0.12378349155187607,0.00048549693708569818,0.00085610314272344112,0.50127987084876968,0.00015680491924285889,0.017709032680689192,0.8087998628616333,0,0,0,0,4.9434094429016113,160.23166344797576,0.0048898823073723072,0.015626408320294445,0.23247113359679286,0.015622322363360888,0
275,4.583333333333333,0,0.093247999999999998,0.121696,0.0023679999999999999,0.0049919999999999999,0.0014399999999999999,0.0024319999999999997,0.0022399999999999998,0.075423999999999991,0.0023999999999999998,0.001952,0.80885380919698002,1.8855999999999997,40,0.00095481774209688552,0.12365621328353882,0.00047088026999069177,0.00083614717004820704,0.49316246360963772,0.00015567749505862594,0.017645254039464885,0.80875170230865479,0,0,0,0,4.9343328475952148,158.64804766647225,0.0048415541890402909,0.015626315898062414,0.23381622696684118,0.01562231492547524,0
276,4.5999999999999996,0,0.091488,0.12121599999999999,0.00063999999999999994,0.0045439999999999994,0.001536,0.0024319999999999997,0.0025599999999999998,0.075359999999999996,0.0024319999999999997,0.0019840000000000001,0.82371458551941235,1.8839999999999999,40,0.0009479919661302456,0.12349953502416611,0.00045645347491967645,0.00081620988203212619,0.48149508775158106,0.00015452202933374792,0.01757964899158956,0.80870288610458374,0,0,0,0,4.923487663269043,157.06756059751922,0.0047933215514379644,0.015626314465061495,0.23515508260133602,0.015622309738927431,0
277,4.6166666666666663,0,0.091423999999999991,0.121504,0.00070399999999999998,0.0047039999999999998,0.0015039999999999999,0.002496,0.0023679999999999999,0.075231999999999993,0.002464,0.001952,0.82289114455722789,1.8808,40,0.0009358053753261243,0.12338349223136902,0.00044219936777003789,0.00079631025437265635,0.47253347696996639,0.00015334378986153752,0.017512497815076952,0.80865073204040527,0,0,0,0,4.9150872230529785,155.48269192958614,0.004744955198046452,0.015626839225679874,0.23649147629300646,0.015622306452658861,0
278,4.6333333333333329,0,0.091455999999999996,0.12134399999999999,0.00063999999999999994,0.0045760000000000002,0.001472,0.0024319999999999997,0.0025919999999999997,0.075296000000000002,0.0024319999999999997,0.002016,0.82330300909727083,1.8824000000000001,40,0.00092686313518470348,0.12328852713108063,0.00042815645626490022,0.00077646877616643906,0.46194140214625973,0.00015213993901852518,0.017443619980871239,0.80859392881393433,0,0,0,0,4.9045991897583008,153.89361674112388,0.0046964604718360559,0.015626827527588788,0.23782688272276251,0.015622303469915519,0
279,4.6500000000000004,0,0.091423999999999991,0.121376,0.00070399999999999998,0.0045760000000000002,0.0015039999999999999,0.002464,0.002496,0.075296000000000002,0.0024319999999999997,0.001952,0.82359117955897809,1.8824000000000001,40,0.000915200639587122,0.1231573224067688,0.00041431145279732329,0.00075669912621378899,0.45270013467673409,0.00015091670502442867,0.017373353448567646,0.80853474140167236,0,0,0,0,4.8959150314331055,152.30437602034718,0.0046479606939803216,0.01562681580633668,0.23915497811754052,0.015622300240253035,0
280,4.666666666666667,0,0.091615999999999989,0.121472,0.00076800000000000002,0.004352,0.001408,0.0024319999999999997,0.0028479999999999998,0.075392000000000001,0.002496,0.0019199999999999998,0.82291302829200152,1.8847999999999998,40,0.0009015529268034026,0.12204639613628387,0.00040064390724802335,0.00073701865039765835,0.44439310808802895,0.00014966259186621755,0.01730101684099623,0.80846238136291504,0,0,0,0,4.8861479759216309,150.71810414149149,0.0045995515179898527,0.015626803702603258,0.24046915281397702,0.015622296497425171,0
281,4.6833333333333336,0,0.091583999999999999,0.121568,0.00070399999999999998,0.0043839999999999999,0.001408,0.0024319999999999997,0.0028479999999999998,0.075359999999999996,0.002464,0.0019840000000000001,0.82285115303983225,1.8839999999999999,40,0.00089252293626865037,0.12151310592889786,0.00038717628375206913,0.00071744126034900546,0.43379981400895745,0.0001483829109929502,0.017226892406522438,0.8083764910697937,0,0,0,0,4.8768625259399414,149.12758287191278,0.0045510126608860101,0.015626789099153431,0.24178567342135246,0.015622324686046097,0
282,4.7000000000000002,0,0.091392000000000001,0.12140799999999999,0.00070399999999999998,0.0045760000000000002,0.001472,0.0024319999999999997,0.0025599999999999998,0.075296000000000002,0.0024319999999999997,0.0019199999999999998,0.82387955182072825,1.8824000000000001,40,0.00088167993228285152,0.12132083624601364,0.00037389487694573711,0.00069797935429960489,0.42407098455518433,0.00014707383525092155,0.017150733818173586,0.80827885866165161,0,0,0,0,4.8676714897155762,147.53893818096992,0.004502531072417295,0.015626845029968351,0.24307823205024273,0.015622391015357152,0
283,4.7166666666666668,0,0.091455999999999996,0.12140799999999999,0.00076800000000000002,0.0043200000000000001,0.001408,0.0023999999999999998,0.002944,0.075263999999999998,0.002496,0.001856,0.82295311406578031,1.8815999999999999,40,0.00087398511564957225,0.12114643305540085,0.00036083874144298258,0.0006786422454752028,0.4128660030723707,0.00014573657244909555,0.017072584599239538,0.80816102027893066,0,0,0,0,4.8579592704772949,145.94715405596332,0.0044539536760242714,0.015626777988603281,0.24436292442367857,0.015622412499378074,0
284,4.7333333333333334,0,0.091359999999999997,0.121504,0.00070399999999999998,0.0044799999999999996,0.0015039999999999999,0.0024319999999999997,0.0025919999999999997,0.075327999999999992,0.002464,0.001856,0.82451838879159367,1.8831999999999998,40,0.00086533470673615521,0.12096811085939407,0.00034797822578018197,0.00065944122616201639,0.40213136381952863,0.00014437205391004682,0.016992472092667788,0.8080146312713623,0,0,0,0,4.8492588996887207,144.35666864700627,0.004405415913299752,0.015626725982082527,0.24562762038460653,0.015622425652008094,0
285,4.75,0,0.091551999999999994,0.12131199999999999,0.000736,0.0044159999999999998,0.001472,0.0024319999999999997,0.0027199999999999998,0.075423999999999991,0.0024319999999999997,0.0019199999999999998,0.82383781894442498,1.8855999999999997,40,0.00085814958031597442,0.12071491032838821,0.00033536206839371129,0.00064038409618660808,0.39079675162251959,0.00014298458700068295,0.016910623110972755,0.80783438682556152,0,0,0,0,4.8392143249511719,142.76513153820426,0.0043568460552430499,0.015626659327597818,0.24687575773128703,0.015622481828118939,0
286,4.7666666666666666,0,0.093119999999999994,0.12153599999999999,0.0023999999999999998,0.0045119999999999995,0.001472,0.0024319999999999997,0.002624,0.075296000000000002,0.0023999999999999998,0.0019840000000000001,0.80859106529209623,1.8824000000000001,40,0.0008542020312544517,0.12054680287837982,0.0003229733213993699,0.00062147900462150574,0.37809945373820103,0.00014156488759908825,0.016826460566565286,0.80762100219726562,0,0,0,0,4.8309154510498047,141.17444880141377,0.0043083022705509575,0.015626643046627021,0.24810761232878581,0.01562251257108448,0
287,4.7833333333333332,0,0.091615999999999989,0.121472,0.00076800000000000002,0.0043200000000000001,0.0014399999999999999,0.0024319999999999997,0.0028799999999999997,0.075327999999999992,0.002464,0.0019840000000000001,0.82221446035626966,1.8831999999999998,40,0.00083989502012523645,0.11917386949062347,0.00031082993031831445,0.00060272769769653678,0.37008188270001496,0.00014011342136655003,0.016739977381499058,0.80736517906188965,0,0,0,0,4.8207883834838867,139.58108544421691,0.0042596766798161899,0.015626647059351323,0.24932155298325068,0.015622531101314771,0
288,4.7999999999999998,0,0.091455999999999996,0.12131199999999999,0.00070399999999999998,0.0044479999999999997,0.0014399999999999999,0.0024319999999999997,0.0027199999999999998,0.075327999999999992,0.0024319999999999997,0.001952,0.82365290412876135,1.8831999999999998,40,0.00083372921518801168,0.1186167299747467,0.00029890984733221956,0.00058722496032714844,0.35852149821187845,0.00013863162894267589,0.016651223915537014,0.80705034732818604,0,0,0,0,4.8126735687255859,137.98526905783939,0.0042109762285717587,0.015626582567593875,0.25051803689933699,0.015622545691190927,0
289,4.8166666666666664,0,0.091488,0.12134399999999999,0.00070399999999999998,0.0044479999999999997,0.0014399999999999999,0.002464,0.0027519999999999997,0.075327999999999992,0.0024319999999999997,0.0019199999999999998,0.82336481287163332,1.8831999999999998,40,0.00082264267289314458,0.11794394999742508,0.00028721090445298374,0.00060641765594482422,0.34913202769179758,0.00013712237705476582,0.016560336775244992,0.80667018890380859,0,0,0,0,4.8029599189758301,136.39576059589297,0.0041624682799039601,0.015626573702600084,0.25168128566848413,0.015622544466552512,0
290,4.833333333333333,0,0.091455999999999996,0.12134399999999999,0.00063999999999999994,0.0044799999999999996,0.0014399999999999999,0.0024319999999999997,0.0026879999999999999,0.075359999999999996,0.0024319999999999997,0.0019840000000000001,0.82400279916025188,1.8839999999999999,40,0.00081569588569543872,0.1173587292432785,0.00027580026891710032,0.00062823295593261719,0.33811653798150643,0.00013558285718318075,0.016467110079378271,0.80621093511581421,0,0,0,0,4.7945632934570312,134.80483188833279,0.004113916988779687,0.015626565261331399,0.25281893448824833,0.015622541893692178,0
291,4.8499999999999996,0,0.091455999999999996,0.12143999999999999,0.000736,0.0044159999999999998,0.0014399999999999999,0.002464,0.0027519999999999997,0.075296000000000002,0.002464,0.0018879999999999999,0.82330300909727083,1.8824000000000001,40,0.0008158612014080341,0.11812510341405869,0.00026471909128240358,0.00065565109252929688,0.32446584152493663,0.00013401171599980444,0.016371421196695445,0.80568230152130127,0,0,0,0,4.785184383392334,133.21254130514473,0.0040653241365095436,0.01562655764740923,0.25393424968754941,0.015622539076108494,0
292,4.8666666666666663,0,0.091583999999999999,0.12143999999999999,0.00076800000000000002,0.0043200000000000001,0.0014399999999999999,0.0024319999999999997,0.0028479999999999998,0.075359999999999996,0.0024319999999999997,0.0019840000000000001,0.82285115303983225,1.8839999999999999,40,0.0008081393546193992,0.11699305474758148,0.00025390434127407405,0.00067138671875,0.31418385928458176,0.00013241230044513941,0.01627343236352672,0.80503678321838379,0,0,0,0,4.7765588760375977,131.62607135659664,0.0040169089159117627,0.015626545929156604,0.25501412225679898,0.015622532850389243,0
293,4.8833333333333329,0,0.091488,0.12131199999999999,0.000736,0.0047999999999999996,0.001472,0.0024319999999999997,0.0023999999999999998,0.075263999999999998,0.002464,0.0019199999999999998,0.8226652675760755,1.8815999999999999,40,0.00079890334031647357,0.11581607162952423,0.00024338743475162632,0.00068944692611694336,0.30465191778421158,0.00013079313794150949,0.01617362902638177,0.80426692962646484,0,0,0,0,4.7674880027770996,130.03774577474928,0.0039684370658797999,0.015626468777214814,0.25606919325063754,0.015622524820396734,0
294,4.9000000000000004,0,0.091551999999999994,0.12140799999999999,0.00067199999999999996,0.0051839999999999994,0.001472,0.0024319999999999997,0.001952,0.075392000000000001,0.002496,0.001952,0.82348829080741004,1.8847999999999998,40,0.00078677856560430387,0.11373430490493774,0.00023322490927517124,0.00070500373840332031,0.29643017676267952,0.00012914428953081369,0.016071358967480857,0.80335044860839844,0,0,0,0,4.7566461563110352,128.45303071544006,0.0039200754002514668,0.015626459221372797,0.25709424338294873,0.015622516598686402,0
295,4.916666666666667,0,0.091551999999999994,0.12140799999999999,0.00076800000000000002,0.0048639999999999994,0.0014399999999999999,0.0023999999999999998,0.0023999999999999998,0.075327999999999992,0.002464,0.0018879999999999999,0.82278923453337993,1.8831999999999998,40,0.00078129699254172709,0.11262073367834091,0.00022352843257467464,0.00072550773620605469,0.28609918469990342,0.00012746849097311497,0.015966746128946559,0.80227667093276978,0,0,0,0,4.7438945770263672,126.87214993987497,0.0038718307476768485,0.015626450503263143,0.25808483443668723,0.015622508228681027,0
296,4.9333333333333336,0,0.091423999999999991,0.121152,0.00057600000000000001,0.0048960000000000002,0.001472,0.0023999999999999998,0.0022719999999999997,0.075392000000000001,0.002464,0.001952,0.82464123206160311,1.8847999999999998,40,0.00077345140441287231,0.11139151453971863,0.00021424880237036072,0.00074243545532226562,0.27700357274934057,0.0001257680996786803,0.015859892791483827,0.80102497339248657,0,0,0,0,4.729011058807373,125.29694123328183,0.003823759192910212,0.015626447287702606,0.25904444293383133,0.015622505292728706,0
297,4.9500000000000002,0,0.093472,0.12134399999999999,0.002624,0.0044479999999999997,0.001472,0.0024319999999999997,0.0026879999999999999,0.075392000000000001,0.0024319999999999997,0.0019840000000000001,0.80657309140705236,1.8847999999999998,40,0.00076313332985124206,0.10992859303951263,0.00020543623458341064,0.00076013803482055664,0.2692009725527994,0.00012404617154970765,0.015750947371488969,0.79958271980285645,0,0,0,0,4.7118377685546875,123.72328145849822,0.0037757349077910834,0.015626445194573603,0.25997058212839952,0.015622501744445591,0
298,4.9666666666666668,0,0.091488,0.121472,0.000736,0.004352,0.001472,0.0024319999999999997,0.0028159999999999999,0.075231999999999993,0.0025279999999999999,0.0019199999999999998,0.82231549492829659,1.8808,40,0.00075536409218493982,0.10958649218082428,0.00019717144418236445,0.00077283382415771484,0.26102835205209873,0.00012230956053826958,0.015640304379280448,0.79797637462615967,0,0,0,0,4.6923408508300781,122.15659436037396,0.0037279234118766467,0.015626409880998296,0.26086542268851298,0.015622500582430266,0
299,4.9833333333333334,0,0.09151999999999999,0.12128,0.000736,0.0042560000000000002,0.0014399999999999999,0.0024319999999999997,0.0029759999999999999,0.075200000000000003,0.0025279999999999999,0.001952,0.82167832167832178,1.8800000000000001,40,0.00074069726784119065,0.10699048638343811,0.00018950776348190031,0.00078761577606201172,0.25585049616050665,0.00012055486149620265,0.015527708233747996,0.79614877700805664,0,0,0,0,4.6703672409057617,120.5985381281601,0.0036803753090869171,0.015626404307144313,0.26172318577768899,0.01562249277941819,0
300,5,0,0.091455999999999996,0.12143999999999999,0.00070399999999999998,0.0044479999999999997,0.001472,0.0023999999999999998,0.0027519999999999997,0.075263999999999998,0.002464,0.001952,0.82295311406578031,1.8815999999999999,40,0.00073142693476550618,0.10538627207279205,0.00018258596571176286,0.00080436468124389648,0.24962980857452222,0.00011878104123752564,0.01541304909727635,0.79408854246139526,0,0,0,0,4.6459589004516602,119.04966902741187,0.0036331075752994344,0.015626379429621744,0.26254452305116316,0.015622511518196571,0
301,5.0166666666666666,0,0.091583999999999999,0.12166399999999999,0.00070399999999999998,0.0043839999999999999,0.0014399999999999999,0.0023999999999999998,0.0028799999999999997,0.075359999999999996,0.002464,0.001952,0.82285115303983225,1.8839999999999999,40,0.00073143054854061032,0.10581044852733612,0.00017637821118145623,0.00082176923751831055,0.24114143377436936,0.00011699604510795325,0.015296799999212466,0.79182338714599609,0,0,0,0,4.6190047264099121,117.50794308153044,0.0035860578332986585,0.015626384923619851,0.26333796150750693,0.015622511644921285,0
302,5.0333333333333332,0,0.093280000000000002,0.12128,0.002464,0.0045439999999999994,0.0014399999999999999,0.0024319999999999997,0.0026559999999999999,0.075392000000000001,0.0023999999999999998,0.001952,0.80823327615780449,1.8847999999999998,40,0.00071716538451719204,0.10312601923942566,0.00017100235501746881,0.00083756446838378906,0.23844200892739756,0.00011519734835019335,0.015178758075033237,0.78932511806488037,0,0,0,0,4.5894293785095215,115.97782823132935,0.0035393624338174241,0.015626406252073798,0.26409448441837197,0.015622522912300469,0
303,5.0499999999999998,0,0.091359999999999997,0.12134399999999999,0.00057600000000000001,0.0044159999999999998,0.0014399999999999999,0.0024319999999999997,0.0028159999999999999,0.075296000000000002,0.0024319999999999997,0.001952,0.82416812609457102,1.8824000000000001,40,0.00069841535418683381,0.10025319457054138,0.00016640035365751471,0.00085127353668212891,0.23825414584599866,0.00011339561024215072,0.015059588987894107,0.78656995296478271,0,0,0,0,4.5575060844421387,114.46241890526174,0.0034931158113178022,0.015626429744282348,0.26481599594133903,0.015622528361845184,0
304,5.0666666666666664,0,0.091488,0.12124799999999999,0.00070399999999999998,0.0044799999999999996,0.001472,0.0024319999999999997,0.0026559999999999999,0.075392000000000001,0.0024319999999999997,0.0019199999999999998,0.82406435816719137,1.8847999999999998,40,0.00070176859410705009,0.10107189416885376,0.00016270814749553566,0.00086730718612670898,0.23185441591693062,0.00011158329289173707,0.014938761186372655,0.78359663486480713,0,0,0,0,4.5230798721313477,112.96019783328381,0.0034472716623926945,0.015626395551158953,0.26550486626403302,0.01562250440913617,0
305,5.083333333333333,0,0.091615999999999989,0.12131199999999999,0.000736,0.0048960000000000002,0.0014399999999999999,0.0024319999999999997,0.0023679999999999999,0.075327999999999992,0.002464,0.001952,0.82221446035626966,1.8831999999999998,40,0.00069029343188728171,0.098119556903839111,0.00015991154180042218,0.00088328123092651367,0.23165734224533979,0.00010977391502819955,0.014817146488322207,0.78038513660430908,0,0,0,0,4.4864811897277832,111.46947522236751,0.0034017784186513521,0.01562640917743573,0.26617649585781261,0.015622507120645016,0
306,5.0999999999999996,0,0.093407999999999991,0.12163199999999999,0.0025599999999999998,0.0045439999999999994,0.001472,0.0023999999999999998,0.002624,0.075392000000000001,0.002464,0.001952,0.80712572798903748,1.8847999999999998,40,0.00068656172506141914,0.09780023992061615,0.0001581304092639172,0.00089615583419799805,0.23032220336747,0.00010796356218634173,0.014694458968355502,0.77695387601852417,0,0,0,0,4.4475593566894531,109.99718421398438,0.0033568476627802851,0.015626422434977492,0.26680321928317463,0.015622508968054984,0
307,5.1166666666666663,0,0.091392000000000001,0.121376,0.00070399999999999998,0.0045119999999999995,0.0014399999999999999,0.002464,0.0026879999999999999,0.075200000000000003,0.002496,0.0018879999999999999,0.82282913165266114,1.8800000000000001,40,0.00067054694491510141,0.094523608684539795,0.00015725849941129971,0.00091063976287841797,0.23452272895108092,0.00010614973871270195,0.014570500246230529,0.77329659461975098,0,0,0,0,4.4067182540893555,108.53768506512608,0.003312307283481631,0.015626416236939014,0.26741204309035427,0.015622513872268611,0
308,5.1333333333333329,0,0.091583999999999999,0.12128,0.000736,0.0049280000000000001,0.0014399999999999999,0.0023999999999999998,0.002336,0.075296000000000002,0.002496,0.001952,0.82215234102026558,1.8824000000000001,40,0.00067276062243998909,0.095372885465621948,0.00015729917588915701,0.00092679262161254883,0.23381150834699493,0.00010434564319439232,0.014446151265606513,0.76942861080169678,0,0,0,0,4.3637752532958984,107.09766997647317,0.0032683615105124869,0.015626399742110008,0.26798812884965728,0.01562254602037264,0
309,5.1500000000000004,0,0.091392000000000001,0.12153599999999999,0.00070399999999999998,0.0044479999999999997,0.0015039999999999999,0.0024319999999999997,0.0026559999999999999,0.075200000000000003,0.0025279999999999999,0.0019199999999999998,0.82282913165266114,1.8800000000000001,40,0.00065589579437418924,0.092321038246154785,0.0001580733721503515,0.00093781948089599609,0.24100378978824566,0.00010254747030558065,0.014321136149452714,0.76531857252120972,0,0,0,0,4.3193464279174805,105.67464501867639,0.0032249342351890987,0.015626420123551973,0.26854041010020235,0.015622560179228003,0
310,5.166666666666667,0,0.091551999999999994,0.121568,0.000736,0.0043200000000000001,0.001472,0.0024319999999999997,0.0028159999999999999,0.075392000000000001,0.002496,0.0018879999999999999,0.82348829080741004,1.8847999999999998,40,0.00065536275939317469,0.091952964663505554,0.00015950335470356063,0.00094681978225708008,0.24338177965933072,0.000100763987575192,0.014196054915024245,0.76104182004928589,0,0,0,0,4.2730188369750977,104.26901343988938,0.0031820377636684991,0.015626432380546205,0.26906707372948613,0.015622565709744953,0
311,5.1833333333333336,0,0.091455999999999996,0.12134399999999999,0.00070399999999999998,0.0045439999999999994,0.0015039999999999999,0.002464,0.0025599999999999998,0.075263999999999998,0.0024319999999999997,0.0019840000000000001,0.82295311406578031,1.8815999999999999,40,0.00065333881991718444,0.091328322887420654,0.00016177452221214302,0.00095689296722412109,0.24761198520646477,9.8986987723037601e-05,0.014070322506825321,0.75660538673400879,0,0,0,0,4.2255120277404785,102.88157392289096,0.0031396964698147877,0.015626438672931758,0.2695717002533361,0.015622561079926671,0
312,5.2000000000000002,0,0.093343999999999996,0.121504,0.002624,0.00464,0.0014399999999999999,0.0024319999999999997,0.0025599999999999998,0.075263999999999998,0.002464,0.0019199999999999998,0.80630785053136789,1.8815999999999999,40,0.00063765912568054394,0.088193595409393311,0.00016470538667356951,0.000965118408203125,0.2582969176482609,9.7222189651802182e-05,0.013944331439821859,0.75195121765136719,0,0,0,0,4.1769814491271973,101.51186899258805,0.0030978963925960708,0.015626445354224878,0.27005422895525449,0.015622556382571578,0
313,5.2166666666666668,0,0.091488,0.12134399999999999,0.00070399999999999998,0.0048639999999999994,0.001472,0.0023999999999999998,0.0023679999999999999,0.075263999999999998,0.002464,0.001952,0.8226652675760755,1.8815999999999999,40,0.00063351271064581436,0.087618231773376465,0.00016819245274191181,0.00097650289535522461,0.26549183609978932,9.5475232228636742e-05,0.013818482711834664,0.74716603755950928,0,0,0,0,4.1269516944885254,100.1621557242559,0.0030567064124833953,0.01562645666198062,0.2705147311108087,0.015622552358859907,0
314,5.2333333333333334,0,0.091615999999999989,0.12166399999999999,0.000736,0.0044159999999999998,0.001472,0.0024319999999999997,0.0027199999999999998,0.075392000000000001,0.002496,0.001952,0.82291302829200152,1.8847999999999998,40,0.00064548848339535895,0.088948816061019897,0.00017254339659490865,0.00098747014999389648,0.26730670032609483,9.3746137281414121e-05,0.013692781841642999,0.74224573373794556,0,0,0,0,4.0762004852294922,98.833127653468097,0.0030161476945028106,0.01562647002165907,0.27095697814712599,0.015622545712823158,0
315,5.25,0,0.091359999999999997,0.12153599999999999,0.00067199999999999996,0.00464,0.0015039999999999999,0.0024319999999999997,0.002496,0.075263999999999998,0.002464,0.0018879999999999999,0.82381786339754814,1.8815999999999999,40,0.00065075985391598273,0.086531102657318115,0.00017748309643434319,0.00099670886993408203,0.27273209213249561,9.203589434036985e-05,0.013567305874076094,0.73717135190963745,0,0,0,0,4.0248847007751465,97.52439022928975,0.0029762081979153366,0.015626482885118448,0.27137644358077045,0.015622540479729058,0
316,5.2666666666666666,0,0.09151999999999999,0.12166399999999999,0.00070399999999999998,0.0045439999999999994,0.001472,0.002464,0.0025599999999999998,0.075455999999999995,0.0023999999999999998,0.0019199999999999998,0.82447552447552452,1.8863999999999996,40,0.00065831956993709468,0.085816413164138794,0.00018280366553809961,0.0010035037994384766,0.27768225932515922,9.0344496129546314e-05,0.013442060565965794,0.73198342323303223,0,0,0,0,3.9725093841552734,96.237372053334127,0.0029369315201823159,0.015626526514484301,0.27177509283537177,0.015622566075335732,0
317,5.2833333333333332,0,0.092831999999999998,0.12134399999999999,0.0020799999999999998,0.0045119999999999995,0.001472,0.002464,0.0026559999999999999,0.075263999999999998,0.002464,0.0019199999999999998,0.81075491209927608,1.8815999999999999,40,0.00065680774620809502,0.085841655731201172,0.00018834611277541606,0.0010132193565368652,0.28675988348612252,8.8672793935984373e-05,0.013317116349719587,0.72667419910430908,0,0,0,0,3.9199438095092773,94.972344195264682,0.0028983259336933802,0.01562649380928665,0.27215448468446135,0.015622583742757044,0
318,5.2999999999999998,0,0.091392000000000001,0.12134399999999999,0.00067199999999999996,0.0050239999999999998,0.001472,0.0024319999999999997,0.0021119999999999997,0.075359999999999996,0.0023999999999999998,0.0019199999999999998,0.82457983193277307,1.8839999999999999,40,0.0006401857398363707,0.081955015659332275,0.00019399078631747097,0.0010240077972412109,0.30302266084067159,8.7025538960006088e-05,0.013192841919768923,0.72124612331390381,0,0,0,0,3.8672840595245361,93.730222505026319,0.0028604193879707739,0.015626453232155928,0.27251841635703156,0.015622586947228947,0
319,5.3166666666666664,0,0.091455999999999996,0.121504,0.00070399999999999998,0.004352,0.0014399999999999999,0.0023999999999999998,0.0029119999999999997,0.075327999999999992,0.002464,0.001856,0.82365290412876135,1.8831999999999998,40,0.00063201693953431623,0.080465584993362427,0.00019975663254450624,0.0010330080986022949,0.31606214968176527,8.5401334217749536e-05,0.013069149491665441,0.71574187278747559,0,0,0,0,3.8145473003387451,92.50819197282982,0.0028231259757333319,0.015626462649918033,0.27286910728233243,0.015622578822422248,0
320,5.333333333333333,0,0.091392000000000001,0.12153599999999999,0.00067199999999999996,0.0046080000000000001,0.0015039999999999999,0.0024319999999999997,0.002496,0.075263999999999998,0.002464,0.001952,0.82352941176470584,1.8815999999999999,40,0.00062778221931629246,0.079536408185958862,0.00020553055767636968,0.0010407865047454834,0.32739149238761445,8.3806808106601238e-05,0.012946567738717565,0.71018123626708984,0,0,0,0,3.7613551616668701,91.30483762071637,0.0027864025152806509,0.015626473685342972,0.27320669596224245,0.015622571239801089,0
321,5.3499999999999996,0,0.091423999999999991,0.12143999999999999,0.000736,0.0043839999999999999,0.0014399999999999999,0.002464,0.0027519999999999997,0.075296000000000002,0.0024319999999999997,0.0019199999999999998,0.82359117955897809,1.8824000000000001,40,0.00062526278083138611,0.079748451709747314,0.00021147270174834415,0.0010543167591094971,0.3382141208967494,8.2231650594621897e-05,0.012824324589983045,0.70454061031341553,0,0,0,0,3.7082843780517578,90.122684117406507,0.0027503260533876498,0.015626221461786591,0.27353577310306038,0.015622597454069014,0
322,5.3666666666666663,0,0.09151999999999999,0.12124799999999999,0.00070399999999999998,0.0052160000000000002,0.0015039999999999999,0.002464,0.001856,0.075327999999999992,0.002496,0.001952,0.82307692307692304,1.8831999999999998,40,0.00062339984783818048,0.078838527202606201,0.00021732319396837162,0.0010599195957183838,0.34860963588939381,8.068745955824852e-05,0.012703342832360978,0.6988680362701416,0,0,0,0,3.6554789543151855,88.964609377820025,0.0027149844170477303,0.015626259170063373,0.27384471695880191,0.015622611489520953,0
323,5.3833333333333329,0,0.091551999999999994,0.121504,0.00076800000000000002,0.0042880000000000001,0.001408,0.0024319999999999997,0.0029759999999999999,0.075263999999999998,0.002464,0.001952,0.82209017825934994,1.8815999999999999,40,0.00060536259008585314,0.073955327272415161,0.00022320815785115142,0.001060783863067627,0.36871812283526773,7.9173441918101162e-05,0.012583595822983283,0.69312876462936401,0,0,0,0,3.6030275821685791,87.825616380698889,0.0026802251092742581,0.015626248021566886,0.27414545540983204,0.015622601733776765,0
324,5.4000000000000004,0,0.091488,0.12140799999999999,0.00067199999999999996,0.0046080000000000001,0.0015039999999999999,0.002464,0.002464,0.075392000000000001,0.0024319999999999997,0.001952,0.82406435816719137,1.8847999999999998,40,0.00060346570640097393,0.073381423950195312,0.00022912340219084098,0.0010711550712585449,0.37967924235051642,7.7680473623331636e-05,0.01246438715888845,0.68737161159515381,0,0,0,0,3.5509316921234131,86.708180224482192,0.0026461236640772153,0.015626262429786108,0.27443329679381145,0.015622591998658989,0
325,5.416666666666667,0,0.091455999999999996,0.12140799999999999,0.000736,0.0045119999999999995,0.0015039999999999999,0.0024319999999999997,0.002624,0.075359999999999996,0.0023999999999999998,0.0018879999999999999,0.82400279916025188,1.8839999999999999,40,0.0006034158987684872,0.073734402656555176,0.00023499764469893042,0.0010732710361480713,0.38944556346383585,7.6218071626499295e-05,0.012346503280402861,0.68157696723937988,0,0,0,0,3.4987678527832031,85.608210823994611,0.0026125552619627262,0.015626339324175391,0.27471362370738678,0.015622644293016956,0
326,5.4333333333333336,0,0.09151999999999999,0.12153599999999999,0.000736,0.0044479999999999997,0.0013759999999999998,0.0024319999999999997,0.0028159999999999999,0.075359999999999996,0.0024319999999999997,0.0019199999999999998,0.82342657342657344,1.8839999999999999,40,0.00059998721123181596,0.072735875844955444,0.00024078637305735548,0.0010738968849182129,0.40131917572543607,7.478016777895391e-05,0.012229486316191201,0.67579245567321777,0,0,0,0,3.4471025466918945,84.531054315077512,0.0025796830540489963,0.015626362677636844,0.27497505632348573,0.015622625912339618,0
327,5.4500000000000002,0,0.09151999999999999,0.12131199999999999,0.00070399999999999998,0.0045119999999999995,0.0015039999999999999,0.0024319999999999997,0.0025919999999999997,0.075392000000000001,0.002464,0.0019199999999999998,0.82377622377622384,1.8847999999999998,40,0.00059638828965423267,0.07176363468170166,0.00024655899174282466,0.0010828077793121338,0.41342024318715559,7.3374874773435295e-05,0.012114031102274362,0.67002582550048828,0,0,0,0,3.3960461616516113,83.473198714277871,0.0025473998631066245,0.015626346760022322,0.27522733746914674,0.015622617993417381,0
328,5.4666666666666668,0,0.09151999999999999,0.12140799999999999,0.00070399999999999998,0.00496,0.0015039999999999999,0.0024319999999999997,0.0021440000000000001,0.075359999999999996,0.002464,0.001952,0.82342657342657344,1.8839999999999999,40,0.00058008869417160408,0.066884994506835938,0.00025229335867367638,0.0010869801044464111,0.43492204073027835,7.199497485999018e-05,0.011999581231025538,0.66422951221466064,0,0,0,0,3.3456575870513916,82.437038953959856,0.0025157787766711382,0.01562643240662312,0.27546716131535298,0.015622680654012849,0
329,5.4833333333333334,0,0.091423999999999991,0.121376,0.000736,0.0044799999999999996,0.0014399999999999999,0.002496,0.0026559999999999999,0.075231999999999993,0.0024319999999999997,0.001952,0.82289114455722789,1.8808,40,0.00057775337762521633,0.066274553537368774,0.00025786101875881873,0.0010933876037597656,0.44631676550074789,7.0643756771460176e-05,0.011886442425844679,0.65844380855560303,0,0,0,0,3.2959160804748535,81.420221605794026,0.0024847479738096321,0.015626438594189336,0.27569718544863947,0.015622673478397738,0
330,5.5,0,0.093376000000000001,0.121184,0.002624,0.0046719999999999999,0.001472,0.0024319999999999997,0.0024319999999999997,0.075263999999999998,0.002496,0.0019840000000000001,0.80603152844413983,1.8815999999999999,40,0.0005793530263871942,0.066859543323516846,0.00026335787367254174,0.0010959208011627197,0.45457236206190793,6.9319714384619147e-05,0.011774524566590292,0.6526532769203186,0,0,0,0,3.2463631629943848,80.422527646021337,0.0024543007704474285,0.015626455296673902,0.27591786256595224,0.01562270376342572,0
331,5.5166666666666666,0,0.091392000000000001,0.121472,0.00070399999999999998,0.0052160000000000002,0.001472,0.002464,0.0019199999999999998,0.075263999999999998,0.0024319999999999997,0.0019199999999999998,0.82352941176470584,1.8815999999999999,40,0.00057632467995753908,0.065901011228561401,0.000268847184690419,0.001099318265914917,0.46648563568408419,6.8022331106476486e-05,0.011663818509088392,0.64690309762954712,0,0,0,0,3.1975336074829102,79.443067501803796,0.0024244100189759459,0.015626582905698801,0.27613051555960061,0.0156228078913967,0
332,5.5333333333333332,0,0.091583999999999999,0.121184,0.000736,0.0044479999999999997,0.001472,0.0023999999999999998,0.0027199999999999998,0.075392000000000001,0.002464,0.001952,0.82320055904961564,1.8847999999999998,40,0.00056110861593729113,0.061224699020385742,0.00027427445002949687,0.001102447509765625,0.48880812420130343,6.6751577833201736e-05,0.011554356566525177,0.64115226268768311,0,0,0,0,3.1495037078857422,78.483445281021687,0.0023951246728827419,0.015626590200997645,0.2763364094637723,0.015622829827905943,0
333,5.5499999999999998,0,0.091455999999999996,0.121504,0.00070399999999999998,0.004352,0.0014399999999999999,0.0023999999999999998,0.0028479999999999998,0.075392000000000001,0.0024319999999999997,0.0018879999999999999,0.82435269419174251,1.8847999999999998,40,0.00055916313982129658,0.06064760684967041,0.00027963656149242432,0.0011070966720581055,0.50009834622109317,6.5507258113939315e-05,0.011446157269052293,0.63545262813568115,0,0,0,0,3.1022496223449707,77.542654167627731,0.0023664140065804361,0.015626719501114505,0.27653022952315787,0.015622974570189367,0
334,5.5666666666666664,0,0.091647999999999993,0.12111999999999999,0.000736,0.0043200000000000001,0.001472,0.0023999999999999998,0.0028799999999999997,0.075392000000000001,0.002496,0.001952,0.82262569832402244,1.8847999999999998,40,0.00056164968129291054,0.061503827571868896,0.00028481253591980111,0.0011082887649536133,0.50709996890618048,6.4289597503375262e-05,0.011339276652712487,0.62977015972137451,0,0,0,0,3.0553047657012939,76.61832001010464,0.0023382055667146191,0.01562673841107886,0.27671391109770976,0.015622970354100377,0
335,5.583333333333333,0,0.091647999999999993,0.12124799999999999,0.000736,0.0042880000000000001,0.0014399999999999999,0.0024319999999999997,0.002944,0.075359999999999996,0.002496,0.001952,0.82227653631284914,1.8839999999999999,40,0.00055846321832879724,0.060359001159667969,0.00028988851192461536,0.0011082291603088379,0.5190825508474981,6.3097751990426332e-05,0.011233677224348787,0.62414634227752686,0,0,0,0,3.0091798305511475,75.712013780946208,0.0023105472955611025,0.015626554273593714,0.27689274739881864,0.015622965868118475,0
336,5.5999999999999996,0,0.091455999999999996,0.12140799999999999,0.000736,0.0048639999999999994,0.0014399999999999999,0.0023999999999999998,0.002336,0.075327999999999992,0.0024319999999999997,0.0019199999999999998,0.82365290412876135,1.8831999999999998,40,0.00055255029558568967,0.058665454387664795,0.00029480997189376728,0.0011101663112640381,0.53354413932812395,6.1930673837196082e-05,0.011129301311151215,0.61858260631561279,0,0,0,0,2.9639320373535156,74.824003487107106,0.0022834473720430635,0.015626758185735317,0.27706486032604116,0.015623140654882949,0
337,5.6166666666666663,0,0.091583999999999999,0.121504,0.00076800000000000002,0.0043839999999999999,0.0014399999999999999,0.0024319999999999997,0.0028479999999999998,0.075392000000000001,0.0023999999999999998,0.0019199999999999998,0.82320055904961564,1.8847999999999998,40,0.00054105481257897276,0.054680973291397095,0.00029961500648629889,0.0011110603809356689,0.55376091205651523,6.0790331190219149e-05,0.01102636215532749,0.61303138732910156,0,0,0,0,2.9195301532745361,73.952573710803037,0.0022568534457642528,0.015626784136934108,0.27722971017886017,0.015623137737782041,0
338,5.6333333333333329,0,0.091583999999999999,0.12153599999999999,0.00070399999999999998,0.0044479999999999997,0.001472,0.0023999999999999998,0.0027519999999999997,0.075423999999999991,0.0023999999999999998,0.0019840000000000001,0.82354996505939893,1.8855999999999997,40,0.00054670643490328861,0.05643036961555481,0.00030435782203636514,0.0011094808578491211,0.55671161450698037,5.9675454394891858e-05,0.010924784153006581,0.60750842094421387,0,0,0,0,2.8755035400390625,73.096731091249694,0.002230735201759329,0.015626784602182892,0.27738707149126896,0.015623146542987238,0
339,5.6500000000000004,0,0.09151999999999999,0.12140799999999999,0.00070399999999999998,0.0045119999999999995,0.001472,0.0024319999999999997,0.002624,0.075392000000000001,0.002464,0.0019199999999999998,0.82377622377622384,1.8847999999999998,40,0.00054215383604293461,0.054847359657287598,0.00030901825597496804,0.001111447811126709,0.56998260536239398,5.8584937505656853e-05,0.010824503453337419,0.60204911231994629,0,0,0,0,2.8323357105255127,72.259105052411556,0.0022051728836795519,0.015626829456018669,0.27753669394304309,0.015623151878430422,0
340,5.666666666666667,0,0.091455999999999996,0.121504,0.00070399999999999998,0.0045439999999999994,0.0015039999999999999,0.0024319999999999997,0.0025599999999999998,0.075327999999999992,0.0024319999999999997,0.001952,0.82365290412876135,1.8831999999999998,40,0.00054002634467398899,0.053964436054229736,0.00031356384018535639,0.0011089444160461426,0.58064545050048111,5.7517881941748783e-05,0.010725472664805853,0.59665954113006592,0,0,0,0,2.7900702953338623,71.438386970340432,0.0021801265554913462,0.015626804689301117,0.27768366885688489,0.015623180965479903,0
341,5.6833333333333336,0,0.093407999999999991,0.1216,0.002464,0.0044159999999999998,0.0014399999999999999,0.002464,0.002784,0.075359999999999996,0.002464,0.002016,0.80678314491264136,1.8839999999999999,40,0.00052858076491291888,0.049611270427703857,0.00031806522948480602,0.0011081695556640625,0.60173440011046508,5.6472788855899125e-05,0.010627585695340135,0.59128773212432861,0,0,0,0,2.7486727237701416,70.633265815600708,0.0021555562077514865,0.015627334571188419,0.27782326903579707,0.015623069889506873,0
342,5.7000000000000002,0,0.091583999999999999,0.12128,0.00070399999999999998,0.0050239999999999998,0.0014399999999999999,0.0024319999999999997,0.002176,0.075455999999999995,0.0023999999999999998,0.001952,0.82389937106918232,1.8863999999999996,40,0.00053409438985859336,0.051255792379379272,0.00032245797721606556,0.0011062920093536377,0.60374717154666124,5.5450273066526279e-05,0.010530932823499187,0.58595383167266846,0,0,0,0,2.7076811790466309,69.839766577094224,0.0021313405327482368,0.015627666342091152,0.27794386439278324,0.015622750767534291,0
343,5.7166666666666668,0,0.093343999999999996,0.12128,0.0025599999999999998,0.0046080000000000001,0.0015039999999999999,0.0024319999999999997,0.0025279999999999999,0.075327999999999992,0.002496,0.0018879999999999999,0.8069934864586904,1.8831999999999998,40,0.00051645795432695243,0.049904525279998779,0.00032677995222658959,0.0011056363582611084,0.63273292528226999,5.4450203606393188e-05,0.010435535789444948,0.58070039749145508,0,0,0,0,2.6675426959991455,69.059852869463469,0.0021075394552448569,0.015627871700188638,0.27805355280147775,0.015622999790355193,0
344,5.7333333333333334,0,0.091423999999999991,0.12166399999999999,0.00070399999999999998,0.0046080000000000001,0.001536,0.002464,0.0024319999999999997,0.075296000000000002,0.002464,0.0019199999999999998,0.82359117955897809,1.8824000000000001,40,0.00049575341235483651,0.046328902244567871,0.00033110171475340743,0.0011036992073059082,0.66787581588328171,5.3471077990252525e-05,0.010341284058592774,0.57549279928207397,0,0,0,0,2.6282501220703125,68.294235775264411,0.0020841746757588016,0.015628138352907502,0.27816167780931761,0.015623289326120568,0
345,5.75,0,0.091488,0.121472,0.000736,0.0044159999999999998,0.0014399999999999999,0.0024319999999999997,0.0027519999999999997,0.075359999999999996,0.002464,0.0018879999999999999,0.82371458551941235,1.8839999999999999,40,0.00049519963600126195,0.046035856008529663,0.00033515445302803029,0.0010982155799865723,0.67680674350733205,5.2514464186970145e-05,0.01024836222886078,0.57035648822784424,0,0,0,0,2.589808464050293,67.544264203323635,0.0020612873597205699,0.01562841872515457,0.27825990500922365,0.015623569789326658,0
346,5.7666666666666666,0,0.091551999999999994,0.121472,0.00070399999999999998,0.0044479999999999997,0.0015039999999999999,0.0024319999999999997,0.0026559999999999999,0.075359999999999996,0.002464,0.0019840000000000001,0.82313876267039499,1.8839999999999999,40,0.00049730149419095369,0.047130346298217773,0.00033902067742811256,0.0010911524295806885,0.68172060890276653,5.1578939746832475e-05,0.010156666751137647,0.56525826454162598,0,0,0,0,2.5516397953033447,66.810436559819607,0.0020388927172796511,0.015629174455409386,0.27834986146751617,0.01562455947992885,0
347,5.7833333333333332,0,0.091359999999999997,0.12131199999999999,0.00063999999999999994,0.0044799999999999996,0.001472,0.002464,0.0026879999999999999,0.075231999999999993,0.0024319999999999997,0.001952,0.82346760070052538,1.8808,40,0.00049595121987948897,0.046400487422943115,0.00034265274825480744,0.0010770261287689209,0.69090010170368876,5.0665668823057786e-05,0.010066346787495233,0.56023961305618286,0,0,0,0,2.5143551826477051,66.093574755337116,0.0020170158311565282,0.015629815011612078,0.27843459648526259,0.015625491451930474,0
348,5.7999999999999998,0,0.091647999999999993,0.12140799999999999,0.00076800000000000002,0.0042560000000000002,0.001472,0.0024319999999999997,0.0028799999999999997,0.075423999999999991,0.002464,0.001952,0.82297486033519551,1.8855999999999997,40,0.00048764874879906976,0.042411506175994873,0.00034617573095592448,0.001065373420715332,0.70988745856202806,4.9770271289162338e-05,0.0099770006804813169,0.55524885654449463,0,0,0,0,2.4779431819915771,65.391767046489349,0.0019955983595730392,0.015630204691921661,0.27851676007168724,0.015626208840397272,0
349,5.8166666666666664,0,0.091615999999999989,0.12128,0.00070399999999999998,0.0044799999999999996,0.001472,0.0024319999999999997,0.0027199999999999998,0.075392000000000001,0.0024319999999999997,0.0019840000000000001,0.82291302829200152,1.8847999999999998,40,0.00049328651331190026,0.044131755828857422,0.00034945541911867855,0.0010490119457244873,0.70842281247961325,4.8895133659243584e-05,0.0098888961627922444,0.55030626058578491,0,0,0,0,2.4418344497680664,64.706672999190971,0.0019746909484616385,0.015630216173911499,0.27860276660284261,0.015626964971858243,0
350,5.833333333333333,0,0.091583999999999999,0.121472,0.00070399999999999998,0.0044479999999999997,0.0014399999999999999,0.0024319999999999997,0.0027199999999999998,0.075423999999999991,0.0024319999999999997,0.0019840000000000001,0.82354996505939893,1.8855999999999997,40,0.00049392372074059639,0.043457508087158203,0.00035245891173194389,0.0010358691215515137,0.71358976483952197,4.8043551942100748e-05,0.0098024029647939635,0.54544973373413086,0,0,0,0,2.4066035747528076,64.039039466993927,0.0019543163899839455,0.015630306467263249,0.27869549003274885,0.015627876764170767,0
351,5.8499999999999996,0,0.091392000000000001,0.121376,0.00067199999999999996,0.0052480000000000001,0.001536,0.002464,0.001792,0.075327999999999992,0.002464,0.0018879999999999999,0.82422969187675066,1.8831999999999998,40,0.00048614154845097555,0.039598464965820312,0.00035527338393430478,0.0010285377502441406,0.73080234566729685,4.7207759052980691e-05,0.0097167647962663681,0.54062885046005249,0,0,0,0,2.3722207546234131,63.386066899530562,0.0019343892486429004,0.015630135487826539,0.27879348692155947,0.015628191403068033,0
352,5.8666666666666663,0,0.093311999999999992,0.121472,0.0023999999999999998,0.0051839999999999994,0.0015039999999999999,0.0024319999999999997,0.001952,0.075551999999999994,0.0023040000000000001,0.0019840000000000001,0.80967078189300412,1.8887999999999998,40,0.00049051886409216664,0.04132804274559021,0.00035781553430806669,0.0010234415531158447,0.72946335095653836,4.6393488446483389e-05,0.0096325996954595167,0.53586387634277344,0,0,0,0,2.3381338119506836,62.747750878698007,0.0019149093896087038,0.015630277817587409,0.27888792548393365,0.015628585128017673,0
353,5.8833333333333329,0,0.093376000000000001,0.121184,0.0025279999999999999,0.0044479999999999997,0.0014399999999999999,0.0023999999999999998,0.0028159999999999999,0.075359999999999996,0.0024319999999999997,0.001952,0.80705962988348179,1.8839999999999999,40,0.00048708656051735342,0.037981599569320679,0.00036035357312139691,0.0010131597518920898,0.73981423905157939,4.5593940740218386e-05,0.0095492346018116424,0.53113633394241333,0,0,0,0,2.3048951625823975,62.122019534580296,0.0018958135844293303,0.01563040405080925,0.27897526366719583,0.015628742311267849,0
354,5.9000000000000004,0,0.091392000000000001,0.12175999999999999,0.00070399999999999998,0.0045760000000000002,0.0015039999999999999,0.0023999999999999998,0.0025919999999999997,0.075200000000000003,0.0025279999999999999,0.0018879999999999999,0.82282913165266114,1.8800000000000001,40,0.00048448991590113646,0.03702738881111145,0.00036284382215963866,0.0010055005550384521,0.74891924527419773,4.4812462874688208e-05,0.0094670441928500805,0.52648591995239258,0,0,0,0,2.2720756530761719,61.50659050372046,0.0018770321808996722,0.015630437597900289,0.27906267043098482,0.015628808236545923,0
355,5.916666666666667,0,0.093215999999999993,0.12153599999999999,0.0023999999999999998,0.0044159999999999998,0.0014399999999999999,0.0024319999999999997,0.0028479999999999998,0.075327999999999992,0.002464,0.0018879999999999999,0.80810161345691722,1.8831999999999998,40,0.00048900109739486667,0.038705140352249146,0.00036520773194479903,0.0010051131248474121,0.7468444015574367,4.4051503209630027e-05,0.0093863201745550979,0.52188694477081299,0,0,0,0,2.2400298118591309,60.900779319897232,0.0018585442907683482,0.015630518839157781,0.27915429028340261,0.015628921456692011,0
356,5.9333333333333336,0,0.09151999999999999,0.12153599999999999,0.00076800000000000002,0.0043839999999999999,0.0014399999999999999,0.0024319999999999997,0.002784,0.075392000000000001,0.002464,0.001856,0.82377622377622384,1.8847999999999998,40,0.0004812710965264739,0.034976482391357422,0.00036756888804079902,0.00099670886993408203,0.76374602732989949,4.3305659346515313e-05,0.0093065202247150699,0.51732337474822998,0,0,0,0,2.2087559700012207,60.308027011137966,0.0018404549258770131,0.015630790709812287,0.27923855596908898,0.015629133493740847,0
357,5.9500000000000002,0,0.09151999999999999,0.121152,0.00067199999999999996,0.0050559999999999997,0.001472,0.0024319999999999997,0.0021440000000000001,0.075359999999999996,0.0024319999999999997,0.001952,0.82342657342657344,1.8839999999999999,40,0.00048021363843641583,0.034462392330169678,0.0003698678523638116,0.00099265575408935547,0.77021521831014195,4.2575273255351931e-05,0.0092277053762408277,0.51283979415893555,0,0,0,0,2.1777496337890625,59.725473571427408,0.0018226768057686587,0.01563089834552811,0.27932195720410463,0.015629270830564489,0
358,5.9666666666666668,0,0.091455999999999996,0.121472,0.000736,0.00496,0.0014399999999999999,0.0024319999999999997,0.0022079999999999999,0.075296000000000002,0.0024319999999999997,0.001952,0.82330300909727083,1.8824000000000001,40,0.00048310736445475558,0.03615260124206543,0.00037187700431103135,0.00098320841789245605,0.7697605784394097,4.1861771023832262e-05,0.0091500569423181473,0.50840467214584351,0,0,0,0,2.1475324630737305,59.153452531158671,0.0018052201089831137,0.01563118156294235,0.27940609883392514,0.015629384804394079,0
359,5.9833333333333334,0,0.09151999999999999,0.12128,0.000736,0.0043200000000000001,0.0014399999999999999,0.0024319999999999997,0.0028799999999999997,0.075296000000000002,0.002464,0.001952,0.82272727272727286,1.8824000000000001,40,0.0004813099534825817,0.032361835241317749,0.00037377726286826253,0.00097987055778503418,0.77658328103075325,4.1163853893522173e-05,0.0090734617311720861,0.50401079654693604,0,0,0,0,2.1180839538574219,58.592903690853227,0.0017881135159562142,0.015631254410647423,0.27949307380003385,0.015629567075796495,0
360,6,0,0.091488,0.12153599999999999,0.000736,0.0043839999999999999,0.001472,0.0023999999999999998,0.002784,0.075296000000000002,0.002464,0.001952,0.82301504022385452,1.8824000000000001,40,0.0004849555802665107,0.034110277891159058,0.00037571065285787401,0.00097692012786865234,0.77473209536304255,4.0481121686752886e-05,0.0089979021651441487,0.49966585636138916,0,0,0,0,2.0888814926147461,58.042126154241352,0.0017713051194531663,0.015631380829247209,0.27957615670470481,0.015629673462069775,0
361,6.0166666666666666,0,0.091551999999999994,0.12131199999999999,0.00070399999999999998,0.004352,0.0014399999999999999,0.0024319999999999997,0.0029119999999999997,0.075392000000000001,0.0023679999999999999,0.001952,0.82348829080741004,1.8847999999999998,40,0.00047956445199300653,0.030999928712844849,0.00037760433936942614,0.00096911191940307617,0.78739017831733016,3.9812861359678209e-05,0.0089233246449603315,0.49536067247390747,0,0,0,0,2.0604329109191895,57.500491556578623,0.001754775743303791,0.015631444199111114,0.27965741750057599,0.015629762759182018,0
362,6.0333333333333332,0,0.091712000000000002,0.12140799999999999,0.00076800000000000002,0.0043839999999999999,0.0014399999999999999,0.0023999999999999998,0.0028479999999999998,0.075392000000000001,0.002464,0.002016,0.82205163991625962,1.8847999999999998,40,0.00048219834917212278,0.032405495643615723,0.00037943213890528563,0.00096333026885986328,0.78687979657484408,3.9158643630798906e-05,0.0088497054901051832,0.49110597372055054,0,0,0,0,2.0322575569152832,56.970204388797974,0.00173859266323236,0.015631436227640752,0.27973979625405521,0.015629879915802461,0
363,6.0499999999999998,0,0.091296000000000002,0.12140799999999999,0.00067199999999999996,0.0046719999999999999,0.001536,0.002496,0.002336,0.075263999999999998,0.0024319999999999997,0.0018879999999999999,0.82439537329127233,1.8815999999999999,40,0.00047713473094821232,0.029355436563491821,0.00038121792559249793,0.00095760822296142578,0.79897333156800721,3.851797737297602e-05,0.0087770128600767154,0.48689287900924683,0,0,0,0,2.0048305988311768,56.450069641411801,0.0017227194104434754,0.01563207892716104,0.27982470924436859,0.015630044523698032,0
364,6.0666666666666664,0,0.091551999999999994,0.121504,0.00070399999999999998,0.0044479999999999997,0.001472,0.0024319999999999997,0.0027199999999999998,0.075423999999999991,0.0023999999999999998,0.001952,0.82383781894442498,1.8855999999999997,40,0.00047066285311710577,0.028988182544708252,0.0003827781886527338,0.00095272064208984375,0.81327469571407762,3.7892543332418427e-05,0.0087054630356366951,0.48275524377822876,0,0,0,0,1.9776742458343506,55.939114482201425,0.0017071262964539009,0.015632093923786831,0.27991306850984971,0.01563018045907889,0
365,6.083333333333333,0,0.091583999999999999,0.12134399999999999,0.00070399999999999998,0.0044159999999999998,0.0014399999999999999,0.002464,0.0027519999999999997,0.075392000000000001,0.002496,0.0019199999999999998,0.82320055904961564,1.8847999999999998,40,0.00047751335538045856,0.030490994453430176,0.00038419254689816418,0.00094598531723022461,0.80456921794796488,3.7281301047187299e-05,0.0086349639312723585,0.47865808010101318,0,0,0,0,1.9512467384338379,55.439256020382615,0.001691871826793903,0.015632249178862571,0.28000637332833733,0.015630252651519502,0
366,6.0999999999999996,0,0.091647999999999993,0.121088,0.000736,0.0043200000000000001,0.0014399999999999999,0.0023999999999999998,0.0029119999999999997,0.075488,0.0024319999999999997,0.0019199999999999998,0.823673184357542,1.8872,40,0.00046164975988587732,0.027562141418457031,0.00038546924242050163,0.00094240903854370117,0.83498200565682523,3.6683872167486697e-05,0.0085654973197692025,0.47459560632705688,0,0,0,0,1.9250808954238892,54.948104581487037,0.0016768830743862011,0.015632408361291563,0.28010198265749847,0.015629872628157748,0
367,6.1166666666666663,0,0.093280000000000002,0.12140799999999999,0.002496,0.0044799999999999996,0.0014399999999999999,0.0023999999999999998,0.0028159999999999999,0.075200000000000003,0.0025279999999999999,0.0019199999999999998,0.80617495711835341,1.8800000000000001,40,0.00046399443895181838,0.029415935277938843,0.00038673474176440501,0.0009371638298034668,0.83349003629882712,3.6098674172535539e-05,0.0084969022793645842,0.47058331966400146,0,0,0,0,1.8996219635009766,54.466117076600987,0.0016621739830505672,0.015632462811670276,0.28020204732576082,0.01562995700058491,0
368,6.1333333333333329,0,0.091488,0.12143999999999999,0.000736,0.0044159999999999998,0.001472,0.0024319999999999997,0.0027199999999999998,0.075392000000000001,0.002464,0.001856,0.82406435816719137,1.8847999999999998,40,0.00045630905631809403,0.026128053665161133,0.00038791321941187515,0.00093054771423339844,0.85011071781459457,3.5526722058421001e-05,0.0084293205014901416,0.46661457419395447,0,0,0,0,1.8748449087142944,53.992384813884541,0.0016477168217127851,0.015632713288492792,0.28029592264871439,0.015630270463918069,0
369,6.1500000000000004,0,0.093247999999999998,0.12143999999999999,0.0025279999999999999,0.0044479999999999997,0.0014399999999999999,0.0024319999999999997,0.0027199999999999998,0.075327999999999992,0.0024319999999999997,0.0019199999999999998,0.80782429649965681,1.8831999999999998,40,0.00045921510329875872,0.027917802333831787,0.00038907696959491084,0.0009244084358215332,0.84726518531291206,3.4966298699146137e-05,0.0083625712193255656,0.46270066499710083,0,0,0,0,1.8502820730209351,53.526855138842578,0.0016335099834851861,0.015632809436251921,0.28038597773949792,0.015630953798327019,0
370,6.166666666666667,0,0.091488,0.12134399999999999,0.000736,0.0044799999999999996,0.0015039999999999999,0.0024319999999999997,0.002624,0.075296000000000002,0.002464,0.001952,0.82301504022385452,1.8824000000000001,40,0.00045475062855641988,0.02496337890625,0.00039022748971043213,0.00091800093650817871,0.85811313983047632,3.4416661947034299e-05,0.0082965850742379894,0.45883727073669434,0,0,0,0,1.8263765573501587,53.069812913625753,0.0016195621616707078,0.015632611601998074,0.28047744509602662,0.015631413616999594,0
371,6.1833333333333336,0,0.09151999999999999,0.121504,0.00076800000000000002,0.0048960000000000002,0.001408,0.002464,0.002336,0.075263999999999998,0.002464,0.0019199999999999998,0.82237762237762246,1.8815999999999999,40,0.00045353653221919622,0.02436363697052002,0.00039133677255040889,0.00091457366943359375,0.86285612017969504,3.3879412512760609e-05,0.008231574881243639,0.45505264401435852,0,0,0,0,1.8026782274246216,52.62078473789461,0.0016058589092375064,0.01563266699233018,0.28056942648609379,0.01563223011965215,0
372,6.2000000000000002,0,0.091488,0.12099199999999999,0.00070399999999999998,0.0050239999999999998,0.001472,0.0023999999999999998,0.002176,0.075200000000000003,0.0025279999999999999,0.0019840000000000001,0.82196572228051767,1.8800000000000001,40,0.0004531042382105565,0.023618340492248535,0.00039242218839661273,0.00091016292572021484,0.86607485718166033,3.3352142054354772e-05,0.0081672690728731064,0.45128649473190308,0,0,0,0,1.7796214818954468,52.180095000137591,0.0015924101257366208,0.015633091650084405,0.28065850096426126,0.015632755095821259,0
373,6.2166666666666668,0,0.091359999999999997,0.12166399999999999,0.00060799999999999993,0.0043200000000000001,0.0014399999999999999,0.0023999999999999998,0.0029119999999999997,0.075296000000000002,0.002464,0.0019199999999999998,0.82416812609457102,1.8824000000000001,40,0.00045237508151344988,0.0233134925365448,0.00039342085404517341,0.00090441107749938965,0.86967843747926754,3.2836211175890639e-05,0.0081038523155213833,0.44759884476661682,0,0,0,0,1.7567687034606934,51.746574666596864,0.0015791801350890156,0.015633150429460625,0.28074489082981613,0.015632798324251851,0
374,6.2333333333333334,0,0.093247999999999998,0.121376,0.0023679999999999999,0.0044799999999999996,0.0014399999999999999,0.0024319999999999997,0.0027199999999999998,0.075392000000000001,0.002464,0.001952,0.8085106382978724,1.8847999999999998,40,0.00045181440475397673,0.022603154182434082,0.00039438288718110574,0.00090095400810241699,0.87288692664824674,3.2329775422113016e-05,0.0080411162685429458,0.44392961263656616,0,0,0,0,1.7345424890518188,51.319948922540377,0.0015661605506146355,0.015633568938727867,0.28083471881098521,0.015633257116020892,0
375,6.25,0,0.092831999999999998,0.12134399999999999,0.0019840000000000001,0.0045439999999999994,0.001472,0.0023999999999999998,0.0026559999999999999,0.075392000000000001,0.0024319999999999997,0.001952,0.8121337469837987,1.8847999999999998,40,0.00045067960733272052,0.022046744823455811,0.00039527362948505487,0.00089660286903381348,0.87706127158586655,3.1834148103371263e-05,0.0079792415809237481,0.44033697247505188,0,0,0,0,1.7125163078308105,50.901713187983049,0.0015533970089106155,0.015633588316054887,0.2809211229174382,0.015634030388400572,0
376,6.2666666666666666,0,0.091423999999999991,0.12134399999999999,0.00067199999999999996,0.0045439999999999994,0.0015039999999999999,0.0024319999999999997,0.0025599999999999998,0.075296000000000002,0.002496,0.0019199999999999998,0.82359117955897809,1.8824000000000001,40,0.00044928531023640515,0.021364003419876099,0.00039606019441849275,0.00089269876480102539,0.88153381691935051,3.1348125048680231e-05,0.0079180963682794654,0.43676012754440308,0,0,0,0,1.6911013126373291,50.489373503813482,0.0015408134003849329,0.015633925701307595,0.28100633237734191,0.01563464452670793,0
377,6.2833333333333332,0,0.091551999999999994,0.12140799999999999,0.00070399999999999998,0.0045439999999999994,0.001472,0.002464,0.002624,0.075296000000000002,0.002464,0.0019840000000000001,0.82243970639636499,1.8824000000000001,40,0.00044881871653305741,0.02111390233039856,0.00039677001103963363,0.00088697671890258789,0.88403178482510947,3.0873645300744101e-05,0.0078579444259607879,0.43325847387313843,0,0,0,0,1.6698821783065796,50.08438381008812,0.0015284540957668494,0.015633987791666085,0.28108583424471673,0.015634752893011743,0
378,6.2999999999999998,0,0.091615999999999989,0.121376,0.000736,0.0044799999999999996,0.001472,0.0024319999999999997,0.0026559999999999999,0.075423999999999991,0.002464,0.001952,0.82326231225986723,1.8855999999999997,40,0.00044779890249372652,0.020228087902069092,0.00039744359258408579,0.00088325142860412598,0.88754927797004557,3.0408238671952859e-05,0.0077984919916549069,0.42977666854858398,0,0,0,0,1.6491720676422119,49.68559582878995,0.0015162840523922714,0.015633993344545054,0.28116538253882339,0.015634860886215025,0
379,6.3166666666666664,0,0.091423999999999991,0.12128,0.00070399999999999998,0.0044159999999999998,0.0014399999999999999,0.0024319999999999997,0.002784,0.075167999999999999,0.0025919999999999997,0.0018879999999999999,0.82219110955547781,1.8791999999999998,40,0.00044980118260228881,0.021934986114501953,0.00039809977496006326,0.00087806582450866699,0.8850571993983849,2.9951639589853585e-05,0.0077397208722089694,0.42634508013725281,0,0,0,0,1.6286795139312744,49.292449560019875,0.0015042861804205284,0.015634054951999148,0.28124210209435524,0.015634968429670805,0
380,6.333333333333333,0,0.093343999999999996,0.121376,0.0025599999999999998,0.0045760000000000002,0.0014399999999999999,0.0024319999999999997,0.002624,0.075263999999999998,0.002496,0.001952,0.80630785053136789,1.8815999999999999,40,0.00044642900104767625,0.019243001937866211,0.00039871048784959957,0.00087529420852661133,0.89311063330094764,2.9504071790142916e-05,0.0076816758315022531,0.42296063899993896,0,0,0,0,1.6083990335464478,48.905087358472748,0.001492464824172142,0.015634264780688689,0.28131468175680907,0.015635224302703081,0
381,6.3499999999999996,0,0.091488,0.121472,0.00070399999999999998,0.00464,0.001472,0.002464,0.002464,0.075423999999999991,0.0023999999999999998,0.0019199999999999998,0.82441413081497017,1.8855999999999997,40,0.0004482670332336177,0.020963758230209351,0.0003992853181631121,0.00087019801139831543,0.89073094508607686,2.9064918635413051e-05,0.0076242925751066311,0.41962379217147827,0,0,0,0,1.5887110233306885,48.523531967525841,0.0014808206777199048,0.015634298320665731,0.28138794198965578,0.015635332574650735,0
382,6.3666666666666663,0,0.091488,0.12140799999999999,0.00070399999999999998,0.0044159999999999998,0.001472,0.0024319999999999997,0.0027199999999999998,0.075327999999999992,0.002464,0.001952,0.82336481287163332,1.8831999999999998,40,0.00044481195280291044,0.01809963583946228,0.00039983531436736479,0.00086733698844909668,0.89888617391656711,2.8634367481572554e-05,0.007567610915153151,0.41632527112960815,0,0,0,0,1.569221019744873,48.14828575950871,0.001469369072250632,0.015634346246311222,0.28145865647067508,0.015635440403480486,0
383,6.3833333333333329,0,0.091615999999999989,0.1216,0.00070399999999999998,0.0042880000000000001,0.0014399999999999999,0.002464,0.0029119999999999997,0.075392000000000001,0.0024319999999999997,0.0019840000000000001,0.82291302829200152,1.8847999999999998,40,0.00044445039404685785,0.017560273408889771,0.00040034778260771134,0.0008633732795715332,0.90077045260871824,2.8211497919983231e-05,0.0075115242021820353,0.41304287314414978,0,0,0,0,1.5502994060516357,47.77838000508212,0.0014580804444910315,0.01563458423065308,0.28152811372530079,0.01563554776964168,0
384,6.4000000000000004,0,0.091455999999999996,0.12134399999999999,0.00067199999999999996,0.0051519999999999995,0.0015039999999999999,0.002464,0.001952,0.075231999999999993,0.002464,0.002016,0.82260321903428968,1.8808,40,0.00044403362544642174,0.017375826835632324,0.00040079455564743279,0.0008589625358581543,0.90262208238054642,2.7798152586910874e-05,0.0074562929914148189,0.40983220934867859,0,0,0,0,1.5315641164779663,47.414190779305123,0.0014469662713410987,0.015634762928434107,0.28159479988883035,0.015635715054462516,0
385,6.416666666666667,0,0.09151999999999999,0.12143999999999999,0.00070399999999999998,0.00464,0.0015039999999999999,0.002464,0.002464,0.075327999999999992,0.002464,0.001952,0.82307692307692304,1.8831999999999998,40,0.0004434942864309148,0.016755163669586182,0.00040122092621601256,0.00085532665252685547,0.90468116161066403,2.7391573894419707e-05,0.0074015638745362064,0.4066372811794281,0,0,0,0,1.5133596658706665,47.055834526951067,0.0014360301064133016,0.015634771696016507,0.28165978008700571,0.015635797015357555,0
386,6.4333333333333336,0,0.091488,0.1216,0.00067199999999999996,0.0045439999999999994,0.001472,0.002464,0.0025919999999999997,0.075359999999999996,0.002464,0.0019199999999999998,0.82371458551941235,1.8839999999999999,40,0.00044264242420406281,0.016465187072753906,0.00040160441954868953,0.00085210800170898438,0.90728858687875269,2.6993415303877555e-05,0.0073475731100653306,0.40351155400276184,0,0,0,0,1.4953224658966064,46.702667020325642,0.0014252522894386487,0.015635019424997437,0.28171877091404546,0.015636085784887361,0
387,6.4500000000000002,0,0.091455999999999996,0.12143999999999999,0.00070399999999999998,0.0044479999999999997,0.0015039999999999999,0.0024319999999999997,0.0026559999999999999,0.075583999999999998,0.0022399999999999998,0.0018879999999999999,0.82645206438068586,1.8896000000000002,40,0.000442290899856117,0.015951275825500488,0.0004019600072853,0.00084698200225830078,0.90881365050934315,2.6602036086842418e-05,0.0072941121580138071,0.40039652585983276,0,0,0,0,1.4777345657348633,46.354765480212706,0.0014146351770084444,0.01563502441736082,0.28177594756283053,0.015636143383576946,0
388,6.4666666666666668,0,0.093439999999999995,0.12128,0.0025919999999999997,0.0046719999999999999,0.001472,0.0024319999999999997,0.002464,0.075359999999999996,0.002464,0.0019840000000000001,0.80650684931506844,1.8839999999999999,40,0.00044248375091984922,0.015685722231864929,0.00040225983796497256,0.00084522366523742676,0.9090951636726593,2.621880776132457e-05,0.0072413821555452479,0.39734953641891479,0,0,0,0,1.4603296518325806,46.011870944946921,0.0014041708662398352,0.015635071584410964,0.28183100746881229,0.015636213217838278,0
389,6.4833333333333334,0,0.09151999999999999,0.12131199999999999,0.00070399999999999998,0.0045119999999999995,0.001472,0.0023999999999999998,0.0026879999999999999,0.075327999999999992,0.002464,0.001952,0.82307692307692304,1.8831999999999998,40,0.00044083546921624609,0.01500895619392395,0.0004024979458389642,0.00084209442138671875,0.91303439479259341,2.5842862669378519e-05,0.0071892784991789711,0.39431312680244446,0,0,0,0,1.4431042671203613,45.673965099705413,0.0013938587982087833,0.015635126793087571,0.28188488975522552,0.01563629049859272,0
390,6.5,0,0.091551999999999994,0.121152,0.00070399999999999998,0.0044799999999999996,0.0014399999999999999,0.0024319999999999997,0.0026879999999999999,0.075392000000000001,0.002464,0.001952,0.82348829080741004,1.8847999999999998,40,0.00044040101757628308,0.014598026871681213,0.00040269716727661615,0.00083714723587036133,0.91438745871395233,2.5473473215242848e-05,0.0071377129691859772,0.39129382371902466,0,0,0,0,1.4263828992843628,45.341283619836283,0.0013837061651561366,0.015635414289238557,0.28193281819505767,0.015636343728468796,0
391,6.5166666666666666,0,0.091583999999999999,0.12166399999999999,0.00076800000000000002,0.0043200000000000001,0.001472,0.0023999999999999998,0.0028799999999999997,0.075392000000000001,0.0024319999999999997,0.0019199999999999998,0.82320055904961564,1.8847999999999998,40,0.00043947561586464459,0.01447005569934845,0.00040283741736288201,0.00083395838737487793,0.91663201056177168,2.5111912691500038e-05,0.0070868769837637282,0.38834500312805176,0,0,0,0,1.4098224639892578,45.013199020440219,0.0013736938177624578,0.015635485514534735,0.28197930042869279,0.015636398302568334,0
392,6.5333333333333332,0,0.09151999999999999,0.12166399999999999,0.00067199999999999996,0.0045119999999999995,0.0014399999999999999,0.0024319999999999997,0.0026559999999999999,0.075392000000000001,0.002496,0.0019199999999999998,0.82377622377622384,1.8847999999999998,40,0.00043909145874193752,0.014023363590240479,0.00040294753678914397,0.0008290410041809082,0.91768475283861983,2.4756858692853712e-05,0.0070365984243601267,0.38540738821029663,0,0,0,0,1.3936893939971924,44.690048960547912,0.001363832060563596,0.015635805290836909,0.28202441691159652,0.015636754627454875,0
393,6.5499999999999998,0,0.091488,0.12140799999999999,0.00070399999999999998,0.004352,0.001472,0.0024319999999999997,0.002784,0.075392000000000001,0.0024319999999999997,0.0019199999999999998,0.82406435816719137,1.8847999999999998,40,0.00043810051310047917,0.01379355788230896,0.00040301603761513894,0.00082629919052124023,0.9199168354379591,2.4408924218732864e-05,0.0069869770600357439,0.38253897428512573,0,0,0,0,1.3777263164520264,44.371120548836906,0.0013540991378429232,0.015635872733718467,0.28206481236451192,0.01563685821180014,0
394,6.5666666666666664,0,0.091423999999999991,0.12131199999999999,0.00067199999999999996,0.0047999999999999996,0.0015679999999999999,0.0025279999999999999,0.002176,0.075296000000000002,0.002464,0.0019199999999999998,0.82359117955897809,1.8824000000000001,40,0.00043755155491359728,0.013219967484474182,0.00040304761283972647,0.00082072615623474121,0.92114313916520252,2.4067285266937688e-05,0.0069379082246650813,0.37968045473098755,0,0,0,0,1.3619287014007568,44.056945844099083,0.0013445112867461878,0.015635923190824876,0.28210458237629155,0.015636961023264472,0
395,6.583333333333333,0,0.091423999999999991,0.12131199999999999,0.00070399999999999998,0.0045439999999999994,0.0014399999999999999,0.002464,0.002624,0.075231999999999993,0.002464,0.001952,0.82289114455722789,1.8808,40,0.00043660214736197095,0.012281492352485657,0.00040302049814029315,0.00081528723239898682,0.92308409515485845,2.3731938199489377e-05,0.0068894031961396155,0.37683886289596558,0,0,0,0,1.3465502262115479,43.747514287734816,0.001335068185050501,0.015636240549926485,0.28214248956195143,0.015637034657846209,0
396,6.5999999999999996,0,0.091488,0.12134399999999999,0.000736,0.0043839999999999999,0.0014399999999999999,0.0023999999999999998,0.0028159999999999999,0.075263999999999998,0.0025279999999999999,0.0019199999999999998,0.8226652675760755,1.8815999999999999,40,0.00043530678719827477,0.01185782253742218,0.00040296213716941535,0.00081184506416320801,0.92569688555274698,2.3402908482239582e-05,0.0068414776886634044,0.37406304478645325,0,0,0,0,1.3313376903533936,43.442640396893083,0.0013257641722684657,0.015636258040572282,0.28217657936342505,0.015637084870617633,0
397,6.6166666666666663,0,0.093343999999999996,0.121568,0.002464,0.0044479999999999997,0.001408,0.0024319999999999997,0.0028159999999999999,0.075359999999999996,0.002464,0.001952,0.80733630442235171,1.8839999999999999,40,0.00043452235731040166,0.011167973279953003,0.00040287348637691389,0.00080597400665283203,0.92716399881150569,2.3079455786501057e-05,0.0067940349993948455,0.37129729986190796,0,0,0,0,1.316285252571106,43.14185763538655,0.0013165850108455368,0.015636302204812453,0.28221190672891777,0.015637106125585793,0
398,6.6333333333333329,0,0.091551999999999994,0.121504,0.000736,0.0043200000000000001,0.0014399999999999999,0.0023999999999999998,0.0029119999999999997,0.075392000000000001,0.0023679999999999999,0.0019840000000000001,0.82348829080741004,1.8847999999999998,40,0.00043289873209104954,0.0088175982236862183,0.0004027410117017861,0.00080232322216033936,0.93033539219763639,2.27621931117028e-05,0.0067471761666200473,0.36857104301452637,0,0,0,0,1.3016867637634277,42.846010467161086,0.0013075564717761562,0.015636356973028506,0.28224209225620606,0.015637194072453606,0
399,6.6499999999999995,0,0.091392000000000001,0.12124799999999999,0.00070399999999999998,0.0045760000000000002,0.001472,0.002464,0.0025279999999999999,0.075135999999999994,0.0025919999999999997,0.0019199999999999998,0.82212885154061621,1.8783999999999998,40,0.00043306275496620203,0.010530129075050354,0.0004025847202345932,0.00079873204231262207,0.92962212893605345,2.2450025426223874e-05,0.0067007500216354696,0.36588406562805176,0,0,0,0,1.287227988243103,42.553854290825015,0.0012986405728401189,0.015636402292717563,0.28226908234089543,0.015637290599760705,0
400,6.666666666666667,0,0.091455999999999996,0.121504,0.00070399999999999998,0.0046080000000000001,0.001472,0.002464,0.0025279999999999999,0.075263999999999998,0.002464,0.001952,0.82295311406578031,1.8815999999999999,40,0.0004327471259323895,0.010134175419807434,0.00040238787995700264,0.00079810619354248047,0.92984529727384013,2.2143565729493275e-05,0.0066548577339404147,0.36320781707763672,0,0,0,0,1.2731521129608154,42.267280633315643,0.0012898950388585096,0.015636370105886425,0.28228921856768058,0.015637415359180503,0
401,6.6833333333333336,0,0.093023999999999996,0.12153599999999999,0.0021440000000000001,0.004352,0.001408,0.0024319999999999997,0.0029119999999999997,0.075392000000000001,0.0023999999999999998,0.0019840000000000001,0.81045751633986929,1.8847999999999998,40,0.0004327212154193538,0.009915083646774292,0.00040211624116974037,0.00079680979251861572,0.92927322913910315,2.1844170987606049e-05,0.0066097157257488841,0.36059677600860596,0,0,0,0,1.2592126131057739,41.985321157846741,0.0012812903185378034,0.015636801633312984,0.28230036519849361,0.015637879471277757,0
402,6.7000000000000002,0,0.091455999999999996,0.121568,0.00063999999999999994,0.0045760000000000002,0.001536,0.0024319999999999997,0.002496,0.075423999999999991,0.0024319999999999997,0.0019199999999999998,0.82470258922323292,1.8855999999999997,40,0.00043134515445387419,0.0095449686050415039,0.00040182192658125651,0.00079172849655151367,0.93155544332010165,2.1549625671468675e-05,0.0065650020063163237,0.35799479484558105,0,0,0,0,1.2454091310501099,41.708183434679462,0.0012728327464196613,0.015637008475170498,0.28230628530217983,0.015637974366627269,0
403,6.7166666666666668,0,0.093183999999999989,0.12124799999999999,0.0023040000000000001,0.0045119999999999995,0.0015039999999999999,0.0023999999999999998,0.0027199999999999998,0.075296000000000002,0.002496,0.001952,0.80803571428571441,1.8824000000000001,40,0.00043046977899333495,0.0090845972299575806,0.00040149446266398196,0.00078690052032470703,0.93268908122397687,2.1260497305775061e-05,0.0065208124195954391,0.35540252923965454,0,0,0,0,1.2319779396057129,41.43514360006214,0.0012645002319354901,0.015637070809918347,0.28231323841045253,0.015638068466747684,0
404,6.7333333333333334,0,0.091488,0.12134399999999999,0.00070399999999999998,0.0051839999999999994,0.0015039999999999999,0.0024319999999999997,0.0019199999999999998,0.075359999999999996,0.0024319999999999997,0.001952,0.82371458551941235,1.8839999999999999,40,0.00042970816867287948,0.0089169591665267944,0.00040108138640454092,0.00078175961971282959,0.93338087484640986,2.0978051907150075e-05,0.0064773531488023835,0.35287758708000183,0,0,0,0,1.2186793088912964,41.165233289342886,0.0012562632229413723,0.015637132709714341,0.28231610499360027,0.015638161272123922,0
405,6.75,0,0.093376000000000001,0.12128,0.0025919999999999997,0.0049919999999999999,0.001472,0.002464,0.0021119999999999997,0.075392000000000001,0.0023999999999999998,0.001952,0.80740233036326248,1.8847999999999998,40,0.00042903332221275528,0.0086175203323364258,0.00040065745657352384,0.00077603757381439209,0.93386092834728585,2.0698824300779961e-05,0.0064341004500675864,0.35036244988441467,0,0,0,0,1.2055126428604126,40.899151520989996,0.0012481430517880248,0.015637776274685457,0.28231488618244499,0.015638661480028813,0
406,6.7666666666666666,0,0.091488,0.12131199999999999,0.00067199999999999996,0.0046080000000000001,0.0015039999999999999,0.002464,0.002496,0.075327999999999992,0.002464,0.001952,0.82336481287163332,1.8831999999999998,40,0.00042812160450789622,0.0083274692296981812,0.00040021195081935097,0.0007696300745010376,0.93480905099235545,2.0423032765393145e-05,0.0063910926711155027,0.34785842895507812,0,0,0,0,1.1927071809768677,40.63919226446442,0.0012402097248676886,0.015637813127929837,0.28231322268012532,0.015638730559166196,0
407,6.7833333333333332,0,0.091455999999999996,0.12140799999999999,0.00070399999999999998,0.0044479999999999997,0.001472,0.002464,0.0026879999999999999,0.075263999999999998,0.002464,0.001952,0.82295311406578031,1.8815999999999999,40,0.00042717387688558437,0.008039131760597229,0.00039966673975842733,0.00075808167457580566,0.93560669644009009,2.0156296159257181e-05,0.0063492198196718908,0.34541815519332886,0,0,0,0,1.1800292730331421,40.382840635084314,0.0012323864939906102,0.01563784992613294,0.28230642823092228,0.015638796881011986,0
408,6.7999999999999998,0,0.093215999999999993,0.12143999999999999,0.002336,0.0044799999999999996,0.001472,0.0023999999999999998,0.0027199999999999998,0.075359999999999996,0.002496,0.001952,0.80844490216271891,1.8839999999999999,40,0.0004262052704015941,0.0077652931213378906,0.00039911765063600042,0.00075484812259674072,0.93644466259164216,1.9893292119377293e-05,0.0063076607580587743,0.34298726916313171,0,0,0,0,1.1674779653549194,40.129249200633772,0.0012246474975779349,0.015637910403127182,0.28229768744339323,0.0156388865854722,0
409,6.8166666666666664,0,0.092927999999999997,0.12140799999999999,0.0021119999999999997,0.0044159999999999998,0.001472,0.0024319999999999997,0.002784,0.075327999999999992,0.002464,0.0019199999999999998,0.81060606060606055,1.8831999999999998,40,0.00042510209829332423,0.0075021237134933472,0.0003985309006338279,0.00074583292007446289,0.93749455068282928,1.9633949705166742e-05,0.0062664104087055677,0.34056472778320312,0,0,0,0,1.1552752256393433,39.879791858532663,0.0012170346636515095,0.015637970589608419,0.28228977293893193,0.015638973910169381,0
410,6.833333333333333,0,0.091647999999999993,0.12131199999999999,0.000736,0.0043839999999999999,0.0014399999999999999,0.0024319999999999997,0.0028159999999999999,0.075392000000000001,0.002464,0.0019840000000000001,0.82262569832402244,1.8847999999999998,40,0.00042401991897290947,0.0073750466108322144,0.00039789150153294987,0.00074079632759094238,0.93837926882480038,1.9379602235858329e-05,0.0062256890760554896,0.33820599317550659,0,0,0,0,1.1431945562362671,39.633615820330157,0.0012095219671731615,0.015638030497685793,0.28228103554588724,0.015639060590406276,0
411,6.8499999999999996,0,0.091392000000000001,0.12131199999999999,0.00067199999999999996,0.0045760000000000002,0.0015039999999999999,0.002496,0.002464,0.075263999999999998,0.002464,0.001952,0.82352941176470584,1.8815999999999999,40,0.00042372213780097904,0.0071288645267486572,0.000397201238395658,0.00073099136352539062,0.93740969130629226,1.9130775399389677e-05,0.0061855921946713686,0.33585718274116516,0,0,0,0,1.1312346458435059,39.392112084139391,0.0012021518580364805,0.015638538075476219,0.28226880992602316,0.015639594159142973,0
412,6.8666666666666663,0,0.093119999999999994,0.12128,0.002336,0.0045760000000000002,0.001472,0.0024319999999999997,0.0025599999999999998,0.075231999999999993,0.0025599999999999998,0.001952,0.80790378006872854,1.8808,40,0.00042272758750779206,0.0068128257989883423,0.00039649769540044642,0.00072434544563293457,0.93795083906876042,1.8885451936512254e-05,0.0061458037613500568,0.33351856470108032,0,0,0,0,1.1196098327636719,39.153770181647971,0.0011948782404067374,0.015638600156221944,0.28225774081411087,0.01563968288019434,0
413,6.8833333333333329,0,0.091583999999999999,0.12134399999999999,0.00070399999999999998,0.0044159999999999998,0.001472,0.0024319999999999997,0.002784,0.075359999999999996,0.002464,0.001952,0.82285115303983225,1.8839999999999999,40,0.00042134155340498876,0.0066620707511901855,0.00039575539750859496,0.00071670114994049072,0.93927454890308271,1.8644597730599344e-05,0.0061064879809264085,0.33123621344566345,0,0,0,0,1.1080993413925171,38.918987688728073,0.0011877132473366722,0.015638863353128602,0.28224688147255322,0.015640004521297157,0
414,6.8999999999999995,0,0.091423999999999991,0.12128,0.00070399999999999998,0.0044159999999999998,0.0015039999999999999,0.0024319999999999997,0.0026879999999999999,0.075296000000000002,0.002464,0.0019199999999999998,0.82359117955897809,1.8824000000000001,40,0.00042087154960585905,0.0063716769218444824,0.0003949639259810739,0.00071045756340026855,0.93844292005708796,1.840848199208267e-05,0.0060676984091305444,0.32896694540977478,0,0,0,0,1.0966955423355103,38.687633775860917,0.0011806528862262243,0.015638924172418342,0.28223107396399366,0.015640090742659936,0
415,6.916666666666667,0,0.091583999999999999,0.12131199999999999,0.00079999999999999993,0.0042880000000000001,0.0014399999999999999,0.0023999999999999998,0.002944,0.075263999999999998,0.002496,0.001952,0.82180293501048218,1.8815999999999999,40,0.00042009784940373927,0.0061660259962081909,0.00039413511753037204,0.00070551037788391113,0.93819836995067429,1.8176144294557162e-05,0.0060292859103806247,0.32670772075653076,0,0,0,0,1.0856101512908936,38.458985622201652,0.0011736750983337907,0.015638941953694693,0.28221461493272992,0.015640133447006627,0
416,6.9333333333333336,0,0.093215999999999993,0.12131199999999999,0.0023679999999999999,0.0044799999999999996,0.0014399999999999999,0.0024319999999999997,0.0027199999999999998,0.075327999999999992,0.002464,0.0019840000000000001,0.80810161345691722,1.8831999999999998,40,0.00041941236809607166,0.0050268545746803284,0.00039324318766065057,0.00070005655288696289,0.93760512939993534,1.7948341337614693e-05,0.0059913840367004836,0.32447630167007446,0,0,0,0,1.0745949745178223,38.23386996552906,0.0011668051136941241,0.015639485616562605,0.28219858867491604,0.015640952505443291,0
417,6.9500000000000002,0,0.091551999999999994,0.12140799999999999,0.00070399999999999998,0.0049919999999999999,0.001472,0.0024319999999999997,0.002176,0.075423999999999991,0.0023999999999999998,0.001952,0.82383781894442498,1.8855999999999997,40,0.0004180640721444432,0.0058947503566741943,0.00039233508603591201,0.00069528818130493164,0.93845683515314926,1.7724372810334899e-05,0.0059538849183259999,0.32228294014930725,0,0,0,0,1.0636929273605347,38.012833935153694,0.001160059629368704,0.015639547017532396,0.28218445318306823,0.015641040672163976,0
418,6.9666666666666668,0,0.091551999999999994,0.121184,0.00076800000000000002,0.0044479999999999997,0.0014399999999999999,0.0023999999999999998,0.0027519999999999997,0.075359999999999996,0.002496,0.0018879999999999999,0.82313876267039499,1.8839999999999999,40,0.00041608244907720638,0.0055797100067138672,0.00039140893921532172,0.00069175660610198975,0.9407004310885837,1.7504380593891256e-05,0.0059168201922808602,0.32009938359260559,0,0,0,0,1.0529026985168457,37.794106490162243,0.0011533845974780958,0.015639608405998685,0.2821682816390918,0.015641128323771743,0
419,6.9833333333333334,0,0.091488,0.12128,0.000736,0.0044159999999999998,0.0014399999999999999,0.0024319999999999997,0.002784,0.075263999999999998,0.002496,0.0019199999999999998,0.8226652675760755,1.8815999999999999,40,0.00041510136467369464,0.0051142424345016479,0.00039042760359840037,0.00068804621696472168,0.94055967246773575,1.7288781236857176e-05,0.0058802689116837469,0.31794622540473938,0,0,0,0,1.0424251556396484,37.577895057426396,0.0011467863481880614,0.015639669574067015,0.28215315660027029,0.015641215379864168,0
420,7,0,0.091551999999999994,0.12128,0.00076800000000000002,0.0043200000000000001,0.001472,0.0023999999999999998,0.0028479999999999998,0.075327999999999992,0.0024319999999999997,0.0019840000000000001,0.82278923453337993,1.8831999999999998,40,0.00041419190028495689,0.0053313076496124268,0.00038940381819241949,0.0006840825080871582,0.94015314622163393,1.7077003576559946e-05,0.0058441429784973509,0.31582611799240112,0,0,0,0,1.0320531129837036,37.365492041242589,0.0011403043225476864,0.015639728088634806,0.28213891698665861,0.015641298919106279,0
421,7.0166666666666666,0,0.091327999999999993,0.121376,0.00060799999999999993,0.0044799999999999996,0.001472,0.0024319999999999997,0.0026879999999999999,0.075263999999999998,0.0024319999999999997,0.001952,0.82410651716888583,1.8815999999999999,40,0.00041297735275384347,0.005086556077003479,0.0003883675825922098,0.00067983567714691162,0.94040891105158886,1.6868938473635353e-05,0.0058084315393461174,0.31371927261352539,0,0,0,0,1.0217798948287964,37.155768987103919,0.001133904082858396,0.015639786409501012,0.28212370924390129,0.015641903486637309,0
422,7.0333333333333332,0,0.091488,0.12124799999999999,0.00070399999999999998,0.0044479999999999997,0.001472,0.0024319999999999997,0.0026879999999999999,0.075359999999999996,0.002464,0.0019199999999999998,0.82371458551941235,1.8839999999999999,40,0.00041145251640712597,0.0049129277467727661,0.00038727705936985045,0.00067557394504547119,0.94124362818733065,1.6664636859786697e-05,0.0057731511083266643,0.31162387132644653,0,0,0,0,1.011803150177002,36.94989667244463,0.0011276213584120065,0.015640060262070793,0.28211258283446761,0.015642245838995969,0
423,7.0499999999999998,0,0.091615999999999989,0.12124799999999999,0.000736,0.0048960000000000002,0.0014399999999999999,0.0024319999999999997,0.0023040000000000001,0.075423999999999991,0.0024319999999999997,0.001952,0.82326231225986723,1.8855999999999997,40,0.00040967846778005109,0.0047834515571594238,0.00038618275752203284,0.00067120790481567383,0.94264841307053349,1.6463702195324004e-05,0.0057382405309160762,0.30955967307090759,0,0,0,0,1.0018907785415649,36.747260005670626,0.0011214373781027413,0.015640041501507971,0.28210212806589635,0.015642234288695673,0
424,7.0666666666666664,0,0.09151999999999999,0.121472,0.00070399999999999998,0.0050239999999999998,0.001536,0.0024319999999999997,0.0020799999999999998,0.075392000000000001,0.0024319999999999997,0.0019199999999999998,0.82377622377622384,1.8847999999999998,40,0.00040841537541190726,0.0047484710812568665,0.00038508442341614915,0.00066828727722167969,0.94287445233366229,1.626623998163268e-05,0.0057037250953447397,0.30753141641616821,0,0,0,0,0.99207973480224609,36.546947291793472,0.0011153243192075645,0.015640070406615542,0.28209317613952944,0.015642290758570626,0
425,7.083333333333333,0,0.09151999999999999,0.12134399999999999,0.00070399999999999998,0.0044799999999999996,0.001472,0.002464,0.0026559999999999999,0.075327999999999992,0.002464,0.001952,0.82307692307692304,1.8831999999999998,40,0.00040809487375274481,0.0054041147232055664,0.0003838716082314609,0.0006646960973739624,0.94064305366413348,1.6073210645117797e-05,0.0056697814146786643,0.30551648139953613,0,0,0,0,0.98236387968063354,36.349381263707457,0.0011092950825106035,0.015640125237511286,0.28208379058887628,0.015642672583381482,0
426,7.0999999999999996,0,0.093056,0.12128,0.0021440000000000001,0.004352,0.0014399999999999999,0.0023999999999999998,0.0028479999999999998,0.075423999999999991,0.002464,0.0019840000000000001,0.81052269601100402,1.8855999999999997,40,0.00040617267565031548,0.0053990334272384644,0.00038265908988977361,0.00066137313842773438,0.94210938556392376,1.588348277437035e-05,0.0056362190827487094,0.3035309910774231,0,0,0,0,0.97293359041213989,36.155073112038714,0.0011033652683117283,0.015640178446531764,0.28207752739011738,0.01564275538596685,0
427,7.1166666666666663,0,0.091423999999999991,0.12166399999999999,0.00070399999999999998,0.0044159999999999998,0.0014399999999999999,0.002464,0.0028159999999999999,0.075231999999999993,0.002464,0.0018879999999999999,0.82289114455722789,1.8808,40,0.00040471416860806639,0.0053614601492881775,0.00038145732114409366,0.00065840780735015869,0.94253512906661996,1.5696490663685836e-05,0.0056029439875275987,0.30157631635665894,0,0,0,0,0.96356546878814697,35.964236410214809,0.0010975413943547,0.015640231251981208,0.28207500877537517,0.015642838302592985,0
428,7.1333333333333329,0,0.091423999999999991,0.12143999999999999,0.00070399999999999998,0.0043200000000000001,0.0013759999999999998,0.0023999999999999998,0.0029759999999999999,0.075263999999999998,0.0024319999999999997,0.001952,0.82324116205810294,1.8815999999999999,40,0.0004032385276657937,0.0053292363882064819,0.00038024304645225171,0.00065506994724273682,0.94297300571288478,1.55128218466416e-05,0.0055700667584224874,0.29963427782058716,0,0,0,0,0.95429420471191406,35.77522390774331,0.0010917731905439243,0.015640252343048115,0.28207342558131737,0.015642889026415401,0
429,7.1499999999999995,0,0.091615999999999989,0.1216,0.00076800000000000002,0.004352,0.001472,0.0023999999999999998,0.0028479999999999998,0.075359999999999996,0.002464,0.001952,0.82256374432413559,1.8839999999999999,40,0.00040151461955121909,0.0050519853830337524,0.00037897804973516838,0.00065177679061889648,0.94387111024440329,1.5332720067817718e-05,0.005537638498099658,0.29770606756210327,0,0,0,0,0.94511377811431885,35.589085933003794,0.0010860927103577818,0.015640250307550535,0.28207217235588616,0.015643186406638483,0
430,7.166666666666667,0,0.091583999999999999,0.12140799999999999,0.00070399999999999998,0.0044799999999999996,0.001472,0.0024319999999999997,0.0026879999999999999,0.075583999999999998,0.0022399999999999998,0.0019840000000000001,0.82529699510831589,1.8896000000000002,40,0.00039990859478147622,0.0050106123089790344,0.00037768943962798008,0.00064888596534729004,0.94443941579790891,1.5155204891925678e-05,0.0055054890594615985,0.2958061695098877,0,0,0,0,0.93620753288269043,35.406085981215988,0.0010805079950322262,0.015640300830208259,0.2820768719443521,0.015643265923802632,0
431,7.1833333333333336,0,0.091359999999999997,0.121504,0.00067199999999999996,0.0044479999999999997,0.0014399999999999999,0.0024319999999999997,0.0027519999999999997,0.075263999999999998,0.0024319999999999997,0.0019199999999999998,0.82381786339754814,1.8815999999999999,40,0.00039860998245343362,0.0049816444516181946,0.00037639932505724504,0.00064474344253540039,0.94427972611352429,1.4980736523284577e-05,0.0054737074315832001,0.29393565654754639,0,0,0,0,0.92736047506332397,35.224941782950729,0.0010749799128097757,0.015640351179706212,0.28208386467960483,0.015643955439028915,0
432,7.2000000000000002,0,0.091488,0.121504,0.00076800000000000002,0.0043200000000000001,0.0014399999999999999,0.0023999999999999998,0.0028799999999999997,0.075200000000000003,0.0025599999999999998,0.0019199999999999998,0.82196572228051767,1.8800000000000001,40,0.00039774036096371389,0.0049625188112258911,0.00037511263442505962,0.00064171850681304932,0.94310930255147374,1.4809110325586516e-05,0.0054422624570276863,0.29207241535186768,0,0,0,0,0.91860491037368774,35.047237923311869,0.0010695568213901327,0.015640380110915779,0.28209136156805131,0.015644013506676241,0
433,7.2166666666666668,0,0.091455999999999996,0.121472,0.00067199999999999996,0.0045119999999999995,0.0015039999999999999,0.0024319999999999997,0.0026559999999999999,0.075263999999999998,0.002496,0.0019199999999999998,0.82295311406578031,1.8815999999999999,40,0.00039689862462574785,0.005415797233581543,0.00037383151287264077,0.00063869357109069824,0.94188160320571024,1.4639802429883275e-05,0.0054110631912560906,0.29021698236465454,0,0,0,0,0.9101136326789856,34.871380399078355,0.0010641900756554674,0.015640431264905913,0.28210065379168481,0.015644048293882305,0
434,7.2333333333333334,0,0.091551999999999994,0.12153599999999999,0.00076800000000000002,0.004352,0.001472,0.0023999999999999998,0.0028479999999999998,0.075296000000000002,0.002496,0.0019199999999999998,0.82243970639636499,1.8824000000000001,40,0.00039566030123151639,0.0057044476270675659,0.00037246102666062242,0.0006354600191116333,0.9413656753061026,1.4474360796157271e-05,0.0053804016199828931,0.28839778900146484,0,0,0,0,0.90167874097824097,34.697266155424167,0.0010588765306220754,0.015640459254493425,0.28210746403320497,0.015644104946083912,0
435,7.25,0,0.091488,0.12182399999999999,0.00070399999999999998,0.0045119999999999995,0.001472,0.002464,0.0025919999999999997,0.075359999999999996,0.002464,0.0019199999999999998,0.82371458551941235,1.8839999999999999,40,0.00039422877935505976,0.0056832209229469299,0.00037108930854507974,0.00063189864158630371,0.94130446070468232,1.4311877748696133e-05,0.005350117334918204,0.28660291433334351,0,0,0,0,0.89330375194549561,34.524956595370746,0.0010536180601614608,0.015640509808712857,0.28211554964944785,0.015644142580969807,0
436,7.2666666666666666,0,0.093183999999999989,0.12143999999999999,0.0023999999999999998,0.0045119999999999995,0.0014399999999999999,0.002464,0.0026559999999999999,0.075327999999999992,0.002464,0.0019199999999999998,0.80837912087912089,1.8831999999999998,40,0.00039172999674538518,0.0051386132836341858,0.00036968751580316607,0.00062872469425201416,0.9437304236965387,1.4151614777802024e-05,0.0053200779651809658,0.2848091721534729,0,0,0,0,0.88501816987991333,34.355101394960862,0.0010484344908130146,0.01564084607903243,0.28212650366090647,0.015644506263818612,0
437,7.2833333333333332,0,0.091359999999999997,0.12143999999999999,0.00060799999999999993,0.0047359999999999998,0.001472,0.002496,0.0023679999999999999,0.075327999999999992,0.0024319999999999997,0.0019199999999999998,0.82451838879159367,1.8831999999999998,40,0.0003901872652299656,0.0051357969641685486,0.00036830483151581255,0.00062537193298339844,0.94391812428512711,1.3994057553645689e-05,0.0052903794861324811,0.28302109241485596,0,0,0,0,0.87681621313095093,34.188812992374686,0.0010433597714958095,0.015640878187204846,0.28214812172386267,0.015644566289852072,0
438,7.2999999999999998,0,0.09151999999999999,0.12124799999999999,0.00067199999999999996,0.0045760000000000002,0.0015039999999999999,0.0024319999999999997,0.0025279999999999999,0.075392000000000001,0.002464,0.001952,0.82377622377622384,1.8847999999999998,40,0.00038844706894537701,0.0051071047782897949,0.00036693513963437501,0.00062255561351776123,0.94462069344632649,1.3838734048476908e-05,0.0052609379484036701,0.28125619888305664,0,0,0,0,0.86886775493621826,34.024443701184161,0.0010383436188105518,0.015640855207254029,0.28217004755539093,0.015644642635225688,0
439,7.3166666666666664,0,0.091551999999999994,0.121376,0.000736,0.0043839999999999999,0.0014399999999999999,0.002464,0.0028159999999999999,0.075359999999999996,0.002464,0.0018879999999999999,0.82313876267039499,1.8839999999999999,40,0.00038669119560950184,0.0050901621580123901,0.00036557444627665573,0.00061959028244018555,0.94539118145795398,1.3685910744243301e-05,0.0052318086249868315,0.2795163094997406,0,0,0,0,0.8609732985496521,33.861840254550209,0.0010333813554245059,0.01564086628383133,0.28219165148380693,0.015644681103198346,0
440,7.333333333333333,0,0.091647999999999993,0.121504,0.000736,0.004352,0.001472,0.0023999999999999998,0.0028479999999999998,0.075392000000000001,0.002496,0.001952,0.82262569832402244,1.8847999999999998,40,0.00038510580823763611,0.0050790458917617798,0.00036422427640979779,0.00061640143394470215,0.94577715687177322,1.3535249308915809e-05,0.0052029317329589878,0.27777940034866333,0,0,0,0,0.85316026210784912,33.700887079766211,0.0010284694543385685,0.015640912639430748,0.28221392900252618,0.015644755392213845,0
441,7.3499999999999996,0,0.091359999999999997,0.121472,0.00070399999999999998,0.0045119999999999995,0.0015039999999999999,0.0024319999999999997,0.0025919999999999997,0.075296000000000002,0.0024319999999999997,0.0018879999999999999,0.82416812609457102,1.8824000000000001,40,0.00038358509753534464,0.005066312849521637,0.00036287679776854826,0.00061303377151489258,0.9460138052811391,1.3386853424890433e-05,0.0051743315365156946,0.27605009078979492,0,0,0,0,0.84542310237884521,33.541532439027698,0.0010236063366402496,0.015640958941215446,0.2822374541559452,0.015644828899292799,0
442,7.3666666666666663,0,0.091647999999999993,0.121088,0.000736,0.0044159999999999998,0.001472,0.0023999999999999998,0.002784,0.075392000000000001,0.002464,0.0019840000000000001,0.82262569832402244,1.8847999999999998,40,0.0003819175788392135,0.0050285756587982178,0.00036153284624370176,0.00060983002185821533,0.94662530942548295,1.324059849139303e-05,0.0051459884359359043,0.27434468269348145,0,0,0,0,0.83792245388031006,33.384002573098982,0.0010187989066497492,0.015641004372566932,0.28225898211799844,0.015644901011981086,0
443,7.3833333333333329,0,0.091615999999999989,0.121376,0.000736,0.0044159999999999998,0.001472,0.0023999999999999998,0.0028159999999999999,0.075359999999999996,0.002464,0.001952,0.82256374432413559,1.8839999999999999,40,0.00038045169918348815,0.0050114840269088745,0.00036019492715199205,0.00060743093490600586,0.94675599537347199,1.309633535129251e-05,0.0051178775583815032,0.27264374494552612,0,0,0,0,0.83046829700469971,33.228290782312676,0.0010140469599094445,0.015641048320032262,0.28228155559321844,0.015644970436096167,0
444,7.3999999999999995,0,0.09151999999999999,0.121152,0.00067199999999999996,0.0045760000000000002,0.0015039999999999999,0.0024319999999999997,0.0025279999999999999,0.075263999999999998,0.002464,0.0020799999999999998,0.82237762237762246,1.8815999999999999,40,0.00037864342135174165,0.0049853101372718811,0.0003588507130584728,0.00060473382472991943,0.94772731499570317,1.2954435078427196e-05,0.0050900756533527464,0.2709694504737854,0,0,0,0,0.82308751344680786,33.073925782370402,0.0010093361139639405,0.015641091698039827,0.28230413516395636,0.015645039451846834,0
445,7.416666666666667,0,0.091359999999999997,0.121472,0.00070399999999999998,0.0046080000000000001,0.001536,0.002464,0.002464,0.075231999999999993,0.002464,0.0018879999999999999,0.82346760070052538,1.8808,40,0.00037499096841967725,0.0049485564231872559,0.00035744537227102034,0.00060202181339263916,0.95321061671805263,1.2815218724426813e-05,0.0050626512272576732,0.26929974555969238,0,0,0,0,0.81577563285827637,32.92115846871279,0.0010046740255344479,0.015641134580857263,0.28232673327844415,0.015645107316212527,0
446,7.4333333333333336,0,0.093023999999999996,0.12153599999999999,0.002336,0.0051839999999999994,0.001472,0.0024319999999999997,0.0019840000000000001,0.075263999999999998,0.0024319999999999997,0.0019199999999999998,0.80908152734778127,1.8815999999999999,40,0.00037074234707659665,0.0037851184606552124,0.00035596348976143648,0.00059776008129119873,0.96013712101761384,1.267900279344758e-05,0.0050356733002544117,0.26764816045761108,0,0,0,0,0.80868834257125854,32.769630710026654,0.0010000497653206376,0.015641112565519786,0.28235041312180564,0.015645138529881614,0
447,7.4500000000000002,0,0.093472,0.12121599999999999,0.002624,0.0043839999999999999,0.001408,0.002464,0.002784,0.075423999999999991,0.002464,0.0019199999999999998,0.80691543991783632,1.8855999999999997,40,0.00036916593746247675,0.0036763697862625122,0.00035451072967446342,0.00059486925601959229,0.96030184179843803,1.2544829587568529e-05,0.0050089578931287754,0.26600068807601929,0,0,0,0,0.80164319276809692,32.619692398311287,0.00099547401117893331,0.015641120697357007,0.28237251959931331,0.015645168040057087,0
448,7.4666666666666668,0,0.093183999999999989,0.121376,0.0023679999999999999,0.0046080000000000001,0.001472,0.002464,0.002496,0.075296000000000002,0.0024319999999999997,0.0020479999999999999,0.80803571428571441,1.8824000000000001,40,0.00036741618108761731,0.0034175515174865723,0.00035306664295531136,0.00059263408184051514,0.96094473006107473,1.2412748219503555e-05,0.004982519085664109,0.26438146829605103,0,0,0,0,0.79464352130889893,32.471529422049379,0.00099095243597562802,0.015641127421231794,0.28239446586287154,0.015645232129237782,0
449,7.4833333333333334,0,0.091488,0.12128,0.00070399999999999998,0.00464,0.001536,0.002496,0.0024319999999999997,0.075296000000000002,0.0024319999999999997,0.001952,0.82301504022385452,1.8824000000000001,40,0.00036585536830667189,0.0033900588750839233,0.0003516442889359235,0.00059023499488830566,0.96115656458309451,1.2281934687052853e-05,0.0049561950500465277,0.26276779174804688,0,0,0,0,0.78771376609802246,32.324435990066632,0.00098646350067342018,0.015641170072795522,0.28241638282966863,0.015645295627395157,0
450,7.5,0,0.091488,0.12140799999999999,0.00070399999999999998,0.0044799999999999996,0.001472,0.0024319999999999997,0.0026879999999999999,0.075296000000000002,0.002464,0.001952,0.82301504022385452,1.8824000000000001,40,0.00036438617952830164,0.003581121563911438,0.00035022062175549647,0.00058735907077789307,0.96112487638487687,1.2153655006841291e-05,0.004930244417235578,0.26116436719894409,0,0,0,0,0.78084933757781982,32.178744893497985,0.00098201736125176956,0.015641212341174604,0.28243769461202167,0.01564535818589138,0
451,7.5166666666666666,0,0.091455999999999996,0.12153599999999999,0.000736,0.00496,0.0015039999999999999,0.0024319999999999997,0.0022079999999999999,0.075231999999999993,0.002464,0.0019199999999999998,0.82260321903428968,1.8808,40,0.00036276701105147701,0.003500133752822876,0.00034880359042961813,0.00058388710021972656,0.96150857107600263,1.2027167031192221e-05,0.0049045217975236324,0.25958698987960815,0,0,0,0,0.77419990301132202,32.034576818106771,0.0009776177007478873,0.015641254134257692,0.28245946997342619,0.015645419675746803,0
452,7.5333333333333332,0,0.091488,0.12134399999999999,0.00067199999999999996,0.0045439999999999994,0.0015039999999999999,0.0024319999999999997,0.0025919999999999997,0.075359999999999996,0.002464,0.0019199999999999998,0.82371458551941235,1.8839999999999999,40,0.00036125467988741881,0.0034331679344177246,0.00034740495494545333,0.00058120489120483398,0.96166215771576558,1.1901852303708438e-05,0.0048789040375290102,0.25801557302474976,0,0,0,0,0.76759034395217896,31.891445765045962,0.00097324968765399053,0.015641295681423598,0.28248053772344861,0.01564548042981577,0
453,7.5499999999999998,0,0.091615999999999989,0.12131199999999999,0.00079999999999999993,0.0043200000000000001,0.0014399999999999999,0.0024319999999999997,0.0028479999999999998,0.075423999999999991,0.002464,0.0018879999999999999,0.82326231225986723,1.8855999999999997,40,0.00035920854768042469,0.0033801794052124023,0.00034599419695347032,0.0005779564380645752,0.96321259387538094,1.177903322968632e-05,0.0048536652603339506,0.25647038221359253,0,0,0,0,0.76102352142333984,31.749506616717657,0.00096891804860588552,0.015641336972286202,0.2825029622386766,0.015645540389035362,0
454,7.5666666666666664,0,0.093183999999999989,0.121376,0.0024319999999999997,0.00496,0.0014399999999999999,0.0024319999999999997,0.0022079999999999999,0.075327999999999992,0.0024319999999999997,0.001952,0.80837912087912089,1.8831999999999998,40,0.0003577122588724745,0.00334949791431427,0.00034459723160731555,0.00057527422904968262,0.96333637738192668,1.1657569302769843e-05,0.0048285752148578658,0.25493183732032776,0,0,0,0,0.75452220439910889,31.609353124480222,0.00096464090345703803,0.015641347386894003,0.28252569764714835,0.015645915376974986,0
455,7.583333333333333,0,0.091615999999999989,0.12124799999999999,0.000736,0.0044479999999999997,0.0014399999999999999,0.002464,0.0027519999999999997,0.075359999999999996,0.002464,0.001952,0.82256374432413559,1.8839999999999999,40,0.00035619979082626891,0.0033508241176605225,0.00034320098775631358,0.00057321786880493164,0.96350698848025063,1.1537980753928423e-05,0.0048037445298284593,0.25342187285423279,0,0,0,0,0.74823027849197388,31.47112164303223,0.00096042241342261445,0.015641006025433918,0.28255381219407272,0.015646927728623569,0
456,7.5999999999999996,0,0.09151999999999999,0.12128,0.000736,0.004352,0.001472,0.0023999999999999998,0.0028159999999999999,0.075392000000000001,0.0024319999999999997,0.0019199999999999998,0.82377622377622384,1.8847999999999998,40,0.00035473676170699124,0.0032995641231536865,0.00034178744023948812,0.00056983530521392822,0.96349596978562058,1.1420464943512343e-05,0.0047792185435513081,0.25191429257392883,0,0,0,0,0.74197536706924438,31.336038354705131,0.00095629999861771031,0.015640298805441512,0.2825906215580844,0.015646804421328323,0
457,7.6166666666666663,0,0.091423999999999991,0.12134399999999999,0.00070399999999999998,0.0046080000000000001,0.001472,0.002464,0.0025279999999999999,0.075231999999999993,0.002464,0.001952,0.82289114455722789,1.8808,40,0.00035358321310944993,0.0032653957605361938,0.00034033893075575175,0.00056704878807067871,0.9625426720990895,1.1304798135824967e-05,0.0047549549179408566,0.25040161609649658,0,0,0,0,0.73575806617736816,31.202312953501465,0.00095221902323918046,0.015640313919941085,0.28262963455152951,0.015646784670391871,0
458,7.6333333333333329,0,0.091488,0.121472,0.000736,0.0048960000000000002,0.0014399999999999999,0.0023999999999999998,0.002336,0.075296000000000002,0.002464,0.0019199999999999998,0.82301504022385452,1.8824000000000001,40,0.00035184132591005186,0.0032619088888168335,0.00033890085641417943,0.00056375563144683838,0.9632207232552874,1.1191084922757e-05,0.0047309797976226873,0.24891906976699829,0,0,0,0,0.72958153486251831,31.069784923126047,0.00094817458871844626,0.015640372018014711,0.28266798341377297,0.015646808594989983,0
459,7.6499999999999995,0,0.091583999999999999,0.12131199999999999,0.00070399999999999998,0.0044159999999999998,0.0014399999999999999,0.002464,0.0027519999999999997,0.075392000000000001,0.002464,0.001952,0.82320055904961564,1.8847999999999998,40,0.00035007151061227368,0.0032530725002288818,0.00033747121354953477,0.00056123733520507812,0.96400650529744325,1.1078700481448323e-05,0.0047071648540173991,0.24744522571563721,0,0,0,0,0.72346723079681396,30.938340669309017,0.00094416322843350272,0.015640394588784693,0.28270682800641078,0.015646791612148346,0
460,7.666666666666667,0,0.091583999999999999,0.12128,0.00076800000000000002,0.0043839999999999999,0.0014399999999999999,0.0024319999999999997,0.0028159999999999999,0.075327999999999992,0.002496,0.0019199999999999998,0.82250174703004886,1.8831999999999998,40,0.00034859034424665036,0.0032673552632331848,0.00033604728704136004,0.00055837631225585938,0.9640177721147225,1.0968148671963718e-05,0.0046836201109747826,0.24600152671337128,0,0,0,0,0.71755427122116089,30.808204616275063,0.00094019179126815988,0.015640450692239523,0.28274538264919491,0.015646814182334979,0
461,7.6833333333333336,0,0.091392000000000001,0.121184,0.00070399999999999998,0.0045119999999999995,0.001472,0.002464,0.002624,0.07510399999999999,0.0025599999999999998,0.001952,0.82177871148459369,1.8775999999999997,40,0.00034710316452671232,0.0031939297914505005,0.00033463842887744138,0.00055584311485290527,0.96408924803014384,1.0858635505428538e-05,0.0046601792895614082,0.24456614255905151,0,0,0,0,0.7116769552230835,30.679102810865022,0.0009362519168354804,0.015640506131002509,0.28278327303729117,0.015646836692755597,0
462,7.7000000000000002,0,0.091423999999999991,0.121472,0.00070399999999999998,0.0044479999999999997,0.0015039999999999999,0.0024319999999999997,0.0026879999999999999,0.075296000000000002,0.0023999999999999998,0.001952,0.82359117955897809,1.8824000000000001,40,0.0003456975672536599,0.0032180696725845337,0.0003332376979046727,0.00055322051048278809,0.963957312607165,1.0750544788606931e-05,0.0046369267383919123,0.24313926696777344,0,0,0,0,0.70583564043045044,30.551056655201954,0.00093234425827642682,0.015640560973330459,0.28281896882540897,0.015646859212541397,0
463,7.7166666666666668,0,0.09151999999999999,0.12131199999999999,0.000736,0.0048960000000000002,0.0014399999999999999,0.0023999999999999998,0.002336,0.075359999999999996,0.0024319999999999997,0.0019199999999999998,0.82342657342657344,1.8839999999999999,40,0.00034401260547863493,0.0032375156879425049,0.00033184060415996779,0.0005499422550201416,0.96461757178423191,1.0644142093951814e-05,0.0046139228632372719,0.24173952639102936,0,0,0,0,0.70003306865692139,30.424265594847583,0.00092847490218651071,0.015640608328405751,0.28285424580495722,0.015646852836084212,0
464,7.7333333333333334,0,0.091455999999999996,0.12134399999999999,0.00063999999999999994,0.0044159999999999998,0.0014399999999999999,0.0024319999999999997,0.002784,0.075359999999999996,0.002464,0.0019199999999999998,0.82400279916025188,1.8839999999999999,40,0.0003426171003136256,0.0032194554805755615,0.00033045137597859087,0.00054685771465301514,0.96449177719413759,1.0539092727412935e-05,0.0045910985019737786,0.24034798145294189,0,0,0,0,0.69428914785385132,30.298306266402289,0.00092463092854010891,0.015640662547054228,0.28288931316297472,0.015646831519029139,0
465,7.75,0,0.091583999999999999,0.12128,0.00076800000000000002,0.0043200000000000001,0.0014399999999999999,0.0024319999999999997,0.0028479999999999998,0.075423999999999991,0.0024319999999999997,0.0019199999999999998,0.82354996505939893,1.8855999999999997,40,0.0003408894428460679,0.0031977072358131409,0.00032906081730058024,0.00054492056369781494,0.96530069852932054,1.043566589942202e-05,0.0045685152729135143,0.238979771733284,0,0,0,0,0.68860054016113281,30.173188035005012,0.00092081262313858069,0.015640709352079982,0.28292455925341459,0.015646839553218422,0
466,7.7666666666666666,0,0.091615999999999989,0.121184,0.000736,0.0043839999999999999,0.0014399999999999999,0.0024319999999999997,0.0028159999999999999,0.075392000000000001,0.002496,0.0019199999999999998,0.82291302829200152,1.8847999999999998,40,0.00033936535640412724,0.0031458139419555664,0.00032767899445316963,0.00054237246513366699,0.96556406913544501,1.0333424143027514e-05,0.0045460805410875672,0.23762056231498718,0,0,0,0,0.68310040235519409,30.049260750677902,0.00091703066255730903,0.015640763067223215,0.282958753036821,0.015646862312159483,0
467,7.7833333333333332,0,0.091423999999999991,0.121568,0.00070399999999999998,0.0044159999999999998,0.001408,0.0024319999999999997,0.0028159999999999999,0.075167999999999999,0.0025599999999999998,0.0019199999999999998,0.82219110955547781,1.8791999999999998,40,0.00033795146077343348,0.0031720250844955444,0.00032630465745629191,0.00053976476192474365,0.96553705289367064,1.0232563909085002e-05,0.0045238399417054983,0.23626817762851715,0,0,0,0,0.67763179540634155,29.926252062956802,0.00091327673531972663,0.015640816162726081,0.28299342792365323,0.015646885036064446,0
468,7.7999999999999998,0,0.091327999999999993,0.121504,0.00057600000000000001,0.0043839999999999999,0.0014399999999999999,0.0024319999999999997,0.002784,0.075296000000000002,0.002464,0.001952,0.8244569025928522,1.8824000000000001,40,0.00033642532173999397,0.0031769871711730957,0.00032492362180961798,0.00053672492504119873,0.9658120266605108,1.0133295290870592e-05,0.0045018430205573789,0.23494146764278412,0,0,0,0,0.67219525575637817,29.803995241365161,0.00090954575321548954,0.015640868915353417,0.2830266862096425,0.015646907788588259,0
469,7.8166666666666664,0,0.091551999999999994,0.121152,0.00070399999999999998,0.0045439999999999994,0.001472,0.0024319999999999997,0.002624,0.075327999999999992,0.002464,0.0019840000000000001,0.82278923453337993,1.8831999999999998,40,0.00033509828831311208,0.0031484216451644897,0.00032355546792300205,0.00053453445434570312,0.96555392613845714,1.0034895240096375e-05,0.0044799319727193126,0.23362082242965698,0,0,0,0,0.66679346561431885,29.682899122997146,0.00090585019296255938,0.015640921107925969,0.28306022587573132,0.015646930392095072,0
470,7.833333333333333,0,0.093280000000000002,0.12140799999999999,0.0023999999999999998,0.0050559999999999997,0.0014399999999999999,0.0023999999999999998,0.0021440000000000001,0.075392000000000001,0.0024319999999999997,0.002016,0.80823327615780449,1.8847999999999998,40,0.00033375429104905613,0.0031197667121887207,0.00032218590394581458,0.0005321204662322998,0.96533861162689538,9.9380113169900142e-06,0.0044582533164884237,0.23230719566345215,0,0,0,0,0.66144508123397827,29.562619794327105,0.00090217955915304886,0.015640909845723354,0.28309269325348024,0.015646927395910535,0
471,7.8499999999999996,0,0.093247999999999998,0.12140799999999999,0.0025599999999999998,0.0044799999999999996,0.0014399999999999999,0.002464,0.002624,0.075296000000000002,0.002464,0.0019199999999999998,0.80748112560054908,1.8824000000000001,40,0.00033250458433687746,0.0030913800001144409,0.00032082207663579906,0.00052981078624725342,0.96486512291438897,9.8423261079005897e-06,0.0044367389167947642,0.23101574182510376,0,0,0,0,0.65627837181091309,29.443558846234744,0.00089854610736800366,0.015640934720405137,0.28312456627252663,0.015646888015857268,0
472,7.8666666666666663,0,0.092927999999999997,0.12121599999999999,0.0020799999999999998,0.0044479999999999997,0.0015039999999999999,0.0023999999999999998,0.0027199999999999998,0.075359999999999996,0.002464,0.001952,0.81095041322314043,1.8839999999999999,40,0.00033112724038401084,0.0030628442764282227,0.00031945732015477242,0.00052687525749206543,0.96475699125295544,9.7480442491360009e-06,0.0044154375205943067,0.22973251342773438,0,0,0,0,0.65114235877990723,29.325391522770691,0.00089493992684236726,0.01564095907410526,0.2831556431243043,0.015646884687568606,0
473,7.8833333333333329,0,0.092960000000000001,0.12166399999999999,0.0021119999999999997,0.0045119999999999995,0.0014399999999999999,0.002464,0.0026879999999999999,0.075359999999999996,0.0023999999999999998,0.0019840000000000001,0.81067125645438898,1.8839999999999999,40,0.00032974133123871662,0.0030425935983657837,0.00031810432125793881,0.00052453577518463135,0.96470867046887376,9.6547400971758179e-06,0.0043942553628972944,0.2284550666809082,0,0,0,0,0.64603716135025024,29.208087890446269,0.00089136010407856044,0.015641009200901463,0.28318595305734479,0.015646907478802687,0
474,7.8999999999999995,0,0.091455999999999996,0.12128,0.000736,0.004352,0.001472,0.0023999999999999998,0.0028159999999999999,0.075167999999999999,0.0025919999999999997,0.0019199999999999998,0.82190342897130864,1.8791999999999998,40,0.00032799036044475299,0.0030654966831207275,0.00031674661975545281,0.00052219629287719727,0.96571929530473477,9.5629202405689284e-06,0.004373310014295563,0.22720173001289368,0,0,0,0,0.64096301794052124,29.09162770693554,0.00088780602132981995,0.015641058883711454,0.2832155154897783,0.015646930179175379,0
475,7.916666666666667,0,0.09151999999999999,0.12143999999999999,0.00070399999999999998,0.0049919999999999999,0.001472,0.0023999999999999998,0.0022399999999999998,0.075263999999999998,0.002464,0.0019840000000000001,0.82237762237762246,1.8815999999999999,40,0.00032662216309713795,0.0030284672975540161,0.00031540045454065167,0.00051978230476379395,0.96564315032979275,9.4720498964306898e-06,0.0043524820267131928,0.22595378756523132,0,0,0,0,0.63592219352722168,28.976016486339375,0.00088427784687314989,0.015641108133789546,0.28324538762318013,0.015646952963415454,0
476,7.9333333333333336,0,0.091551999999999994,0.12124799999999999,0.00070399999999999998,0.0044479999999999997,0.001472,0.0024319999999999997,0.0027199999999999998,0.075392000000000001,0.002464,0.0019199999999999998,0.82348829080741004,1.8847999999999998,40,0.00032545134901081795,0.0030245780944824219,0.00031405926586933186,0.00051715970039367676,0.9649960487915894,9.3824137366027571e-06,0.0043318388096979686,0.22472749650478363,0,0,0,0,0.63093167543411255,28.861339403571094,0.00088077818004062176,0.015641156079466721,0.28327657266449646,0.015646949239174632,0
477,7.9500000000000002,0,0.091423999999999991,0.12153599999999999,0.00070399999999999998,0.0048639999999999994,0.001472,0.0024319999999999997,0.0023040000000000001,0.075231999999999993,0.002464,0.001952,0.82289114455722789,1.8808,40,0.00032411159983327395,0.0029966086149215698,0.00031272927514055225,0.00051486492156982422,0.96488146459868485,9.2937289082328789e-06,0.0043113174107766361,0.22350510954856873,0,0,0,0,0.6261143684387207,28.747813059624331,0.00087731363096998081,0.015641203568333199,0.28330595530116515,0.01564697355029912,0
478,7.9666666666666668,0,0.091615999999999989,0.121472,0.000736,0.0048960000000000002,0.001472,0.0024319999999999997,0.0022719999999999997,0.075359999999999996,0.002464,0.0019840000000000001,0.82256374432413559,1.8839999999999999,40,0.00032279802147330361,0.0029668509960174561,0.00031140317601951296,0.00051264464855194092,0.96469976674025848,9.2062036856077611e-06,0.0042909681158469961,0.22229041159152985,0,0,0,0,0.6213262677192688,28.634976545813561,0.000873870133844408,0.015641250668482369,0.28333551007753954,0.015646997688803895,0
479,7.9833333333333334,0,0.09151999999999999,0.12131199999999999,0.000736,0.0049280000000000001,0.001472,0.0024319999999999997,0.0022719999999999997,0.075296000000000002,0.0024319999999999997,0.001952,0.82272727272727286,1.8824000000000001,40,0.00032144561119050241,0.0029418468475341797,0.0003100874115828679,0.00051060318946838379,0.9646652521850636,9.1195615823380649e-06,0.004270728645638368,0.22108107805252075,0,0,0,0,0.61656731367111206,28.522703940355868,0.00087044384583605553,0.015641297694980003,0.2833647992561894,0.015647021954591459,0
480,8,0,0.091455999999999996,0.12124799999999999,0.00063999999999999994,0.0044799999999999996,0.0015039999999999999,0.0024319999999999997,0.002624,0.075296000000000002,0.002496,0.0019840000000000001,0.82330300909727083,1.8824000000000001,40,0.00031970504647832124,0.0030227899551391602,0.00030877274826874787,0.00050778687000274658,0.96580504959181279,9.0341991381137632e-06,0.0042506938582103897,0.21989449858665466,0,0,0,0,0.61183738708496094,28.41134579110512,0.00086704546481644043,0.015641344351782341,0.28339403734988311,0.015647045973241798,0
