step_index,simulation_time_s,emitter_enabled,solver_gpu_ms,diagnostics_gpu_ms,source_gpu_ms,velocity_advection_gpu_ms,buoyancy_gpu_ms,divergence_gpu_ms,pressure_clear_gpu_ms,pressure_solve_gpu_ms,pressure_gradient_gpu_ms,scalar_advection_gpu_ms,pressure_fraction,pressure_iteration_us,pressure_iterations,rms_divergence_before,max_abs_divergence_before,rms_divergence_after,max_abs_divergence_after,divergence_remaining_fraction,kinetic_energy,velocity_rms,velocity_max,nonfinite_divergence_before,nonfinite_divergence_after,nonfinite_velocity,density_min,density_max,density_sum,density_integral,density_centre_x,density_centre_y,density_centre_z,nonfinite_density_cells,enstrophy,max_vorticity
1,0.016666666666666666,1,0.097535999999999998,0.16364799999999999,0.0013759999999999998,0.003712,0.001408,0.0024319999999999997,0.0027519999999999997,0.075679999999999997,0.0054079999999999996,0.0047679999999999997,0.77591863517060367,1.8919999999999999,40,0.00015625002644810369,0.020000003278255463,1.484763771158628e-06,1.8566337530501187e-05,0.0095024865269496255,7.21760845534547e-12,3.7993705940182962e-06,0.00049479445442557335,0,0,0,0,0.49916735291481018,0.49916735291481018,1.5233378690027166e-05,0.015625,-0.234375,0.015625,0,1.8310553073774827e-08,0.010000001639127731
2,0.033333333333333333,1,0.102784,0.16950399999999999,0.002016,0.0036159999999999999,0.001472,0.0024319999999999997,0.0022719999999999997,0.083199999999999996,0.0027519999999999997,0.0050239999999999998,0.80946450809464499,2.0800000000000001,40,0.00031093611757512996,0.039799369871616364,3.5451352555179656e-06,4.1396939195692539e-05,0.011401490708654559,6.4488185624878014e-11,1.1356776446234909e-05,0.0014785805251449347,0,0,0,0,0.99750345945358276,0.99750345945358276,3.0441389753832482e-05,0.015625,-0.234375,0.015625,0,1.6364239741051279e-07,0.029894908890128136
3,0.050000000000000003,1,0.10352,0.168512,0.0019199999999999998,0.0037439999999999999,0.001472,0.0023999999999999998,0.002336,0.08409599999999999,0.0025919999999999997,0.00496,0.81236476043276651,2.1023999999999998,40,0.00046401407057756078,0.059392087161540985,5.937385278011331e-06,6.5986299887299538e-05,0.012795700937734574,2.5611079923493207e-10,2.2632313148899829e-05,0.002946050837635994,0,0,0,0,1.4950097799301147,1.4950097799301147,4.5624077756656334e-05,0.015625,-0.234375,0.015625,0,6.499952860394842e-07,0.059580530971288681
4,0.066666666666666666,1,0.094432000000000002,0.16390399999999999,0.002016,0.0037759999999999998,0.001472,0.0024319999999999997,0.0019199999999999998,0.075616000000000003,0.0022079999999999999,0.0049919999999999999,0.80074550999661132,1.8904000000000001,40,0.00061548768646037331,0.078778892755508423,8.5506234485267599e-06,9.1514084488153458e-05,0.01389243625278809,7.0637695692710167e-10,3.758661881380398e-05,0.0048920311965048313,0,0,0,0,1.991687536239624,1.991687536239624,6.0781479987781495e-05,0.015625,-0.234375,0.015625,0,1.7929351088241674e-06,0.098953574895858765
5,0.083333333333333329,1,0.14851200000000001,0.163296,0.0018879999999999999,0.0036799999999999997,0.0052480000000000001,0.0023999999999999998,0.0027199999999999998,0.125056,0.002464,0.0050559999999999997,0.8420599008834303,3.1263999999999998,40,0.00076344514270469037,0.097960598766803741,1.130222502729006e-05,0.00011736806482076645,0.014804239879304458,1.5755038385023568e-09,5.6133837184043579e-05,0.0073053129017353058,0,0,0,0,2.4875380992889404,2.4956631399691105,7.6161594847690139e-05,0.015625,-0.23427326049950858,0.015625,0,3.9992733036342543e-06,0.14778816699981689
6,0.10000000000000001,1,0.15174399999999999,0.16383999999999999,0.0021119999999999997,0.003872,0.0057599999999999995,0.0024319999999999997,0.001696,0.128576,0.0024319999999999997,0.0048639999999999994,0.84732180514550826,3.2143999999999999,40,0.00091090216809139671,0.1169382631778717,1.4262479096362182e-05,0.00014483416453003883,0.015657531177301068,3.0777116410973804e-09,7.8456505671580613e-05,0.010205048136413097,0,0,0,0,2.9825630187988281,2.9996849168092012,9.1543118799108925e-05,0.015625,-0.23419662816173598,0.015625,0,7.8097746154526249e-06,0.20640268921852112
7,0.11666666666666667,1,0.094751999999999989,0.164128,0.0020479999999999999,0.003712,0.001472,0.0023679999999999999,0.0022719999999999997,0.075743999999999992,0.0022079999999999999,0.0049280000000000001,0.79939209726443772,1.8935999999999997,40,0.001056768022582107,0.13571052253246307,1.739842664596613e-05,0.00017340853810310364,0.016463808777497653,5.4730087128973537e-09,0.00010462321647605138,0.013597346842288971,0,0,0,0,3.4767634868621826,3.5016772206872702,0.00010686270815085663,0.015625,-0.23415266249343758,0.015625,0,1.3879226571589243e-05,0.27488318085670471
8,0.13333333333333333,1,0.094495999999999997,0.164128,0.0020479999999999999,0.0038399999999999997,0.001472,0.002464,0.0018239999999999999,0.075455999999999995,0.0024319999999999997,0.00496,0.79850998984083976,1.8863999999999996,40,0.0012059328158605827,0.1556437611579895,2.0631934376062918e-05,0.00020229816436767578,0.017108693042190308,9.0461025337162937e-09,0.00013450726771231579,0.017461374402046204,0,0,0,0,3.9701409339904785,3.9993798527866602,0.0001220513871089679,0.015625,-0.23414653552650319,0.015625,0,2.2920354240341112e-05,0.35275226831436157
9,0.14999999999999999,1,0.094783999999999993,0.16352,0.0020799999999999998,0.0037759999999999998,0.0014399999999999999,0.0024319999999999997,0.0017279999999999999,0.075839999999999991,0.0024319999999999997,0.0050559999999999997,0.80013504388926393,1.8959999999999997,40,0.001350338469267296,0.17438285052776337,2.3975986883157483e-05,0.00023187790066003799,0.017755538651110962,1.4146117166546901e-08,0.00016820295577989644,0.021809983998537064,0,0,0,0,4.4626970291137695,4.5056031942367554,0.00013750009748036973,0.015625,-0.23407741106411492,0.015625,0,3.5810891859000549e-05,0.44028556346893311
10,0.16666666666666666,1,0.09423999999999999,0.163744,0.002016,0.0038079999999999998,0.001472,0.0024319999999999997,0.001792,0.075551999999999994,0.0022719999999999997,0.0048960000000000002,0.80169779286927001,1.8887999999999998,40,0.0015040871843275438,0.19506597518920898,2.7501072986612962e-05,0.0002629552036523819,0.01828422798436934,2.1166554731166798e-08,0.00020575011412471585,0.026628680527210236,0,0,0,0,4.954432487487793,5.0051026791334152,0.00015274361203410081,0.015625,-0.23405863416488393,0.015625,0,5.3508963901549578e-05,0.53693068027496338
11,0.18333333333333332,1,0.094975999999999991,0.16345599999999999,0.0019840000000000001,0.0043839999999999999,0.001536,0.0024319999999999997,0.001472,0.076128000000000001,0.0021440000000000001,0.0048960000000000002,0.80154986522911065,1.9032,40,0.0016391637798160044,0.21372494101524353,3.1059600211779524e-05,0.00029351562261581421,0.018948442244902431,3.051636809914271e-08,0.00024704804431180063,0.03191005066037178,0,0,0,0,5.4453492164611816,5.5127513036131859,0.00016823581859171099,0.015625,-0.23399291941854522,0.015625,0,7.7039629104547203e-05,0.64265090227127075
12,0.20000000000000001,1,0.10908799999999999,0.163744,0.0021440000000000001,0.0037439999999999999,0.001472,0.0024319999999999997,0.0021119999999999997,0.089791999999999997,0.0024319999999999997,0.00496,0.82311528307421533,2.2448000000000001,40,0.0017840197474445426,0.2322843074798584,3.4877922539948424e-05,0.00032714568078517914,0.019550188606324619,4.2802202671055056e-08,0.00029258230524437069,0.037707235664129257,0,0,0,0,5.9354486465454102,6.0091192871332169,0.00018338376730753225,0.015625,-0.23399188104223551,0.015625,0,0.00010789929365273565,0.75840747356414795
13,0.21666666666666667,1,0.094463999999999992,0.16383999999999999,0.0022719999999999997,0.003872,0.0015039999999999999,0.0024319999999999997,0.0017279999999999999,0.07551999999999999,0.0022399999999999998,0.0048960000000000002,0.79945799457994571,1.8879999999999999,40,0.0019315437888532644,0.25435137748718262,3.8675749302463391e-05,0.00035914033651351929,0.020023231948277365,5.8431464111663445e-08,0.00034185220230872714,0.043948989361524582,0,0,0,0,6.4247317314147949,6.5120385363698006,0.00019873164478667604,0.015625,-0.23395603170925569,0.015625,0,0.00014708092203363776,0.8827216625213623
14,0.23333333333333334,1,0.096863999999999992,0.164128,0.0020479999999999999,0.0037439999999999999,0.0022399999999999998,0.002464,0.0033599999999999997,0.075839999999999991,0.002176,0.0049919999999999999,0.78295341922695738,1.8959999999999997,40,0.0020577370415948487,0.26841652393341064,4.267379728922336e-05,0.0003936421126127243,0.020738216995962244,7.8089762212130154e-08,0.00039519555213116998,0.050648685544729233,0,0,0,0,6.9131999015808105,7.022684633731842,0.0002143153269571485,0.015625,-0.23388780769988077,0.015625,0,0.00019622402032837272,1.015532374382019
15,0.25,1,0.094719999999999999,0.16428799999999999,0.0021440000000000001,0.0038079999999999998,0.001472,0.0024319999999999997,0.001952,0.075808,0.0021440000000000001,0.00496,0.80033783783783785,1.8952000000000002,40,0.0021901021147756614,0.28556060791015625,4.6947134100311967e-05,0.00043077766895294189,0.021436048019670032,1.0243812909038752e-07,0.0004526325863001636,0.057814538478851318,0,0,0,0,7.4008545875549316,7.5154385566711426,0.00022935298329684883,0.015625,-0.23389854756041439,0.015625,0,0.00025697104865685105,1.1570786237716675
16,0.26666666666666666,1,0.094783999999999993,0.16380799999999998,0.0022079999999999999,0.0038079999999999998,0.001472,0.002464,0.0018879999999999999,0.075775999999999996,0.0021440000000000001,0.0050239999999999998,0.79945982444294394,1.8943999999999999,40,0.0023502866737453733,0.30828064680099487,5.1449983098256429e-05,0.00047001242637634277,0.021890939379010599,1.3224500605701905e-07,0.00051428592447590681,0.065453141927719116,0,0,0,0,7.8876972198486328,8.0128411203622818,0.00024453250489386846,0.015625,-0.23388694004319971,0.015625,0,0.00033116797567345202,1.3074659109115601
17,0.28333333333333333,1,0.094528000000000001,0.163936,0.002016,0.0036479999999999998,0.0014399999999999999,0.0023999999999999998,0.0022399999999999998,0.075583999999999998,0.0023040000000000001,0.0048960000000000002,0.79959377115775221,1.8896000000000002,40,0.002535239989365951,0.33090019226074219,5.5983851001337218e-05,0.00050762295722961426,0.022082268832994568,1.6807334191071277e-07,0.0005797815828580842,0.073470935225486755,0,0,0,0,8.3737297058105469,8.5171710103750229,0.00025992343171310495,0.015625,-0.23384870544020078,0.015625,0,0.0004200609982945025,1.464402437210083
18,0.29999999999999999,1,0.094687999999999994,0.16336000000000001,0.0020479999999999999,0.0038079999999999998,0.001472,0.0024319999999999997,0.0020799999999999998,0.075551999999999994,0.0023040000000000001,0.0049919999999999999,0.79790469753295035,1.8887999999999998,40,0.0026749744334709702,0.34568190574645996,6.0397465152161341e-05,0.00054347515106201172,0.022578707443491833,2.1058239951798896e-07,0.00064897210959792247,0.081859484314918518,0,0,0,0,8.858952522277832,9.0298927873373032,0.00027557045859794016,0.015625,-0.23378342229150278,0.015625,0,0.00052530039101839066,1.6279172897338867
19,0.31666666666666665,1,0.095264000000000001,0.16358399999999998,0.0020799999999999998,0.0036799999999999997,0.001472,0.0023999999999999998,0.0022399999999999998,0.075839999999999991,0.0024319999999999997,0.0051199999999999996,0.79610345985891828,1.8959999999999997,40,0.0028296966567030722,0.36200356483459473,6.5130093123360051e-05,0.0005827583372592926,0.023016634298619214,2.609797320474172e-07,0.00072246762148544369,0.090637266635894775,0,0,0,0,9.3433675765991211,9.5513099133968353,0.00029148284647817491,0.015625,-0.23369465373505324,0.015625,0,0.00064968026708811522,1.7978476285934448
20,0.33333333333333331,1,0.094751999999999989,0.16406399999999999,0.0020799999999999998,0.0038399999999999997,0.001536,0.002464,0.0018879999999999999,0.075808,0.0021440000000000001,0.0049919999999999999,0.80006754474839592,1.8952000000000002,40,0.0029407326542776795,0.36721980571746826,7.1885499751424238e-05,0.00064898282289505005,0.0244447585695549,3.2043467967923789e-07,0.00080054316520627154,0.099791906774044037,0,0,0,0,9.8269758224487305,10.080570101737976,0.00030763458562432788,0.015625,-0.23358885188061709,0.015625,0,0.00079640763578936458,1.9745223522186279
21,0.34999999999999998,1,0.094367999999999994,0.16361599999999998,0.0019840000000000001,0.003712,0.0014399999999999999,0.0023679999999999999,0.0020799999999999998,0.075583999999999998,0.0022719999999999997,0.0049280000000000001,0.80094947439810105,1.8896000000000002,40,0.0031298754190976544,0.37828934192657471,7.820815930854393e-05,0.00070402026176452637,0.024987626929602012,3.9007619534459081e-07,0.00088326235665807796,0.10928934812545776,0,0,0,0,10.309778213500977,10.650799244642258,0.00032503659804206109,0.015625,-0.23337442652392723,0.015625,0,0.00096785498317331076,2.1565687656402588
22,0.36666666666666664,1,0.09465599999999999,0.16358399999999998,0.002016,0.003712,0.001472,0.0024319999999999997,0.0022399999999999998,0.075551999999999994,0.0022719999999999997,0.00496,0.79817444219066935,1.8887999999999998,40,0.0034352078289736944,0.41551327705383301,8.4850038143714535e-05,0.00075981020927429199,0.02470011782927975,4.7134616920629924e-07,0.00097092344621633195,0.11911740154027939,0,0,0,0,10.791776657104492,11.227337449789047,0.00034263114775967551,0.015625,-0.2331626667257696,0.015625,0,0.0011673911940306425,2.3432064056396484
23,0.3833333333333333,1,0.094783999999999993,0.163968,0.001952,0.0037759999999999998,0.001472,0.0023999999999999998,0.002176,0.075871999999999995,0.0022079999999999999,0.0049280000000000001,0.80047265361242403,1.8968,40,0.0035951890073629179,0.40347158908843994,9.2639866000645426e-05,0.00082912296056747437,0.025767731769016797,5.6828321248758584e-07,0.0010660986938249065,0.12946690618991852,0,0,0,0,11.272972106933594,11.840653896331787,0.00036134808033239096,0.015625,-0.23287676721032363,0.015625,0,0.0014046586584299803,2.5374138355255127
24,0.40000000000000002,1,0.094687999999999994,0.163744,0.0019840000000000001,0.0043200000000000001,0.0015039999999999999,0.0024319999999999997,0.001632,0.075583999999999998,0.0022399999999999998,0.0049919999999999999,0.79824264954376478,1.8896000000000002,40,0.003901864384814463,0.40716409683227539,9.9181367726224889e-05,0.0008760988712310791,0.025418968458315868,6.8326613700264716e-07,0.0011689877133679782,0.14034005999565125,0,0,0,0,11.753366470336914,12.44906747341156,0.00037991538920323364,0.015625,-0.23262863173647216,0.015625,0,0.0016848312225192785,2.7383086681365967
25,0.41666666666666669,1,0.096607999999999999,0.16387199999999999,0.0022079999999999999,0.004352,0.001632,0.002464,0.0031359999999999999,0.075775999999999996,0.0021440000000000001,0.0048960000000000002,0.78436568400132489,1.8943999999999999,40,0.0042515299465976462,0.42754930257797241,0.00010750535042529654,0.00094737112522125244,0.025286273829807877,8.1879613844648702e-07,0.0012796844442646688,0.15166795253753662,0,0,0,0,12.23296070098877,13.087750554084778,0.00039940645001479425,0.015625,-0.23233399357961762,0.015625,0,0.0020142830908298492,2.9442679882049561
26,0.43333333333333335,1,0.09465599999999999,0.16399999999999998,0.0019840000000000001,0.0036479999999999998,0.001472,0.0024319999999999997,0.0023040000000000001,0.075583999999999998,0.0022399999999999998,0.0049919999999999999,0.79851250845165656,1.8896000000000002,40,0.0045974926658517252,0.5048295259475708,0.0001172056685313141,0.0010316818952560425,0.025493388907799539,9.7998292858392233e-07,0.0013999878060782689,0.1634783148765564,0,0,0,0,12.711756706237793,13.80096971988678,0.00042117217162740417,0.015625,-0.23190865833217625,0.015625,0,0.0024052024818956852,3.1555407047271729
27,0.45000000000000001,1,0.094559999999999991,0.163744,0.0020799999999999998,0.0038079999999999998,0.001472,0.0024319999999999997,0.0020479999999999999,0.075583999999999998,0.0022399999999999998,0.0048960000000000002,0.79932318104906941,1.8896000000000002,40,0.0051700168574953468,0.62771439552307129,0.00012843778916963209,0.0011303722858428955,0.024842818255694184,1.1727150877050008e-06,0.00153147973392076,0.17583715915679932,0,0,0,0,13.189755439758301,14.547208428382874,0.00044394556971383281,0.015625,-0.2314589487106164,0.015625,0,0.0028716693632304668,3.3726921081542969
28,0.46666666666666667,1,0.094528000000000001,0.163712,0.0021119999999999997,0.0040639999999999999,0.0015039999999999999,0.002496,0.001632,0.075392000000000001,0.0023999999999999998,0.0049280000000000001,0.79756262694651325,1.8847999999999998,40,0.0057247349460487883,0.73319542407989502,0.00014129742120715937,0.0012429282069206238,0.024681914977510502,1.4044459248907515e-06,0.0016759748953315212,0.18877893686294556,0,0,0,0,13.666957855224609,15.367141723632812,0.00046896794810891151,0.015625,-0.23091757461515777,0.015625,0,0.0034316121600568295,3.5956604480743408
29,0.48333333333333334,1,0.094591999999999996,0.16367999999999999,0.0019840000000000001,0.0038079999999999998,0.001472,0.0023999999999999998,0.0021440000000000001,0.075647999999999993,0.0022079999999999999,0.0049280000000000001,0.79972936400541272,1.8912,40,0.0064280054290771953,0.87836956977844238,0.00015669464826937557,0.001378178596496582,0.024376869310122947,1.6846774997247849e-06,0.0018355802895677349,0.20375081896781921,0,0,0,0,14.143365859985352,16.218852043151855,0.00049496008432470262,0.015625,-0.23037601517349135,0.015625,0,0.0041077220812439919,3.868384838104248
30,0.5,1,0.094591999999999996,0.16361599999999998,0.0020799999999999998,0.003712,0.0014399999999999999,0.0024319999999999997,0.002176,0.07551999999999999,0.0022719999999999997,0.00496,0.79837618403247623,1.8879999999999999,40,0.0068544776084889973,0.97586023807525635,0.00016889606893262434,0.0014621615409851074,0.024640253944874412,1.9966996660514269e-06,0.0019983491517006867,0.225096195936203,0,0,0,0,14.618980407714844,17.330370426177979,0.000528880933416076,0.015625,-0.22948584091145655,0.015625,0,0.0048595750704407692,4.2891921997070312
31,0.51666666666666661,1,0.094495999999999997,0.16361599999999998,0.0020479999999999999,0.0037439999999999999,0.001472,0.0023679999999999999,0.0020799999999999998,0.075583999999999998,0.0022719999999999997,0.0049280000000000001,0.79986454453098543,1.8896000000000002,40,0.0070570816856535372,1.0385286808013916,0.00017916424530759145,0.0015302300453186035,0.025387866158870957,2.3339798644883558e-06,0.0021605461645094999,0.24603375792503357,0,0,0,0,15.093802452087402,18.841816663742065,0.00057500661205267534,0.015625,-0.22815874993216037,0.015625,0,0.0056679677218198776,4.6986236572265625
32,0.53333333333333333,1,0.09465599999999999,0.16387199999999999,0.0020799999999999998,0.0039359999999999994,0.001536,0.002464,0.0017599999999999998,0.075808,0.0021440000000000001,0.0049280000000000001,0.80087897227856664,1.8952000000000002,40,0.0072156239074647197,1.0822839736938477,0.00018921037985158268,0.0016053915023803711,0.026222317332232414,2.6964785320160445e-06,0.0023222741147487496,0.26666226983070374,0,0,0,0,15.56783390045166,20.906689235940576,0.00063802152209291307,0.015625,-0.22637020110042844,0.015625,0,0.0065347403287887573,5.1009459495544434
33,0.55000000000000004,1,0.094975999999999991,0.16431999999999999,0.002016,0.003872,0.001472,0.0024319999999999997,0.0020479999999999999,0.075839999999999991,0.0024319999999999997,0.0048639999999999994,0.79851752021563338,1.8959999999999997,40,0.007402420289674326,1.1104516983032227,0.00020056504191895004,0.0016985535621643066,0.027094522341391404,3.0776759558648337e-06,0.0024809981684252949,0.28650176525115967,0,0,0,0,16.04107666015625,23.781614035367966,0.00072575726426293841,0.015625,-0.22400988689372053,0.015625,0,0.0074438313022255898,5.486396312713623
34,0.56666666666666665,1,0.094751999999999989,0.16342399999999999,0.0020799999999999998,0.0037759999999999998,0.001472,0.0024319999999999997,0.0021119999999999997,0.075551999999999994,0.0023040000000000001,0.0050239999999999998,0.79736575481256333,1.8887999999999998,40,0.0076448876902731489,1.1394424438476562,0.00021113659687309539,0.0017794370651245117,0.027618011595086173,3.4791523830790538e-06,0.0026378598837235663,0.30551391839981079,0,0,0,0,16.513530731201172,27.755111787468195,0.00084701879234216904,0.015625,-0.22115226153883383,0.015625,0,0.0083948029205203056,5.8498702049255371
35,0.58333333333333337,1,0.094528000000000001,0.16367999999999999,0.0020479999999999999,0.0037439999999999999,0.0015039999999999999,0.0023999999999999998,0.0020799999999999998,0.075455999999999995,0.0023999999999999998,0.0048960000000000002,0.79823967501692616,1.8863999999999996,40,0.007689419653580826,1.1056578159332275,0.00022343978328317275,0.0018798112869262695,0.029058081539238247,3.910652594640851e-06,0.0027966596484523642,0.32394352555274963,0,0,0,0,16.985198974609375,33.251661460846663,0.0010147601764174397,0.015625,-0.21793484776113578,0.015625,0,0.0094095775857567787,6.1954026222229004
36,0.59999999999999998,1,0.09465599999999999,0.16403199999999998,0.002016,0.0036799999999999997,0.0014399999999999999,0.0024319999999999997,0.002336,0.075551999999999994,0.0022719999999999997,0.0049280000000000001,0.79817444219066935,1.8887999999999998,40,0.0077498971299921676,0.99672770500183105,0.00024084030994112125,0.0020413994789123535,0.031076581521200741,4.3930599531449843e-06,0.0029641389822830455,0.34206831455230713,0,0,0,0,17.456081390380859,37.425265840895008,0.0011421284741484072,0.015625,-0.21560160398497463,0.015625,0,0.01053282804787159,6.5233688354492188
37,0.6166666666666667,1,0.094719999999999999,0.16390399999999999,0.0021119999999999997,0.0042239999999999995,0.001536,0.0024319999999999997,0.001536,0.075647999999999993,0.0022719999999999997,0.00496,0.7986486486486486,1.8912,40,0.0088703035841685447,0.98232865333557129,0.00026492421420791127,0.0022837743163108826,0.029866420206940851,4.9916084208234679e-06,0.003159622895480873,0.36190631985664368,0,0,0,0,17.926179885864258,40.146890470408835,0.0012251858664065196,0.015624965533257797,-0.21372280619874792,0.015624965533257797,0,0.011916223913431168,6.8662891387939453
38,0.6333333333333333,1,0.094719999999999999,0.16406399999999999,0.0020799999999999998,0.0037439999999999999,0.0015039999999999999,0.0024319999999999997,0.0020799999999999998,0.075743999999999992,0.0021440000000000001,0.0049919999999999999,0.79966216216216213,1.8935999999999997,40,0.0099261113041656281,1.309746265411377,0.00029669000917124347,0.002598196268081665,0.029889853143872512,5.738724212278612e-06,0.0033878383114542558,0.38340091705322266,0,0,0,0,18.39549446105957,43.360859163105488,0.0013232684070771938,0.015624937065556089,-0.21159124472924545,0.015624937076295297,0,0.013642818666994572,7.225956916809082
39,0.65000000000000002,1,0.094271999999999995,0.16387199999999999,0.0020479999999999999,0.0038079999999999998,0.0015039999999999999,0.0024319999999999997,0.001696,0.075551999999999994,0.0023040000000000001,0.0049280000000000001,0.8014256619144603,1.8887999999999998,40,0.010095009461496648,1.4715437889099121,0.00032246557927188667,0.0027839392423629761,0.031943068553011454,6.5336730585840996e-06,0.0036148784373984414,0.40248453617095947,0,0,0,0,18.86402702331543,47.745602518320084,0.0014570801549780299,0.015624921498368355,-0.20872541682461454,0.015624921512997806,0,0.015476373955607414,7.5302395820617676
40,0.66666666666666663,1,0.094528000000000001,0.16352,0.001952,0.0036799999999999997,0.0014399999999999999,0.0024319999999999997,0.002176,0.075551999999999994,0.0023040000000000001,0.0049919999999999999,0.79925524712254559,1.8887999999999998,40,0.01031858546315122,1.5779380798339844,0.00034600327386205603,0.0029359161853790283,0.03353204517205105,7.3787018664006609e-06,0.0038415366369203511,0.41927099227905273,0,0,0,0,19.331779479980469,53.764189399778843,0.0016407528503350477,0.015624922822396055,-0.20509724194505952,0.015624922822396055,0,0.01741846464574337,7.7813777923583984
41,0.68333333333333335,1,0.094719999999999999,0.16447999999999999,0.0019199999999999998,0.0036159999999999999,0.0014399999999999999,0.0023679999999999999,0.0025279999999999999,0.075616000000000003,0.0023040000000000001,0.0049280000000000001,0.7983108108108109,1.8904000000000001,40,0.010771882401303497,1.678168773651123,0.00036890502584039649,0.0031120479106903076,0.034247034278405745,8.2900587585754693e-06,0.0040718690446956834,0.43410846590995789,0,0,0,0,19.79875373840332,61.399042531847954,0.0018737500772658677,0.015624914693162245,-0.20112614002850576,0.015624883271911459,0,0.019497362896800041,7.9834427833557129
42,0.69999999999999996,1,0.094624,0.16364799999999999,0.0020479999999999999,0.0037759999999999998,0.001472,0.0024319999999999997,0.0020799999999999998,0.075551999999999994,0.0022719999999999997,0.0049919999999999999,0.7984443692932025,1.8887999999999998,40,0.011345399642040174,1.6494407653808594,0.00040436550124258488,0.0034811273217201233,0.035641362490591855,9.3123162514530122e-06,0.0043156265481278638,0.44697394967079163,0,0,0,0,20.264949798583984,65.095692097442225,0.0019865628691846382,0.015624878770388609,-0.19917349199384443,0.015624779608395171,0,0.021810442209243774,8.1350002288818359
43,0.71666666666666667,1,0.094367999999999994,0.163712,0.0019199999999999998,0.0036479999999999998,0.0014399999999999999,0.0023999999999999998,0.0021119999999999997,0.075616000000000003,0.0022719999999999997,0.00496,0.8012885723974229,1.8904000000000001,40,0.01323761952292103,1.6302590370178223,0.00045324466141279378,0.0040127113461494446,0.03423913647223336,1.0581608876236714e-05,0.0046003497424080084,0.46806216239929199,0,0,0,0,20.730369567871094,68.770601695403457,0.0020987122099427324,0.015624864085835407,-0.19723911235303798,0.015624662276215237,0,0.02466147392988205,8.6923074722290039
44,0.73333333333333328,1,0.094751999999999989,0.163776,0.0019199999999999998,0.0036799999999999997,0.001472,0.0024319999999999997,0.0023999999999999998,0.075583999999999998,0.0022719999999999997,0.0049919999999999999,0.79770347855454249,1.8896000000000002,40,0.01366715850112182,1.4995760917663574,0.00050091261182784615,0.0044388025999069214,0.036650823343179234,1.1982697287749033e-05,0.0048954463101435466,0.50150835514068604,0,0,0,0,21.195014953613281,73.261767648160458,0.0022357717177783343,0.015624877058152927,-0.19462601882183411,0.015624514917670982,0,0.027809450402855873,9.2980632781982422
45,0.75,1,0.094879999999999992,0.16447999999999999,0.0019840000000000001,0.003712,0.0014399999999999999,0.0023999999999999998,0.002336,0.075839999999999991,0.0022079999999999999,0.00496,0.79932546374367619,1.8959999999999997,40,0.013713310878898013,1.7451486587524414,0.00054083479769555113,0.0047224611043930054,0.039438674035151167,1.34897427415126e-05,0.0051941780372860924,0.53122478723526001,0,0,0,0,21.658885955810547,80.147127881646156,0.0024458962366225023,0.015624999674635476,-0.19081752048946601,0.015624996252497896,0,0.031187772750854492,9.8120861053466797
46,0.76666666666666661,1,0.094624,0.163744,0.002016,0.0038079999999999998,0.0015039999999999999,0.0024319999999999997,0.0021119999999999997,0.075392000000000001,0.0023999999999999998,0.00496,0.7967534663510315,1.8847999999999998,40,0.014083203603068492,1.9935746192932129,0.00057173784412516777,0.0048868954181671143,0.040597143962372011,1.5082614481798373e-05,0.0054922881355220924,0.55690324306488037,0,0,0,0,22.121984481811523,89.664766799323843,0.0027363515258582716,0.015625002212370762,-0.18606004883303837,0.015625003126401873,0,0.034735515713691711,10.222301483154297
47,0.78333333333333333,1,0.094687999999999994,0.163936,0.0019840000000000001,0.0036799999999999997,0.001472,0.0024319999999999997,0.0022719999999999997,0.075616000000000003,0.002336,0.0048960000000000002,0.79858060155457933,1.8904000000000001,40,0.014651213819937678,2.1450014114379883,0.00061205536735923767,0.0051864907145500183,0.041775062113033931,1.6819762095110491e-05,0.005799958981770559,0.57885473966598511,0,0,0,0,22.584312438964844,94.866558491718024,0.002895097610220887,0.01562500457358116,-0.18372066055646072,0.015625009979015368,0,0.0385715551674366,10.535879135131836
48,0.80000000000000004,1,0.094848000000000002,0.16431999999999999,0.001952,0.0037759999999999998,0.0014399999999999999,0.0024319999999999997,0.0022719999999999997,0.075808,0.0022079999999999999,0.00496,0.79925775978407554,1.8952000000000002,40,0.016596624221944759,2.2513949871063232,0.00068104871197663462,0.005964428186416626,0.041035375801069425,1.8926990378531627e-05,0.006152558878796956,0.59915077686309814,0,0,0,0,23.045869827270508,99.935529205948114,0.0030497903200057408,0.015625006253205967,-0.18145159788311963,0.015625015441970622,0,0.043190963566303253,10.783588409423828
49,0.81666666666666665,1,0.094848000000000002,0.16409599999999999,0.001952,0.003712,0.001472,0.0023999999999999998,0.0023999999999999998,0.075839999999999991,0.0021119999999999997,0.00496,0.7995951417004048,1.8959999999999997,40,0.017655918219232035,2.1275877952575684,0.00074462057621001794,0.006535649299621582,0.042173993273197555,2.1267320335027762e-05,0.0065218586821592147,0.61678099632263184,0,0,0,0,23.506658554077148,106.05728375911713,0.0032366114428441506,0.01562500702944385,-0.17845206580359399,0.015625018989596905,0,0.048319101333618164,10.96774959564209
50,0.83333333333333337,1,0.09465599999999999,0.163552,0.0019840000000000001,0.0036479999999999998,0.001472,0.0024319999999999997,0.0023679999999999999,0.075551999999999994,0.0022719999999999997,0.0049280000000000001,0.79817444219066935,1.8887999999999998,40,0.018200185706264055,1.9815363883972168,0.00080912584974268708,0.0070841014385223389,0.044457010648204863,2.378477256570477e-05,0.006897067864782073,0.63336038589477539,0,0,0,0,23.966680526733398,113.93344657123089,0.003476972856788052,0.01562500672742291,-0.17442656399359355,0.015625019826688059,0,0.053835265338420868,11.563444137573242
51,0.84999999999999998,1,0.094624,0.163776,0.0020479999999999999,0.0036799999999999997,0.001472,0.0023999999999999998,0.0022399999999999998,0.075647999999999993,0.0022079999999999999,0.0049280000000000001,0.79945891105850519,1.8912,40,0.01797955084078345,2.3239166736602783,0.0008607265354151646,0.0074224472045898438,0.047872527130252765,2.6469795557204634e-05,0.0072759598070913827,0.67033028602600098,0,0,0,0,24.425935745239258,123.88919707061723,0.0037807982504460824,0.015625000148938157,-0.16981121083990838,0.015625000584006711,0,0.059672262519598007,12.200898170471191
52,0.8666666666666667,1,0.094751999999999989,0.164192,0.001952,0.003712,0.0014399999999999999,0.0024319999999999997,0.0023040000000000001,0.075808,0.0021440000000000001,0.00496,0.80006754474839592,1.8952000000000002,40,0.018831110767996536,2.6495246887207031,0.0009127836229265308,0.0077618956565856934,0.048472107363831458,2.9396807804005221e-05,0.0076676994990681818,0.70178735256195068,0,0,0,0,24.884426116943359,130.49439410865307,0.0039823728670853598,0.015624999876888854,-0.16710854454187249,0.015624999805520073,0,0.065982207655906677,12.687295913696289
53,0.8833333333333333,1,0.094591999999999996,0.16345599999999999,0.0020799999999999998,0.0039680000000000002,0.001536,0.0024319999999999997,0.001792,0.07551999999999999,0.002336,0.0049280000000000001,0.79837618403247623,1.8879999999999999,40,0.021260510144888931,2.8512334823608398,0.0010001515886461643,0.0086679160594940186,0.047042690030963473,3.2830565032782033e-05,0.0081031555622216745,0.72939705848693848,0,0,0,0,25.342153549194336,137.63940472900867,0.0042004212868960167,0.015624999604165895,-0.16414524689439974,0.01562499901887273,0,0.073337256908416748,13.05256175994873
54,0.90000000000000002,1,0.094399999999999998,0.16336000000000001,0.002176,0.0037759999999999998,0.0015039999999999999,0.0024319999999999997,0.0017599999999999998,0.075616000000000003,0.002176,0.00496,0.8010169491525424,1.8904000000000001,40,0.022331927216851191,2.7406120300292969,0.00107860275330563,0.0093734860420227051,0.048298686576935444,3.6554287362378091e-05,0.0085503552396819262,0.75243842601776123,0,0,0,0,25.799118041992188,146.52439963817596,0.0044715698131767567,0.015624999383459069,-0.16021437966862945,0.015624998379196522,0,0.081304296851158142,13.316458702087402
55,0.91666666666666663,1,0.094687999999999994,0.16348799999999999,0.0019840000000000001,0.0036479999999999998,0.001408,0.0023999999999999998,0.002464,0.075455999999999995,0.0023999999999999998,0.0049280000000000001,0.79689084150050693,1.8863999999999996,40,0.022628713441765199,2.4814841747283936,0.0011613447546962423,0.010086685419082642,0.051321731466747018,4.0548609831603244e-05,0.0090053994727167155,0.770987868309021,0,0,0,0,26.255321502685547,157.39858576701954,0.0048034236379095319,0.015624999207126134,-0.15531058142701759,0.015624997988230492,0,0.089828595519065857,13.575445175170898
56,0.93333333333333335,1,0.094751999999999989,0.16348799999999999,0.0019840000000000001,0.003712,0.001472,0.0024319999999999997,0.0022399999999999998,0.075616000000000003,0.0022399999999999998,0.0050559999999999997,0.79804120229652153,1.8904000000000001,40,0.022883095493614756,2.9783296585083008,0.0012400394857921841,0.010694503784179688,0.054190198443134663,4.4863289076602086e-05,0.0094724114222939117,0.79376113414764404,0,0,0,0,26.710765838623047,164.30042326264083,0.005014051002888209,0.015624999919225122,-0.15239099379657423,0.015624999875294926,0,0.098940581083297729,14.340041160583496
57,0.94999999999999996,1,0.094591999999999996,0.16367999999999999,0.0019840000000000001,0.003712,0.0014399999999999999,0.0023999999999999998,0.0023040000000000001,0.075616000000000003,0.0022079999999999999,0.0049280000000000001,0.79939106901217871,1.8904000000000001,40,0.024900047112193766,3.3253507614135742,0.0013504728740911418,0.011661827564239502,0.054235755780148852,4.983607868780382e-05,0.0099835944116138664,0.83178305625915527,0,0,0,0,27.165451049804688,172.87366043031216,0.0052756854379367724,0.015624999935352379,-0.14908763150386459,0.015624999981144444,0,0.10936622321605682,14.919713020324707
58,0.96666666666666667,1,0.094751999999999989,0.16348799999999999,0.0020479999999999999,0.0036479999999999998,0.0014399999999999999,0.0023999999999999998,0.002336,0.075455999999999995,0.002464,0.00496,0.79635258358662619,1.8863999999999996,40,0.026309825171726555,3.3609156608581543,0.0014360227911513924,0.012345463037490845,0.054581236544839984,5.5191561841638759e-05,0.010506337310560589,0.86366647481918335,0,0,0,0,27.619379043579102,183.47326046228409,0.0055991595600062283,0.015624999979695731,-0.14478264482918976,0.015625000081217075,0,0.12057022750377655,15.339027404785156
59,0.98333333333333328,1,0.094399999999999998,0.163712,0.0020799999999999998,0.0036479999999999998,0.0014399999999999999,0.0023999999999999998,0.002016,0.075583999999999998,0.0023040000000000001,0.0049280000000000001,0.80067796610169495,1.8896000000000002,40,0.027600493337569493,3.0051746368408203,0.0015293576401952602,0.013200342655181885,0.055410518264668661,6.092571493354626e-05,0.011038633514484142,0.88894093036651611,0,0,0,0,28.072551727294922,196.84009277098812,0.0060070829092708777,0.015625000066239129,-0.13924438500754827,0.015625000151403719,0,0.13248926401138306,15.607053756713867
60,1,1,0.094751999999999989,0.16406399999999999,0.0020479999999999999,0.0037759999999999998,0.001472,0.0024319999999999997,0.0021440000000000001,0.07551999999999999,0.0022719999999999997,0.0050879999999999996,0.79702803107058429,1.8879999999999999,40,0.027928100804294642,3.3419790267944336,0.0016319989111423076,0.014105856418609619,0.058435728321753519,6.712871982017532e-05,0.011586951265986694,0.90832769870758057,0,0,0,0,28.524969100952148,205.78662837296724,0.0062801095084523695,0.015625000100696181,-0.13579688664303366,0.01562500023533489,0,0.14528182148933411,15.97829532623291
61,1.0166666666666666,1,0.094848000000000002,0.16409599999999999,0.002016,0.0037439999999999999,0.001472,0.0023999999999999998,0.0022399999999999998,0.075743999999999992,0.0022399999999999998,0.0049919999999999999,0.79858299595141691,1.8935999999999997,40,0.029866915413707049,3.9266204833984375,0.0017847259366890766,0.015525579452514648,0.059755951090617106,7.4256029620300978e-05,0.012186552393544367,0.9361150860786438,0,0,0,0,28.976633071899414,214.1803852468729,0.0065362666396140412,0.015625000034786476,-0.13251004276986131,0.015625000034786476,0,0.15985973179340363,16.732198715209961
62,1.0333333333333332,1,0.093983999999999998,0.163744,0.001952,0.003712,0.001472,0.0023999999999999998,0.001632,0.075583999999999998,0.0022719999999999997,0.00496,0.80422199523323123,1.8896000000000002,40,0.031917083041664025,4.0238780975341797,0.0019099651509665258,0.016427487134933472,0.059841469487461912,8.1991362094413489e-05,0.012805573949996422,0.97372686862945557,0,0,0,0,29.427545547485352,227.26089534163475,0.0069354521283457871,0.015625000020490162,-0.12747446296505974,0.015625000032784261,0,0.17569267749786377,17.263647079467773
63,1.05,1,0.09663999999999999,0.16383999999999999,0.0020799999999999998,0.004352,0.0015679999999999999,0.0024319999999999997,0.0034559999999999999,0.075551999999999994,0.0022719999999999997,0.0049280000000000001,0.78178807947019868,1.8887999999999998,40,0.033265182059453648,3.5847053527832031,0.0020228651847204694,0.017475038766860962,0.060810284492207982,9.0146786533296108e-05,0.013427344229839057,1.0034658908843994,0,0,0,0,29.877706527709961,242.35577290551737,0.0073961112336888846,0.015624999857996865,-0.12169813077592567,0.015624999888739192,0,0.19222277402877808,17.596292495727539
64,1.0666666666666667,1,0.094751999999999989,0.16422399999999998,0.0021119999999999997,0.0039680000000000002,0.001536,0.002496,0.0017279999999999999,0.075775999999999996,0.0021440000000000001,0.0049919999999999999,0.79972982100641676,1.8943999999999999,40,0.03342614760214261,3.9398670196533203,0.0021587150722247005,0.018709182739257812,0.064581629265776569,9.9040255008731037e-05,0.014074107787617021,1.0260121822357178,0,0,0,0,30.327117919921875,251.72393259033561,0.0076820047787578005,0.015624999672107207,-0.1183804116033557,0.015624999809923924,0,0.21003642678260803,17.775096893310547
65,1.0833333333333333,1,0.094687999999999994,0.163776,0.0020799999999999998,0.003712,0.0014399999999999999,0.0023679999999999999,0.0022079999999999999,0.075455999999999995,0.0024319999999999997,0.0049919999999999999,0.79689084150050693,1.8863999999999996,40,0.036121833911877003,4.6219558715820312,0.0023261380483862197,0.020120441913604736,0.064397008581044829,0.00010907386604230851,0.014769825052606989,1.0476438999176025,0,0,0,0,30.775781631469727,261.38584960589651,0.0079768630861174472,0.015624999648165858,-0.11458381320604519,0.015624999735459806,0,0.23001870512962341,18.623281478881836
66,1.1000000000000001,1,0.094879999999999992,0.163936,0.0020479999999999999,0.0043200000000000001,0.001536,0.0024319999999999997,0.001536,0.075808,0.0021119999999999997,0.0050879999999999996,0.79898819561551437,1.8952000000000002,40,0.039144294753757775,4.7449264526367188,0.0025004911382674119,0.021537303924560547,0.063878814371214843,0.00011995145177934319,0.015488799293640755,1.0882999897003174,0,0,0,0,31.223697662353516,277.95517956872936,0.0084825189077371022,0.015624999628931768,-0.10848323223269282,0.015624999715838511,0,0.25154918432235718,19.178321838378906
67,1.1166666666666667,1,0.094528000000000001,0.164192,0.001952,0.0038399999999999997,0.0014399999999999999,0.0023999999999999998,0.0019199999999999998,0.075775999999999996,0.002176,0.0050239999999999998,0.80162491536899116,1.8943999999999999,40,0.039079970684854214,3.8734169006347656,0.0026462527367592764,0.022924810647964478,0.067713785102322371,0.00013147233403287828,0.016215568693874308,1.1194301843643188,0,0,0,0,31.670867919921875,291.99104455392808,0.0089108595139748559,0.015624999662305473,-0.10364512342714323,0.015624999737260102,0,0.27419298887252808,19.504732131958008
68,1.1333333333333333,1,0.094879999999999992,0.163936,0.002016,0.0038079999999999998,0.001472,0.0024319999999999997,0.0021119999999999997,0.075808,0.002176,0.0050559999999999997,0.79898819561551437,1.8952000000000002,40,0.041345826801358523,4.9465351104736328,0.0028428706653868588,0.024801790714263916,0.068758346012648824,0.00014425134577322751,0.016985366982978468,1.1433250904083252,0,0,0,0,32.117294311523438,303.40415415912867,0.0092591599780007527,0.015624999785896968,-0.099676316561728567,0.015624999885658237,0,0.29900902509689331,19.785228729248047
69,1.1499999999999999,1,0.094815999999999998,0.16383999999999999,0.0020799999999999998,0.003712,0.0014399999999999999,0.0023999999999999998,0.0022079999999999999,0.075808,0.002176,0.0049919999999999999,0.79952750590617616,1.8952000000000002,40,0.044458908687809169,5.508173942565918,0.0030462713395322102,0.026245594024658203,0.068518806004059907,0.00015824839647393674,0.01779035674032068,1.1674678325653076,0,0,0,0,32.562976837158203,316.52692506089807,0.0096596351642119771,0.015624999913201647,-0.094758823812352497,0.015624999948509452,0,0.32608604431152344,20.586854934692383
70,1.1666666666666667,1,0.094687999999999994,0.163936,0.0020799999999999998,0.0037439999999999999,0.001472,0.0024319999999999997,0.0021440000000000001,0.07551999999999999,0.0022719999999999997,0.0050239999999999998,0.7975667455221358,1.8879999999999999,40,0.046073912942541768,4.9550542831420898,0.0032265821152715314,0.027842134237289429,0.07003056413496643,0.00017328858666587621,0.018616583288341402,1.207243800163269,0,0,0,0,33.007915496826172,334.75920005165972,0.010216040040639029,0.015627840651205815,-0.08851727553233657,0.015625000049012197,0,0.3549494743347168,21.07121467590332
71,1.1833333333333333,1,0.094879999999999992,0.16431999999999999,0.0019840000000000001,0.0036159999999999999,0.0014399999999999999,0.0024319999999999997,0.0023679999999999999,0.075839999999999991,0.002176,0.0050239999999999998,0.79932546374367619,1.8959999999999997,40,0.046716170140069471,5.0831623077392578,0.0034329530818167434,0.029905736446380615,0.073485327918014084,0.0001893579465104267,0.019460624168326498,1.2369310855865479,0,0,0,0,33.452114105224609,348.39571933634579,0.010632193583262506,0.015628138435917052,-0.084061383636252249,0.015625000094897697,0,0.38540595769882202,21.306350708007812
72,1.2,1,0.094624,0.16367999999999999,0.0021440000000000001,0.0041279999999999997,0.001472,0.0024319999999999997,0.0016639999999999999,0.07551999999999999,0.0022719999999999997,0.0049919999999999999,0.79810618870476824,1.8879999999999999,40,0.050725782802610961,6.1498908996582031,0.0036853858938608285,0.032035112380981445,0.072653110316734909,0.00020725747162941843,0.020359640057202311,1.2591708898544312,0,0,0,0,33.895572662353516,362.24169820343741,0.011054739325056073,0.015627805595926057,-0.079169485772071252,0.015625000106776747,0,0.41912177205085754,21.899917602539062
73,1.2166666666666666,1,0.094783999999999993,0.16425599999999999,0.002016,0.0042239999999999995,0.001472,0.0024319999999999997,0.0017279999999999999,0.075743999999999992,0.0022079999999999999,0.00496,0.79912221471978395,1.8935999999999997,40,0.053465808354127509,5.9244117736816406,0.0039310927297987698,0.033898621797561646,0.073525358557405843,0.00022660533431917429,0.021288745116571538,1.2924171686172485,0,0,0,0,34.338294982910156,381.57348967110738,0.0116446987814669,0.015627565006183779,-0.072508449160693614,0.015625000049425034,0,0.45527011156082153,22.522050857543945
74,1.2333333333333334,1,0.094687999999999994,0.16399999999999998,0.002016,0.003712,0.001472,0.0024319999999999997,0.0021119999999999997,0.075839999999999991,0.002176,0.0049280000000000001,0.80094626563028049,1.8959999999999997,40,0.054403072042788388,5.477869987487793,0.004164642126613125,0.036293864250183105,0.076551598471086446,0.00024714454775676131,0.02223261333072481,1.3278601169586182,0,0,0,0,34.780277252197266,397.29089140790165,0.01212435581689153,0.015625983389335879,-0.067566799660008309,0.01562499873794816,0,0.49323433637619019,22.837652206420898
75,1.25,1,0.094624,0.16364799999999999,0.0021440000000000001,0.0037759999999999998,0.001472,0.0024319999999999997,0.0019840000000000001,0.075551999999999994,0.0023040000000000001,0.00496,0.7984443692932025,1.8887999999999998,40,0.058177066416355179,6.8791728019714355,0.0044433875561176823,0.038686752319335938,0.076376961401211585,0.00026966191944666207,0.023223346849524599,1.3544223308563232,0,0,0,0,35.221527099609375,413.86768029321684,0.012630239266760768,0.015625346081008074,-0.062015929585862849,0.015624997720578626,0,0.53444916009902954,23.187648773193359
76,1.2666666666666666,1,0.095967999999999998,0.163712,0.0021119999999999997,0.0038399999999999997,0.0014399999999999999,0.002464,0.0032959999999999999,0.075551999999999994,0.0022719999999999997,0.0049919999999999999,0.78726242080693565,1.8887999999999998,40,0.061635237489773731,6.7653160095214844,0.0047115240837454584,0.04090416431427002,0.076442052884556105,0.00029390081181190908,0.024244620508966894,1.3790843486785889,0,0,0,0,35.662040710449219,432.97434878628701,0.013213328515206513,0.015625093956225893,-0.055572903403155939,0.015624997473799177,0,0.57860767841339111,23.902454376220703
77,1.2833333333333332,1,0.094751999999999989,0.163936,0.0020479999999999999,0.003872,0.001472,0.0023999999999999998,0.0019840000000000001,0.075839999999999991,0.002176,0.00496,0.80040526849037485,1.8959999999999997,40,0.063015547476847789,5.9815359115600586,0.0050100729942839789,0.044035196304321289,0.079505347408505872,0.00031993677839636803,0.025295722104591835,1.4184445142745972,0,0,0,0,36.101821899414062,450.30437698231253,0.013742199004587174,0.015624721802809997,-0.050299941263495643,0.01562499682492891,0,0.62552851438522339,24.259622573852539
78,1.3,1,0.094751999999999989,0.16425599999999999,0.001952,0.0037759999999999998,0.001472,0.0024319999999999997,0.0021440000000000001,0.075775999999999996,0.0022079999999999999,0.0049919999999999999,0.79972982100641676,1.8943999999999999,40,0.067875618406459087,7.6660327911376953,0.0053363817637500158,0.046593189239501953,0.078620009497286619,0.00034821080043911934,0.026389801076897847,1.4484200477600098,0,0,0,0,36.540870666503906,469.30418847757392,0.014322027236254087,0.015624847034069538,-0.044180278508058876,0.015624997029798596,0,0.67594408988952637,24.528488159179688
79,1.3166666666666667,1,0.094815999999999998,0.16383999999999999,0.0019840000000000001,0.0041599999999999996,0.001536,0.0024319999999999997,0.001792,0.075839999999999991,0.0021440000000000001,0.0049280000000000001,0.79986500168747887,1.8959999999999997,40,0.071416189552657661,7.3739433288574219,0.0056748933303102222,0.05054783821105957,0.079462281113807182,0.0003785572771448642,0.027515714678883564,1.4698386192321777,0,0,0,0,36.97918701171875,489.17436776589602,0.014928416985043214,0.015625254912580433,-0.037753821983705464,0.015624997564003118,0,0.72961091995239258,25.256263732910156
80,1.3333333333333333,1,0.09622399999999999,0.16403199999999998,0.0019840000000000001,0.003872,0.001472,0.0024319999999999997,0.0034559999999999999,0.075808,0.002176,0.0050239999999999998,0.78782840039906887,1.8952000000000002,40,0.07301560002691232,6.8639078140258789,0.0060316926332511433,0.054342746734619141,0.082608273177621816,0.00041122647235170007,0.028678440416162802,1.5102249383926392,0,0,0,0,37.416774749755859,509.67367117914546,0.015554006078465132,0.015625191518929639,-0.031618539465265987,0.015624998411614464,0,0.7867889404296875,25.603366851806641
81,1.3500000000000001,1,0.094751999999999989,0.16399999999999998,0.0021440000000000001,0.0039680000000000002,0.0015039999999999999,0.002496,0.0017279999999999999,0.075775999999999996,0.002176,0.00496,0.79972982100641676,1.8943999999999999,40,0.078467156267559665,8.4897432327270508,0.0064000323812189262,0.056946873664855957,0.08156320026937007,0.00044612542842514813,0.029870568405209436,1.5426481962203979,0,0,0,0,37.853633880615234,531.73989929480013,0.016227413918908695,0.015625276281027972,-0.024638584746056895,0.015625000119975193,0,0.84721088409423828,25.897424697875977
82,1.3666666666666667,1,0.094815999999999998,0.16406399999999999,0.002016,0.003872,0.0014399999999999999,0.0024319999999999997,0.0020799999999999998,0.075775999999999996,0.0021440000000000001,0.0050559999999999997,0.79919001012487345,1.8943999999999999,40,0.081369558273257758,7.5848379135131836,0.0067616544750550853,0.061762452125549316,0.083098085064538377,0.00048344433889724314,0.031094833619019192,1.5648449659347534,0,0,0,0,38.289764404296875,552.12662411692872,0.016849567386380881,0.015625129903214369,-0.018369155470152616,0.015625000178892162,0,0.91135275363922119,26.591516494750977
83,1.3833333333333333,1,0.094815999999999998,0.16428799999999999,0.0020479999999999999,0.0037759999999999998,0.001472,0.0023679999999999999,0.002176,0.075839999999999991,0.002176,0.00496,0.79986500168747887,1.8959999999999997,40,0.083218937141452995,8.1663169860839844,0.0071714690372796618,0.065971136093139648,0.086175926821677851,0.00052394712110981345,0.032371194636893259,1.6044659614562988,0,0,0,0,38.725166320800781,575.60577872022986,0.017566094321296077,0.015625172365256682,-0.011522835794890938,0.015619362379792383,0,0.97988998889923096,26.850625991821289
84,1.3999999999999999,1,0.094751999999999989,0.16431999999999999,0.0020479999999999999,0.0038399999999999997,0.001472,0.0024319999999999997,0.0020799999999999998,0.075679999999999997,0.0021440000000000001,0.0050559999999999997,0.79871664978047963,1.8919999999999999,40,0.089800171027121553,9.2602596282958984,0.0075704125726461027,0.069719433784484863,0.084302874772473183,0.00056663493160158396,0.033664073776106897,1.6370224952697754,0,0,0,0,39.159843444824219,602.10481060063466,0.018374780596943197,0.015625047508131283,-0.0033563706609675355,0.015617924752835417,0,1.0514407157897949,27.262727737426758
85,1.4166666666666667,1,0.096607999999999999,0.16390399999999999,0.002176,0.0045439999999999994,0.0015999999999999999,0.002464,0.003104,0.07551999999999999,0.0022399999999999998,0.00496,0.78171579993375284,1.8879999999999999,40,0.091268765335901975,7.1102476119995117,0.0079660424212274102,0.074898958206176758,0.087281145876242555,0.00061168917454779148,0.034976825886514962,1.6584070920944214,0,0,0,0,39.593799591064453,626.21133884384471,0.019110453455927878,0.015625102738171651,0.0036988612160514128,0.015620508902461918,0,1.1255651712417603,27.763843536376953
86,1.4333333333333333,1,0.094687999999999994,0.16390399999999999,0.001952,0.0038399999999999997,0.0014399999999999999,0.002464,0.0021440000000000001,0.075647999999999993,0.0022079999999999999,0.0049919999999999999,0.79891855356539365,1.8912,40,0.096866023509159627,9.7542572021484375,0.0084124657447434675,0.079129219055175781,0.086846403310320536,0.00066069210879504681,0.036350848925301507,1.7011318206787109,0,0,0,0,40.027030944824219,656.58171529069659,0.02003728379183034,0.015625049994617782,0.012410172103112222,0.015619245367309511,0,1.2056844234466553,27.893072128295898
87,1.45,1,0.094719999999999999,0.16367999999999999,0.002016,0.0039680000000000002,0.0014399999999999999,0.0024319999999999997,0.0019840000000000001,0.075743999999999992,0.002176,0.00496,0.79966216216216213,1.8935999999999997,40,0.10043727202914797,9.4378890991210938,0.0088669205958364795,0.084991455078125,0.088283168356695349,0.00071212672628462315,0.037739282618635538,1.730843186378479,0,0,0,0,40.459541320800781,683.37426699031494,0.020854927581491545,0.015624953101432009,0.020181243982955517,0.015618346153900077,0,1.2879916429519653,28.446683883666992
88,1.4666666666666666,1,0.094624,0.163776,0.002016,0.0039039999999999999,0.001472,0.0024319999999999997,0.0019840000000000001,0.075551999999999994,0.0023040000000000001,0.00496,0.7984443692932025,1.8887999999999998,40,0.10313796482085463,9.3276662826538086,0.0093565861533895824,0.091260313987731934,0.090719127235460717,0.00076751981396228075,0.039179581773221644,1.7579452991485596,0,0,0,0,40.891330718994141,715.01830775698181,0.021820627067778986,0.015624859163657825,0.02901970139643666,0.015619211557506792,0,1.3753023147583008,28.71143913269043
89,1.4833333333333334,1,0.094848000000000002,0.164192,0.0019840000000000001,0.0037759999999999998,0.0014399999999999999,0.0024319999999999997,0.0022079999999999999,0.075871999999999995,0.002176,0.00496,0.79993252361673406,1.8968,40,0.11011889074442036,10.811772346496582,0.0098083485411647551,0.095332860946655273,0.089070535262922065,0.00082649674732238054,0.040657022697742649,1.7963745594024658,0,0,0,0,41.322402954101562,753.44672162099596,0.022993369190093871,0.015620327383032822,0.039470460572375451,0.015617447495766218,0,1.4676733016967773,28.979072570800781
90,1.5,1,0.094591999999999996,0.16364799999999999,0.0020479999999999999,0.0037439999999999999,0.0014399999999999999,0.0024319999999999997,0.0019840000000000001,0.075583999999999998,0.002336,0.0050239999999999998,0.79905277401894459,1.8896000000000002,40,0.10980635121651509,8.4445276260375977,0.010266657618108629,0.10311150550842285,0.093497848752527382,0.00088835309725254774,0.042150992805687217,1.8206887245178223,0,0,0,0,41.752758026123047,784.93964376440272,0.023954456901989829,0.015617934405387127,0.04820441760205809,0.015616182737364336,0,1.5620778799057007,29.37611198425293
91,1.5166666666666666,1,0.094815999999999998,0.16416,0.0021119999999999997,0.0037759999999999998,0.0015039999999999999,0.0023999999999999998,0.0020479999999999999,0.075808,0.0021440000000000001,0.0050239999999999998,0.79952750590617616,1.8952000000000002,40,0.11755981904795262,11.470041275024414,0.010793770680058466,0.10904312133789062,0.091815135200707387,0.00095541367772966623,0.04371301128336199,1.8567761182785034,0,0,0,0,42.182395935058594,830.16693074465456,0.02533468416579146,0.015621104058728198,0.060025582359868962,0.015615635795395036,0,1.6631062030792236,29.340763092041016
92,1.5333333333333332,1,0.094911999999999996,0.163712,0.002016,0.003712,0.001472,0.0024319999999999997,0.0022399999999999998,0.075455999999999995,0.002464,0.0051199999999999996,0.79501011463250171,1.8863999999999996,40,0.11920194923690065,10.03471565246582,0.011280729978931441,0.11646342277526855,0.094635448926361443,0.0010266021126881242,0.045312296624384955,1.8873361349105835,0,0,0,0,42.611316680908203,876.37106756569119,0.026744722520925635,0.015622670409046554,0.071413294570638455,0.015613557961915487,0,1.7682220935821533,29.850126266479492
93,1.55,1,0.094848000000000002,0.16358399999999998,0.001952,0.0037759999999999998,0.001472,0.0023999999999999998,0.0022719999999999997,0.075808,0.0022079999999999999,0.00496,0.79925775978407554,1.8952000000000002,40,0.12472564047601946,11.634778022766113,0.011895930209128306,0.12581765651702881,0.09537678190087541,0.0011034619528800249,0.046977908699303017,1.9126535654067993,0,0,0,0,43.039524078369141,922.21185755182523,0.028143672410639198,0.015624060953496593,0.083123864397674274,0.015615384973855726,0,1.8787400722503662,30.332727432250977
94,1.5666666666666667,1,0.096863999999999992,0.16383999999999999,0.0020799999999999998,0.004352,0.001536,0.002464,0.003424,0.075839999999999991,0.002176,0.0049919999999999999,0.78295341922695738,1.8959999999999997,40,0.12928259704446857,11.690080642700195,0.012436794179583639,0.13255500793457031,0.096198517541427706,0.0011842288076877594,0.048666801984263555,1.9510027170181274,0,0,0,0,43.467018127441406,982.83590552816167,0.029993771531010793,0.01562503440257346,0.097048889458023632,0.015615070103532951,0,1.9922010898590088,30.530727386474609
95,1.5833333333333333,1,0.094687999999999994,0.16336000000000001,0.002016,0.0038399999999999997,0.001472,0.0023999999999999998,0.0021119999999999997,0.075583999999999998,0.0022719999999999997,0.0049919999999999999,0.79824264954376478,1.8896000000000002,40,0.13245121116106023,11.42426586151123,0.013153700692027271,0.14555537700653076,0.099309780384208152,0.0012726818677037954,0.050451597947018395,1.9727826118469238,0,0,0,0,43.893798828125,1045.0410083599727,0.031892120616454245,0.015621842325450682,0.11091817447198886,0.015612624059132095,0,2.1130006313323975,31.381731033325195
96,1.6000000000000001,1,0.094719999999999999,0.16336000000000001,0.0020479999999999999,0.0038079999999999998,0.0014399999999999999,0.0024319999999999997,0.0021119999999999997,0.075551999999999994,0.0023040000000000001,0.0050239999999999998,0.79763513513513506,1.8887999999999998,40,0.13841090697151481,12.864158630371094,0.013833623444720071,0.15321803092956543,0.09994605011559568,0.0013668891042470932,0.052285544928729458,2.0071678161621094,0,0,0,0,44.319869995117188,1113.4680417593918,0.033980347954083001,0.015619126791059283,0.12589767076879083,0.015612288109525514,0,2.2388432025909424,31.918193817138672
97,1.6166666666666667,1,0.094719999999999999,0.16403199999999998,0.0019840000000000001,0.0037439999999999999,0.001408,0.0023999999999999998,0.0023679999999999999,0.075583999999999998,0.0022399999999999998,0.0049919999999999999,0.79797297297297298,1.8896000000000002,40,0.14082485805375991,11.439394950866699,0.014784243990484076,0.16949713230133057,0.10498319824217532,0.0014703376218676567,0.054227993174515626,2.0333156585693359,0,0,0,0,44.745231628417969,1201.6377834638233,0.036671074934809061,0.015618181139369232,0.14287649151278636,0.015611902628768548,0,2.3714628219604492,32.141040802001953
98,1.6333333333333333,1,0.094719999999999999,0.163296,0.001952,0.003872,0.001472,0.0024319999999999997,0.001952,0.075808,0.0022079999999999999,0.0050239999999999998,0.80033783783783785,1.8952000000000002,40,0.14663805847076256,13.563287734985352,0.015796793568879513,0.18086552619934082,0.10772642336934077,0.0015802495181560516,0.056218315843789765,2.058316707611084,0,0,0,0,45.169883728027344,1302.4134909780551,0.039746505461976778,0.015614518797596583,0.16133495543155404,0.015608416006924215,0,2.5077028274536133,32.703563690185547
99,1.6499999999999999,1,0.094559999999999991,0.16367999999999999,0.0021119999999999997,0.004032,0.001536,0.002464,0.001632,0.075551999999999994,0.0022719999999999997,0.00496,0.79898477157360404,1.8887999999999998,40,0.14780663395990304,11.611647605895996,0.017201192032308538,0.19828760623931885,0.11637631932660665,0.0017014001496136189,0.058333526374009292,2.0899600982666016,0,0,0,0,45.593830108642578,1396.2898151664995,0.042611383519485457,0.015618348681720063,0.1776933757520594,0.015606168440546861,0,2.6516883373260498,32.392635345458984
100,1.6666666666666667,1,0.094751999999999989,0.16345599999999999,0.0019840000000000001,0.003872,0.001472,0.0024319999999999997,0.0021119999999999997,0.075423999999999991,0.0023679999999999999,0.0050879999999999996,0.79601485984464704,1.8855999999999997,40,0.15230240627634023,14.008647918701172,0.018961441533360608,0.21483957767486572,0.12449863398058614,0.0018308114958927035,0.060511345975654905,2.1097710132598877,0,0,0,0,46.017070770263672,1523.2117783337599,0.046484734446220699,0.015621275958126252,0.19713727602808878,0.015606640342244559,0,2.7993459701538086,32.958877563476562
101,1.6833333333333333,1,0.094783999999999993,0.16406399999999999,0.0021119999999999997,0.0038079999999999998,0.001472,0.0023999999999999998,0.002016,0.075808,0.002176,0.0049919999999999999,0.79979743416610405,1.8952000000000002,40,0.15206151886391037,11.589686393737793,0.021318225342490407,0.23755550384521484,0.14019474158724837,0.0019736259710043669,0.062827159270563343,2.145704984664917,0,0,0,0,46.439605712890625,1638.0500452130727,0.049989320227449729,0.01562225766034929,0.21418267578490088,0.015603783498476501,0,2.9554877281188965,32.439720153808594
102,1.7,1,0.094879999999999992,0.16342399999999999,0.002016,0.003712,0.0014399999999999999,0.0024319999999999997,0.0022719999999999997,0.075488,0.0024319999999999997,0.0050879999999999996,0.79561551433389555,1.8872,40,0.15515152325686116,13.465608596801758,0.024199607228693132,0.26166081428527832,0.15597402281787118,0.0021284385584294796,0.065244747810524639,2.1685948371887207,0,0,0,0,46.861438751220703,1773.7439374482783,0.054130369184822946,0.015619976695852928,0.23248211619984996,0.015604926504058245,0,3.1169781684875488,32.590484619140625
103,1.7166666666666666,1,0.094911999999999996,0.163936,0.0019840000000000001,0.0038079999999999998,0.0014399999999999999,0.0023679999999999999,0.0022719999999999997,0.075808,0.0022079999999999999,0.0050239999999999998,0.79871881321645322,1.8952000000000002,40,0.15385799522862068,11.981922149658203,0.027542999760560651,0.29629546403884888,0.17901571978520814,0.00229870923794806,0.067804265912227976,2.2041499614715576,0,0,0,0,47.282569885253906,1929.4499177712714,0.058882138603859602,0.015620611768127127,0.25128609584301626,0.015605585075481505,0,3.288121223449707,31.871616363525391
104,1.7333333333333334,1,0.094911999999999996,0.16425599999999999,0.0019840000000000001,0.003712,0.0014399999999999999,0.0024319999999999997,0.002336,0.075808,0.0022079999999999999,0.0049919999999999999,0.79871881321645322,1.8952000000000002,40,0.14729193925382686,10.965766906738281,0.030684426062372244,0.32534193992614746,0.20832386495702288,0.002474658191204071,0.07035137797092636,2.2303667068481445,0,0,0,0,47.702999114990234,2077.3550100922585,0.063395843813850661,0.015619055755081847,0.26765255816391198,0.015602953229565479,0,3.455052375793457,31.632919311523438
105,1.75,1,0.094591999999999996,0.164192,0.0019840000000000001,0.003712,0.001472,0.0024319999999999997,0.0019840000000000001,0.075839999999999991,0.0022079999999999999,0.00496,0.80175913396481724,1.8959999999999997,40,0.13037276534819767,3.4848065376281738,0.032895135847686489,0.35157597064971924,0.25231600909768725,0.002639763755723834,0.072660357220754618,2.267014741897583,0,0,0,0,48.122726440429688,2214.8994598612189,0.06759336730533505,0.015610227450508492,0.2820407114283191,0.01560379313641643,0,3.589285135269165,31.137411117553711
106,1.7666666666666666,1,0.094687999999999994,0.16361599999999998,0.0020479999999999999,0.003872,0.0015039999999999999,0.0024319999999999997,0.001952,0.075551999999999994,0.0023040000000000001,0.0050239999999999998,0.79790469753295035,1.8887999999999998,40,0.125166915672455,3.6412992477416992,0.033405755033341131,0.3508952260017395,0.2668896557358616,0.0027684452943503857,0.074410285503421977,2.2932209968566895,0,0,0,0,48.541755676269531,2312.9729503988638,0.070586332714809075,0.01561123027400033,0.2914270329614132,0.015604606638929448,0,3.6704840660095215,30.197540283203125
107,1.7833333333333332,1,0.094751999999999989,0.16364799999999999,0.001952,0.003712,0.0014399999999999999,0.0023999999999999998,0.0023679999999999999,0.075488,0.0024319999999999997,0.00496,0.79669030732860524,1.8872,40,0.1193501318873119,3.7113950252532959,0.032379581833247163,0.32971644401550293,0.27129908715827261,0.0028537106700241566,0.075547477390368989,2.3182673454284668,0,0,0,0,48.960086822509766,2354.2998502161354,0.07184752960864671,0.015607668080591689,0.29657527009251361,0.015602864133335295,0,3.6967160701751709,30.033933639526367
108,1.8,1,0.096031999999999992,0.16364799999999999,0.0021119999999999997,0.0037439999999999999,0.001472,0.0024319999999999997,0.003424,0.075647999999999993,0.0021440000000000001,0.0050559999999999997,0.78773742085971343,1.8912,40,0.11351054925196988,3.3539690971374512,0.030150180862810575,0.30193579196929932,0.26561567238903433,0.0028971945866942406,0.076120885264088209,2.3324909210205078,0,0,0,0,49.377719879150391,2340.3439316204749,0.071421628772597501,0.015607258334149081,0.29792992233212789,0.015607918963378178,0,3.6842360496520996,28.442104339599609
109,1.8166666666666667,1,0.094591999999999996,0.16361599999999998,0.002176,0.0039680000000000002,0.001472,0.0024319999999999997,0.0017599999999999998,0.07551999999999999,0.0023040000000000001,0.00496,0.79837618403247623,1.8879999999999999,40,0.10793618281035093,3.509406566619873,0.027152479208801924,0.26415818929672241,0.25156049159631794,0.0029039508663117886,0.076209590817846395,2.3455541133880615,0,0,0,0,49.794658660888672,2288.9822877477854,0.069854195793084273,0.015611951547392261,0.29566705587362641,0.015607479747104075,0,3.6452293395996094,27.427650451660156
110,1.8333333333333333,1,0.094815999999999998,0.16416,0.0019199999999999998,0.003712,0.001472,0.0023999999999999998,0.0023679999999999999,0.075583999999999998,0.0023040000000000001,0.0050559999999999997,0.79716503543705708,1.8896000000000002,40,0.10671630975270723,3.4878056049346924,0.023818140058223282,0.2234724760055542,0.22319118898898258,0.0028802943415939808,0.075898542035983549,2.3519129753112793,0,0,0,0,50.210903167724609,2222.458715531975,0.067824057480834199,0.015605438243235115,0.29134085257168002,0.015602396281711789,0,3.5905904769897461,27.703081130981445
111,1.8499999999999999,1,0.094624,0.16364799999999999,0.001952,0.0037759999999999998,0.0014399999999999999,0.0023999999999999998,0.0022719999999999997,0.075551999999999994,0.0022399999999999998,0.0049919999999999999,0.7984443692932025,1.8887999999999998,40,0.10193667808963838,3.3808519840240479,0.020311781063561612,0.17970579862594604,0.19925880894117792,0.0028328541666269302,0.075270899644244063,2.355525016784668,0,0,0,0,50.626453399658203,2099.0767230391502,0.064058737885716255,0.015605216764565643,0.28117607402911016,0.015605919713929137,0,3.5284795761108398,27.971296310424805
112,1.8666666666666667,1,0.094175999999999996,0.16364799999999999,0.001952,0.0038399999999999997,0.0014399999999999999,0.0024319999999999997,0.0015039999999999999,0.075839999999999991,0.002176,0.0049919999999999999,0.80530071355759425,1.8959999999999997,40,0.095948260547245479,3.5555582046508789,0.016950814087156794,0.13597029447555542,0.1766661947853668,0.0027676485478878021,0.074399577255355454,2.3617072105407715,0,0,0,0,51.041313171386719,2008.5303374528885,0.061295481489651138,0.015613911572435281,0.27203338340325683,0.015612135677236074,0,3.4599845409393311,28.224710464477539
113,1.8833333333333333,1,0.094559999999999991,0.16367999999999999,0.0020479999999999999,0.003872,0.001472,0.0024319999999999997,0.001856,0.075455999999999995,0.0024319999999999997,0.0049919999999999999,0.79796954314720814,1.8863999999999996,40,0.08610392570506116,3.486398458480835,0.013905449042868076,0.093048095703125,0.16149610983475424,0.0026864253450185061,0.073299731855150818,2.3683910369873047,0,0,0,0,51.455482482910156,1889.0540342330933,0.057649354072054848,0.015612868581222848,0.25827471713056238,0.015611160912822372,0,3.3848967552185059,28.543306350708008
114,1.8999999999999999,1,0.094815999999999998,0.16361599999999998,0.0020479999999999999,0.0037759999999999998,0.001472,0.0024319999999999997,0.0020799999999999998,0.075775999999999996,0.002176,0.0050559999999999997,0.79919001012487345,1.8943999999999999,40,0.078495004778785682,3.3997159004211426,0.011517710090807534,0.058544695377349854,0.14673175857835413,0.0025936728343367577,0.072023230062761803,2.3738861083984375,0,0,0,0,51.868961334228516,1766.3665427565575,0.053905228965959395,0.015612785925990103,0.24200641143207555,0.015615253982832537,0,3.304084300994873,28.842451095581055
115,1.9166666666666667,1,0.094719999999999999,0.16383999999999999,0.002016,0.0038079999999999998,0.001472,0.0023999999999999998,0.002176,0.075583999999999998,0.0022719999999999997,0.0049919999999999999,0.79797297297297298,1.8896000000000002,40,0.068561140392509837,2.7632699012756348,0.009960073019830146,0.027532398700714111,0.14527286102315567,0.0024942881427705288,0.070629854067108602,2.3775782585144043,0,0,0,0,52.281749725341797,1683.8078241348267,0.051385736820520833,0.015612145732940681,0.22903917718769495,0.015612672996902284,0,3.2202792167663574,29.11749267578125
116,1.9333333333333333,1,0.09465599999999999,0.163776,0.0020799999999999998,0.0037759999999999998,0.0015039999999999999,0.0024319999999999997,0.002016,0.075583999999999998,0.0022079999999999999,0.0050559999999999997,0.79851250845165656,1.8896000000000002,40,0.061005054680463515,2.492793083190918,0.0092508477256692465,0.037875890731811523,0.15164067590995492,0.002394004026427865,0.069195433757262698,2.3803820610046387,0,0,0,0,52.693851470947266,1626.5812702178955,0.049639320990536362,0.015615165285265102,0.2185967331139872,0.015614070780265525,0,3.1386158466339111,29.427394866943359
117,1.95,1,0.094303999999999999,0.164192,0.0020479999999999999,0.0037439999999999999,0.001472,0.0023999999999999998,0.0017599999999999998,0.075679999999999997,0.0022079999999999999,0.0049919999999999999,0.80251102816423481,1.8919999999999999,40,0.055307703214295421,2.535893440246582,0.0091451111660151262,0.049549996852874756,0.16534968249506668,0.0022965399548411369,0.067772265047600949,2.3825914859771729,0,0,0,0,53.105266571044922,1582.661060333252,0.048298982554115355,0.01562045020869525,0.20964055099167084,0.015614566426066961,0,3.0612573623657227,29.741682052612305
118,1.9666666666666666,1,0.094624,0.16383999999999999,0.0019840000000000001,0.0037759999999999998,0.0014399999999999999,0.0024319999999999997,0.0022079999999999999,0.075423999999999991,0.0024319999999999997,0.0049280000000000001,0.79709164693946555,1.8855999999999997,40,0.049481617977673219,2.1991138458251953,0.0092676058282428059,0.057549953460693359,0.18729391250755939,0.0022055059671401978,0.066415449515006636,2.3851628303527832,0,0,0,0,53.515998840332031,1558.457981556654,0.047560363206684997,0.015619555220125071,0.20371467468130619,0.015612493340996602,0,2.990525484085083,30.02717399597168
119,1.9833333333333334,1,0.094783999999999993,0.164352,0.0020479999999999999,0.0037759999999999998,0.001472,0.0023679999999999999,0.002176,0.075839999999999991,0.002176,0.0049280000000000001,0.80013504388926393,1.8959999999999997,40,0.044829366633524145,1.9534175395965576,0.009450814509341144,0.064356327056884766,0.21081748904910175,0.0021200994960963726,0.065116810365624833,2.387340784072876,0,0,0,0,53.926044464111328,1543.4677410125732,0.047102897369768471,0.015621424380297849,0.19906622417874367,0.01561242445077916,0,2.9256463050842285,30.304851531982422
120,2,1,0.094944000000000001,0.16451199999999999,0.002016,0.0037759999999999998,0.001408,0.002464,0.0022719999999999997,0.075808,0.0021119999999999997,0.0050879999999999996,0.79844961240310075,1.8952000000000002,40,0.043140652725282662,1.9885205030441284,0.0095037017643771222,0.066798269748687744,0.22029573416276707,0.0020447487477213144,0.063949179005227494,2.3890209197998047,0,0,0,0,54.335407257080078,1530.7568168640137,0.046714990749023855,0.015623545275445273,0.19468092586377275,0.015612730940326601,0,2.8720440864562988,30.625009536743164
121,2.0166666666666666,1,0.094687999999999994,0.163552,0.0020479999999999999,0.0038399999999999997,0.0015039999999999999,0.0024319999999999997,0.0020479999999999999,0.075488,0.002336,0.0049919999999999999,0.79722879351132148,1.8872,40,0.041259957488025849,2.0084161758422852,0.0093829968365460748,0.066053569316864014,0.22741169423815177,0.0019800199661403894,0.062928848172207785,2.3893165588378906,0,0,0,0,54.744091033935547,1516.1493141651154,0.046269205144199077,0.015630352690387518,0.18984164564198278,0.015612297839133845,0,2.8289687633514404,30.91978645324707
122,2.0333333333333332,1,0.094911999999999996,0.16399999999999998,0.001952,0.0038399999999999997,0.001472,0.002464,0.0021119999999999997,0.075455999999999995,0.002464,0.0051519999999999995,0.79501011463250171,1.8863999999999996,40,0.041736829935063606,2.0155513286590576,0.009146396784186852,0.063594281673431396,0.21914450135329649,0.0019247427117079496,0.062044221515108876,2.3907978534698486,0,0,0,0,55.152091979980469,1502.4013481140137,0.045849650516174734,0.015622674214882929,0.18503083493566852,0.015614693769484973,0,2.7948546409606934,31.203634262084961
123,2.0499999999999998,1,0.094783999999999993,0.164128,0.0022399999999999998,0.0038079999999999998,0.0015039999999999999,0.0023999999999999998,0.001856,0.075808,0.0021119999999999997,0.0050559999999999997,0.79979743416610405,1.8952000000000002,40,0.041275853626432608,1.9935779571533203,0.0088407722209215278,0.06038510799407959,0.21418750780868148,0.0018775064963847399,0.061278160814187951,2.3938460350036621,0,0,0,0,55.559413909912109,1498.8832626342773,0.045742287067696452,0.015621417159748963,0.18198438687660365,0.015613389987857527,0,2.7678406238555908,31.467126846313477
124,2.0666666666666664,1,0.096159999999999995,0.16342399999999999,0.0020479999999999999,0.0039039999999999999,0.001472,0.0024319999999999997,0.0033279999999999998,0.075423999999999991,0.0024319999999999997,0.0051199999999999996,0.78435940099833601,1.8855999999999997,40,0.040317372078031939,2.0216116905212402,0.0084821472854755067,0.056436538696289062,0.21038442855498621,0.0018373976927250624,0.060620090609055717,2.3978300094604492,0,0,0,0,55.966056823730469,1498.5225315093994,0.045731278427410871,0.015622009470913377,0.1795710873260096,0.015613514037456743,0,2.7467095851898193,31.743635177612305
125,2.0833333333333335,1,0.094848000000000002,0.16422399999999998,0.0019840000000000001,0.003712,0.001472,0.0024319999999999997,0.0022719999999999997,0.075839999999999991,0.002176,0.00496,0.7995951417004048,1.8959999999999997,40,0.040207029338852562,2.0326237678527832,0.0080839362113945962,0.052082955837249756,0.20105778378366754,0.0018031429499387741,0.060052359652869161,2.4026868343353271,0,0,0,0,56.372024536132812,1500.6722869873047,0.045796883758157492,0.015625259600954605,0.17757240773620656,0.015611406220025145,0,2.7300405502319336,32.023422241210938
126,2.1000000000000001,1,0.094719999999999999,0.163776,0.0019840000000000001,0.003872,0.0014399999999999999,0.0024319999999999997,0.002176,0.075423999999999991,0.0023999999999999998,0.0049919999999999999,0.79628378378378373,1.8855999999999997,40,0.039263732959540588,2.045839786529541,0.0076844091539697247,0.04791724681854248,0.19571264815518544,0.0017739086179062724,0.059563556272376354,2.4071822166442871,0,0,0,0,56.777317047119141,1504.3923282623291,0.045910410408396274,0.01562661116407885,0.17592613742629185,0.015611499621745505,0,2.7173225879669189,32.290687561035156
127,2.1166666666666667,1,0.09465599999999999,0.16336000000000001,0.0020479999999999999,0.003872,0.0015039999999999999,0.0023999999999999998,0.002016,0.075551999999999994,0.0023040000000000001,0.00496,0.79817444219066935,1.8887999999999998,40,0.038558383298787871,2.0579771995544434,0.0072861559099063411,0.043781638145446777,0.18896424814925761,0.0017489726888015866,0.059143430553216754,2.4123082160949707,0,0,0,0,57.181934356689453,1509.5167045593262,0.04606679396238178,0.015628324397959806,0.17460068522759883,0.015611602034970761,0,2.7078516483306885,32.530441284179688
128,2.1333333333333333,1,0.094751999999999989,0.16339199999999998,0.0020479999999999999,0.0039359999999999994,0.0015039999999999999,0.002464,0.0018239999999999999,0.075551999999999994,0.002336,0.0050879999999999996,0.79736575481256333,1.8887999999999998,40,0.038456692502809676,2.0701198577880859,0.0068815452275896444,0.039590299129486084,0.17894272179249096,0.0017282245680689812,0.058791573683121989,2.4175441265106201,0,0,0,0,57.58587646484375,1515.5731201171875,0.046251621097326279,0.015630365378390649,0.17349956166448191,0.015611677126688655,0,2.7016031742095947,32.750129699707031
129,2.1499999999999999,1,0.094783999999999993,0.16387199999999999,0.002016,0.0037759999999999998,0.0014399999999999999,0.0024319999999999997,0.0021440000000000001,0.075871999999999995,0.002176,0.0049280000000000001,0.80047265361242403,1.8968,40,0.038028977054851573,2.0620722770690918,0.0065089780489592016,0.035917162895202637,0.17115837850623475,0.0017102083656936884,0.058484328938506053,2.4224004745483398,0,0,0,0,57.989147186279297,1522.5780086517334,0.0464653933304362,0.015632865100322232,0.17262539714444564,0.015611780504141071,0,2.6972131729125977,32.974006652832031
130,2.1666666666666665,1,0.094687999999999994,0.163712,0.0019840000000000001,0.0038079999999999998,0.0014399999999999999,0.0024319999999999997,0.002176,0.075488,0.0023999999999999998,0.00496,0.79722879351132148,1.8872,40,0.037251967105553847,2.0437908172607422,0.0061505904376851859,0.032372772693634033,0.1651078027707214,0.0016950173303484917,0.058224004162346847,2.4278092384338379,0,0,0,0,58.391746520996094,1530.165168762207,0.046696935081854463,0.015636039302602222,0.17190187201529977,0.015611686772455268,0,2.694847583770752,33.200599670410156
131,2.1833333333333331,1,0.094624,0.16364799999999999,0.002016,0.0038079999999999998,0.001472,0.0023679999999999999,0.002176,0.075583999999999998,0.0022719999999999997,0.0049280000000000001,0.79878254988163677,1.8896000000000002,40,0.036483707212548892,2.0172731876373291,0.0058195841756784571,0.029220998287200928,0.15951186489285168,0.0016818247968330979,0.057996979177076073,2.4339945316314697,0,0,0,0,58.793674468994141,1537.8566112518311,0.046931659278925508,0.015639580663227778,0.17121048631699695,0.015611790448941031,0,2.6937928199768066,33.427993774414062
132,2.2000000000000002,1,0.094591999999999996,0.163552,0.0021440000000000001,0.0039039999999999999,0.001472,0.002464,0.0015999999999999999,0.075808,0.0021440000000000001,0.0050559999999999997,0.80142083897158323,1.8952000000000002,40,0.037049087692832376,2.1092908382415771,0.0055052422484103691,0.026268839836120605,0.1485931932805846,0.0016707421746104956,0.057805573686462025,2.4397335052490234,0,0,0,0,59.194934844970703,1546.1954441070557,0.047186140262056142,0.015643793867860273,0.17066111849655774,0.015611903862623904,0,2.694218635559082,33.640968322753906
133,2.2166666666666668,1,0.096447999999999992,0.163936,0.002176,0.0040000000000000001,0.0015039999999999999,0.0024319999999999997,0.0034559999999999999,0.075712000000000002,0.002176,0.0049919999999999999,0.7850033178500333,1.8928,40,0.036789468882502036,2.091392993927002,0.0052180190654047155,0.023704051971435547,0.14183458538284394,0.0016611021710559726,0.057638566447405205,2.4454915523529053,0,0,0,0,59.595523834228516,1555.1629867553711,0.047459807945415378,0.015648536116415163,0.1702483953728858,0.015612346666038848,0,2.6955442428588867,33.834117889404297
134,2.2333333333333334,1,0.094848000000000002,0.16463999999999998,0.001952,0.0036479999999999998,0.001472,0.0024319999999999997,0.0023040000000000001,0.075871999999999995,0.0021440000000000001,0.0050239999999999998,0.79993252361673406,1.8968,40,0.036178730449938454,2.043358325958252,0.004943996113738084,0.021264553070068359,0.13665477069681128,0.0016528292326256633,0.057494855989482459,2.4509363174438477,0,0,0,0,59.995445251464844,1564.3744678497314,0.04774092003935948,0.015648358475282561,0.16989313089436539,0.015612442013853789,0,2.6974430084228516,34.009666442871094
135,2.25,1,0.094751999999999989,0.16399999999999998,0.002176,0.0039359999999999994,0.001472,0.0024319999999999997,0.001792,0.075808,0.0021440000000000001,0.0049919999999999999,0.80006754474839592,1.8952000000000002,40,0.034295105204181005,1.9541664123535156,0.0046952616735252651,0.019212722778320312,0.13690763289896116,0.0016456409357488155,0.057369694713303394,2.4561858177185059,0,0,0,0,60.394702911376953,1573.5705738067627,0.048021562921348959,0.015648183254059412,0.16954260140759966,0.015612536237225971,0,2.6999902725219727,34.183788299560547
136,2.2666666666666666,1,0.09465599999999999,0.16358399999999998,0.0020799999999999998,0.0037439999999999999,0.0014399999999999999,0.002464,0.0021119999999999997,0.07551999999999999,0.0023040000000000001,0.0049919999999999999,0.79783637592968215,1.8879999999999999,40,0.03392748599746314,1.9579648971557617,0.004470940741390146,0.017531991004943848,0.13177931137380622,0.0016392513643950224,0.057258211016325375,2.4614267349243164,0,0,0,0,60.793296813964844,1582.7513942718506,0.048301739327143878,0.015648010441814426,0.16919672101845476,0.015612629246225052,0,2.7028417587280273,34.348487854003906
137,2.2833333333333332,1,0.094495999999999997,0.16361599999999998,0.0020479999999999999,0.003872,0.001472,0.0024319999999999997,0.001792,0.075583999999999998,0.002336,0.00496,0.79986454453098543,1.8896000000000002,40,0.033963240157315243,1.9613361358642578,0.0042642657411345276,0.01602482795715332,0.12555532750652648,0.0016337507404386997,0.057162063301436201,2.4663090705871582,0,0,0,0,61.191226959228516,1591.9169445037842,0.048581449722405523,0.015647839767019538,0.16885539740941655,0.015612720914890106,0,2.7062196731567383,34.496875762939453
138,2.2999999999999998,1,0.094624,0.16380799999999998,0.0020479999999999999,0.0039680000000000002,0.001472,0.0024319999999999997,0.001856,0.075551999999999994,0.0023040000000000001,0.0049919999999999999,0.7984443692932025,1.8887999999999998,40,0.033293513374703335,1.9555199146270752,0.0040709178645940087,0.014660239219665527,0.12227360383320564,0.0016290502389892936,0.057079772932086784,2.4710104465484619,0,0,0,0,61.588493347167969,1601.0672073364258,0.048860693583264947,0.015647671374466269,0.16851853998891264,0.015612811454872517,0,2.7101149559020996,34.637069702148438
139,2.3166666666666664,1,0.09465599999999999,0.163712,0.0020479999999999999,0.0038399999999999997,0.001472,0.0023999999999999998,0.0021119999999999997,0.075551999999999994,0.0022719999999999997,0.00496,0.79817444219066935,1.8887999999999998,40,0.032778904950982679,1.9608750343322754,0.0038878109969113272,0.013339400291442871,0.11860710425577455,0.0016249306499958038,0.057007554762431335,2.4756252765655518,0,0,0,0,61.985095977783203,1610.2022399902344,0.049139472655951977,0.015647505145617184,0.16818606248751614,0.015612900814389114,0,2.7142171859741211,34.768909454345703
140,2.3333333333333335,1,0.094624,0.163968,0.0020799999999999998,0.0040639999999999999,0.0015039999999999999,0.002464,0.001696,0.075616000000000003,0.002176,0.0050239999999999998,0.79912073047007104,1.8904000000000001,40,0.032317234491985355,1.9595639705657959,0.003723158821680441,0.012392103672027588,0.11520660354164218,0.0016211078036576509,0.0569404566834101,2.4798040390014648,0,0,0,0,62.381038665771484,1619.3220520019531,0.049417787231504917,0.015647341149457487,0.16785787987688258,0.015612988905584784,0,2.7182412147521973,34.898162841796875
141,2.3500000000000001,1,0.094463999999999992,0.164352,0.0020799999999999998,0.0038079999999999998,0.001472,0.0023999999999999998,0.001696,0.075808,0.002176,0.0050239999999999998,0.8025067750677507,1.8952000000000002,40,0.031761327958931253,1.9600775241851807,0.0035716459149235736,0.011585116386413574,0.11245266317396627,0.0016175920609384775,0.056878678974436062,2.4842548370361328,0,0,0,0,62.776321411132812,1628.4266948699951,0.049695638881530613,0.015647179160162509,0.16753391364138645,0.015613076082039361,0,2.7222862243652344,35.024261474609375
142,2.3666666666666667,1,0.094751999999999989,0.16342399999999999,0.0019840000000000001,0.0037439999999999999,0.0014399999999999999,0.002464,0.0022079999999999999,0.075583999999999998,0.0023040000000000001,0.0050239999999999998,0.79770347855454249,1.8896000000000002,40,0.031896315114207152,1.9679633378982544,0.0034278737816556119,0.010782003402709961,0.10746927252824824,0.0016145150875672698,0.056824556092718748,2.4882254600524902,0,0,0,0,63.170948028564453,1637.5161666870117,0.049973027547821403,0.015647019321778543,0.16721408073011992,0.015613162033824892,0,2.7264804840087891,35.145542144775391
143,2.3833333333333333,1,0.094687999999999994,0.16358399999999998,0.0020479999999999999,0.003872,0.001472,0.0023999999999999998,0.002016,0.075455999999999995,0.002464,0.00496,0.79689084150050693,1.8863999999999996,40,0.031128988995946509,1.9577059745788574,0.0032912645061030934,0.010006368160247803,0.10572988755052946,0.0016117165796458721,0.05677528651879922,2.4921393394470215,0,0,0,0,63.564918518066406,1646.5905075073242,0.050249954452738166,0.015646861485139014,0.16689830057095084,0.015613246747685409,0,2.7306663990020752,35.262435913085938
144,2.3999999999999999,1,0.094848000000000002,0.16422399999999998,0.0021119999999999997,0.0039039999999999999,0.001472,0.0024319999999999997,0.0019199999999999998,0.075808,0.0021440000000000001,0.0050559999999999997,0.79925775978407554,1.8952000000000002,40,0.031603455271697736,1.9658215045928955,0.0031580913108260143,0.0091379880905151367,0.099928671839063815,0.0016093903686851263,0.056734299478977027,2.4960818290710449,0,0,0,0,63.958232879638672,1655.6497440338135,0.050526420411188155,0.015646705684654264,0.16658650054609461,0.015613330606493885,0,2.7352786064147949,35.372013092041016
145,2.4166666666666665,1,0.096319999999999989,0.16352,0.002176,0.0040000000000000001,0.001472,0.0024319999999999997,0.003424,0.075551999999999994,0.0022719999999999997,0.0049919999999999999,0.78438538205980068,1.8887999999999998,40,0.03137777143100539,1.9661288261413574,0.0030315629517335451,0.008351445198059082,0.096614986134354958,0.0016074654413387179,0.05670036051629157,2.499967098236084,0,0,0,0,64.35089111328125,1665.184778213501,0.050817406561691314,0.01564654552927534,0.16627104005421553,0.015613416684247358,0,2.7402081489562988,35.481529235839844
146,2.4333333333333331,1,0.094591999999999996,0.16399999999999998,0.002016,0.0037439999999999999,0.0015039999999999999,0.0024319999999999997,0.0019840000000000001,0.075551999999999994,0.0023040000000000001,0.0050559999999999997,0.79871447902571036,1.8887999999999998,40,0.030980067526840967,1.9694254398345947,0.0029114422675869602,0.0076225996017456055,0.093977918707391514,0.001605853671208024,0.056671927286938532,2.5037651062011719,0,0,0,0,64.742897033691406,1674.7039699554443,0.051107909239362925,0.01564638732872619,0.16597798162803487,0.015613501673060366,0,2.7452194690704346,35.585033416748047
147,2.4500000000000002,1,0.094815999999999998,0.16409599999999999,0.0020479999999999999,0.0037439999999999999,0.0014399999999999999,0.0024319999999999997,0.0022079999999999999,0.075808,0.002176,0.00496,0.79952750590617616,1.8952000000000002,40,0.030665800628481833,1.9716267585754395,0.0028004225320638057,0.0070594549179077148,0.091320704976566788,0.0016044429503381252,0.056647029054278306,2.5074329376220703,0,0,0,0,65.134246826171875,1684.2072906494141,0.051397927571088076,0.015646231222708508,0.16570687277251026,0.015613585628991842,0,2.7502117156982422,35.685855865478516
148,2.4666666666666668,1,0.094495999999999997,0.16336000000000001,0.0021119999999999997,0.0037439999999999999,0.0014399999999999999,0.0024319999999999997,0.0019199999999999998,0.075583999999999998,0.0022719999999999997,0.0049919999999999999,0.79986454453098543,1.8896000000000002,40,0.029753468808382439,1.977092981338501,0.0026934455745040754,0.0064730644226074219,0.090525430559049685,0.0016034652944654226,0.0566297676927148,2.5110032558441162,0,0,0,0,65.524948120117188,1693.6947937011719,0.051687463186681271,0.015646077030143667,0.16545727134537005,0.015613668501761591,0,2.7554998397827148,35.778602600097656
149,2.4833333333333334,1,0.094303999999999999,0.163712,0.0019199999999999998,0.003712,0.0014399999999999999,0.0023679999999999999,0.0020479999999999999,0.075583999999999998,0.0022719999999999997,0.00496,0.80149304377332875,1.8896000000000002,40,0.029569327564478318,1.9745330810546875,0.0025942041508427121,0.0059757828712463379,0.087732943712901135,0.0016027155797928572,0.056616527265328752,2.5146355628967285,0,0,0,0,65.915000915527344,1703.1664714813232,0.051976515853311867,0.01564592499482359,0.1652287510268369,0.015613750241736729,0,2.7609655857086182,35.868667602539062
150,2.5,1,0.094879999999999992,0.16339199999999998,0.002016,0.003712,0.001472,0.0024319999999999997,0.0021119999999999997,0.075871999999999995,0.002176,0.0050879999999999996,0.79966273187183812,1.8968,40,0.028676744579920744,1.9787911176681519,0.0024997107323720281,0.0054777860641479492,0.087168567038892836,0.0016022208146750927,0.056607787709379576,2.5182642936706543,0,0,0,0,66.304397583007812,1712.6223850250244,0.052265087433625013,0.015645774797576138,0.16502090389288099,0.015613830939982322,0,2.7666075229644775,35.975360870361328
151,2.5166666666666666,1,0.094879999999999992,0.16364799999999999,0.0021119999999999997,0.0036799999999999997,0.001408,0.0023999999999999998,0.0023040000000000001,0.075775999999999996,0.0022079999999999999,0.0049919999999999999,0.79865092748735245,1.8943999999999999,40,0.028543776584765927,2.0006799697875977,0.0024106946660401494,0.0050526261329650879,0.084456051527770123,0.0016017751768231392,0.056599914784796965,2.5223178863525391,0,0,0,0,66.693145751953125,1721.5765132904053,0.052538345742505044,0.015645632434803842,0.16473428635867596,0.015613907554457448,0,2.7721414566040039,36.079055786132812
152,2.5333333333333332,1,0.094783999999999993,0.163552,0.0021119999999999997,0.0040639999999999999,0.001472,0.002464,0.001696,0.075808,0.0022079999999999999,0.00496,0.79979743416610405,1.8952000000000002,40,0.028287992450858442,1.9994441270828247,0.0023277996474894216,0.0047326087951660156,0.08228931945358961,0.0016013616696000099,0.056592608520901561,2.5267744064331055,0,0,0,0,67.081253051757812,1730.5157318115234,0.052811149042099714,0.015645491687368569,0.16445110118496448,0.015613983177847202,0,2.7775654792785645,36.178417205810547
153,2.5499999999999998,1,0.094687999999999994,0.16444799999999998,0.0021119999999999997,0.0039359999999999994,0.0015039999999999999,0.0024319999999999997,0.001792,0.075775999999999996,0.0022079999999999999,0.0049280000000000001,0.80027036160865161,1.8943999999999999,40,0.027933667139483184,1.9977679252624512,0.0022502642198573989,0.0044707655906677246,0.080557422289776456,0.0016008315142244101,0.056583239819303563,2.5311248302459717,0,0,0,0,67.468711853027344,1739.4400901794434,0.053083498845808208,0.015645352560433055,0.16417129229763638,0.015614057930487849,0,2.7826328277587891,36.271366119384766
154,2.5666666666666664,1,0.09465599999999999,0.16345599999999999,0.0021119999999999997,0.0040000000000000001,0.0015039999999999999,0.002464,0.0017599999999999998,0.075551999999999994,0.0022399999999999998,0.0050239999999999998,0.79817444219066935,1.8887999999999998,40,0.027709008297110298,1.996631383895874,0.0021774949345894556,0.0042797327041625977,0.078584369070203816,0.0016002336051315069,0.056572671938516512,2.5352120399475098,0,0,0,0,67.855522155761719,1748.3495655059814,0.053355394455138594,0.015645215128174978,0.16389480007341978,0.015614131793385328,0,2.7873625755310059,36.356986999511719
155,2.5833333333333335,1,0.094591999999999996,0.16361599999999998,0.0020799999999999998,0.0039359999999999994,0.0015039999999999999,0.0024319999999999997,0.001856,0.075583999999999998,0.0022399999999999998,0.00496,0.79905277401894459,1.8896000000000002,40,0.027394796305448048,2.0061626434326172,0.0021082920194865034,0.0040839910507202148,0.076959580059634311,0.0015995613066479564,0.05656078688717045,2.5388991832733154,0,0,0,0,68.241691589355469,1757.2442188262939,0.053626837732736021,0.015645079360628193,0.163621560745495,0.015614204782324718,0,2.7918915748596191,36.437469482421875
156,2.6000000000000001,1,0.094751999999999989,0.164128,0.0021119999999999997,0.0038399999999999997,0.001472,0.002464,0.0019199999999999998,0.075775999999999996,0.002176,0.0049919999999999999,0.79972982100641676,1.8943999999999999,40,0.027209460933198454,2.0032610893249512,0.0020413402641133839,0.0039269924163818359,0.075023179221560043,0.0015988622326403856,0.056548425842641907,2.5423445701599121,0,0,0,0,68.627220153808594,1766.1240577697754,0.053897828911431134,0.015644945127890029,0.16335152102393669,0.015614276946143271,0,2.7962260246276855,36.514652252197266
157,2.6166666666666667,1,0.09663999999999999,0.163776,0.0021440000000000001,0.0043200000000000001,0.001536,0.0023999999999999998,0.0034559999999999999,0.075551999999999994,0.0023040000000000001,0.0049280000000000001,0.78178807947019868,1.8887999999999998,40,0.026936484725272113,2.0114450454711914,0.0019769423603356313,0.0037441253662109375,0.073392737786636339,0.0015981653705239296,0.056536101219025171,2.5454990863800049,0,0,0,0,69.012100219726562,1774.9891128540039,0.054168368922546506,0.015644812503964892,0.16308463178508731,0.015614348332794924,0,2.8003582954406738,36.587665557861328
158,2.6333333333333333,1,0.094815999999999998,0.163328,0.0019840000000000001,0.0038399999999999997,0.001472,0.002464,0.0020799999999999998,0.075551999999999994,0.0023040000000000001,0.0051199999999999996,0.79682753965575426,1.8887999999999998,40,0.026709159113017734,2.0158605575561523,0.0019149687660418879,0.0035938494838774204,0.071697081811480712,0.0015974070411175489,0.056522686438589397,2.5484890937805176,0,0,0,0,69.396339416503906,1783.8394031524658,0.054438458348158747,0.015644681427945527,0.16282083577738388,0.015614418922340754,0,2.8042969703674316,36.660518646240234
159,2.6499999999999999,1,0.094528000000000001,0.16352,0.0019199999999999998,0.0038399999999999997,0.0014399999999999999,0.0023999999999999998,0.002016,0.075583999999999998,0.0023040000000000001,0.0050239999999999998,0.79959377115775221,1.8896000000000002,40,0.026482132863191541,2.0189836025238037,0.0018557590646498458,0.0034835641272366047,0.070075891327817913,0.0015966914361342788,0.056510024529003326,2.5512361526489258,0,0,0,0,69.779937744140625,1792.674955368042,0.05470809800317511,0.015644551740380354,0.16256007475715728,0.015614488595491249,0,2.8081903457641602,36.730930328369141
160,2.6666666666666665,1,0.096096000000000001,0.16364799999999999,0.0020799999999999998,0.0037759999999999998,0.001472,0.0024319999999999997,0.003424,0.075616000000000003,0.0022399999999999998,0.0050559999999999997,0.78687978687978688,1.8904000000000001,40,0.02631308493019259,2.0222861766815186,0.0017983829818474619,0.0033772671595215797,0.068345577366488566,0.001596083864569664,0.05649927193459512,2.553959846496582,0,0,0,0,70.16290283203125,1801.4958095550537,0.054977289109956473,0.015644423615742479,0.16230229860938927,0.015614557500016927,0,2.812100887298584,36.799606323242188
161,2.6833333333333331,1,0.094815999999999998,0.16428799999999999,0.001952,0.0037439999999999999,0.001472,0.0023999999999999998,0.0022719999999999997,0.075839999999999991,0.002176,0.00496,0.79986500168747887,1.8959999999999997,40,0.026043306736164038,2.0308713912963867,0.001743888669836424,0.0032747827935963869,0.066961107800294808,0.0015954646514728665,0.056488311206352532,2.5566349029541016,0,0,0,0,70.54522705078125,1810.3019428253174,0.055246030970010906,0.015644296962458108,0.1620474609207174,0.015614625648700527,0,2.8159427642822266,36.867656707763672
162,2.7000000000000002,1,0.094719999999999999,0.16406399999999999,0.0020479999999999999,0.003712,0.0014399999999999999,0.0024319999999999997,0.0022399999999999998,0.075423999999999991,0.0023999999999999998,0.0050239999999999998,0.79628378378378373,1.8855999999999997,40,0.025912966446702559,2.0264244079589844,0.0016912964986170445,0.0031759396661072969,0.0652683474929696,0.0015948208747431636,0.056476913420320053,2.5592293739318848,0,0,0,0,70.926918029785156,1819.0934257507324,0.055514325737021863,0.015644171755340434,0.16179550483249824,0.015614692923508845,0,2.8196024894714355,36.933845520019531
163,2.7166666666666668,1,0.094528000000000001,0.16352,0.0020479999999999999,0.0042239999999999995,0.0015039999999999999,0.0023999999999999998,0.0015999999999999999,0.075551999999999994,0.0022719999999999997,0.0049280000000000001,0.79925524712254559,1.8887999999999998,40,0.025806591374563852,2.0301837921142578,0.0016396320087499155,0.0030805573333054781,0.063535396246325315,0.0015942435711622238,0.056466690555799774,2.5617680549621582,0,0,0,0,71.307968139648438,1827.8702507019043,0.0557821731781587,0.015644047905373951,0.16154638899067297,0.015614759469061129,0,2.823082447052002,36.995658874511719
164,2.7333333333333334,1,0.094687999999999994,0.16403199999999998,0.0020479999999999999,0.0038079999999999998,0.001472,0.002464,0.0020479999999999999,0.075583999999999998,0.002336,0.0049280000000000001,0.79824264954376478,1.8896000000000002,40,0.026469251663262892,2.0324435234069824,0.0015874782004260861,0.0029884791001677513,0.05997442695478139,0.0015938896685838699,0.056460422750522689,2.5640416145324707,0,0,0,0,71.688385009765625,1836.6324596405029,0.056049574573989958,0.015643925487064139,0.16130006481186648,0.015614825330091167,0,2.8266544342041016,37.055774688720703
165,2.75,1,0.094591999999999996,0.16409599999999999,0.0020799999999999998,0.0037759999999999998,0.001472,0.0023999999999999998,0.0020799999999999998,0.075583999999999998,0.0022399999999999998,0.00496,0.79905277401894459,1.8896000000000002,40,0.026171014099053407,2.0327670574188232,0.0015377221346601845,0.0028995501343160868,0.058756688939913995,0.0015934904804453254,0.056453352078425341,2.5663909912109375,0,0,0,0,72.068168640136719,1845.3800773620605,0.056316530681215227,0.01564380444455685,0.16105648385098364,0.015614890485751045,0,2.8300535678863525,37.115798950195312
166,2.7666666666666666,1,0.094783999999999993,0.163776,0.0019840000000000001,0.003712,0.001472,0.0023999999999999998,0.0023040000000000001,0.075583999999999998,0.0023040000000000001,0.0050239999999999998,0.79743416610398388,1.8896000000000002,40,0.025931253661342545,2.0362229347229004,0.0014907189484967785,0.0028136186301708221,0.057487345886369279,0.0015930826775729656,0.056446127902150485,2.5687422752380371,0,0,0,0,72.447319030761719,1854.1131153106689,0.056583041849080473,0.015643684723258906,0.16081559896240577,0.015614954915477479,0,2.8333926200866699,37.175186157226562
167,2.7833333333333332,1,0.094783999999999993,0.16383999999999999,0.0021119999999999997,0.0039359999999999994,0.0015039999999999999,0.0023999999999999998,0.001856,0.075808,0.002176,0.0049919999999999999,0.79979743416610405,1.8952000000000002,40,0.025000964785004971,2.0443286895751953,0.0014452874483383217,0.0027305374387651682,0.057809266992975138,0.0015927010681480169,0.056439366901977504,2.5709688663482666,0,0,0,0,72.825843811035156,1862.8316326141357,0.056849109882023185,0.015643566269191469,0.16057736417909949,0.01561501853531933,0,2.8366780281066895,37.229434967041016
168,2.7999999999999998,1,0.097344,0.16387199999999999,0.002176,0.004352,0.0015679999999999999,0.0024319999999999997,0.0033599999999999997,0.075839999999999991,0.0025279999999999999,0.0050879999999999996,0.77909270216962512,1.8959999999999997,40,0.024803362270307511,2.0360496044158936,0.0014020214223927278,0.0026501733809709549,0.056525458408157404,0.0015922943130135536,0.056432159501715928,2.5733649730682373,0,0,0,0,73.2037353515625,1871.5356121063232,0.057114734256174415,0.015643449189448461,0.16034174210047053,0.015615081485376898,0,2.8397951126098633,37.282852172851562
169,2.8166666666666664,1,0.094559999999999991,0.16361599999999998,0.0019199999999999998,0.003712,0.0014399999999999999,0.0023999999999999998,0.002336,0.075616000000000003,0.0022079999999999999,0.0049280000000000001,0.79966159052453478,1.8904000000000001,40,0.024547057305611481,2.0397260189056396,0.0013604741563920065,0.0025723972357809544,0.055423105892248879,0.0015918139833956957,0.056423647230495401,2.5756382942199707,0,0,0,0,73.58099365234375,1880.2251129150391,0.057379916775971651,0.015643333334848211,0.16010868849363655,0.015615143776722053,0,2.842717170715332,37.334075927734375
170,2.8333333333333335,1,0.094687999999999994,0.16342399999999999,0.0020479999999999999,0.0039359999999999994,0.0015039999999999999,0.002464,0.001856,0.075583999999999998,0.0022719999999999997,0.0050239999999999998,0.79824264954376478,1.8896000000000002,40,0.0242871059123222,2.0424981117248535,0.0013207691652762144,0.0024970807135105133,0.054381496504534728,0.0015913270181044936,0.056415016052545681,2.577847957611084,0,0,0,0,73.957626342773438,1888.900146484375,0.057644657790660858,0.015643218685708147,0.15987816477067468,0.01561520529371652,0,2.8456113338470459,37.382129669189453
171,2.8500000000000001,1,0.094624,0.16364799999999999,0.0020479999999999999,0.003872,0.001472,0.0023679999999999999,0.0020799999999999998,0.075583999999999998,0.0022399999999999998,0.00496,0.79878254988163677,1.8896000000000002,40,0.024005186409177072,2.0437288284301758,0.0012827929914311104,0.0024241150822490454,0.053438159969493283,0.0015907492488622665,0.056404773713973295,2.5798976421356201,0,0,0,0,74.333633422851562,1897.5607223510742,0.057908957591280341,0.015643105317015644,0.15965012430097331,0.01561526626831485,0,2.8483383655548096,37.430656433105469
172,2.8666666666666667,1,0.094463999999999992,0.163552,0.0019199999999999998,0.003712,0.001472,0.0024319999999999997,0.0020479999999999999,0.075583999999999998,0.0022719999999999997,0.0050239999999999998,0.80013550135501355,1.8896000000000002,40,0.023853723853837619,2.0438742637634277,0.0012460627198664941,0.0023534125648438931,0.052237660144876116,0.0015901116421446204,0.056393468454150261,2.581953763961792,0,0,0,0,74.709014892578125,1906.2068767547607,0.058172817283775657,0.015642993114590331,0.15942452734751597,0.015615326490600212,0,2.8508765697479248,37.480060577392578
173,2.8833333333333333,1,0.094783999999999993,0.16364799999999999,0.001952,0.003712,0.001472,0.0023679999999999999,0.002336,0.075839999999999991,0.002176,0.0049280000000000001,0.80013504388926393,1.8959999999999997,40,0.023728923197834956,2.0489697456359863,0.0012097218677701246,0.0022848548833280802,0.050980900299786906,0.0015894616954028606,0.056381942063090745,2.5839066505432129,0,0,0,0,75.083770751953125,1914.8386268615723,0.058436237392015755,0.015642882153321772,0.15920133800571662,0.015615386127849143,0,2.8532814979553223,37.530738830566406
174,2.8999999999999999,1,0.09465599999999999,0.16361599999999998,0.002016,0.0039039999999999999,0.001472,0.002464,0.001952,0.075551999999999994,0.002336,0.00496,0.79817444219066935,1.8887999999999998,40,0.023471575294946541,2.05855393409729,0.0011748409278594591,0.0022183696273714304,0.050053774111719032,0.0015887523768469691,0.056369360061064543,2.5858054161071777,0,0,0,0,75.457901000976562,1923.456018447876,0.058699219312984496,0.015642772351607954,0.15898052485668804,0.015615445189505141,0,2.85556960105896,37.573013305664062
175,2.9166666666666665,1,0.094719999999999999,0.16428799999999999,0.002176,0.0039359999999999994,0.0015039999999999999,0.0023999999999999998,0.001856,0.075743999999999992,0.002176,0.0049280000000000001,0.79966216216216213,1.8935999999999997,40,0.023181390183581087,2.0514669418334961,0.001140865312512499,0.0021538634318858385,0.049214706429494076,0.0015880408463999629,0.056356736002007121,2.587719202041626,0,0,0,0,75.831405639648438,1932.059061050415,0.058961763337720186,0.015642663753098716,0.15876204378134895,0.015615503561232378,0,2.8578026294708252,37.615058898925781
176,2.9333333333333331,1,0.094719999999999999,0.16358399999999998,0.002016,0.0038079999999999998,0.001472,0.0024319999999999997,0.0021119999999999997,0.075583999999999998,0.0023679999999999999,0.0049280000000000001,0.79797297297297298,1.8896000000000002,40,0.023207939734941955,2.0514211654663086,0.0011077942187951309,0.0020912555046379566,0.047733415005694453,0.0015873643569648266,0.056344731021894613,2.5895380973815918,0,0,0,0,76.204292297363281,1940.6477584838867,0.059223869582638144,0.015642556308635154,0.15854585452203068,0.015615561345661081,0,2.8600280284881592,37.660327911376953
177,2.9500000000000002,1,0.094879999999999992,0.16422399999999998,0.001952,0.0038399999999999997,0.0014399999999999999,0.0023999999999999998,0.0022399999999999998,0.075839999999999991,0.0022079999999999999,0.00496,0.79932546374367619,1.8959999999999997,40,0.022934414268354259,2.0574522018432617,0.0010752372356733735,0.0020304576028138399,0.046883134798738901,0.0015866440953686833,0.056331946449038724,2.591273307800293,0,0,0,0,76.576553344726562,1949.2221660614014,0.05948553973576054,0.015642449908358919,0.15833192832749618,0.015615618521517868,0,2.8620953559875488,37.704952239990234
178,2.9666666666666668,1,0.094879999999999992,0.16345599999999999,0.002016,0.0038399999999999997,0.001472,0.002464,0.0020479999999999999,0.075775999999999996,0.0022079999999999999,0.0050559999999999997,0.79865092748735245,1.8943999999999999,40,0.022698388601125566,2.0647673606872559,0.0010439581591246256,0.0019893646240234375,0.045992611082218318,0.0015858570113778114,0.056317972466661322,2.5929617881774902,0,0,0,0,76.948196411132812,1957.7822723388672,0.059746773447841406,0.015642344688546923,0.15812022948088339,0.015615675128441191,0,2.8640422821044922,37.749454498291016
179,2.9833333333333334,1,0.094783999999999993,0.16406399999999999,0.0019199999999999998,0.0038079999999999998,0.0014399999999999999,0.0023999999999999998,0.0023040000000000001,0.075679999999999997,0.0022399999999999998,0.0049919999999999999,0.79844699527346386,1.8919999999999999,40,0.022637767384837595,2.0599219799041748,0.0010136148793523404,0.0019812583923339844,0.044775390705323839,0.0015850441996008158,0.056303538070015029,2.5946221351623535,0,0,0,0,77.319221496582031,1966.3281402587891,0.060007572639733553,0.015642240570309236,0.15791072090142727,0.015615731114767833,0,2.8658626079559326,37.787456512451172
180,3,1,0.094367999999999994,0.163552,0.002016,0.0036799999999999997,0.0014399999999999999,0.0024319999999999997,0.001952,0.075423999999999991,0.0024319999999999997,0.0049919999999999999,0.79925398440149198,1.8855999999999997,40,0.022467029305195677,2.0591475963592529,0.00098409740046120366,0.0019617080688476562,0.043801847903123685,0.0015842133434489369,0.056288779404938899,2.5962884426116943,0,0,0,0,77.689628601074219,1974.8597869873047,0.060267937835305929,0.015642137446399119,0.15770337270455106,0.015615786520027122,0,2.8676490783691406,37.824588775634766
181,3.0166666666666666,1,0.094751999999999989,0.1648,0.002176,0.004032,0.0015039999999999999,0.002464,0.001632,0.075775999999999996,0.0022079999999999999,0.00496,0.79972982100641676,1.8943999999999999,40,0.02216771882920399,2.0612959861755371,0.00095573509601600904,0.0019514560699462891,0.043113822553401994,0.0015833135694265366,0.056272792172177427,2.5978190898895264,0,0,0,0,78.059417724609375,1983.3772106170654,0.060527868976350874,0.015642035452043661,0.15749814995262476,0.015615841322848469,0,2.8692941665649414,37.863208770751953
182,3.0333333333333332,1,0.094719999999999999,0.163968,0.001952,0.003712,0.0014399999999999999,0.0024319999999999997,0.0022719999999999997,0.075583999999999998,0.0022399999999999998,0.0050879999999999996,0.79797297297297298,1.8896000000000002,40,0.02213495633287102,2.0697133541107178,0.00092735556676044114,0.0019336938858032227,0.041895522756613374,0.0015824821311980486,0.05625801509470537,2.5991878509521484,0,0,0,0,78.428596496582031,1991.8804378509521,0.060787366877775639,0.015641934480569365,0.15729501447630451,0.015615895622027511,0,2.8709325790405273,37.904296875
183,3.0499999999999998,1,0.094591999999999996,0.16428799999999999,0.002016,0.0038079999999999998,0.001472,0.0023679999999999999,0.001952,0.075839999999999991,0.0022079999999999999,0.0049280000000000001,0.80175913396481724,1.8959999999999997,40,0.022012337642717206,2.0666518211364746,0.00089926241664019615,0.0019183158874511719,0.040852654144968449,0.0015815837541595101,0.056242043955736711,2.6005399227142334,0,0,0,0,78.797157287597656,2000.3695049285889,0.061046432645525783,0.015641834516477229,0.1570939397124923,0.015615949365713337,0,2.8723819255828857,37.944293975830078
184,3.0666666666666664,1,0.094719999999999999,0.163936,0.0019840000000000001,0.0037759999999999998,0.0014399999999999999,0.0024319999999999997,0.002176,0.075488,0.0023999999999999998,0.0050239999999999998,0.79695945945945945,1.8872,40,0.021821378121713923,2.0652961730957031,0.00087230734379498012,0.0019099712371826172,0.039974897044974825,0.0015806839801371098,0.056226043434286034,2.6020770072937012,0,0,0,0,79.165107727050781,2008.8444480895996,0.061305067385546863,0.015641735574251407,0.1568948896797174,0.01561600253257594,0,2.8738417625427246,37.978046417236328
185,3.0833333333333335,1,0.094719999999999999,0.163744,0.0019199999999999998,0.0037759999999999998,0.001408,0.0023999999999999998,0.0023040000000000001,0.075583999999999998,0.0023999999999999998,0.0049280000000000001,0.79797297297297298,1.8896000000000002,40,0.02151565482771052,2.0653340816497803,0.00084561521064715269,0.0018841028213500977,0.039302322770026266,0.0015797177329659462,0.056208855760741937,2.603609561920166,0,0,0,0,79.532440185546875,2017.3052654266357,0.061563271039631218,0.015641637668497153,0.15669784512385695,0.015616055219633496,0,2.8751645088195801,38.009841918945312
186,3.1000000000000001,1,0.09465599999999999,0.163744,0.002016,0.0038079999999999998,0.0014399999999999999,0.002464,0.0021119999999999997,0.075551999999999994,0.0022399999999999998,0.0050239999999999998,0.79817444219066935,1.8887999999999998,40,0.021501799583319985,2.0690457820892334,0.00081908469497521483,0.0018442869186401367,0.038093774049062369,0.0015787885058671236,0.056192321643924334,2.6048698425292969,0,0,0,0,79.899162292480469,2025.7520332336426,0.061821045936085284,0.015641540695286109,0.15650277042946475,0.015616107346064606,0,2.8764681816101074,38.043968200683594
187,3.1166666666666667,1,0.096832000000000001,0.164544,0.0020799999999999998,0.0044479999999999997,0.001408,0.0024319999999999997,0.0035199999999999997,0.075808,0.002176,0.00496,0.78288169200264379,1.8952000000000002,40,0.021363344167214585,2.0720641613006592,0.00079318195684852176,0.001801609992980957,0.037128173877654623,0.0015778833767399192,0.056176211633393709,2.6060643196105957,0,0,0,0,80.265274047851562,2034.1846981048584,0.062078390445094556,0.015641444700026791,0.15630963543483775,0.015616158978304057,0,2.8777203559875488,38.076213836669922
188,3.1333333333333333,1,0.094719999999999999,0.163552,0.0020799999999999998,0.0038079999999999998,0.001472,0.002464,0.002016,0.07551999999999999,0.0023679999999999999,0.0049919999999999999,0.79729729729729715,1.8879999999999999,40,0.021212525490509879,2.0761072635650635,0.00076842086121762122,0.001776576042175293,0.036224864482138137,0.0015769258607178926,0.05615916418035248,2.6071655750274658,0,0,0,0,80.630775451660156,2042.6033382415771,0.062335306953173131,0.015641349638812061,0.15611841487863537,0.015616210036336314,0,2.8788700103759766,38.110515594482422
189,3.1499999999999999,1,0.096799999999999997,0.164544,0.0021119999999999997,0.0044479999999999997,0.0015679999999999999,0.0024319999999999997,0.0032959999999999999,0.075775999999999996,0.0022079999999999999,0.00496,0.78280991735537186,1.8943999999999999,40,0.021023465628544898,2.0714783668518066,0.00074436666834060746,0.0017619132995605469,0.035406468252785754,0.0015759393572807312,0.056141595226369037,2.6082496643066406,0,0,0,0,80.99566650390625,2051.0079383850098,0.062591794994659722,0.01564125555643333,0.15592908300524072,0.015616260644459083,0,2.8798885345458984,38.144481658935547
190,3.1666666666666665,1,0.094783999999999993,0.16428799999999999,0.002016,0.0042239999999999995,0.001536,0.002464,0.0015679999999999999,0.075808,0.002176,0.0049919999999999999,0.79979743416610405,1.8952000000000002,40,0.020858340478810588,2.0710906982421875,0.0007212389398568716,0.001757502555847168,0.034577963697042836,0.0015749664744362235,0.056124263459509625,2.609461784362793,0,0,0,0,81.359954833984375,2059.3985538482666,0.062847856257576495,0.015641162351719876,0.15574159918580274,0.01561631072262095,0,2.8809299468994141,38.174652099609375
191,3.1833333333333331,1,0.094624,0.16361599999999998,0.0019840000000000001,0.0039039999999999999,0.0015039999999999999,0.0023679999999999999,0.0020479999999999999,0.075455999999999995,0.0024319999999999997,0.0049280000000000001,0.79742982752789981,1.8863999999999996,40,0.020684255241788511,2.0699212551116943,0.00069877089349896734,0.0017371177673339844,0.033782743701945658,0.0015739278169348836,0.056105754017478165,2.6107709407806396,0,0,0,0,81.7236328125,2067.7751693725586,0.063103490276262164,0.015641070098691524,0.15555594541590434,0.015616360307051139,0,2.8818013668060303,38.200069427490234
192,3.2000000000000002,1,0.095007999999999995,0.16380799999999998,0.0021440000000000001,0.0037759999999999998,0.001472,0.0024319999999999997,0.0017599999999999998,0.075839999999999991,0.002464,0.0051199999999999996,0.79824856854159643,1.8959999999999997,40,0.020559065215952479,2.0696852207183838,0.00067717329829241767,0.0017313957214355469,0.032937942030894278,0.0015728641301393509,0.056086792208849864,2.6119227409362793,0,0,0,0,82.086708068847656,2076.1378364562988,0.063358698622323573,0.015640978783566347,0.15537208959484222,0.015616409404942013,0,2.8825585842132568,38.226352691650391
193,3.2166666666666668,1,0.094335999999999989,0.163744,0.002016,0.0037439999999999999,0.0014399999999999999,0.0023679999999999999,0.0019840000000000001,0.075551999999999994,0.0022719999999999997,0.00496,0.80088195386702854,1.8887999999999998,40,0.020474595746177091,2.0733833312988281,0.00065573925812690485,0.0017175674438476562,0.032026969726586231,0.00157178845256567,0.056067610125020845,2.6128072738647461,0,0,0,0,82.449180603027344,2084.4866123199463,0.063613483041990548,0.015640888307003668,0.15519001394184728,0.015616458051963862,0,2.8832621574401855,38.255825042724609
194,3.2333333333333334,1,0.094879999999999992,0.16367999999999999,0.002016,0.0038079999999999998,0.0015039999999999999,0.002464,0.002016,0.075871999999999995,0.002176,0.0050239999999999998,0.79966273187183812,1.8968,40,0.020332411574462805,2.0817146301269531,0.00063495543150548887,0.0016936063766479492,0.031228731977026428,0.0015707166166976094,0.056048490018868649,2.6136186122894287,0,0,0,0,82.811042785644531,2092.8215045928955,0.063867843768093735,0.015640798714069613,0.15500969757548777,0.015616506197551181,0,2.8839983940124512,38.283943176269531
195,3.25,1,0.09465599999999999,0.16387199999999999,0.0021440000000000001,0.003872,0.0014399999999999999,0.0024319999999999997,0.001952,0.075583999999999998,0.0023040000000000001,0.0049280000000000001,0.79851250845165656,1.8896000000000002,40,0.020065432355949903,2.0814011096954346,0.00061507042327019201,0.0016827583312988281,0.030653235492720806,0.0015696225455030799,0.056028966535232108,2.6145362854003906,0,0,0,0,83.17230224609375,2101.1425437927246,0.064121781731955707,0.01564070999224438,0.15483111010507189,0.015616553905483818,0,2.8846795558929443,38.311367034912109
196,3.2666666666666666,1,0.094848000000000002,0.16409599999999999,0.002016,0.0037759999999999998,0.001472,0.0024319999999999997,0.002176,0.075808,0.0022079999999999999,0.00496,0.79925775978407554,1.8952000000000002,40,0.019981314362953109,2.0757174491882324,0.00059539683227981764,0.0016821622848510742,0.029797681046634706,0.0015684583922848105,0.056008184978354913,2.6154036521911621,0,0,0,0,83.532966613769531,2109.4497051239014,0.064375296176876873,0.015640622044886941,0.15465422424191996,0.015616601210038165,0,2.8851442337036133,38.338447570800781
197,3.2833333333333332,1,0.094624,0.16403199999999998,0.001952,0.003872,0.001472,0.0023679999999999999,0.001856,0.075839999999999991,0.0022079999999999999,0.0050559999999999997,0.80148799458911046,1.8959999999999997,40,0.019937815874227952,2.0751924514770508,0.00057613458687347555,0.0016911029815673828,0.028896574755623031,0.0015673276502639055,0.055987992467383674,2.6163296699523926,0,0,0,0,83.893028259277344,2117.7430515289307,0.064628389023710042,0.015640534916983417,0.1544790176203692,0.015616648004557917,0,2.8855910301208496,38.364734649658203
198,3.2999999999999998,1,0.094528000000000001,0.16390399999999999,0.0022079999999999999,0.0038079999999999998,0.001472,0.0024319999999999997,0.001856,0.07551999999999999,0.0022719999999999997,0.00496,0.79891672308733908,1.8879999999999999,40,0.019829266063005026,2.0755631923675537,0.00055753225076037472,0.001700282096862793,0.028116635733712248,0.0015661325305700302,0.055966642396520987,2.6172628402709961,0,0,0,0,84.252487182617188,2126.0225505828857,0.06488105928292498,0.015640448625516938,0.15430547010151888,0.015616694379904619,0,2.88590407371521,38.389205932617188
199,3.3166666666666664,1,0.094783999999999993,0.164384,0.0020799999999999998,0.003872,0.001472,0.0023999999999999998,0.0020479999999999999,0.075743999999999992,0.002176,0.0049919999999999999,0.79912221471978395,1.8935999999999997,40,0.019673066555826312,2.0753087997436523,0.00053964811666571571,0.001689910888671875,0.027430808264403257,0.0015648916596546769,0.055944466386849682,2.6181566715240479,0,0,0,0,84.611351013183594,2134.2882614135742,0.065133308758959174,0.015640363158647978,0.15413354926921041,0.015616740286233666,0,2.8861112594604492,38.409538269042969
200,3.3333333333333335,1,0.094559999999999991,0.163552,0.0020479999999999999,0.003872,0.0015039999999999999,0.0024319999999999997,0.0016639999999999999,0.075808,0.0022079999999999999,0.0050239999999999998,0.80169204737732669,1.8952000000000002,40,0.01955530949722397,2.0744366645812988,0.00052206428670350212,0.0016703605651855469,0.026696805119735552,0.0015636380994692445,0.055922054673791174,2.6189062595367432,0,0,0,0,84.969612121582031,2142.5402126312256,0.065385138324927539,0.015640278560618046,0.15396324106179815,0.015616785785608531,0,2.8862605094909668,38.425563812255859
201,3.3500000000000001,1,0.09465599999999999,0.16463999999999998,0.0020479999999999999,0.0039359999999999994,0.0014399999999999999,0.0023999999999999998,0.0018879999999999999,0.075808,0.002176,0.00496,0.80087897227856664,1.8952000000000002,40,0.019472710978585092,2.0762243270874023,0.00050492540883562685,0.0016491413116455078,0.025929897968028859,0.0015623550862073898,0.0558991070806572,2.6193881034851074,0,0,0,0,85.327278137207031,2150.7783679962158,0.065636546874884516,0.015640194626067621,0.15379451630526741,0.015616830911161995,0,2.8863582611083984,38.441967010498047
202,3.3666666666666667,1,0.094848000000000002,0.16364799999999999,0.0021440000000000001,0.0042880000000000001,0.0014399999999999999,0.0024319999999999997,0.0015039999999999999,0.075839999999999991,0.0022079999999999999,0.0049919999999999999,0.7995951417004048,1.8959999999999997,40,0.019346473272688861,2.0756392478942871,0.00048816681488087334,0.001623988151550293,0.025232858102877669,0.0015610947739332914,0.055876556335072963,2.6197614669799805,0,0,0,0,85.684349060058594,2159.0028324127197,0.065887537610251456,0.015640111510703415,0.15362735910865916,0.015616875558003099,0,2.8864281177520752,38.461517333984375
203,3.3833333333333333,1,0.094783999999999993,0.164192,0.0020479999999999999,0.003712,0.0015039999999999999,0.0023999999999999998,0.0021440000000000001,0.075839999999999991,0.002176,0.00496,0.80013504388926393,1.8959999999999997,40,0.019268315701594978,2.0808322429656982,0.00047188346408871714,0.0015966892242431641,0.024490125208487007,0.0015598376048728824,0.055854052760258718,2.6200497150421143,0,0,0,0,86.040824890136719,2167.2136116027832,0.066138110705651343,0.015640029203584239,0.15346174768112544,0.015616919842460962,0,2.8864247798919678,38.482406616210938
204,3.3999999999999999,1,0.094624,0.163712,0.0020799999999999998,0.0039359999999999994,0.001472,0.0024319999999999997,0.0018879999999999999,0.075551999999999994,0.0022719999999999997,0.0049919999999999999,0.7984443692932025,1.8887999999999998,40,0.019191262351594685,2.0811300277709961,0.00045588783904390329,0.0015704631805419922,0.023754968833825649,0.0015585995279252529,0.055831882073332492,2.6205070018768311,0,0,0,0,86.396705627441406,2175.4107456207275,0.066388267383445054,0.01563994769372971,0.15329765806483864,0.015616963660025565,0,2.8864166736602783,38.503959655761719
205,3.4166666666666665,1,0.09465599999999999,0.16361599999999998,0.001952,0.0037759999999999998,0.0014399999999999999,0.0023999999999999998,0.002336,0.075551999999999994,0.0022719999999999997,0.0049280000000000001,0.79817444219066935,1.8887999999999998,40,0.018983344120717383,2.0802915096282959,0.00044075967542441647,0.0015497207641601562,0.023218231341199547,0.0015573648270219564,0.055809763071024705,2.6210966110229492,0,0,0,0,86.751998901367188,2183.5941677093506,0.066638005606364459,0.015639866861901271,0.15313506668799037,0.015617007125718393,0,2.8864240646362305,38.523426055908203
206,3.4333333333333331,1,0.094848000000000002,0.16387199999999999,0.0020479999999999999,0.0037759999999999998,0.001472,0.0023999999999999998,0.002176,0.075488,0.0024319999999999997,0.0050559999999999997,0.79588394062078271,1.8872,40,0.018771455082658667,2.0771329402923584,0.0004258460176020559,0.001522064208984375,0.022685828867654398,0.0015560934552922845,0.055786977966050186,2.6217598915100098,0,0,0,0,87.106697082519531,2192.2557182312012,0.066902335151098669,0.015639783463104885,0.1529641798583751,0.015617051946286356,0,2.8863434791564941,38.544036865234375
207,3.4499999999999997,1,0.094815999999999998,0.163936,0.002016,0.0039359999999999994,0.0015039999999999999,0.0023999999999999998,0.001952,0.075808,0.002176,0.0050239999999999998,0.79952750590617616,1.8952000000000002,40,0.018666435175265263,2.0789318084716797,0.00041147892006105952,0.0015165805816650391,0.022043786946867434,0.0015548586379736662,0.055764839065017772,2.62235426902771,0,0,0,0,87.460807800292969,2200.9028549194336,0.067166224820539355,0.015639700817004176,0.15280885854413725,0.015617096362317102,0,2.8862378597259521,38.562351226806641
208,3.4666666666666668,1,0.094944000000000001,0.16361599999999998,0.001952,0.0037439999999999999,0.001472,0.0024319999999999997,0.0022719999999999997,0.075808,0.002176,0.0050879999999999996,0.79844961240310075,1.8952000000000002,40,0.018560295763216782,2.0727200508117676,0.00039765638901240348,0.0015418529510498047,0.02142511057396445,0.0015536714345216751,0.055743545537069582,2.62282395362854,0,0,0,0,87.814323425292969,2209.5356254577637,0.067429676069878042,0.015639618966781278,0.15266887739203364,0.015617140379599022,0,2.8861637115478516,38.580604553222656
209,3.4833333333333334,1,0.094751999999999989,0.163968,0.0019199999999999998,0.003872,0.0014399999999999999,0.0024319999999999997,0.0021119999999999997,0.075839999999999991,0.002176,0.00496,0.80040526849037485,1.8959999999999997,40,0.018424642650459677,2.07177734375,0.00038449536654208601,0.0015223026275634766,0.020868538610842105,0.0015525552444159985,0.055723518273992689,2.623356819152832,0,0,0,0,88.167251586914062,2218.1539707183838,0.06769268709467724,0.0156395379288123,0.15254400219955774,0.015617184030305944,0,2.8861780166625977,38.597366333007812
210,3.5,1,0.094879999999999992,0.16380799999999998,0.0020479999999999999,0.0037759999999999998,0.0015039999999999999,0.0024319999999999997,0.0020799999999999998,0.075808,0.0021440000000000001,0.0050879999999999996,0.79898819561551437,1.8952000000000002,40,0.018276918047777733,2.0701181888580322,0.000371653443368608,0.0014722347259521484,0.020334579517020751,0.0015514505794271827,0.055703690711247901,2.6239328384399414,0,0,0,0,88.51959228515625,2226.7579364776611,0.067955259291920811,0.015639457584724147,0.1524340061839804,0.015617227212632485,0,2.8861877918243408,38.612800598144531
211,3.5166666666666666,1,0.094848000000000002,0.16358399999999998,0.0019840000000000001,0.0038079999999999998,0.001472,0.0023999999999999998,0.0022079999999999999,0.075808,0.0022079999999999999,0.00496,0.79925775978407554,1.8952000000000002,40,0.018120619906434397,2.0694096088409424,0.00035971722625128887,0.0014276504516601562,0.019851264918567049,0.0015504080802202225,0.055684972483071631,2.6244692802429199,0,0,0,0,88.871345520019531,2235.3476085662842,0.068217395280953497,0.015639378057724883,0.15233867429716239,0.015617270013111055,0,2.8862998485565186,38.631465911865234
212,3.5333333333333332,1,0.094751999999999989,0.16390399999999999,0.0019840000000000001,0.0037759999999999998,0.001472,0.0024319999999999997,0.0022399999999999998,0.075583999999999998,0.0022719999999999997,0.0049919999999999999,0.79770347855454249,1.8896000000000002,40,0.018078178359318079,2.0697097778320312,0.00034763936798061615,0.0013949871063232422,0.019229778635380682,0.0015493924729526043,0.055666731051007556,2.6250452995300293,0,0,0,0,89.222518920898438,2243.9229927062988,0.06847909523639828,0.015639299283749519,0.15225779264357442,0.015617312383838886,0,2.8864588737487793,38.662849426269531
213,3.5499999999999998,1,0.094271999999999995,0.163712,0.0019840000000000001,0.0036479999999999998,0.0014399999999999999,0.0023679999999999999,0.0020479999999999999,0.075551999999999994,0.0022719999999999997,0.00496,0.8014256619144603,1.8887999999999998,40,0.018032761930476683,2.0859930515289307,0.00033729117759446776,0.0013917684555053711,0.018704354823451702,0.0015483284369111061,0.055647613370406211,2.6262085437774658,0,0,0,0,89.573104858398438,2251.9980430603027,0.068725526216439903,0.015639224269118318,0.1521059569770124,0.015617352733310462,0,2.8865346908569336,38.686901092529297
214,3.5666666666666664,1,0.094687999999999994,0.16364799999999999,0.002016,0.0038079999999999998,0.001472,0.0023999999999999998,0.0021119999999999997,0.075583999999999998,0.0023040000000000001,0.0049919999999999999,0.79824264954376478,1.8896000000000002,40,0.017902198285047272,2.0828216075897217,0.00032874248970630088,0.0014061927795410156,0.01836324704217367,0.0015471309889107943,0.055626090801184191,2.6274852752685547,0,0,0,0,89.923103332519531,2260.0596351623535,0.06897154648322612,0.015639149953907604,0.15195545701173013,0.015617392670032855,0,2.8863482475280762,38.705177307128906
215,3.5833333333333335,1,0.094719999999999999,0.163936,0.0020799999999999998,0.0041279999999999997,0.0014399999999999999,0.0024319999999999997,0.0018239999999999999,0.075583999999999998,0.0022719999999999997,0.00496,0.79797297297297298,1.8896000000000002,40,0.017807142490893386,2.0831420421600342,0.00032068824421569407,0.0014134645462036133,0.018008967153471972,0.0015458260895684361,0.055602627448141984,2.6284584999084473,0,0,0,0,90.27252197265625,2268.107816696167,0.069217157491948456,0.015639076276481735,0.15180627682618139,0.015617432251836131,0,2.8858401775360107,38.719100952148438
216,3.6000000000000001,1,0.094719999999999999,0.16364799999999999,0.0019840000000000001,0.0038079999999999998,0.0014399999999999999,0.002464,0.002176,0.075616000000000003,0.0022079999999999999,0.0050239999999999998,0.7983108108108109,1.8904000000000001,40,0.017765944140531946,2.0823149681091309,0.00031332035216578532,0.0014131069183349609,0.017636009079357823,0.0015444352757185698,0.055577608363774879,2.6291251182556152,0,0,0,0,90.621360778808594,2276.1425647735596,0.069462358544114977,0.015639003255100533,0.15165839214346258,0.01561747156166915,0,2.8851308822631836,38.730457305908203
217,3.6166666666666667,1,0.094591999999999996,0.16348799999999999,0.0019840000000000001,0.0038079999999999998,0.001472,0.0023679999999999999,0.0020799999999999998,0.075808,0.0021440000000000001,0.0049280000000000001,0.80142083897158323,1.8952000000000002,40,0.017589232789636259,2.082489013671875,0.00030785392235083695,0.0014231204986572266,0.017502407639532029,0.0015429578488692641,0.05555101887219107,2.6295185089111328,0,0,0,0,90.969619750976562,2284.1639518737793,0.0697071518516168,0.015638930855015793,0.15151179327899922,0.015617510525048959,0,2.8842847347259521,38.737468719482422
218,3.6333333333333333,1,0.094879999999999992,0.16447999999999999,0.0019840000000000001,0.0038079999999999998,0.001472,0.0024319999999999997,0.002176,0.075871999999999995,0.0021440000000000001,0.0049919999999999999,0.79966273187183812,1.8968,40,0.017419596091877862,2.0742387771606445,0.00030281547157513263,0.0014371871948242188,0.01738361038786225,0.0015414059162139893,0.055523074774619416,2.6296525001525879,0,0,0,0,91.317298889160156,2292.1719532012939,0.069951536657754332,0.015638859068588761,0.15136645734343115,0.015617549146213517,0,2.8832950592041016,38.744026184082031
219,3.6499999999999999,1,0.095264000000000001,0.16339199999999998,0.0020479999999999999,0.0036799999999999997,0.0014399999999999999,0.0023999999999999998,0.0022399999999999998,0.075871999999999995,0.0024319999999999997,0.0051519999999999995,0.79643936849177022,1.8968,40,0.01737580744230597,2.077387809753418,0.00029813995459440331,0.0014292001724243164,0.01715833670373805,0.001539839431643486,0.055494854385672303,2.6295855045318604,0,0,0,0,91.664398193359375,2300.1667003631592,0.070195516978856176,0.015638787861454752,0.15122237823817158,0.015617587403922276,0,2.8822417259216309,38.749721527099609
220,3.6666666666666665,1,0.09465599999999999,0.16361599999999998,0.0020479999999999999,0.0039359999999999994,0.001472,0.0024319999999999997,0.001952,0.075551999999999994,0.0022719999999999997,0.0049919999999999999,0.79817444219066935,1.8887999999999998,40,0.017426908275417506,2.08382248878479,0.00029371527594604743,0.0014240741729736328,0.016854124168448389,0.0015383062418550253,0.055467219902479797,2.6295266151428223,0,0,0,0,92.010917663574219,2308.1481056213379,0.070439090137369931,0.015638717278536166,0.15107953198703258,0.015617625353977845,0,2.8812470436096191,38.757553100585938
221,3.6833333333333331,1,0.094687999999999994,0.16348799999999999,0.0020479999999999999,0.0037439999999999999,0.001408,0.0023999999999999998,0.002176,0.075616000000000003,0.0023040000000000001,0.0049919999999999999,0.79858060155457933,1.8904000000000001,40,0.017475081124999126,2.0841367244720459,0.00029013341939459683,0.0014225244522094727,0.016602693705355335,0.001536788884550333,0.055439857224750012,2.6294457912445068,0,0,0,0,92.356857299804688,2316.1162357330322,0.070682258170563728,0.015638647311766674,0.15093791432490877,0.015617663000428073,0,2.8802857398986816,38.763896942138672
222,3.6999999999999997,1,0.094848000000000002,0.16422399999999998,0.0019199999999999998,0.0038399999999999997,0.0014399999999999999,0.0024319999999999997,0.0022399999999999998,0.075808,0.002176,0.0049919999999999999,0.79925775978407554,1.8952000000000002,40,0.017499584329832799,2.081770658493042,0.00028613562191134352,0.0014083385467529297,0.016350995344703564,0.0015352719929069281,0.055412489438878818,2.6293864250183105,0,0,0,0,92.702224731445312,2324.0711212158203,0.070925022009760141,0.015638577927784936,0.15079749794949882,0.015617700218903413,0,2.8792500495910645,38.769386291503906
223,3.7166666666666668,1,0.094624,0.16467199999999999,0.001952,0.0038079999999999998,0.0014399999999999999,0.0023999999999999998,0.0022719999999999997,0.075616000000000003,0.002176,0.00496,0.79912073047007104,1.8904000000000001,40,0.017479484013573052,2.0810027122497559,0.00028281186075589554,0.0014009475708007812,0.016179645837159057,0.0015337551012635231,0.055385108129596045,2.6292815208435059,0,0,0,0,93.047012329101562,2332.0127220153809,0.071167380432598293,0.015638509170795453,0.15065827021311542,0.015617737167648828,0,2.8781807422637939,38.77447509765625
224,3.7333333333333334,1,0.094751999999999989,0.16367999999999999,0.0019840000000000001,0.0038079999999999998,0.0015039999999999999,0.0024319999999999997,0.0020479999999999999,0.075808,0.002176,0.0049919999999999999,0.80006754474839592,1.8952000000000002,40,0.017361271898035054,2.0800023078918457,0.00028075814933231245,0.0013967752456665039,0.016171519631812726,0.0015322002582252026,0.055357027706068228,2.6291317939758301,0,0,0,0,93.391227722167969,2339.9410820007324,0.071409334777854383,0.015638441007518541,0.15052021851971625,0.015617773824702731,0,2.8770303726196289,38.779548645019531
225,3.75,1,0.094591999999999996,0.16358399999999998,0.0019199999999999998,0.0037759999999999998,0.001472,0.0023999999999999998,0.002176,0.075583999999999998,0.0023040000000000001,0.00496,0.79905277401894459,1.8896000000000002,40,0.017352847795940367,2.0765924453735352,0.00027966800399047522,0.0013854503631591797,0.016116547974096937,0.0015306666027754545,0.055329315968579526,2.6289281845092773,0,0,0,0,93.734870910644531,2347.8562870025635,0.071650887664873153,0.015638373354136936,0.15038332976078256,0.015617810168516304,0,2.8759372234344482,38.784427642822266
226,3.7666666666666666,1,0.094719999999999999,0.16387199999999999,0.0020799999999999998,0.0038079999999999998,0.0015039999999999999,0.002464,0.001952,0.075808,0.0021440000000000001,0.00496,0.80033783783783785,1.8952000000000002,40,0.017270806688532668,2.0726816654205322,0.00027861876088883258,0.0013854503631591797,0.016132353625023643,0.0015291026793420315,0.05530104301624033,2.6287050247192383,0,0,0,0,94.07794189453125,2355.2665328979492,0.071877030422911048,0.015638309033465265,0.15025611421710564,0.015617844709068634,0,2.8747797012329102,38.788883209228516
227,3.7833333333333332,1,0.094591999999999996,0.16367999999999999,0.0020799999999999998,0.0039039999999999999,0.001472,0.0024319999999999997,0.0018879999999999999,0.075583999999999998,0.0023040000000000001,0.0049280000000000001,0.79905277401894459,1.8896000000000002,40,0.017159234248265567,2.0711221694946289,0.0002784191591682166,0.0013592243194580078,0.016225616781026162,0.0015274632023647428,0.055271388662937404,2.6284852027893066,0,0,0,0,94.420440673828125,2362.6644477844238,0.072102796868421137,0.015638245261072294,0.15011692132941903,0.015617878970563709,0,2.8734512329101562,38.791793823242188
228,3.7999999999999998,1,0.094687999999999994,0.163968,0.0020479999999999999,0.003872,0.0014399999999999999,0.002464,0.0020479999999999999,0.075423999999999991,0.0023999999999999998,0.0049919999999999999,0.79655288948969238,1.8855999999999997,40,0.01709613343709122,2.0704836845397949,0.00027925304689767848,0.0013498067855834961,0.016334280960384882,0.0015257690101861954,0.055240727913129374,2.6282057762145996,0,0,0,0,94.762367248535156,2370.0500164031982,0.072328186535742134,0.015638182030913279,0.14996590289164471,0.015617913006402055,0,2.8719713687896729,38.794384002685547
229,3.8166666666666664,1,0.094559999999999991,0.164192,0.001952,0.003712,0.0014399999999999999,0.0024319999999999997,0.0021119999999999997,0.075775999999999996,0.002176,0.00496,0.80135363790186132,1.8943999999999999,40,0.01701404245800877,2.0694539546966553,0.00028114283313317921,0.0013778209686279297,0.016524164308808396,0.0015239677159115672,0.055208110199708289,2.6279013156890869,0,0,0,0,95.103729248046875,2377.4232788085938,0.072553200647234917,0.015638119261515343,0.14980320438829722,0.015617946744122459,0,2.8702182769775391,38.796665191650391
230,3.8333333333333335,1,0.09465599999999999,0.16361599999999998,0.0020479999999999999,0.0038079999999999998,0.0015039999999999999,0.0024319999999999997,0.0020479999999999999,0.075583999999999998,0.0022719999999999997,0.00496,0.79851250845165656,1.8896000000000002,40,0.016904701702420647,2.0685849189758301,0.00028469653028004576,0.0014429092407226562,0.016841263175870119,0.0015220820205286145,0.055173943497426652,2.6275556087493896,0,0,0,0,95.44451904296875,2384.7842826843262,0.072777840658091009,0.015638056972365678,0.14962898621895698,0.015617980212146458,0,2.8682923316955566,38.799083709716797
231,3.8500000000000001,1,0.094016000000000002,0.16409599999999999,0.0019840000000000001,0.0039039999999999999,0.0014399999999999999,0.0023999999999999998,0.001472,0.075583999999999998,0.0023040000000000001,0.0049280000000000001,0.80394826412525522,1.8896000000000002,40,0.016812279271804884,2.0670545101165771,0.00028918464813394539,0.0014818906784057617,0.017200799692812855,0.0015200863126665354,0.05513776043087959,2.6271734237670898,0,0,0,0,95.784744262695312,2392.1330852508545,0.073002108314540237,0.015637995157762409,0.14944338717052782,0.015618013413645403,0,2.8661437034606934,38.798271179199219
232,3.8666666666666667,1,0.094719999999999999,0.16348799999999999,0.001952,0.0037759999999999998,0.0014399999999999999,0.0024319999999999997,0.0022719999999999997,0.075583999999999998,0.0022719999999999997,0.0049919999999999999,0.79797297297297298,1.8896000000000002,40,0.016802703530929441,2.0654985904693604,0.00029350598076880542,0.0015025138854980469,0.017467783099817041,0.0015180099289864302,0.055100089455216501,2.6266393661499023,0,0,0,0,96.124404907226562,2399.4696025848389,0.073226001055445522,0.015637933887377053,0.14924654495246564,0.015618046326490654,0,2.8637981414794922,38.784713745117188
233,3.8833333333333333,1,0.094783999999999993,0.16352,0.0020799999999999998,0.0039359999999999994,0.0015039999999999999,0.0023999999999999998,0.001856,0.075808,0.0022079999999999999,0.0049919999999999999,0.79979743416610405,1.8952000000000002,40,0.01653746896881968,2.0411877632141113,0.00029787369791733578,0.0015103816986083984,0.018012048789264986,0.001515878364443779,0.055061390546258075,2.6255466938018799,0,0,0,0,96.463493347167969,2407.2799339294434,0.073464353452436626,0.01563787048155282,0.14911893125658879,0.015618080425665195,0,2.8613598346710205,38.772811889648438
234,3.8999999999999999,1,0.094687999999999994,0.16390399999999999,0.0021440000000000001,0.0039680000000000002,0.0015039999999999999,0.002496,0.001696,0.075743999999999992,0.002176,0.00496,0.79993240959783707,1.8935999999999997,40,0.016435227284749637,2.0381848812103271,0.00030292618052699078,0.0015041828155517578,0.018431517573722762,0.0015138054732233286,0.055023730757252885,2.6242499351501465,0,0,0,0,96.802017211914062,2415.0772590637207,0.073702308931387961,0.015637807554807474,0.14899235325332635,0.01561811426720589,0,2.85906982421875,38.760978698730469
235,3.9166666666666665,1,0.094815999999999998,0.16422399999999998,0.0020479999999999999,0.0038079999999999998,0.0014399999999999999,0.0023999999999999998,0.002176,0.075808,0.0022079999999999999,0.0049280000000000001,0.79952750590617616,1.8952000000000002,40,0.016360595736824444,2.0364830493927002,0.00030770753399461323,0.0014998912811279297,0.018807844099590142,0.0015117891598492861,0.054987074114727835,2.6229658126831055,0,0,0,0,97.139984130859375,2422.8615894317627,0.073939867841545492,0.01563774519984577,0.14886679704553271,0.015618147804975618,0,2.8568894863128662,38.750331878662109
236,3.9333333333333331,1,0.094879999999999992,0.16463999999999998,0.001952,0.0037759999999999998,0.001472,0.0024319999999999997,0.0022399999999999998,0.075839999999999991,0.002176,0.0049919999999999999,0.79932546374367619,1.8959999999999997,40,0.016345290054934552,2.035315990447998,0.00031179141255331818,0.0014874935150146484,0.019075306189454258,0.001509880879893899,0.054952359001118396,2.6216902732849121,0,0,0,0,97.477386474609375,2430.6329593658447,0.074177031230647117,0.015637683262861253,0.14874225220798212,0.015618181091571712,0,2.8548567295074463,38.74420166015625
237,3.9499999999999997,1,0.094463999999999992,0.16387199999999999,0.0020479999999999999,0.003872,0.0015039999999999999,0.0023999999999999998,0.0018879999999999999,0.075551999999999994,0.0022719999999999997,0.0049280000000000001,0.79979674796747968,1.8887999999999998,40,0.016354573058677078,2.0428869724273682,0.00031540221174100456,0.0014591217041015625,0.019285261107667061,0.0015080373268574476,0.054918800548763767,2.6206088066101074,0,0,0,0,97.814224243164062,2438.3914165496826,0.074413800553884357,0.015637621885288583,0.14861871130396814,0.01561821413005918,0,2.8529040813446045,38.740165710449219
238,3.9666666666666668,1,0.094848000000000002,0.16383999999999999,0.001952,0.0037439999999999999,0.001472,0.0024319999999999997,0.0022399999999999998,0.075839999999999991,0.0022079999999999999,0.00496,0.7995951417004048,1.8959999999999997,40,0.016258966509338574,2.0407791137695312,0.00031959634801441054,0.0014510154724121094,0.019656621337576757,0.0015062227612361312,0.05488574972132805,2.6196904182434082,0,0,0,0,98.150505065917969,2446.1369323730469,0.0746501749381423,0.015637560987879235,0.14849615295047353,0.015618246850142502,0,2.851008415222168,38.737663269042969
239,3.9833333333333334,1,0.094751999999999989,0.16409599999999999,0.0019840000000000001,0.0038079999999999998,0.0015039999999999999,0.0023999999999999998,0.0021119999999999997,0.075839999999999991,0.0022079999999999999,0.0048960000000000002,0.80040526849037485,1.8959999999999997,40,0.016129542403530227,2.0370683670043945,0.00032438595692094727,0.0014431476593017578,0.020111293228625621,0.0015044197207316756,0.054852889089485081,2.6188974380493164,0,0,0,0,98.486221313476562,2453.8695392608643,0.07488615537295118,0.015637500516377582,0.1483745745220493,0.015618279352603497,0,2.8491458892822266,38.736202239990234
240,4,1,0.094783999999999993,0.16447999999999999,0.0020799999999999998,0.0038079999999999998,0.001472,0.002464,0.002016,0.075808,0.0021440000000000001,0.0049919999999999999,0.79979743416610405,1.8952000000000002,40,0.016026163849666018,2.0274374485015869,0.00032908157836520491,0.0014395713806152344,0.020534020583601043,0.0015026191249489784,0.054820053355482581,2.6183075904846191,0,0,0,0,98.821380615234375,2461.5892753601074,0.075121743022464216,0.01563744063512296,0.14825395729513194,0.015618311567466354,0,2.8472661972045898,38.734458923339844
241,4.0166666666666666,0,0.094432000000000002,0.16409599999999999,0.00063999999999999994,0.0044799999999999996,0.001472,0.0023999999999999998,0.0026879999999999999,0.075551999999999994,0.0022719999999999997,0.0049280000000000001,0.80006777363605552,1.8887999999999998,40,0.015881443756422642,2.0237092971801758,0.00033262094179383633,0.0014078617095947266,0.020943998977380158,0.0015008129412308335,0.054787095948422626,2.617772102355957,0,0,0,0,98.656814575195312,2468.2978324890137,0.075326471938751638,0.015637386200412402,0.14828268466547551,0.015618340853992234,0,2.8453185558319092,38.731319427490234
242,4.0333333333333332,0,0.094687999999999994,0.163744,0.000736,0.0044159999999999998,0.0014399999999999999,0.0024319999999999997,0.0028159999999999999,0.075423999999999991,0.0024319999999999997,0.0049919999999999999,0.79655288948969238,1.8855999999999997,40,0.015815422029249005,2.0220451354980469,0.00033611350393107718,0.0013974905014038086,0.021252262716067245,0.001498982310295105,0.054753672211005265,2.6172113418579102,0,0,0,0,98.492523193359375,2474.4968795776367,0.075515651842579246,0.015637334575933932,0.14837568994155481,0.015618368640691617,0,2.8433222770690918,38.727512359619141
243,4.0499999999999998,0,0.094624,0.16361599999999998,0.000736,0.0044159999999999998,0.001408,0.0023999999999999998,0.0028479999999999998,0.075583999999999998,0.002336,0.0048960000000000002,0.79878254988163677,1.8896000000000002,40,0.015678056773364611,2.0198190212249756,0.00033987151739359563,0.0013930797576904297,0.021678166006580738,0.0014970187330618501,0.054717798440029546,2.61661696434021,0,0,0,0,98.328506469726562,2480.1881198883057,0.075689334713388234,0.0156372857964917,0.14852606515314887,0.015618394912406847,0,2.8410663604736328,38.726509094238281
244,4.0666666666666664,0,0.094687999999999994,0.163968,0.000736,0.0045119999999999995,0.001472,0.0023999999999999998,0.0026879999999999999,0.075455999999999995,0.0023999999999999998,0.0050239999999999998,0.79689084150050693,1.8863999999999996,40,0.015591505404771258,2.0188772678375244,0.00034325684098489713,0.0013753175735473633,0.022015631722120614,0.0014948800671845675,0.054678699091777368,2.6160073280334473,0,0,0,0,98.164756774902344,2485.3731842041016,0.075847570318728685,0.015637239732663916,0.14872707756849265,0.015618419675984277,0,2.8383908271789551,38.724788665771484
245,4.083333333333333,0,0.096512000000000001,0.16467199999999999,0.0023999999999999998,0.0049919999999999999,0.001472,0.0024319999999999997,0.002176,0.075871999999999995,0.002176,0.0049919999999999999,0.78614058355437655,1.8968,40,0.015491638239202677,2.0184197425842285,0.00034675181270156128,0.0013720989227294922,0.022383159698635455,0.0014925030991435051,0.0546352102429103,2.6153860092163086,0,0,0,0,98.00128173828125,2490.0537700653076,0.075990410463418812,0.015637196378954447,0.14897213439266124,0.015618443008291216,0,2.8352041244506836,38.720634460449219
246,4.0999999999999996,0,0.094975999999999991,0.16387199999999999,0.00070399999999999998,0.0049919999999999999,0.001472,0.0024319999999999997,0.002176,0.075808,0.0025279999999999999,0.0048639999999999994,0.7981805929919138,1.8952000000000002,40,0.015471005987194282,2.0159182548522949,0.00034926564169134033,0.0013456344604492188,0.022575496511373323,0.0014898926019668579,0.054587408840626572,2.6147086620330811,0,0,0,0,97.838081359863281,2494.2315711975098,0.076117906835861504,0.015637155637751813,0.14925478489019742,0.015618464888186424,0,2.8315110206604004,38.715381622314453
247,4.1166666666666663,0,0.094687999999999994,0.16422399999999998,0.00070399999999999998,0.0044799999999999996,0.0015039999999999999,0.0024319999999999997,0.0026559999999999999,0.075775999999999996,0.0021440000000000001,0.0049919999999999999,0.80027036160865161,1.8943999999999999,40,0.015332912177545722,2.011134147644043,0.00035240076667661721,0.0013120174407958984,0.022983289971013492,0.0014869474107399583,0.0545334284772186,2.6139788627624512,0,0,0,0,97.675155639648438,2497.9082107543945,0.0762301089707762,0.015637117535057601,0.14956869214796345,0.015618485411988318,0,2.8271479606628418,38.709674835205078
248,4.1333333333333329,0,0.094783999999999993,0.16364799999999999,0.00076800000000000002,0.0043200000000000001,0.001472,0.0023999999999999998,0.0029119999999999997,0.075455999999999995,0.002464,0.0049919999999999999,0.79608372721134368,1.8863999999999996,40,0.015239143122113424,2.0125994682312012,0.00035617170311696397,0.0012985467910766602,0.023372160774586169,0.0014836147893220186,0.054472282664159002,2.6133441925048828,0,0,0,0,97.512496948242188,2501.085319519043,0.076327066635712981,0.015637081956958659,0.14990764350143038,0.015618504530755545,0,2.8219938278198242,38.7034912109375
249,4.1500000000000004,0,0.094624,0.16380799999999998,0.00070399999999999998,0.0048319999999999995,0.0014399999999999999,0.0023999999999999998,0.002464,0.075616000000000003,0.0022399999999999998,0.0049280000000000001,0.79912073047007104,1.8904000000000001,40,0.015083201557031455,2.0113048553466797,0.00036080963634981612,0.001242518424987793,0.023921289852525684,0.0014797955518588424,0.054402124073584524,2.6126079559326172,0,0,0,0,97.350112915039062,2503.7645931243896,0.076408831577282399,0.015637048864389679,0.15026550351760992,0.015618522313279029,0,2.8158376216888428,38.698570251464844
250,4.166666666666667,0,0.094591999999999996,0.16383999999999999,0.00067199999999999996,0.0045760000000000002,0.001536,0.002464,0.002496,0.075455999999999995,0.0023999999999999998,0.0049919999999999999,0.7976995940460081,1.8863999999999996,40,0.015085269895581429,2.0120666027069092,0.00036603446756105302,0.0011541843414306641,0.024264363189701158,0.0014753787545487285,0.054320875444873462,2.6117923259735107,0,0,0,0,97.187995910644531,2505.9476451873779,0.076475453039165586,0.015637018293272759,0.15063623292073758,0.015618538754818088,0,2.8084230422973633,38.691184997558594
251,4.1833333333333336,0,0.09465599999999999,0.16416,0.00070399999999999998,0.0047039999999999998,0.0015039999999999999,0.0024319999999999997,0.0023999999999999998,0.075775999999999996,0.002176,0.00496,0.80054090601757943,1.8943999999999999,40,0.014985509836175836,2.0034694671630859,0.00037197405484428624,0.0012083053588867188,0.024822248886475697,0.0014703393680974841,0.054228025376137093,2.6110258102416992,0,0,0,0,97.026145935058594,2507.1451930999756,0.076511999301146716,0.015636992535054569,0.1510158893131632,0.015618552634412898,0,2.7997121810913086,38.683158874511719
252,4.2000000000000002,0,0.094559999999999991,0.16319999999999998,0.000736,0.00464,0.0015039999999999999,0.002464,0.002496,0.075551999999999994,0.0022399999999999998,0.0049280000000000001,0.79898477157360404,1.8887999999999998,40,0.014952641572326454,2.0015931129455566,0.00037861497180804185,0.0013325214385986328,0.025320942120940163,0.0014646011404693127,0.054122105289231177,2.610156774520874,0,0,0,0,96.864570617675781,2507.360631942749,0.076518573972862214,0.015636971560028412,0.15138043390888301,0.015618563957043039,0,2.7895200252532959,38.676597595214844
253,4.2166666666666668,0,0.094815999999999998,0.163968,0.00076800000000000002,0.00496,0.0014399999999999999,0.0024319999999999997,0.0022399999999999998,0.075871999999999995,0.0021440000000000001,0.00496,0.80020249746878158,1.8968,40,0.014820093967432021,1.998609185218811,0.00038752853539211638,0.0014586448669433594,0.026148858181583183,0.0014579258859157562,0.053998627499516248,2.6092624664306641,0,0,0,0,96.703262329101562,2506.5970840454102,0.076495272340252995,0.015636955256076834,0.15170594903849199,0.015618572720903759,0,2.777432918548584,38.667964935302734
254,4.2333333333333334,0,0.094783999999999993,0.16380799999999998,0.00070399999999999998,0.0046080000000000001,0.0015039999999999999,0.002464,0.0025279999999999999,0.075775999999999996,0.0022079999999999999,0.0049919999999999999,0.79945982444294394,1.8943999999999999,40,0.014743866618077972,1.9940800666809082,0.0003994069487420703,0.0015735626220703125,0.027089701710428078,0.0014501021942123771,0.053853545736792061,2.6083388328552246,0,0,0,0,96.542221069335938,2504.8578395843506,0.076442194811534137,0.015636943664053663,0.15196853531018353,0.015618578966160609,0,2.7629952430725098,38.657539367675781
255,4.25,0,0.09663999999999999,0.164192,0.0025599999999999998,0.0045439999999999994,0.0014399999999999999,0.0023679999999999999,0.0027519999999999997,0.075839999999999991,0.0022079999999999999,0.0049280000000000001,0.78476821192052981,1.8959999999999997,40,0.014734696193762414,1.9892036914825439,0.00041441888340641448,0.0016510486602783203,0.028125376862663035,0.001440969412215054,0.053683692350937527,2.607276439666748,0,0,0,0,96.381446838378906,2502.1461601257324,0.076359440921805799,0.015636936669378657,0.15214421659154959,0.015618582750875258,0,2.7457787990570068,38.644336700439453
256,4.2666666666666666,0,0.09465599999999999,0.163776,0.00070399999999999998,0.0045439999999999994,0.0015039999999999999,0.0024319999999999997,0.0025599999999999998,0.075455999999999995,0.0023999999999999998,0.0050559999999999997,0.79716024340770797,1.8863999999999996,40,0.014707854585569387,1.9929744005203247,0.00043350598694846099,0.0017492771148681641,0.029474454239831513,0.0014304080978035927,0.05348659828038408,2.6061162948608398,0,0,0,0,96.220939636230469,2498.4652881622314,0.076247109624091536,0.015636934358791387,0.15220884652386654,0.015618583984355863,0,2.725693941116333,38.604469299316406
257,4.2833333333333332,0,0.094591999999999996,0.163552,0.00070399999999999998,0.0044159999999999998,0.001472,0.0024319999999999997,0.0027199999999999998,0.075583999999999998,0.0023040000000000001,0.00496,0.79905277401894459,1.8896000000000002,40,0.014484522560094821,1.9666626453399658,0.00045423845319516291,0.0018136501312255859,0.031360264124038154,0.00141818483825773,0.053257578582915875,2.6040143966674805,0,0,0,0,96.060707092285156,2494.3046970367432,0.076120138459373266,0.015636934336225393,0.15220884577864399,0.015618583987748836,0,2.702247142791748,38.525062561035156
258,4.2999999999999998,0,0.094559999999999991,0.16336000000000001,0.00063999999999999994,0.0045760000000000002,0.001472,0.0023999999999999998,0.0026559999999999999,0.075551999999999994,0.0023040000000000001,0.00496,0.79898477157360404,1.8887999999999998,40,0.014254464060840822,1.9232834577560425,0.00047562636192854572,0.0018880367279052734,0.033366835813572505,0.0014044711133465171,0.05299945496599974,2.5998954772949219,0,0,0,0,95.900733947753906,2490.1508541107178,0.075993373233359307,0.015636934353051,0.15220884671899049,0.015618583984604091,0,2.6758456230163574,38.408157348632812
259,4.3166666666666664,0,0.094624,0.16425599999999999,0.000736,0.0043839999999999999,0.0014399999999999999,0.0024319999999999997,0.0028159999999999999,0.075583999999999998,0.0022719999999999997,0.00496,0.79878254988163677,1.8896000000000002,40,0.01397160565619367,1.8917057514190674,0.00049799454917943736,0.0019581317901611328,0.03564332986729226,0.0013893524883314967,0.052713423116536394,2.5934932231903076,0,0,0,0,95.74102783203125,2486.003942489624,0.075866819533985108,0.015636934360634333,0.15220884734929233,0.015618583975361453,0,2.6467642784118652,38.251823425292969
260,4.333333333333333,0,0.094783999999999993,0.16364799999999999,0.00070399999999999998,0.0044159999999999998,0.001472,0.0024319999999999997,0.0027519999999999997,0.075775999999999996,0.0022079999999999999,0.0050239999999999998,0.79945982444294394,1.8943999999999999,40,0.013856833077812897,1.8595184087753296,0.00052158749233712355,0.0020294189453125,0.03764117597492548,0.0013732336228713393,0.052406748093567858,2.584895133972168,0,0,0,0,95.581588745117188,2481.8639640808105,0.07574047741945833,0.015636934334903745,0.15220884792326467,0.01561858393597928,0,2.6157140731811523,38.060569763183594
261,4.3499999999999996,0,0.094624,0.16383999999999999,0.000736,0.0045439999999999994,0.0014399999999999999,0.0023999999999999998,0.0026879999999999999,0.075551999999999994,0.0023040000000000001,0.00496,0.7984443692932025,1.8887999999999998,40,0.01384655027990218,1.8294650316238403,0.00054494351558277319,0.0020613670349121094,0.039355904869225154,0.0013563911197707057,0.052084376155824418,2.5740010738372803,0,0,0,0,95.422416687011719,2477.7309169769287,0.075614346831571311,0.015636934371926221,0.15220884818491992,0.015618583914414171,0,2.5831971168518066,37.842563629150391
262,4.3666666666666663,0,0.094624,0.163328,0.000736,0.0044479999999999997,0.0014399999999999999,0.0024319999999999997,0.002784,0.075423999999999991,0.002336,0.0050239999999999998,0.79709164693946555,1.8855999999999997,40,0.013879721875889215,1.805994987487793,0.0005675643788188488,0.0021169185638427734,0.040891624766975915,0.0013390638632699847,0.051750630204278378,2.5611391067504883,0,0,0,0,95.263511657714844,2473.6048011779785,0.075488427770324051,0.015636934375630924,0.15220884813269042,0.015618583862563078,0,2.5497527122497559,37.602874755859375
263,4.3833333333333329,0,0.094559999999999991,0.16361599999999998,0.00067199999999999996,0.004352,0.0014399999999999999,0.0023999999999999998,0.0028799999999999997,0.075455999999999995,0.0024319999999999997,0.0049280000000000001,0.79796954314720814,1.8863999999999996,40,0.013853270471389073,1.7837429046630859,0.00058911045432223565,0.0021595954895019531,0.042525009205509674,0.001321437070146203,0.05140889164621628,2.5466277599334717,0,0,0,0,95.104873657226562,2469.4856128692627,0.07536272011930123,0.015636934321732791,0.15220884725189504,0.015618583852674103,0,2.5157370567321777,37.346782684326172
264,4.4000000000000004,0,0.094687999999999994,0.16352,0.00057600000000000001,0.0044479999999999997,0.0014399999999999999,0.0024319999999999997,0.0027519999999999997,0.075871999999999995,0.0022079999999999999,0.00496,0.80128421764109492,1.8968,40,0.013752878823951832,1.7585134506225586,0.00060948600620732991,0.0021882057189941406,0.04431697639521532,0.0013036854797974229,0.051062422186915944,2.5309629440307617,0,0,0,0,94.946495056152344,2465.3731708526611,0.075237218348775059,0.015636934307527574,0.1522088478161954,0.015618583836132649,0,2.4814503192901611,37.081691741943359
265,4.416666666666667,0,0.094495999999999997,0.16431999999999999,0.00070399999999999998,0.0049919999999999999,0.001472,0.0024319999999999997,0.002176,0.075616000000000003,0.002176,0.0049280000000000001,0.80020318320352191,1.8904000000000001,40,0.013644271471066234,1.72527015209198,0.00062896497666498909,0.0022103786468505859,0.046097366063022088,0.0012858675327152014,0.05071227726527771,2.5145130157470703,0,0,0,0,94.788383483886719,2461.2676525115967,0.075111927872058004,0.015636934283920143,0.15220884703640195,0.015618583861802022,0,2.447023868560791,36.814060211181641
266,4.4333333333333336,0,0.096479999999999996,0.16425599999999999,0.0023999999999999998,0.0045760000000000002,0.001472,0.0024319999999999997,0.0025919999999999997,0.075839999999999991,0.002176,0.0049919999999999999,0.78606965174129351,1.8959999999999997,40,0.013590241677769189,1.7040904760360718,0.00064825687218233357,0.0022501945495605469,0.047700172487936482,0.0012680321233347058,0.05035935113431677,2.4975893497467041,0,0,0,0,94.630531311035156,2457.1688804626465,0.0749868432758376,0.015636934275982551,0.1522088477068769,0.015618583856658069,0,2.4125771522521973,36.543136596679688
267,4.4500000000000002,0,0.094528000000000001,0.163712,0.00070399999999999998,0.0045760000000000002,0.001472,0.0023999999999999998,0.002624,0.075423999999999991,0.0023999999999999998,0.0049280000000000001,0.79790115098171965,1.8855999999999997,40,0.013446738060303377,1.6771904230117798,0.00066734586870015539,0.0022718906402587891,0.049628829364219737,0.0012502828612923622,0.050005656905841404,2.4802570343017578,0,0,0,0,94.472946166992188,2453.077033996582,0.074861970031633973,0.015636934234325335,0.15220884728738895,0.015618583869611142,0,2.3782992362976074,36.266933441162109
268,4.4666666666666668,0,0.094624,0.16364799999999999,0.00070399999999999998,0.0046080000000000001,0.001472,0.0024319999999999997,0.0025599999999999998,0.075583999999999998,0.0022399999999999998,0.0050239999999999998,0.79878254988163677,1.8896000000000002,40,0.01317487147779234,1.6391959190368652,0.0006863568820260331,0.0022988319396972656,0.052095907211160378,0.0012325950665399432,0.049650681093816693,2.4628190994262695,0,0,0,0,94.315620422363281,2448.9919281005859,0.074737302493304014,0.01563693425703518,0.15220884754811978,0.015618583851590248,0,2.3441257476806641,35.994121551513672
269,4.4833333333333334,0,0.09465599999999999,0.16428799999999999,0.00076800000000000002,0.0043200000000000001,0.001472,0.0023679999999999999,0.0028799999999999997,0.075616000000000003,0.0022079999999999999,0.0050239999999999998,0.79885057471264376,1.8904000000000001,40,0.013031880775936696,1.6168344020843506,0.00070512894340087821,0.002312779426574707,0.054107995271326863,0.0012150305556133389,0.049295650023371003,2.4453473091125488,0,0,0,0,94.158554077148438,2444.9135627746582,0.074612840660847723,0.01563693427129742,0.15220884849247687,0.015618583875577395,0,2.310152530670166,35.720149993896484
270,4.5,0,0.094719999999999999,0.16339199999999998,0.000736,0.0043200000000000001,0.0014399999999999999,0.0023999999999999998,0.0029119999999999997,0.075583999999999998,0.0023679999999999999,0.00496,0.79797297297297298,1.8896000000000002,40,0.012883579657035528,1.5817945003509521,0.00072390445466814584,0.0023486614227294922,0.056188145991927993,0.0011975762899965048,0.048940296075861756,2.4277210235595703,0,0,0,0,94.001754760742188,2440.8421173095703,0.074488590005785227,0.015636934227353558,0.15220884756361422,0.015618583893414834,0,2.2763748168945312,35.448200225830078
271,4.5166666666666666,0,0.094624,0.164768,0.00060799999999999993,0.0048639999999999994,0.0014399999999999999,0.0023999999999999998,0.0023999999999999998,0.075839999999999991,0.002176,0.0048960000000000002,0.80148799458911046,1.8959999999999997,40,0.012670653493347537,1.5556168556213379,0.00074276858471353268,0.0023508071899414062,0.058621174125194714,0.0011801708023995161,0.048583346990496983,2.4099276065826416,0,0,0,0,93.84521484375,2436.7774143218994,0.074364545114804059,0.015636934223622702,0.15220884757668324,0.015618583904604534,0,2.2427141666412354,35.179977416992188
272,4.5333333333333332,0,0.094528000000000001,0.16361599999999998,0.00070399999999999998,0.0045760000000000002,0.0015039999999999999,0.002464,0.0025279999999999999,0.075551999999999994,0.0022399999999999998,0.00496,0.79925524712254559,1.8887999999999998,40,0.01256767804904468,1.535325288772583,0.00076163511986558662,0.0023717880249023438,0.060602691833236577,0.0011629262007772923,0.048227091987332021,2.3922700881958008,0,0,0,0,93.688934326171875,2432.7194480895996,0.074240705813281238,0.015636934260334523,0.15220884775511095,0.015618583909097985,0,2.2093863487243652,34.910247802734375
273,4.5499999999999998,0,0.094783999999999993,0.16444799999999998,0.000736,0.0048319999999999995,0.001472,0.0023999999999999998,0.0023999999999999998,0.075808,0.002176,0.00496,0.79979743416610405,1.8952000000000002,40,0.012424806303904029,1.4976686239242554,0.00078039947817286359,0.002394556999206543,0.062809790276380589,0.0011457755463197827,0.047870148241253289,2.374722957611084,0,0,0,0,93.532913208007812,2428.6682205200195,0.074117072159424424,0.015636934239513619,0.15220884836059059,0.015618583857782406,0,2.1762385368347168,34.639999389648438
274,4.5666666666666664,0,0.096319999999999989,0.16383999999999999,0.0023040000000000001,0.0046719999999999999,0.001472,0.0024319999999999997,0.002464,0.075839999999999991,0.002176,0.00496,0.78737541528239197,1.8959999999999997,40,0.012305318205049208,1.4693622589111328,0.00079906718613398972,0.0024265050888061523,0.064936734899395832,0.0011288090609014034,0.047514399099670902,2.3570451736450195,0,0,0,0,93.377151489257812,2424.6237297058105,0.073993644095025957,0.015636934259213361,0.1522088491339568,0.01561858389787172,0,2.1434783935546875,34.373420715332031
275,4.583333333333333,0,0.09465599999999999,0.164352,0.00067199999999999996,0.0050879999999999996,0.0015039999999999999,0.0023999999999999998,0.0020479999999999999,0.075839999999999991,0.0021440000000000001,0.00496,0.80121703853955373,1.8959999999999997,40,0.01214496210383985,1.4434537887573242,0.00081709595083648073,0.00244140625,0.067278592049137886,0.00111198122613132,0.047158906393836575,2.3394927978515625,0,0,0,0,93.221649169921875,2420.585973739624,0.073870421561878175,0.015636934295022047,0.15220884981430771,0.015618583906698439,0,2.1109886169433594,34.109027862548828
276,4.5999999999999996,0,0.094751999999999989,0.16406399999999999,0.00070399999999999998,0.0046719999999999999,0.0015039999999999999,0.0024319999999999997,0.002464,0.075839999999999991,0.0021440000000000001,0.0049919999999999999,0.80040526849037485,1.8959999999999997,40,0.011983526444375118,1.4176565408706665,0.00083480981107127855,0.0024440288543701172,0.069663117526070586,0.001095309853553772,0.046804056524061499,2.3218593597412109,0,0,0,0,93.06640625,2416.55495262146,0.073747404559981078,0.015636934297689867,0.15220885040117141,0.015618583933436039,0,2.0788164138793945,33.841075897216797
277,4.6166666666666663,0,0.096255999999999994,0.163712,0.0023999999999999998,0.0045119999999999995,0.0014399999999999999,0.0024319999999999997,0.0026879999999999999,0.075551999999999994,0.0023040000000000001,0.0049280000000000001,0.78490691489361697,1.8887999999999998,40,0.011812909649312994,1.3956787586212158,0.00085216967210641344,0.0024664402008056641,0.072138846178000968,0.0010787984356284142,0.046449939410690602,2.3043122291564941,0,0,0,0,92.911422729492188,2412.5306644439697,0.073624593031127006,0.015636934316472655,0.15220885063146355,0.015618583928756459,0,2.0469727516174316,33.573554992675781
278,4.6333333333333329,0,0.094815999999999998,0.16403199999999998,0.000736,0.0043839999999999999,0.001472,0.0024319999999999997,0.0028159999999999999,0.075839999999999991,0.0021440000000000001,0.0049919999999999999,0.79986500168747887,1.8959999999999997,40,0.011656070138840206,1.3584355115890503,0.0008691938672377858,0.0024873018264770508,0.074570061511681301,0.0010624367278069258,0.046096349699448563,2.2867922782897949,0,0,0,0,92.756698608398438,2408.5131092071533,0.073501986975315958,0.015636934301956066,0.15220885050339486,0.015618583941997227,0,2.0154187679290771,33.310203552246094
279,4.6500000000000004,0,0.094687999999999994,0.164384,0.000736,0.0045760000000000002,0.0014399999999999999,0.0024319999999999997,0.0026559999999999999,0.075775999999999996,0.002176,0.0048960000000000002,0.80027036160865161,1.8943999999999999,40,0.011550645686795086,1.3345370292663574,0.00088580960297310633,0.0024991035461425781,0.07668918491593768,0.0010462042409926653,0.045742851703685139,2.2690863609313965,0,0,0,0,92.60223388671875,2404.5022850036621,0.073379586334340274,0.015636934328349065,0.15220884975168247,0.015618583948454202,0,1.9841028451919556,33.047821044921875
280,4.666666666666667,0,0.096351999999999993,0.16352,0.0023999999999999998,0.0045760000000000002,0.0014399999999999999,0.0024319999999999997,0.0025919999999999997,0.075423999999999991,0.002464,0.0050239999999999998,0.78279641315177673,1.8855999999999997,40,0.011449121005937028,1.3121366500854492,0.00090203576481463798,0.0025151968002319336,0.078786464423502955,0.0010301430011168122,0.045390373453339468,2.2515559196472168,0,0,0,0,92.448020935058594,2400.498010635376,0.073257385578472167,0.015636934322266993,0.15220885071257362,0.01561858397243914,0,1.9531261920928955,32.784580230712891
281,4.6833333333333336,0,0.094591999999999996,0.16352,0.00070399999999999998,0.0046080000000000001,0.001472,0.002464,0.002496,0.075455999999999995,0.0024319999999999997,0.00496,0.7976995940460081,1.8863999999999996,40,0.011329965554950423,1.2838039398193359,0.00091817898383695609,0.0025494098663330078,0.081039874250612737,0.0010142185492441058,0.045038173791664908,2.2340826988220215,0,0,0,0,92.2940673828125,2396.5004653930664,0.073135390179231763,0.015636934357268872,0.1522088507870081,0.0156185839399051,0,1.9224309921264648,32.519096374511719
282,4.7000000000000002,0,0.096319999999999989,0.16403199999999998,0.002464,0.0045119999999999995,0.0014399999999999999,0.0024319999999999997,0.0026879999999999999,0.075551999999999994,0.0022719999999999997,0.00496,0.78438538205980068,1.8887999999999998,40,0.011117520752448779,1.2560738325119019,0.00093398298793160965,0.0025610923767089844,0.084010006253047706,0.00099842995405197144,0.044686238464475198,2.2166008949279785,0,0,0,0,92.140373229980469,2392.5096473693848,0.0730136000784114,0.015636934358830797,0.15220884970573353,0.015618583925303003,0,1.8920094966888428,32.255332946777344
283,4.7166666666666668,0,0.096127999999999991,0.163936,0.0023999999999999998,0.0047359999999999998,0.001472,0.0024319999999999997,0.0023999999999999998,0.07551999999999999,0.0022719999999999997,0.0048960000000000002,0.7856191744340878,1.8879999999999999,40,0.010955668424571758,1.232205867767334,0.0009495936949316671,0.0025641918182373047,0.086676016298730341,0.00098279933445155621,0.044335072672807389,2.1992371082305908,0,0,0,0,91.986930847167969,2388.5253772735596,0.072892009804490954,0.01563693435263554,0.1522088500793092,0.015618583953195821,0,1.8619017601013184,31.991487503051758
284,4.7333333333333334,0,0.096447999999999992,0.16358399999999998,0.0025599999999999998,0.00464,0.001472,0.002464,0.002496,0.075551999999999994,0.0023040000000000001,0.00496,0.78334439283344393,1.8887999999999998,40,0.010844428538938295,1.2070188522338867,0.00096477850763731262,0.0025858879089355469,0.088965361722210923,0.00096734741237014532,0.043985165962404767,2.1818118095397949,0,0,0,0,91.833747863769531,2384.5478343963623,0.072770624828990549,0.015636934337746943,0.15220884929431697,0.015618583924293928,0,1.8321261405944824,31.726446151733398
285,4.75,0,0.09465599999999999,0.163712,0.00076800000000000002,0.0048639999999999994,0.001472,0.0023999999999999998,0.0023679999999999999,0.075551999999999994,0.0022719999999999997,0.00496,0.79817444219066935,1.8887999999999998,40,0.010763381781482024,1.1813468933105469,0.00097941795132100657,0.0026075839996337891,0.090995374056698122,0.00095203588716685772,0.043635670893590203,2.1643466949462891,0,0,0,0,91.680816650390625,2380.5768375396729,0.072649439622182399,0.015636934340067847,0.15220884970389928,0.015618583912938218,0,1.8026236295700073,31.46003532409668
286,4.7666666666666666,0,0.09465599999999999,0.16409599999999999,0.00070399999999999998,0.0045760000000000002,0.001472,0.002464,0.0025919999999999997,0.075616000000000003,0.0022079999999999999,0.0050239999999999998,0.79885057471264376,1.8904000000000001,40,0.010604371601705395,1.1570591926574707,0.00099393145583704236,0.0026116371154785156,0.093728463427026482,0.00093687116168439388,0.043286745354308952,2.1469917297363281,0,0,0,0,91.528144836425781,2376.6125640869141,0.072528459597378969,0.015636934383873407,0.15220884841800303,0.015618583944775275,0,1.7734196186065674,31.197797775268555
287,4.7833333333333332,0,0.094463999999999992,0.164352,0.00063999999999999994,0.0045439999999999994,0.001472,0.0023999999999999998,0.002624,0.075488,0.0023999999999999998,0.0048960000000000002,0.79911924119241196,1.8872,40,0.010493828305703074,1.1333174705505371,0.0010081549844950448,0.0026434659957885742,0.096071229214522547,0.00092186650726944208,0.042938712306482642,2.129549503326416,0,0,0,0,91.375724792480469,2372.6548328399658,0.072407679224852473,0.015636934369796626,0.15220884779495991,0.015618583969288355,0,1.7444925308227539,30.941619873046875
288,4.7999999999999998,0,0.094591999999999996,0.16361599999999998,0.00070399999999999998,0.0045760000000000002,0.001472,0.0024319999999999997,0.002624,0.075616000000000003,0.0022079999999999999,0.00496,0.79939106901217871,1.8904000000000001,40,0.01033043086359285,1.1115157604217529,0.00102231006528366,0.0026514530181884766,0.098961028710481874,0.00090700900182127953,0.042591290232189008,2.1121258735656738,0,0,0,0,91.223556518554688,2368.7036437988281,0.072287098504602909,0.015636934322710891,0.1522088478380976,0.015618583961277134,0,1.7158560752868652,30.685567855834961
289,4.8166666666666664,0,0.094591999999999996,0.16342399999999999,0.00070399999999999998,0.0045119999999999995,0.001472,0.0024319999999999997,0.0026879999999999999,0.075551999999999994,0.0022719999999999997,0.00496,0.79871447902571036,1.8887999999999998,40,0.010187688812143648,1.0858099460601807,0.0010363288574142808,0.0026724338531494141,0.10172364669982702,0.0008922959677875042,0.04224443082318672,2.0949029922485352,0,0,0,0,91.071640014648438,2364.758996963501,0.072166717436630279,0.015636934318067265,0.15220884855075509,0.015618583895373274,0,1.6874933242797852,30.433238983154297
290,4.833333333333333,0,0.094783999999999993,0.16345599999999999,0.00070399999999999998,0.0044479999999999997,0.0014399999999999999,0.0024319999999999997,0.0027199999999999998,0.075808,0.0022399999999999998,0.0049919999999999999,0.79979743416610405,1.8952000000000002,40,0.010024514178060882,1.0615496635437012,0.001050276679638583,0.0026906728744506836,0.1047708308834719,0.00087768526282161474,0.041897142213320818,2.0776662826538086,0,0,0,0,90.919975280761719,2360.8208885192871,0.07204653590451926,0.01563693433085039,0.15220884939955673,0.015618583847019028,0,1.6593204736709595,30.180427551269531
291,4.8499999999999996,0,0.094591999999999996,0.16422399999999998,0.00070399999999999998,0.0045439999999999994,0.001472,0.002464,0.0025919999999999997,0.075551999999999994,0.002336,0.0049280000000000001,0.79871447902571036,1.8887999999999998,40,0.0099199440252301253,1.0345757007598877,0.0010640617712927613,0.0027019977569580078,0.10726489671579341,0.00086325430311262608,0.041551276830264217,2.0605232715606689,0,0,0,0,90.768569946289062,2356.8895053863525,0.071926559612620622,0.015636934334911493,0.1522088488089581,0.015618583842101161,0,1.6315082311630249,29.929222106933594
292,4.8666666666666663,0,0.094751999999999989,0.164128,0.00067199999999999996,0.0044479999999999997,0.001472,0.0024319999999999997,0.0027519999999999997,0.075808,0.0022079999999999999,0.00496,0.80006754474839592,1.8952000000000002,40,0.0098185591002721093,1.020050048828125,0.0010774994738031193,0.0026998519897460938,0.10974109976821933,0.00084896129556000233,0.041205856272136909,2.043480396270752,0,0,0,0,90.617416381835938,2352.9646587371826,0.071806782798375934,0.015636934331164559,0.15220884808133917,0.015618583880322541,0,1.6039800643920898,29.680639266967773
293,4.8833333333333329,0,0.096383999999999997,0.163712,0.0024319999999999997,0.0045439999999999994,0.0014399999999999999,0.0023999999999999998,0.0026559999999999999,0.075616000000000003,0.0023040000000000001,0.0049919999999999999,0.78452855245683939,1.8904000000000001,40,0.0096732106863047663,0.99209511280059814,0.0010905178238183935,0.0027137994766235352,0.11273587014519777,0.00083477835869416595,0.040860209463343823,2.0263757705688477,0,0,0,0,90.466514587402344,2349.0463485717773,0.071687205461785197,0.015636934319570479,0.15220884721601921,0.01561858391115113,0,1.5766175985336304,29.430959701538086
294,4.9000000000000004,0,0.094624,0.163744,0.000736,0.0043839999999999999,0.0014399999999999999,0.0023999999999999998,0.0028799999999999997,0.075583999999999998,0.0023040000000000001,0.0048960000000000002,0.79878254988163677,1.8896000000000002,40,0.0095089775253648576,0.97003167867660522,0.0011032286416759215,0.0027219057083129883,0.11601969178422165,0.00082074664533138275,0.040515346359901276,2.0091421604156494,0,0,0,0,90.315864562988281,2345.134578704834,0.071567827719263732,0.015636934300070605,0.15220884675263105,0.015618583934560053,0,1.5495250225067139,29.176387786865234
295,4.916666666666667,0,0.096000000000000002,0.16342399999999999,0.0021440000000000001,0.0048319999999999995,0.001472,0.0023679999999999999,0.0023999999999999998,0.075583999999999998,0.0022719999999999997,0.0049280000000000001,0.78733333333333333,1.8896000000000002,40,0.0093765185071328014,0.95076525211334229,0.0011155625443380274,0.0027458667755126953,0.11897406734593538,0.00080687139416113496,0.040171417554304326,1.992057204246521,0,0,0,0,90.165458679199219,2341.2291584014893,0.071448643750045449,0.015636934273597736,0.15220884773873891,0.015618583899071824,0,1.5227367877960205,28.924589157104492
296,4.9333333333333336,0,0.094591999999999996,0.16339199999999998,0.00067199999999999996,0.0045119999999999995,0.001536,0.002464,0.0025919999999999997,0.07551999999999999,0.002336,0.00496,0.79837618403247623,1.8879999999999999,40,0.0092620857465011541,0.92681312561035156,0.0011278155953593676,0.0027502775192260742,0.12176691365499517,0.00079310848377645016,0.039827339448586074,1.9749205112457275,0,0,0,0,90.015304565429688,2337.3302726745605,0.071329659200273454,0.015636934264673632,0.15220884832113069,0.015618583881402874,0,1.496167778968811,28.671638488769531
297,4.9500000000000002,0,0.094815999999999998,0.164128,0.00076800000000000002,0.0047359999999999998,0.001472,0.0023999999999999998,0.002496,0.075808,0.002176,0.00496,0.79952750590617616,1.8952000000000002,40,0.0091914495357891656,0.9068983793258667,0.0011396119780465116,0.0027786493301391602,0.12398609964719412,0.00077948224497959018,0.039483724367885817,1.9577450752258301,0,0,0,0,89.865402221679688,2333.4379196166992,0.071210874011740088,0.015636934222308684,0.15220884822626571,0.015618583932724835,0,1.4698331356048584,28.418424606323242
298,4.9666666666666668,0,0.094591999999999996,0.16352,0.00070399999999999998,0.0044479999999999997,0.001472,0.0024319999999999997,0.0027519999999999997,0.07551999999999999,0.0022719999999999997,0.0049919999999999999,0.79837618403247623,1.8879999999999999,40,0.0090527464032993422,0.88623654842376709,0.0011508936750836416,0.0027871131896972656,0.12713199108992931,0.00076604977948591113,0.03914204336735401,1.9406914710998535,0,0,0,0,89.715751647949219,2329.5521011352539,0.071092288242653012,0.015636934197498478,0.15220884772271498,0.015618583951043105,0,1.443819522857666,28.161687850952148
299,4.9833333333333334,0,0.096159999999999995,0.164128,0.0021119999999999997,0.0044159999999999998,0.0014399999999999999,0.0024319999999999997,0.0027519999999999997,0.075839999999999991,0.0022079999999999999,0.00496,0.78868552412645587,1.8959999999999997,40,0.0089356293114262516,0.8663443922996521,0.0011621960087967759,0.0028002262115478516,0.13006314029954685,0.00075271935202181339,0.038799983299527677,1.9236125946044922,0,0,0,0,89.56634521484375,2325.6726303100586,0.070973896188661456,0.015636934216919383,0.15220884840581095,0.015618583961305416,0,1.4180083274841309,27.905450820922852
300,5,0,0.094591999999999996,0.16380799999999998,0.00070399999999999998,0.0045439999999999994,0.001472,0.0024319999999999997,0.002624,0.075551999999999994,0.002336,0.0049280000000000001,0.79871447902571036,1.8887999999999998,40,0.0088181585268422621,0.84389442205429077,0.0011735555830659783,0.002808690071105957,0.13308397433474387,0.00073951436206698418,0.038458142494587129,1.9064822196960449,0,0,0,0,89.417190551757812,2321.7996921539307,0.070855703495908529,0.015636934228498493,0.15220884840858159,0.015618583963982562,0,1.3924458026885986,27.646217346191406
301,5.0166666666666666,0,0.094624,0.16364799999999999,0.00076800000000000002,0.0043839999999999999,0.001472,0.0023679999999999999,0.0028479999999999998,0.075616000000000003,0.0022079999999999999,0.00496,0.79912073047007104,1.8904000000000001,40,0.0087429574168993961,0.81929337978363037,0.0011847886423991651,0.0028291940689086914,0.13551348655880091,0.00072646705666556954,0.03811737285452841,1.8893499374389648,0,0,0,0,89.268287658691406,2317.9332847595215,0.070737710106186569,0.015636934206491652,0.15220884745428848,0.015618583933316658,0,1.3671969175338745,27.387630462646484
302,5.0333333333333332,0,0.094783999999999993,0.163552,0.00076800000000000002,0.004352,0.001472,0.0024319999999999997,0.0028479999999999998,0.075551999999999994,0.0023040000000000001,0.0050559999999999997,0.79709655638082377,1.8887999999999998,40,0.0086920189674995138,0.80587470531463623,0.0011959171465898213,0.0028375387191772461,0.13758795868503013,0.00071356305852532387,0.037777322788289908,1.8722290992736816,0,0,0,0,89.11962890625,2314.0732250213623,0.070619910431560129,0.015636934177432473,0.15220884769109438,0.015618583945905519,0,1.3422439098358154,27.129302978515625
303,5.0499999999999998,0,0.094687999999999994,0.16399999999999998,0.00063999999999999994,0.0050559999999999997,0.0014399999999999999,0.0023999999999999998,0.0022079999999999999,0.075808,0.0022079999999999999,0.0049280000000000001,0.80060831361946605,1.8952000000000002,40,0.0085815606381599331,0.78707766532897949,0.0012069500161601581,0.0028444528579711914,0.14064458285048645,0.00070077960845082998,0.03743740398186899,1.8551238775253296,0,0,0,0,88.971221923828125,2310.2196941375732,0.070502310001756996,0.015636934243551497,0.15220884669418352,0.015618583899267395,0,1.3175321817398071,26.871641159057617
304,5.0666666666666664,0,0.094975999999999991,0.16339199999999998,0.00070399999999999998,0.0046080000000000001,0.001472,0.0024319999999999997,0.0025599999999999998,0.075839999999999991,0.0024319999999999997,0.0049280000000000001,0.79851752021563338,1.8959999999999997,40,0.0084252172755199129,0.7639814019203186,0.001217857691576181,0.002849578857421875,0.14454911389819652,0.00068812974495813251,0.03709797150675849,1.8380377292633057,0,0,0,0,88.82305908203125,2306.3725090026855,0.070384903228841722,0.015636934251211973,0.15220884661752077,0.015618583947657179,0,1.293088436126709,26.61479377746582
305,5.083333333333333,0,0.096447999999999992,0.163712,0.002464,0.0044479999999999997,0.0014399999999999999,0.0023999999999999998,0.0027519999999999997,0.075488,0.002464,0.0049919999999999999,0.78268082282680829,1.8872,40,0.0083711525907586831,0.75216877460479736,0.0012287248849607742,0.0028729438781738281,0.146780849069365,0.0006756111397407949,0.03675897549553836,1.8210611343383789,0,0,0,0,88.675140380859375,2302.531665802002,0.070267689996398985,0.015636934277800288,0.1522088469154064,0.015618583962107324,0,1.2689132690429688,26.360061645507812
306,5.0999999999999996,0,0.094495999999999997,0.16367999999999999,0.00060799999999999993,0.0044479999999999997,0.001472,0.0024319999999999997,0.0027199999999999998,0.075551999999999994,0.002336,0.0049280000000000001,0.79952590585844896,1.8887999999999998,40,0.0083120327665054308,0.73344480991363525,0.0012390681223109264,0.0028855800628662109,0.14906920570668769,0.0006632408476434648,0.036420896409711412,1.8041138648986816,0,0,0,0,88.527473449707031,2298.6973495483398,0.070150675950571895,0.015636934296520806,0.15220884569797788,0.015618583968893741,0,1.245028018951416,26.106452941894531
307,5.1166666666666663,0,0.096351999999999993,0.16380799999999998,0.0024319999999999997,0.0044799999999999996,0.001472,0.0023999999999999998,0.0027199999999999998,0.075455999999999995,0.0023999999999999998,0.0049919999999999999,0.78312852872799732,1.8863999999999996,40,0.0081465081818977454,0.71336722373962402,0.0012492311337765959,0.0028936862945556641,0.15334559370510384,0.00065098301274701953,0.036082766322637169,1.7871778011322021,0,0,0,0,88.380050659179688,2294.8693771362305,0.070033855503425002,0.015636934308286155,0.15220884512861813,0.015618583967466024,0,1.2213637828826904,25.854215621948242
308,5.1333333333333329,0,0.094751999999999989,0.16409599999999999,0.00067199999999999996,0.0046080000000000001,0.0015039999999999999,0.002464,0.002496,0.075775999999999996,0.0022079999999999999,0.0050239999999999998,0.79972982100641676,1.8943999999999999,40,0.0080276186894810125,0.69404220581054688,0.0012595045852010379,0.0029134750366210938,0.15689641398282025,0.00063883879920467734,0.03574461635560458,1.7701930999755859,0,0,0,0,88.232872009277344,2291.0477466583252,0.069917228596750647,0.015636934287054986,0.15220884493404455,0.015618583983793998,0,1.1979190111160278,25.599813461303711
309,5.1500000000000004,0,0.094528000000000001,0.16364799999999999,0.00070399999999999998,0.00464,0.0014399999999999999,0.0023679999999999999,0.002624,0.07551999999999999,0.0022719999999999997,0.00496,0.79891672308733908,1.8879999999999999,40,0.0079294233868333688,0.68120437860488892,0.0012696208185799759,0.0029082298278808594,0.16011515045194244,0.00062681012786924839,0.035406500190480514,1.7532408237457275,0,0,0,0,88.0859375,2287.232458114624,0.069800795230548829,0.015636934284781526,0.15220884511613739,0.015618583965847083,0,1.1747028827667236,25.346275329589844
310,5.166666666666667,0,0.094687999999999994,0.164128,0.00067199999999999996,0.0046080000000000001,0.0015039999999999999,0.002464,0.002496,0.075775999999999996,0.002176,0.0049919999999999999,0.80027036160865161,1.8943999999999999,40,0.0079185636163545525,0.65972769260406494,0.0012793454757496735,0.0029290914535522461,0.16156282095244975,0.00061491987435147166,0.035069071112633472,1.736323356628418,0,0,0,0,87.939247131347656,2283.4235076904297,0.069684555288404226,0.015636934249374373,0.152208845121865,0.015618583965649286,0,1.1517252922058105,25.093429565429688
311,5.1833333333333336,0,0.095168000000000003,0.16409599999999999,0.00070399999999999998,0.0050879999999999996,0.0015039999999999999,0.0024319999999999997,0.0020479999999999999,0.075839999999999991,0.002464,0.0050879999999999996,0.79690652320107591,1.8959999999999997,40,0.0079070733532426787,0.64575850963592529,0.0012885731285395921,0.0029417276382446289,0.16296461041570459,0.00060318061150610447,0.034732711138236949,1.7193619012832642,0,0,0,0,87.792800903320312,2279.6208972930908,0.0695685088285245,0.015636934232951219,0.15220884522826522,0.015618583983294953,0,1.1290466785430908,24.840065002441406
312,5.2000000000000002,0,0.094559999999999991,0.16367999999999999,0.00063999999999999994,0.0045439999999999994,0.0015039999999999999,0.0024319999999999997,0.002624,0.07551999999999999,0.002336,0.00496,0.79864636209813866,1.8879999999999999,40,0.0079436964957033968,0.63447171449661255,0.0012971190787878441,0.0029623508453369141,0.16328910344062522,0.00059159018564969301,0.034397389018636079,1.7024056911468506,0,0,0,0,87.646598815917969,2275.8246269226074,0.06945265585090965,0.015636934235607365,0.15220884543584182,0.015618584018873371,0,1.1066567897796631,24.587541580200195
313,5.2166666666666668,0,0.094559999999999991,0.16390399999999999,0.00070399999999999998,0.0044799999999999996,0.001472,0.0023679999999999999,0.0027199999999999998,0.075488,0.0023999999999999998,0.0049280000000000001,0.79830795262267351,1.8872,40,0.0078399704234880744,0.61758381128311157,0.001305865069646302,0.0029660463333129883,0.16656505051779399,0.00058010232169181108,0.034061776867680027,1.6854223012924194,0,0,0,0,87.500640869140625,2272.0346946716309,0.069336996297352016,0.0156369342312144,0.15220884546625024,0.015618584046234714,0,1.0844752788543701,24.334926605224609
314,5.2333333333333334,0,0.09465599999999999,0.16367999999999999,0.000736,0.0044799999999999996,0.001472,0.0024319999999999997,0.0027199999999999998,0.075583999999999998,0.0022399999999999998,0.0049919999999999999,0.79851250845165656,1.8896000000000002,40,0.0077661821367700492,0.59804022312164307,0.001314808103523981,0.0029776096343994141,0.16929915888771688,0.00056874292204156518,0.033726634046153052,1.6685140132904053,0,0,0,0,87.354927062988281,2268.2511005401611,0.069221530167851597,0.015636934246014832,0.15220884531860221,0.015618584039059764,0,1.0625507831573486,24.081884384155273
315,5.25,0,0.09465599999999999,0.16422399999999998,0.00070399999999999998,0.0045439999999999994,0.001472,0.0024319999999999997,0.002624,0.075775999999999996,0.0022079999999999999,0.0048960000000000002,0.80054090601757943,1.8943999999999999,40,0.0077000540727640929,0.58379203081130981,0.0013236590689686349,0.0029914379119873047,0.17190256801579579,0.00055750220781192183,0.03339168183281345,1.6516133546829224,0,0,0,0,87.209457397460938,2264.4738426208496,0.069106257404200733,0.015636934201149897,0.15220884471222548,0.015618584023491691,0,1.0408575534820557,23.829462051391602
316,5.2666666666666666,0,0.096575999999999995,0.16399999999999998,0.0024319999999999997,0.0046080000000000001,0.001472,0.0024319999999999997,0.0025599999999999998,0.075808,0.0022079999999999999,0.0050559999999999997,0.78495692511597093,1.8952000000000002,40,0.007693409815374995,0.57136499881744385,0.0013322867746375336,0.0030047893524169922,0.1731724692443925,0.00054639333393424749,0.0330573239671407,1.6347668170928955,0,0,0,0,87.064224243164062,2260.7027378082275,0.068991172418463975,0.015636934229115197,0.15220884584860428,0.015618584025334432,0,1.0194175243377686,23.578641891479492
317,5.2833333333333332,0,0.094815999999999998,0.16444799999999998,0.000736,0.004352,0.001472,0.0023999999999999998,0.0028479999999999998,0.075808,0.0022399999999999998,0.00496,0.79952750590617616,1.8952000000000002,40,0.0076103784085743385,0.55180037021636963,0.0013408358198794717,0.0030027627944946289,0.17618517081473903,0.00053540326189249754,0.032723180221136745,1.6179510354995728,0,0,0,0,86.919235229492188,2256.937967300415,0.068876280740369111,0.015636934223679358,0.15220884624829503,0.015618584045190353,0,0.99821293354034424,23.328964233398438
318,5.2999999999999998,0,0.094559999999999991,0.16380799999999998,0.00070399999999999998,0.0043839999999999999,0.001472,0.0024319999999999997,0.0028159999999999999,0.075551999999999994,0.0023040000000000001,0.0048960000000000002,0.79898477157360404,1.8887999999999998,40,0.007507999223121088,0.53651875257492065,0.0013495080870981374,0.003023982048034668,0.17974270467986872,0.00052452506497502327,0.032389043362687428,1.601090669631958,0,0,0,0,86.774490356445312,2253.1795330047607,0.068761582428123802,0.015636934264025605,0.15220884618878505,0.015618584056701437,0,0.97723746299743652,23.079200744628906
319,5.3166666666666664,0,0.094591999999999996,0.16358399999999998,0.00070399999999999998,0.0044799999999999996,0.001472,0.0023679999999999999,0.002784,0.075583999999999998,0.0022079999999999999,0.0049919999999999999,0.79905277401894459,1.8896000000000002,40,0.0074171226451851032,0.52054136991500854,0.0013579757181744368,0.0030342340469360352,0.18308659343202041,0.0005137657281011343,0.032055131511230281,1.5842146873474121,0,0,0,0,86.629981994628906,2249.4272480010986,0.068647071777377278,0.015636934271881696,0.15220884731929352,0.015618584085790312,0,0.95649319887161255,22.829103469848633
320,5.333333333333333,0,0.094559999999999991,0.163552,0.00063999999999999994,0.0050879999999999996,0.001472,0.0024319999999999997,0.0021119999999999997,0.075423999999999991,0.0024319999999999997,0.00496,0.79763113367174276,1.8855999999999997,40,0.0073386088212061065,0.50965678691864014,0.0013659765903251367,0.0030525922775268555,0.18613563191676394,0.00050314149120822549,0.031721963722576366,1.5674260854721069,0,0,0,0,86.4857177734375,2245.6812934875488,0.068532754317857325,0.015636934272663661,0.15220884714513397,0.015618584053436838,0,0.93599194288253784,22.579326629638672
321,5.3499999999999996,0,0.094591999999999996,0.16390399999999999,0.00070399999999999998,0.0045760000000000002,0.001472,0.0023999999999999998,0.002624,0.075551999999999994,0.0023040000000000001,0.00496,0.79871447902571036,1.8887999999999998,40,0.007264090128832436,0.48796278238296509,0.0013734171729950517,0.0030694007873535156,0.18906940148549647,0.00049266900168731809,0.031390094032586718,1.5506691932678223,0,0,0,0,86.341690063476562,2241.9414901733398,0.068418624578043818,0.015636934293876598,0.15220884844717436,0.01561858409175107,0,0.91576862335205078,22.330259323120117
322,5.3666666666666663,0,0.096416000000000002,0.163744,0.0023999999999999998,0.0050559999999999997,0.001472,0.0024319999999999997,0.0021440000000000001,0.075551999999999994,0.0022719999999999997,0.0050879999999999996,0.78360438101559904,1.8887999999999998,40,0.0072324321201990014,0.47481149435043335,0.0013805331314762637,0.0030834674835205078,0.1908808971218216,0.00048231170512735844,0.031058387116119163,1.5338402986526489,0,0,0,0,86.197906494140625,2238.2080154418945,0.068304687971249223,0.015636934281415889,0.15220884815768321,0.015618584095073313,0,0.89574253559112549,22.079795837402344
323,5.3833333333333329,0,0.096096000000000001,0.164384,0.0020799999999999998,0.0044479999999999997,0.001472,0.0023999999999999998,0.0027199999999999998,0.075808,0.0022399999999999998,0.0049280000000000001,0.78887778887778892,1.8952000000000002,40,0.0071462005341462412,0.46916192770004272,0.0013874484013050752,0.003098607063293457,0.19415189857540627,0.00047208965406753123,0.030727500844277306,1.5170496702194214,0,0,0,0,86.054359436035156,2234.4806880950928,0.068190938967745751,0.015636934262755552,0.15220884878186219,0.015618584089382805,0,0.87597525119781494,21.830434799194336
324,5.4000000000000004,0,0.094624,0.16364799999999999,0.000736,0.0049280000000000001,0.001472,0.0023999999999999998,0.002336,0.075551999999999994,0.0023040000000000001,0.0048960000000000002,0.7984443692932025,1.8887999999999998,40,0.00700880449376594,0.46427083015441895,0.0013944831823665296,0.0031063556671142578,0.19896163227364499,0.000461972551420331,0.030396465301752801,1.5003243684768677,0,0,0,0,85.911056518554688,2230.7596912384033,0.068077383155468851,0.015636934236885079,0.15220884809092614,0.015618584075161045,0,0.85641849040985107,21.582033157348633
325,5.416666666666667,0,0.094687999999999994,0.164128,0.00070399999999999998,0.00496,0.0015039999999999999,0.0024319999999999997,0.002176,0.075808,0.002176,0.0049280000000000001,0.80060831361946605,1.8952000000000002,40,0.0069214651819857866,0.46125328540802002,0.0014016502343793275,0.003121495246887207,0.20250773463794128,0.00045196854625828564,0.030065546602657523,1.4835824966430664,0,0,0,0,85.767990112304688,2227.0448398590088,0.067964014888275415,0.015636934231524003,0.15220884803089083,0.015618584078596391,0,0.83709090948104858,21.333305358886719
326,5.4333333333333336,0,0.094432000000000002,0.163712,0.00060799999999999993,0.0045439999999999994,0.0015039999999999999,0.002464,0.0025599999999999998,0.075551999999999994,0.0022719999999999997,0.0049280000000000001,0.80006777363605552,1.8887999999999998,40,0.0068191829637197637,0.45786333084106445,0.0014087027065532085,0.0031287670135498047,0.20657939727500463,0.00044207798782736063,0.029734760393430468,1.4667966365814209,0,0,0,0,85.625160217285156,2223.3361320495605,0.06785083410795778,0.015636934246785406,0.15220884831996148,0.015618584046154517,0,0.81798779964447021,21.083587646484375
327,5.4500000000000002,0,0.094687999999999994,0.16425599999999999,0.00070399999999999998,0.00464,0.0015039999999999999,0.0023999999999999998,0.0025279999999999999,0.075808,0.002176,0.0049280000000000001,0.80060831361946605,1.8952000000000002,40,0.0068107603271183523,0.45914503931999207,0.0014150557033896069,0.0031429529190063477,0.20776765521395466,0.00043234517215751112,0.029405617563911531,1.4500353336334229,0,0,0,0,85.482566833496094,2219.63356590271,0.067737840756308287,0.015636934282782792,0.15220884867445267,0.01561858403135708,0,0.79917782545089722,20.832836151123047
328,5.4666666666666668,0,0.094528000000000001,0.16352,0.00070399999999999998,0.0045439999999999994,0.001472,0.002464,0.0025599999999999998,0.075616000000000003,0.0022079999999999999,0.00496,0.79993229519295872,1.8904000000000001,40,0.006706129296719497,0.45608660578727722,0.0014209806518943391,0.0031595230102539062,0.21189282058570719,0.00042275365558452904,0.029077608415567089,1.433314323425293,0,0,0,0,85.3402099609375,2215.9371452331543,0.067625034949742258,0.015636934312701089,0.15220884966650758,0.015618584061201861,0,0.78063315153121948,20.582237243652344
329,5.4833333333333334,0,0.096575999999999995,0.163776,0.0025919999999999997,0.00464,0.0013759999999999998,0.0024319999999999997,0.0025919999999999997,0.075808,0.002176,0.00496,0.78495692511597093,1.8952000000000002,40,0.0066316575512222328,0.45357722043991089,0.0014269852091693684,0.0031678676605224609,0.21517775882537407,0.00041328321094624698,0.028750068206745076,1.4165539741516113,0,0,0,0,85.198089599609375,2212.2468681335449,0.06751241663005203,0.015636934336519866,0.15220885101292783,0.015618584082020786,0,0.76233232021331787,20.330888748168945
330,5.5,0,0.094624,0.16403199999999998,0.000736,0.0043200000000000001,0.0014399999999999999,0.0024319999999999997,0.0028799999999999997,0.075455999999999995,0.002464,0.0048960000000000002,0.79742982752789981,1.8863999999999996,40,0.0065388673766909331,0.44834348559379578,0.001433013159049003,0.0031834840774536133,0.21915311574558885,0.00040392542723566294,0.028422717225334487,1.3997359275817871,0,0,0,0,85.05621337890625,2208.562915802002,0.067399991326965392,0.015636934326241237,0.15220885017280864,0.015618584067306844,0,0.74425619840621948,20.078804016113281
331,5.5166666666666666,0,0.094624,0.163968,0.000736,0.0044479999999999997,0.001472,0.0024319999999999997,0.0027199999999999998,0.075583999999999998,0.0022719999999999997,0.00496,0.79878254988163677,1.8896000000000002,40,0.0064518234910104222,0.44374972581863403,0.0014389812546232892,0.0031964778900146484,0.22303481436345524,0.00039469305193051696,0.028096015800483775,1.3829371929168701,0,0,0,0,84.914566040039062,2204.8849182128906,0.067287747748196125,0.015636934337763194,0.15220885107964993,0.01561858406987131,0,0.72642886638641357,19.827402114868164
332,5.5333333333333332,0,0.094591999999999996,0.16416,0.00067199999999999996,0.0046080000000000001,0.001472,0.002496,0.002496,0.075583999999999998,0.0022719999999999997,0.0049919999999999999,0.79905277401894459,1.8896000000000002,40,0.0064006306272147689,0.44466453790664673,0.0014449983425828014,0.0032095909118652344,0.22575874577714722,0.00038556865183636546,0.02776935907925732,1.3661777973175049,0,0,0,0,84.773155212402344,2201.2130603790283,0.067175691539887339,0.015636934397269923,0.15220885176668458,0.015618584117418125,0,0.7088172435760498,19.576665878295898
333,5.5499999999999998,0,0.094559999999999991,0.164128,0.00067199999999999996,0.0044159999999999998,0.0014399999999999999,0.0023999999999999998,0.0028479999999999998,0.075455999999999995,0.0023999999999999998,0.0049280000000000001,0.79796954314720814,1.8863999999999996,40,0.00641611441372164,0.44252806901931763,0.001450732523533305,0.0032107830047607422,0.22610764552931556,0.00037657108623534441,0.02744343587218424,1.3494242429733276,0,0,0,0,84.631980895996094,2197.547342300415,0.067063822702039033,0.015636934396508421,0.152208852232805,0.015618584155925855,0,0.69143348932266235,19.324792861938477
334,5.5666666666666664,0,0.095199999999999993,0.16390399999999999,0.00076800000000000002,0.0043839999999999999,0.0014399999999999999,0.0024319999999999997,0.0028159999999999999,0.075839999999999991,0.0024319999999999997,0.0050879999999999996,0.79663865546218482,1.8959999999999997,40,0.0063602707305837032,0.43848070502281189,0.0014564476411539739,0.0032303333282470703,0.2289914537993748,0.00036768073914572597,0.027117549267798,1.3326587677001953,0,0,0,0,84.491043090820312,2193.8877639770508,0.066952141234651208,0.0156369343895136,0.15220885247689994,0.015618584185348868,0,0.67424988746643066,19.072856903076172
335,5.583333333333333,0,0.096255999999999994,0.163744,0.0023999999999999998,0.0045439999999999994,0.0014399999999999999,0.0024319999999999997,0.0026559999999999999,0.075392000000000001,0.002464,0.0049280000000000001,0.78324468085106391,1.8847999999999998,40,0.0063260465970152785,0.43552929162979126,0.0014618896428613664,0.0032446384429931641,0.23109055876242002,0.00035892828600481153,0.026792845537748002,1.315946102142334,0,0,0,0,84.350341796875,2190.2343235015869,0.066840647079516202,0.015636934349050842,0.15220885220859007,0.015618584178421968,0,0.65731948614120483,18.821784973144531
336,5.5999999999999996,0,0.094528000000000001,0.163936,0.00067199999999999996,0.0051839999999999994,0.0015039999999999999,0.002464,0.0019199999999999998,0.075712000000000002,0.0021440000000000001,0.0049280000000000001,0.80094786729857825,1.8928,40,0.0062446897176241948,0.4304833710193634,0.0014673567861934011,0.0032541751861572266,0.23497673263927357,0.00035026410478167236,0.026467493450709395,1.2992449998855591,0,0,0,0,84.209877014160156,2186.5870170593262,0.066729340120218694,0.01563693432949198,0.15220885084581556,0.015618584189470246,0,0.64056789875030518,18.570737838745117
337,5.6166666666666663,0,0.094624,0.16348799999999999,0.00067199999999999996,0.0044479999999999997,0.0014399999999999999,0.0023999999999999998,0.002784,0.075583999999999998,0.002336,0.00496,0.79878254988163677,1.8896000000000002,40,0.0061513794273806398,0.42316234111785889,0.0014729116983770415,0.0032682418823242188,0.23944413050199895,0.00034172000596299767,0.026142685629559854,1.2824797630310059,0,0,0,0,84.06964111328125,2182.9456653594971,0.066618214885238558,0.015636934304617468,0.15220885124584033,0.015618584245361451,0,0.62406051158905029,18.318422317504883
338,5.6333333333333329,0,0.096416000000000002,0.163328,0.0023999999999999998,0.0051519999999999995,0.001472,0.002464,0.002016,0.075455999999999995,0.002464,0.0049919999999999999,0.78260869565217384,1.8863999999999996,40,0.0060930167738622813,0.42653352022171021,0.0014785055634537021,0.0032776594161987305,0.2426557513834805,0.00033327954588457942,0.025817805711740083,1.2657055854797363,0,0,0,0,83.929641723632812,2179.3104515075684,0.066507276962511241,0.015636934328098616,0.15220885113141186,0.015618584237458023,0,0.60776358842849731,18.066011428833008
339,5.6500000000000004,0,0.094624,0.16390399999999999,0.00070399999999999998,0.0044479999999999997,0.0015039999999999999,0.0023999999999999998,0.0027199999999999998,0.075551999999999994,0.0023040000000000001,0.0049919999999999999,0.7984443692932025,1.8887999999999998,40,0.006054517648414106,0.42443275451660156,0.001484029009980658,0.0032918453216552734,0.24511102224128095,0.00032495625782757998,0.025493381801070646,1.2489826679229736,0,0,0,0,83.789871215820312,2175.6811866760254,0.066396520589478314,0.015636934346421681,0.15220885191625338,0.015618584219675134,0,0.59170019626617432,17.814516067504883
340,5.666666666666667,0,0.094591999999999996,0.163776,0.00070399999999999998,0.004352,0.001472,0.0024319999999999997,0.0028159999999999999,0.075423999999999991,0.0023999999999999998,0.0049919999999999999,0.79736129905277398,1.8855999999999997,40,0.0059806241717440395,0.42112433910369873,0.0014896280633843397,0.003304600715637207,0.2490756851805222,0.00031673943158239126,0.025169006002716567,1.2323102951049805,0,0,0,0,83.650337219238281,2172.0580558776855,0.066285951412282884,0.015636934413427211,0.15220885160283262,0.015618584192509897,0,0.57585108280181885,17.56298828125
341,5.6833333333333336,0,0.094751999999999989,0.163936,0.000736,0.0044479999999999997,0.0014399999999999999,0.0023999999999999998,0.002784,0.075839999999999991,0.002176,0.0049280000000000001,0.80040526849037485,1.8959999999999997,40,0.0059054295156456826,0.41841983795166016,0.0014951136898546697,0.0033152103424072266,0.25317611291330405,0.00030862650601193309,0.024844577115013776,1.2156182527542114,0,0,0,0,83.511032104492188,2168.4408760070801,0.066175563842989504,0.015636934420417119,0.15220885248319155,0.015618584155373752,0,0.56020909547805786,17.311103820800781
342,5.7000000000000002,0,0.094591999999999996,0.164128,0.00070399999999999998,0.004352,0.001472,0.0024319999999999997,0.0028159999999999999,0.075455999999999995,0.0023999999999999998,0.00496,0.7976995940460081,1.8863999999999996,40,0.0058226921020282738,0.40904158353805542,0.001500539790300346,0.0033260583877563477,0.2577055018550008,0.0003006256592925638,0.02452042655797667,1.1989492177963257,0,0,0,0,83.371963500976562,2164.8298282623291,0.066065363411325961,0.015636934448691121,0.15220885196927081,0.015618584191353573,0,0.54479122161865234,17.060031890869141
343,5.7166666666666668,0,0.094591999999999996,0.16409599999999999,0.00067199999999999996,0.0044799999999999996,0.0015039999999999999,0.0024319999999999997,0.0026879999999999999,0.075551999999999994,0.0023040000000000001,0.00496,0.79871447902571036,1.8887999999999998,40,0.0057473076454962642,0.40490284562110901,0.001505775869510206,0.0033371448516845703,0.26199674045466664,0.00029274114058353007,0.024196741127000144,1.1822789907455444,0,0,0,0,83.233123779296875,2161.2247257232666,0.065955344412941486,0.015636934444229648,0.15220885177300761,0.015618584134786038,0,0.52959322929382324,16.804538726806641
344,5.7333333333333334,0,0.09465599999999999,0.163552,0.00070399999999999998,0.0045760000000000002,0.0015039999999999999,0.002464,0.0025599999999999998,0.07551999999999999,0.0023040000000000001,0.0050239999999999998,0.79783637592968215,1.8879999999999999,40,0.0056901289572119347,0.40228572487831116,0.0015109074263979308,0.0033516883850097656,0.2655313153286159,0.00028496846789494157,0.023873352001549407,1.1655203104019165,0,0,0,0,83.094512939453125,2157.6255741119385,0.06584550702245906,0.015636934434462103,0.15220885277690399,0.015618584123350274,0,0.5146060585975647,16.54786491394043
345,5.75,0,0.094624,0.16425599999999999,0.00070399999999999998,0.0044479999999999997,0.001472,0.0023679999999999999,0.0028159999999999999,0.075647999999999993,0.002176,0.0049919999999999999,0.79945891105850519,1.8912,40,0.0056917839913303899,0.40731152892112732,0.0015159647699876254,0.0033621788024902344,0.26634263919655282,0.00027731101727113128,0.023550414742468179,1.1486833095550537,0,0,0,0,82.956138610839844,2154.0325508117676,0.065735856653191149,0.01563693441837918,0.15220885179167698,0.015618584102458571,0,0.49984651803970337,16.290393829345703
346,5.7666666666666666,0,0.094719999999999999,0.16339199999999998,0.000736,0.0043200000000000001,0.001472,0.0024319999999999997,0.0028479999999999998,0.075583999999999998,0.0022719999999999997,0.0050559999999999997,0.79797297297297298,1.8896000000000002,40,0.0056865906582240743,0.40501579642295837,0.0015210214427340417,0.0033712387084960938,0.26747510664132412,0.00026977271772921085,0.023228117346406309,1.1318536996841431,0,0,0,0,82.8179931640625,2150.4454765319824,0.065626387833617628,0.015636934452379066,0.1522088517133682,0.015618584126963483,0,0.48533019423484802,16.033414840698242
347,5.7833333333333332,0,0.09622399999999999,0.16345599999999999,0.0023679999999999999,0.0044479999999999997,0.0014399999999999999,0.0023679999999999999,0.002784,0.075616000000000003,0.0022719999999999997,0.0049280000000000001,0.78583305620219501,1.8904000000000001,40,0.005620293631567878,0.40015479922294617,0.001526146954596097,0.0033850669860839844,0.27154221018348323,0.00026233959943056107,0.022905876950274622,1.1150583028793335,0,0,0,0,82.680076599121094,2146.8643455505371,0.065517100389115512,0.015636934425690009,0.15220885166120049,0.015618584141548092,0,0.47102713584899902,15.777563095092773
348,5.7999999999999998,0,0.094687999999999994,0.16367999999999999,0.000736,0.0043839999999999999,0.0014399999999999999,0.0023999999999999998,0.0028479999999999998,0.075583999999999998,0.0022719999999999997,0.0050239999999999998,0.79824264954376478,1.8896000000000002,40,0.0055595080449493484,0.39531737565994263,0.0015312349670779026,0.0033955574035644531,0.27542634252845177,0.0002550215576775372,0.022584134151104274,1.0982201099395752,0,0,0,0,82.542388916015625,2143.2891597747803,0.065407994377892464,0.015636934421427079,0.15220885193090553,0.015618584118358368,0,0.45695823431015015,15.521392822265625
349,5.8166666666666664,0,0.096287999999999999,0.163552,0.0024319999999999997,0.0048639999999999994,0.0014399999999999999,0.0023679999999999999,0.0024319999999999997,0.075551999999999994,0.0022719999999999997,0.0049280000000000001,0.78464606181455632,1.8887999999999998,40,0.0054996240565929532,0.39090824127197266,0.0015363654758776945,0.0034111738204956055,0.27935827250517214,0.00024780753301456571,0.022262413751189054,1.0813949108123779,0,0,0,0,82.404930114746094,2139.7199153900146,0.065299069683533162,0.015636934384011439,0.15220885193190792,0.015618584112906286,0,0.44309389591217041,15.265191078186035
350,5.833333333333333,0,0.094624,0.16358399999999998,0.00070399999999999998,0.0045119999999999995,0.0015039999999999999,0.002464,0.0025919999999999997,0.07551999999999999,0.002336,0.0049919999999999999,0.79810618870476824,1.8879999999999999,40,0.0054354742751047489,0.38650819659233093,0.0015413533044589241,0.0034261345863342285,0.28357291865376738,0.0002407130814390257,0.021941425725737408,1.0645461082458496,0,0,0,0,82.2677001953125,2136.1566181182861,0.065190326480660588,0.015636934369050746,0.15220885255262231,0.015618584181103489,0,0.42945918440818787,15.004911422729492
351,5.8499999999999996,0,0.094591999999999996,0.16383999999999999,0.00070399999999999998,0.0043200000000000001,0.001472,0.0023679999999999999,0.0029119999999999997,0.075551999999999994,0.002336,0.0049280000000000001,0.79871447902571036,1.8887999999999998,40,0.0054073360651672236,0.38387951254844666,0.0015462458605977065,0.0034415125846862793,0.28595334966477404,0.0002337310288567096,0.021620870882400164,1.0477378368377686,0,0,0,0,82.130699157714844,2132.5992603302002,0.065081764536444098,0.015636934404649677,0.15220885260782224,0.015618584183549158,0,0.41603606939315796,14.746028900146484
352,5.8666666666666663,0,0.094528000000000001,0.16348799999999999,0.00070399999999999998,0.0045760000000000002,0.001472,0.002464,0.0025279999999999999,0.075551999999999994,0.0022719999999999997,0.00496,0.79925524712254559,1.8887999999999998,40,0.0054110035223171211,0.38798686861991882,0.0015510233759810689,0.0034500956535339355,0.28664246282302985,0.00022686012380290776,0.021300710025861005,1.030867338180542,0,0,0,0,81.993927001953125,2129.0478477478027,0.064973384025506675,0.015636934435037459,0.15220885298740497,0.01561858417592276,0,0.40283346176147461,14.48680591583252
353,5.8833333333333329,0,0.09465599999999999,0.16383999999999999,0.00076800000000000002,0.0047679999999999997,0.0014399999999999999,0.0023999999999999998,0.0024319999999999997,0.075616000000000003,0.0022719999999999997,0.00496,0.79885057471264376,1.8904000000000001,40,0.0053840695181533371,0.38277831673622131,0.0015555097587767429,0.003467261791229248,0.28890967204863688,0.00022011273540556431,0.020981550724651611,1.0139820575714111,0,0,0,0,81.857383728027344,2125.5023765563965,0.064865184831432998,0.01563693440412391,0.15220885309684559,0.015618584158162358,0,0.3898780345916748,14.228166580200195
354,5.9000000000000004,0,0.094624,0.163744,0.00070399999999999998,0.0045439999999999994,0.0015039999999999999,0.002464,0.0025279999999999999,0.075647999999999993,0.0022079999999999999,0.0050239999999999998,0.79945891105850519,1.8912,40,0.0053355852716455545,0.37976366281509399,0.0015600520334941611,0.0034815669059753418,0.29238629954704548,0.00021348065638449043,0.020663042195402419,0.99707233905792236,0,0,0,0,81.7210693359375,2121.9628429412842,0.064757166837807745,0.015636934339712857,0.15220885233764703,0.015618584158295163,0,0.37715423107147217,13.969734191894531
355,5.916666666666667,0,0.094559999999999991,0.16403199999999998,0.00076800000000000002,0.0044479999999999997,0.0014399999999999999,0.0024319999999999997,0.0027519999999999997,0.075647999999999993,0.0022079999999999999,0.0048639999999999994,0.80000000000000004,1.8912,40,0.0052820031813867498,0.37593510746955872,0.0015644161679443222,0.0034934282302856445,0.29617857358684829,0.00020696906722150743,0.020345469629453505,0.98019635677337646,0,0,0,0,81.584976196289062,2118.4290676116943,0.064649324573110789,0.015636934355191968,0.15220885365538461,0.015618584175867865,0,0.36466902494430542,13.712384223937988
356,5.9333333333333336,0,0.094783999999999993,0.164128,0.00070399999999999998,0.0044479999999999997,0.0015039999999999999,0.0024319999999999997,0.0027199999999999998,0.075775999999999996,0.002176,0.0050239999999999998,0.79945982444294394,1.8943999999999999,40,0.0052010992866790241,0.37246179580688477,0.0015686198836244464,0.0035091638565063477,0.30159391258728163,0.00020058124209754169,0.020029041020355503,0.96334290504455566,0,0,0,0,81.449111938476562,2114.9012317657471,0.064541663567069918,0.015636934365389526,0.15220885440518234,0.015618584183334247,0,0.35242903232574463,13.45579719543457
357,5.9500000000000002,0,0.094751999999999989,0.16473599999999999,0.000736,0.0045439999999999994,0.001472,0.0023999999999999998,0.0026559999999999999,0.075808,0.0022079999999999999,0.0049280000000000001,0.80006754474839592,1.8952000000000002,40,0.0051849047529067861,0.36890178918838501,0.0015727438385935663,0.0035170316696166992,0.3033312883350166,0.00019430811516940594,0.019713351575488421,0.94646042585372925,0,0,0,0,81.3134765625,2111.3793334960938,0.06443418376147747,0.015636934398519951,0.15220885428411932,0.015618584152407598,0,0.34041875600814819,13.197785377502441
358,5.9666666666666668,0,0.094591999999999996,0.16348799999999999,0.00070399999999999998,0.0046080000000000001,0.001408,0.002464,0.0025919999999999997,0.075551999999999994,0.0022399999999999998,0.0050239999999999998,0.79871447902571036,1.8887999999999998,40,0.0051512048823428459,0.36615204811096191,0.0015769451805218678,0.003532111644744873,0.30613132588208164,0.00018814489885699004,0.019398190578349829,0.9295802116394043,0,0,0,0,81.178062438964844,2107.863187789917,0.064326879510190338,0.015636934427468146,0.15220885535083681,0.015618584167164442,0,0.32862991094589233,12.940055847167969
359,5.9833333333333334,0,0.096319999999999989,0.16352,0.0024319999999999997,0.0044159999999999998,0.0014399999999999999,0.0023999999999999998,0.002784,0.075616000000000003,0.0022719999999999997,0.00496,0.7850498338870433,1.8904000000000001,40,0.0051432938809966144,0.36776915192604065,0.0015810259201462329,0.0035465359687805176,0.30739560225943729,0.00018210509733762592,0.019084291830593344,0.91267335414886475,0,0,0,0,81.042877197265625,2104.3529777526855,0.064219756401143968,0.015636934451174461,0.15220885524376343,0.015618584115094099,0,0.31708583235740662,12.682608604431152
360,6,0,0.09465599999999999,0.16444799999999998,0.00067199999999999996,0.0051519999999999995,0.0015039999999999999,0.002464,0.001952,0.075775999999999996,0.0022079999999999999,0.0049280000000000001,0.80054090601757943,1.8943999999999999,40,0.0051230725648442584,0.36482766270637512,0.0015851962754271968,0.0035558342933654785,0.30942295963269978,0.00017617855337448418,0.01877117755360511,0.89568877220153809,0,0,0,0,80.907913208007812,2100.8485202789307,0.064112808846402913,0.015636934499024303,0.15220885632848194,0.015618584080417932,0,0.30576974153518677,12.424203872680664
361,6.0166666666666666,0,0.094559999999999991,0.163776,0.000736,0.0049280000000000001,0.0014399999999999999,0.0024319999999999997,0.0022719999999999997,0.075551999999999994,0.0022719999999999997,0.0049280000000000001,0.79898477157360404,1.8887999999999998,40,0.0051116544807360683,0.361867755651474,0.001589433653975058,0.0035595893859863281,0.31094309288021021,0.00017037095676641911,0.018459195906995466,0.87864995002746582,0,0,0,0,80.773178100585938,2097.3499965667725,0.06400604237569496,0.015636934541688203,0.15220885593346095,0.015618584092196741,0,0.29469430446624756,12.165041923522949
362,6.0333333333333332,0,0.094751999999999989,0.16352,0.00070399999999999998,0.0044799999999999996,0.001472,0.002464,0.0026559999999999999,0.075743999999999992,0.0022079999999999999,0.0050239999999999998,0.79939209726443772,1.8935999999999997,40,0.0050834473127677974,0.35920751094818115,0.0015937222557548857,0.0035449862480163574,0.31351210265365131,0.00016468232206534594,0.018148406104412915,0.86167418956756592,0,0,0,0,80.638664245605469,2093.8572254180908,0.063899451459292322,0.015636934523239734,0.15220885673324908,0.015618584093175207,0,0.28385913372039795,11.907577514648438
363,6.0499999999999998,0,0.094751999999999989,0.16399999999999998,0.00070399999999999998,0.0044799999999999996,0.001472,0.0023999999999999998,0.0027519999999999997,0.075775999999999996,0.002176,0.0049919999999999999,0.79972982100641676,1.8943999999999999,40,0.0050435781902087411,0.35470700263977051,0.0015981774808423773,0.0035499334335327148,0.31687373935135377,0.00015910102229099721,0.017838218649349334,0.84464621543884277,0,0,0,0,80.504379272460938,2090.3703880310059,0.063793041626922786,0.015636934499366036,0.15220885604739226,0.015618584083855329,0,0.27324396371841431,11.649609565734863
364,6.0666666666666664,0,0.09465599999999999,0.16409599999999999,0.000736,0.004352,0.0014399999999999999,0.0024319999999999997,0.0028799999999999997,0.075647999999999993,0.002176,0.0049919999999999999,0.79918864097363085,1.8912,40,0.0050146783723490221,0.35115081071853638,0.0016027244543621601,0.0035621523857116699,0.31960662984880467,0.00015363201964646578,0.017528948607744035,0.82757759094238281,0,0,0,0,80.370315551757812,2086.8893032073975,0.063686807348858565,0.015636934499637836,0.15220885655936695,0.015618584092189969,0,0.26285633444786072,11.391116142272949
365,6.083333333333333,0,0.094591999999999996,0.16387199999999999,0.00070399999999999998,0.0044159999999999998,0.0014399999999999999,0.0023999999999999998,0.002784,0.075488,0.0023999999999999998,0.00496,0.79803788903924222,1.8872,40,0.0050065438346213577,0.34832325577735901,0.0016072200142781211,0.003580242395401001,0.32102385744909279,0.00014829300926066935,0.017221672930390321,0.81053870916366577,0,0,0,0,80.236473083496094,2083.4139671325684,0.063580748508684337,0.015636934552807132,0.15220885766698228,0.015618584089646682,0,0.25272208452224731,11.132804870605469
366,6.0999999999999996,0,0.096416000000000002,0.163552,0.0025599999999999998,0.0046080000000000001,0.0015039999999999999,0.0023999999999999998,0.0025599999999999998,0.075616000000000003,0.0022399999999999998,0.0049280000000000001,0.78426817125788251,1.8904000000000001,40,0.0050049900270236307,0.34901896119117737,0.0016116970389063298,0.0036015212535858154,0.3220180320448659,0.00014307454694062471,0.016915942003957376,0.7934839129447937,0,0,0,0,80.102859497070312,2079.94455909729,0.063474870577920228,0.0156369345434825,0.15220885636870959,0.015618584076724014,0,0.24282729625701904,10.874736785888672
367,6.1166666666666663,0,0.095103999999999994,0.163712,0.00067199999999999996,0.0045119999999999995,0.001472,0.0023999999999999998,0.0026879999999999999,0.075839999999999991,0.002464,0.0050559999999999997,0.79744279946164198,1.8959999999999997,40,0.0049987863417169393,0.34587210416793823,0.0016162853913952832,0.0036210417747497559,0.32333556205567604,0.0001379726454615593,0.016611601094509782,0.77639114856719971,0,0,0,0,79.969467163085938,2076.4809017181396,0.063369168143253773,0.015636934558484215,0.15220885596712766,0.015618584024117324,0,0.23316848278045654,10.616168975830078
368,6.1333333333333329,0,0.09465599999999999,0.16367999999999999,0.00070399999999999998,0.0045439999999999994,0.001472,0.002464,0.0025919999999999997,0.075551999999999994,0.0023040000000000001,0.0050239999999999998,0.79817444219066935,1.8887999999999998,40,0.0049898956090759965,0.34328052401542664,0.001620980198838177,0.0036432743072509766,0.32485252715303636,0.00013299101556185633,0.016308955549749735,0.75930279493331909,0,0,0,0,79.836296081542969,2073.0229911804199,0.063263641088269651,0.015636934540450991,0.1522088558554951,0.015618583989121377,0,0.22375385463237762,10.358434677124023
369,6.1500000000000004,0,0.094687999999999994,0.16361599999999998,0.00076800000000000002,0.0043839999999999999,0.0014399999999999999,0.0023679999999999999,0.0029119999999999997,0.075551999999999994,0.0023040000000000001,0.00496,0.79790469753295035,1.8887999999999998,40,0.0049992964841488819,0.34047591686248779,0.0016257401903046059,0.0036680400371551514,0.32519379385865416,0.00012813300418201834,0.016008310603059794,0.74223124980926514,0,0,0,0,79.703346252441406,2069.5708236694336,0.063158289296552539,0.015636934546840366,0.15220885542300722,0.015618584029413884,0,0.21458843350410461,10.101230621337891
370,6.166666666666667,0,0.094815999999999998,0.16367999999999999,0.00070399999999999998,0.0043839999999999999,0.001472,0.0023999999999999998,0.0028159999999999999,0.075808,0.002176,0.0050559999999999997,0.79952750590617616,1.8952000000000002,40,0.0050090134543535163,0.3372521698474884,0.0016304627879191948,0.0036910176277160645,0.32550577130155245,0.00012340079410932958,0.015709920057678815,0.7251008152961731,0,0,0,0,79.57061767578125,2066.1244029998779,0.063053112884517759,0.01563693457775267,0.15220885528133959,0.015618584029989632,0,0.20567403733730316,9.8429031372070312
371,6.1833333333333336,0,0.094719999999999999,0.16399999999999998,0.00079999999999999993,0.0047999999999999996,0.0014399999999999999,0.0023999999999999998,0.0023999999999999998,0.075616000000000003,0.002336,0.0049280000000000001,0.7983108108108109,1.8904000000000001,40,0.0050171815122457934,0.3329748809337616,0.001635205396292993,0.0037169903516769409,0.32592111573038174,0.00011879513476742432,0.015413963459631291,0.70795989036560059,0,0,0,0,79.4381103515625,2062.6837253570557,0.06294811173574999,0.015636934546642691,0.15220885481764793,0.015618584019534318,0,0.19700944423675537,9.5843381881713867
372,6.2000000000000002,0,0.096255999999999994,0.16361599999999998,0.0023679999999999999,0.0045119999999999995,0.0014399999999999999,0.0023999999999999998,0.0027199999999999998,0.075583999999999998,0.0022719999999999997,0.00496,0.78523936170212771,1.8896000000000002,40,0.0050026209593292377,0.32839137315750122,0.0016399993139784483,0.0037440657615661621,0.32782801801524913,0.00011431601888034493,0.01512058324803279,0.69076645374298096,0,0,0,0,79.305824279785156,2059.2487936019897,0.062843285937560722,0.015636934554490195,0.1522088544918179,0.015618584041418925,0,0.18859764933586121,9.3243885040283203
373,6.2166666666666668,0,0.094463999999999992,0.164608,0.000544,0.0048639999999999994,0.0014399999999999999,0.0024319999999999997,0.0023679999999999999,0.075679999999999997,0.002176,0.00496,0.80115176151761525,1.8919999999999999,40,0.0049893152363039775,0.32367211580276489,0.0016448266747518391,0.0037690438330173492,0.3296698237833347,0.00010997186473105103,0.014830499973436568,0.6735871434211731,0,0,0,0,79.173759460449219,2055.8196058273315,0.062738635431742296,0.015636934572508331,0.15220885399636611,0.015618584066806288,0,0.18045756220817566,9.0646495819091797
374,6.2333333333333334,0,0.094687999999999994,0.16364799999999999,0.000736,0.0042880000000000001,0.001472,0.0024319999999999997,0.0028479999999999998,0.075488,0.0023999999999999998,0.0050239999999999998,0.79722879351132148,1.8872,40,0.0049701278430676317,0.32022935152053833,0.0016497847646182169,0.0037974249571561813,0.33194010631323057,0.00010575868509477004,0.014543636759405815,0.656394362449646,0,0,0,0,79.041908264160156,2052.3959760665894,0.062634154543047771,0.015636934558267077,0.1522088552948602,0.01561858405157017,0,0.17258460819721222,8.8048391342163086
375,6.25,0,0.094687999999999994,0.164384,0.00070399999999999998,0.0044799999999999996,0.0015039999999999999,0.0023999999999999998,0.0026879999999999999,0.075808,0.0022079999999999999,0.0048960000000000002,0.80060831361946605,1.8952000000000002,40,0.0049910838502660948,0.32358652353286743,0.00165480467070267,0.0038240402936935425,0.331552167895245,0.00010168057633563876,0.014260475190935172,0.63912689685821533,0,0,0,0,78.9102783203125,2048.9780864715576,0.062529848830308765,0.01563693458326872,0.15220885581017882,0.015618584010622405,0,0.16498684883117676,8.5440502166748047
376,6.2666666666666666,0,0.094783999999999993,0.16380799999999998,0.00070399999999999998,0.0048960000000000002,0.001472,0.0024319999999999997,0.0023040000000000001,0.075808,0.002176,0.0049919999999999999,0.79979743416610405,1.8952000000000002,40,0.0049829954847812538,0.3202652633190155,0.0016598780241979089,0.0038501322269439697,0.33310847446428604,9.7742711659520864e-05,0.013981610183345898,0.62193125486373901,0,0,0,0,78.77886962890625,2045.5659379959106,0.062425718322629109,0.015636934545719579,0.15220885569325276,0.015618584016683604,0,0.15767273306846619,8.2845640182495117
377,6.2833333333333332,0,0.096416000000000002,0.16416,0.0024319999999999997,0.0043839999999999999,0.0014399999999999999,0.0024319999999999997,0.002784,0.075839999999999991,0.002176,0.0049280000000000001,0.78659143710587442,1.8959999999999997,40,0.0049726440810390279,0.31731241941452026,0.0016651068902428592,0.003878474235534668,0.33485342266743073,9.394030348630622e-05,0.013706954693607637,0.60466045141220093,0,0,0,0,78.647682189941406,2042.1595287322998,0.062321762961801142,0.015636934532878777,0.15220885463067535,0.015618583982422158,0,0.15063625574111938,8.2404870986938477
378,6.2999999999999998,0,0.094719999999999999,0.16387199999999999,0.000736,0.0048639999999999994,0.001472,0.0024319999999999997,0.0023040000000000001,0.075551999999999994,0.002336,0.0050239999999999998,0.79763513513513506,1.8887999999999998,40,0.0049689990188965657,0.31458446383476257,0.0016703789416235315,0.0039065778255462646,0.33616004657502668,9.0281217126175761e-05,0.013437352203925874,0.58731949329376221,0,0,0,0,78.516708374023438,2038.758674621582,0.062217977130785584,0.01563693453132985,0.1522088549060252,0.015618583980146377,0,0.14388999342918396,8.2105474472045898
379,6.3166666666666664,0,0.094815999999999998,0.16422399999999998,0.000736,0.0043839999999999999,0.001472,0.0023679999999999999,0.0028479999999999998,0.075839999999999991,0.0022079999999999999,0.00496,0.79986500168747887,1.8959999999999997,40,0.0049687477071535804,0.3098718523979187,0.0016757138526247246,0.0039345622062683105,0.33725074231725921,8.6767751781735569e-05,0.013173287500220707,0.57005369663238525,0,0,0,0,78.385955810546875,2035.6591657996178,0.062123387628162163,0.015636932792348509,0.15214817963867547,0.015618584898367481,0,0.13743826746940613,8.1802654266357422
380,6.333333333333333,0,0.094624,0.16367999999999999,0.000736,0.0043839999999999999,0.001472,0.0024319999999999997,0.002784,0.075616000000000003,0.0022079999999999999,0.0049919999999999999,0.79912073047007104,1.8904000000000001,40,0.0050210774340769954,0.30620172619819641,0.0016811855470178561,0.0039804577827453613,0.33482565626413241,8.3397339039947838e-05,0.012914901396444948,0.5527312159538269,0,0,0,0,78.255416870117188,2032.560647726059,0.062028828360780608,0.015636931086235227,0.15208825973444526,0.015618585749203287,0,0.13127928972244263,8.149317741394043
381,6.3499999999999996,0,0.094687999999999994,0.16403199999999998,0.00070399999999999998,0.00464,0.001472,0.002464,0.002496,0.075775999999999996,0.002176,0.00496,0.80027036160865161,1.8943999999999999,40,0.0051662783215673863,0.30147045850753784,0.0016866866055447864,0.0040481090545654297,0.32648001144333744,8.0178178905043751e-05,0.012663189085301044,0.53541207313537598,0,0,0,0,78.125099182128906,2029.3962635290809,0.061932259018831815,0.015636929820833541,0.15204289221574688,0.015618586423854436,0,0.12542423605918884,8.1180896759033203
382,6.3666666666666663,0,0.094751999999999989,0.16451199999999999,0.00070399999999999998,0.0045760000000000002,0.0015039999999999999,0.002464,0.002496,0.075839999999999991,0.002176,0.0049919999999999999,0.80040526849037485,1.8959999999999997,40,0.0054029992308690144,0.37037628889083862,0.0016922397851712595,0.0041189789772033691,0.31320378050453301,7.7107732067815959e-05,0.012418351908994684,0.51804423332214355,0,0,0,0,77.9949951171875,2027.2679554817732,0.061867308211724037,0.015636922439533286,0.1518032440948395,0.015618590278364953,0,0.11987104266881943,8.0864677429199219
383,6.3833333333333329,0,0.094399999999999998,0.16444799999999998,0.00060799999999999993,0.0044159999999999998,0.0014399999999999999,0.0023999999999999998,0.002784,0.075616000000000003,0.0022399999999999998,0.0048960000000000002,0.8010169491525424,1.8904000000000001,40,0.0057589798085773162,0.45498049259185791,0.0016979153492013386,0.0042749196290969849,0.29482918948118125,7.4197843787260354e-05,0.012181776864420096,0.50071132183074951,0,0,0,0,77.8651123046875,2024.9331042766571,0.061796054207661655,0.015636916320602764,0.15160659105588478,0.015618593438827334,0,0.11464186757802963,8.0555973052978516
384,6.4000000000000004,0,0.094751999999999989,0.16409599999999999,0.000736,0.0043839999999999999,0.0014399999999999999,0.0024319999999999997,0.0028479999999999998,0.075839999999999991,0.0021440000000000001,0.0049280000000000001,0.80040526849037485,1.8959999999999997,40,0.0062837200507995386,0.52259266376495361,0.0017041941226692366,0.0045926272869110107,0.27120783690107192,7.1457427111454308e-05,0.011954700089207952,0.48335587978363037,0,0,0,0,77.735443115234375,2021.8085689246655,0.061700700955952925,0.015636914793398557,0.15156901349127577,0.015618594123494476,0,0.10975044965744019,8.0258159637451172
385,6.416666666666667,0,0.094624,0.16422399999999998,0.00076800000000000002,0.004352,0.001408,0.0024319999999999997,0.0028799999999999997,0.075647999999999993,0.0022079999999999999,0.0049280000000000001,0.79945891105850519,1.8912,40,0.0064461329599009073,0.4950682520866394,0.0017109557791533899,0.0048527717590332031,0.26542359423807038,6.8891211412847042e-05,0.01173807577185009,0.46594607830047607,0,0,0,0,77.605987548828125,2018.6538636088371,0.061604426990015781,0.015636913204224678,0.15153037709477138,0.015618614901742512,0,0.10520602017641068,7.9959444999694824
386,6.4333333333333336,0,0.094783999999999993,0.163712,0.000736,0.0048960000000000002,0.0014399999999999999,0.0024319999999999997,0.002336,0.075808,0.002176,0.00496,0.79979743416610405,1.8952000000000002,40,0.0066361872552374544,0.38364124298095703,0.0017175927946644009,0.0050684511661529541,0.25882223159221907,6.6516222432255745e-05,0.011533969172167554,0.44853383302688599,0,0,0,0,77.476753234863281,2014.9177770614624,0.061490410676924512,0.015636915125609691,0.15160210125510873,0.015618678040866354,0,0.10103616863489151,7.9656791687011719
387,6.4500000000000002,0,0.094751999999999989,0.16345599999999999,0.000736,0.0046080000000000001,0.001472,0.0023999999999999998,0.0025919999999999997,0.075808,0.002176,0.00496,0.80006754474839592,1.8952000000000002,40,0.0068773638643383163,0.36044394969940186,0.0017236641633293504,0.005128711462020874,0.25062861255126967,6.4341664256062359e-05,0.011343867440697847,0.43116980791091919,0,0,0,0,77.347732543945312,2010.491086717695,0.061355318808523407,0.015636920303634404,0.15180700375608297,0.015618733026873631,0,0.097258485853672028,7.9349079132080078
388,6.4666666666666668,0,0.094815999999999998,0.16409599999999999,0.00076800000000000002,0.0044159999999999998,0.0014399999999999999,0.0024319999999999997,0.002784,0.075808,0.002176,0.0049919999999999999,0.79952750590617616,1.8952000000000002,40,0.0070060088067373464,0.36928272247314453,0.0017290691338785586,0.0051037371158599854,0.2467980246065056,6.2369137594942003e-05,0.011168629064924844,0.41380801796913147,0,0,0,0,77.218925476074219,2006.6402614340186,0.061237800947083088,0.015636983187754167,0.1519030214302447,0.015618708196606148,0,0.093879438936710358,7.9037642478942871
389,6.4833333333333334,0,0.094719999999999999,0.163744,0.00070399999999999998,0.0049919999999999999,0.0014399999999999999,0.0023999999999999998,0.0022399999999999998,0.075808,0.0022079999999999999,0.0049280000000000001,0.80033783783783785,1.8952000000000002,40,0.0070920375105287701,0.37880754470825195,0.0017337515144625196,0.0050345659255981445,0.2444645155766039,6.0602753364946693e-05,0.011009337252073505,0.39640858769416809,0,0,0,0,77.09033203125,2002.7693132162094,0.061119668982428266,0.015637045261257011,0.15200000996929966,0.01561865365715906,0,0.090907365083694458,7.8721785545349121
390,6.5,0,0.094751999999999989,0.16387199999999999,0.00070399999999999998,0.0045439999999999994,0.001472,0.0024319999999999997,0.002624,0.075839999999999991,0.002176,0.00496,0.80040526849037485,1.8959999999999997,40,0.0070449589081756697,0.39693617820739746,0.0017373472701412305,0.00489044189453125,0.24660857398686034,5.9045436501037329e-05,0.010866962455170012,0.37912040948867798,0,0,0,0,76.961952209472656,1999.1105521321297,0.061008012455204153,0.015636930317571008,0.15205784198893854,0.015618586161427405,0,0.088347479701042175,7.8404049873352051
391,6.5166666666666666,0,0.094528000000000001,0.163936,0.00070399999999999998,0.0049280000000000001,0.001472,0.0023999999999999998,0.0022719999999999997,0.075551999999999994,0.0023040000000000001,0.0048960000000000002,0.79925524712254559,1.8887999999999998,40,0.0069148183028332902,0.44395840167999268,0.0017396586043318175,0.0046655833721160889,0.25158413831626009,5.7685119827510789e-05,0.01074105393595161,0.36178275942802429,0,0,0,0,76.833786010742188,1995.9809142351151,0.060912503486179048,0.015636929105773814,0.15201609177625947,0.015618586795436757,0,0.086182393133640289,7.8095059394836426
392,6.5333333333333332,0,0.096319999999999989,0.163936,0.0024319999999999997,0.0051199999999999996,0.001472,0.002464,0.002016,0.07551999999999999,0.002336,0.00496,0.78405315614617943,1.8879999999999999,40,0.0069545428218998166,0.52312767505645752,0.0017410549020459769,0.0044297575950622559,0.25034785846215579,5.6522174418205395e-05,0.010632231601898577,0.34441545605659485,0,0,0,0,76.705833435058594,1992.6871517300606,0.060811985831605853,0.01563692896232791,0.15200976831417884,0.01561858684345273,0,0.084412798285484314,7.7793383598327637
393,6.5499999999999998,0,0.094495999999999997,0.163712,0.00067199999999999996,0.0044799999999999996,0.0015039999999999999,0.0024319999999999997,0.0026879999999999999,0.075551999999999994,0.0022399999999999998,0.0049280000000000001,0.79952590585844896,1.8887999999999998,40,0.0072521731825394807,0.6394963264465332,0.0017424529516439303,0.0042884647846221924,0.24026631849320768,5.5561318731633946e-05,0.010541472262604873,0.32707288861274719,0,0,0,0,76.578094482421875,1989.1806861162186,0.060704976993292803,0.015636930078973457,0.15204924630043021,0.015618586250820592,0,0.083046674728393555,7.7488517761230469
394,6.5666666666666664,0,0.094719999999999999,0.163936,0.00067199999999999996,0.0047359999999999998,0.001472,0.0024319999999999997,0.0023999999999999998,0.075808,0.002176,0.0050239999999999998,0.80033783783783785,1.8952000000000002,40,0.0074405562599493573,0.69443011283874512,0.0017436974524824476,0.0041974186897277832,0.23435041568979625,5.4812186135677621e-05,0.010470165818713437,0.31042274832725525,0,0,0,0,76.450569152832031,1985.2875271905214,0.060586167211624797,0.015636926914516722,0.15217331464384382,0.015618618010450128,0,0.082102611660957336,7.7181434631347656
395,6.583333333333333,0,0.094303999999999999,0.16422399999999998,0.00057600000000000001,0.0045439999999999994,0.0015039999999999999,0.002464,0.0025279999999999999,0.075616000000000003,0.002176,0.0048960000000000002,0.80183237190363088,1.8904000000000001,40,0.0073741043474052428,0.64189672470092773,0.0017440217859387844,0.0040318071842193604,0.2365062526613772,5.4286461818264797e-05,0.010419833186598027,0.3093019425868988,0,0,0,0,76.323257446289062,1983.8916900157928,0.060543569641595241,0.015641121242985653,0.15181043375827175,0.015614442855996691,0,0.081597156822681427,7.6872725486755371
396,6.5999999999999996,0,0.094751999999999989,0.163744,0.00070399999999999998,0.0048639999999999994,0.0014399999999999999,0.0024319999999999997,0.0023679999999999999,0.075808,0.0022079999999999999,0.0049280000000000001,0.80006754474839592,1.8952000000000002,40,0.0073228929233588626,0.62659716606140137,0.0017443648292381285,0.0039635896682739258,0.23820706481640369,5.4011870815884322e-05,0.010393447052434945,0.30817309021949768,0,0,0,0,76.196159362792969,1983.2026566533896,0.060522542012127367,0.015640838104266665,0.15131835983035832,0.015614756767796622,0,0.081570275127887726,7.6561388969421387
397,6.6166666666666663,0,0.094687999999999994,0.163968,0.00067199999999999996,0.00528,0.0015679999999999999,0.002464,0.0017599999999999998,0.075743999999999992,0.0022079999999999999,0.0049919999999999999,0.79993240959783707,1.8935999999999997,40,0.0076944238171816302,0.66877269744873047,0.001746122788025559,0.0042423605918884277,0.22693353388287124,5.4041622206568718e-05,0.010396309172640906,0.30704408884048462,0,0,0,0,76.069267272949219,1982.264135700214,0.060493900625616881,0.015639585810770133,0.15087273256852013,0.015616039627055952,0,0.08211991935968399,7.6248021125793457
398,6.6333333333333329,0,0.094751999999999989,0.16399999999999998,0.000736,0.004352,0.0014399999999999999,0.0024319999999999997,0.0028799999999999997,0.075616000000000003,0.0022719999999999997,0.0050239999999999998,0.79804120229652153,1.8904000000000001,40,0.0086862327851113513,0.70594930648803711,0.0017503088475249468,0.0048069357872009277,0.20150379236037352,5.4410258599091321e-05,0.010431707300254481,0.30589541792869568,0,0,0,0,75.942588806152344,1980.8080866953824,0.060449465536358105,0.015637470153140175,0.15051826693671377,0.015618167954081916,0,0.083309873938560486,7.5942106246948242
399,6.6499999999999995,0,0.095231999999999997,0.163744,0.00070399999999999998,0.0044799999999999996,0.001472,0.0024319999999999997,0.0026879999999999999,0.075871999999999995,0.0026559999999999999,0.0049280000000000001,0.79670698924731176,1.8968,40,0.01006249533255725,0.79369735717773438,0.0017575858661506253,0.0054813921451568604,0.17466699939367406,5.5144279031082988e-05,0.010501835937690418,0.30473572015762329,0,0,0,0,75.816123962402344,1978.1316153743537,0.060367786113719291,0.015634985556541046,0.15039335221427985,0.015620732179898964,0,0.085190087556838989,7.5633106231689453
400,6.666666666666667,0,0.094624,0.16403199999999998,0.000736,0.0043200000000000001,0.0014399999999999999,0.0024319999999999997,0.0028799999999999997,0.075583999999999998,0.0022719999999999997,0.00496,0.79878254988163677,1.8896000000000002,40,0.011306018779132928,0.88764500617980957,0.0017670800844753688,0.0061023831367492676,0.15629552002308705,5.6248391047120094e-05,0.010606450023181186,0.30365654826164246,0,0,0,0,75.689865112304688,1974.263446688652,0.060249738973652711,0.015632643514330073,0.15048823730652705,0.01562311202139509,0,0.087772972881793976,7.5332193374633789
401,6.6833333333333336,0,0.095295999999999992,0.16358399999999998,0.00076800000000000002,0.0042880000000000001,0.0014399999999999999,0.0023999999999999998,0.0029119999999999997,0.075936000000000003,0.002496,0.0050559999999999997,0.79684351914036278,1.8984000000000001,40,0.012392551205653178,0.99717593193054199,0.001776273265734147,0.0066092908382415771,0.14333394603395744,5.769591371063143e-05,0.01074205880738245,0.30256876349449158,0,0,0,0,75.563819885253906,1968.9216289371252,0.060086719633090979,0.015630865259832621,0.15086524878207314,0.015624883066590387,0,0.091012611985206604,7.502711296081543
402,6.7000000000000002,0,0.094624,0.16348799999999999,0.00070399999999999998,0.0045119999999999995,0.0014399999999999999,0.002464,0.0026559999999999999,0.075616000000000003,0.0022399999999999998,0.0049919999999999999,0.79912073047007104,1.8904000000000001,40,0.012937161517099362,1.0645565986633301,0.0017809422932982073,0.0067712664604187012,0.13766097694183477,5.9398113080533221e-05,0.010899368154212722,0.31359162926673889,0,0,0,0,75.437980651855469,1962.7525567561388,0.059898454490848962,0.015633455931055629,0.15141089470545141,0.015622225547519322,0,0.094769775867462158,7.4646363258361816
403,6.7166666666666668,0,0.094624,0.16348799999999999,0.000736,0.0042560000000000002,0.001472,0.0023999999999999998,0.002944,0.075583999999999998,0.0023040000000000001,0.0049280000000000001,0.79878254988163677,1.8896000000000002,40,0.012753937005229397,1.1572134494781494,0.0017766450843137401,0.0065265297889709473,0.13930169825876326,6.1286031268537045e-05,0.011071226785549743,0.32782533764839172,0,0,0,0,75.312355041503906,1956.8535374840721,0.059718430709352788,0.015636807209466828,0.1519320109515683,0.015618717144548764,0,0.098915420472621918,7.4276266098022461
404,6.7333333333333334,0,0.096159999999999995,0.164128,0.0021440000000000001,0.004352,0.0014399999999999999,0.0023999999999999998,0.0028799999999999997,0.075455999999999995,0.0024319999999999997,0.0050559999999999997,0.7846921797004992,1.8863999999999996,40,0.01214125674960932,1.2588629722595215,0.0017640379121926948,0.0059693753719329834,0.14529285959210589,6.3297091401182115e-05,0.011251408036435449,0.34159913659095764,0,0,0,0,75.186935424804688,1953.8405756652355,0.059626482411658799,0.015637143142411811,0.15192547909456006,0.015618367249837211,0,0.10333031415939331,7.3917503356933594
405,6.75,0,0.094624,0.16428799999999999,0.00076800000000000002,0.004352,0.0014399999999999999,0.0023999999999999998,0.0029119999999999997,0.075423999999999991,0.0023679999999999999,0.00496,0.79709164693946555,1.8855999999999997,40,0.011859430602836056,1.3645915985107422,0.0017499744403970379,0.0053847134113311768,0.14755973528598837,6.5407009969931096e-05,0.011437395679955388,0.3552289605140686,0,0,0,0,75.061729431152344,1950.9760751697177,0.059539064793997731,0.015637367754753287,0.15188841534905884,0.015618153103900191,0,0.10797634720802307,7.3579201698303223
406,6.7666666666666666,0,0.094495999999999997,0.16361599999999998,0.00070399999999999998,0.0050879999999999996,0.001472,0.0024319999999999997,0.0020799999999999998,0.075551999999999994,0.0022399999999999998,0.0049280000000000001,0.79952590585844896,1.8887999999999998,40,0.011357177663483412,1.4170563220977783,0.0017383806060942142,0.0049768686294555664,0.15306448992900826,6.7737251811195165e-05,0.011639351512107122,0.3694591224193573,0,0,0,0,74.936729431152344,1948.6032413792564,0.059466651653419689,0.015637856022458266,0.15173996485502655,0.015617750302494085,0,0.11304202675819397,7.3258914947509766
407,6.7833333333333332,0,0.094624,0.16431999999999999,0.000736,0.0048639999999999994,0.0014399999999999999,0.0024319999999999997,0.0023040000000000001,0.075679999999999997,0.0022079999999999999,0.00496,0.79979709164693946,1.8919999999999999,40,0.011659265709620463,1.5351104736328125,0.0017297726506122536,0.0048052668571472168,0.1483603422113417,7.0340684032998979e-05,0.011860917673856351,0.38435301184654236,0,0,0,0,74.811935424804688,1946.2276488802745,0.059394154323738846,0.015638227990902726,0.15158232089160883,0.015617504230543072,0,0.11861904710531235,7.2958097457885742
408,6.7999999999999998,0,0.094559999999999991,0.16364799999999999,0.00070399999999999998,0.0044799999999999996,0.001472,0.0024319999999999997,0.0026879999999999999,0.075583999999999998,0.0022399999999999998,0.00496,0.79932318104906941,1.8896000000000002,40,0.012008276791273862,1.5837955474853516,0.0017242764605834994,0.0048206448554992676,0.14359066588442493,7.3243980295956135e-05,0.01210322108332787,0.39972937107086182,0,0,0,0,74.687355041503906,1943.9842173755169,0.059325690227524319,0.015638359782761749,0.15138135163058175,0.015617444928252705,0,0.12477604299783707,7.2685670852661133
409,6.8166666666666664,0,0.094591999999999996,0.16364799999999999,0.00076800000000000002,0.0043839999999999999,0.001472,0.0023999999999999998,0.0028159999999999999,0.075551999999999994,0.0023040000000000001,0.0048960000000000002,0.79871447902571036,1.8887999999999998,40,0.012525892913986592,1.6420879364013672,0.0017207376959217579,0.0049242973327636719,0.1373744536806919,7.6460550189949572e-05,0.012366127137463013,0.41548529267311096,0,0,0,0,74.562980651855469,1941.8247759342194,0.059259789304633159,0.01563833120560287,0.15114575453339216,0.015617546340393178,0,0.13153913617134094,7.2429027557373047
410,6.833333333333333,0,0.094783999999999993,0.16380799999999998,0.000736,0.004352,0.0014399999999999999,0.0024319999999999997,0.0028799999999999997,0.075423999999999991,0.002464,0.0050559999999999997,0.79574611748818358,1.8855999999999997,40,0.0135928787088898,1.7993340492248535,0.0017174210239761512,0.0049721598625183105,0.12634711607136981,7.9966281191445887e-05,0.012646444653850021,0.43135225772857666,0,0,0,0,74.438812255859375,1939.6203294098377,0.059192514935602958,0.0156380838862804,0.15090308793672888,0.015617817302264523,0,0.13888326287269592,7.2196836471557617
411,6.8499999999999996,0,0.094495999999999997,0.16367999999999999,0.00067199999999999996,0.0051199999999999996,0.001536,0.002464,0.0019840000000000001,0.075488,0.0023040000000000001,0.0049280000000000001,0.79884862851337624,1.8872,40,0.014159821226826458,1.8646116256713867,0.0017146635898846144,0.0049396157264709473,0.1210935902662459,8.369344868697226e-05,0.012937808832021926,0.44733217358589172,0,0,0,0,74.314849853515625,1937.3336467593908,0.059122730919170863,0.015637674980351263,0.15066459446842684,0.015618189337982577,0,0.14671126008033752,7.3793087005615234
412,6.8666666666666663,0,0.094559999999999991,0.16367999999999999,0.00067199999999999996,0.0046080000000000001,0.0015039999999999999,0.002496,0.002496,0.075551999999999994,0.0022079999999999999,0.0050239999999999998,0.79898477157360404,1.8887999999999998,40,0.014592085170476403,2.0140366554260254,0.0017117880171400709,0.0048899054527282715,0.11730934935902546,8.7689462816342711e-05,0.013243070853570384,0.46374344825744629,0,0,0,0,74.191093444824219,1935.4253404140472,0.059064494031190407,0.015637143309572343,0.15034364285525928,0.015618543167481978,0,0.15508754551410675,7.6431245803833008
413,6.8833333333333329,0,0.09465599999999999,0.163712,0.00076800000000000002,0.0042560000000000002,0.0014399999999999999,0.0023999999999999998,0.0029759999999999999,0.075583999999999998,0.002336,0.0048960000000000002,0.79851250845165656,1.8896000000000002,40,0.01496537631451259,2.128333568572998,0.001709168500858756,0.0048627257347106934,0.11420818728101741,9.1958587290719151e-05,0.013561606637173868,0.4803122878074646,0,0,0,0,74.067543029785156,1935.9691971093416,0.059081091220377857,0.015640348742339688,0.1495841524104132,0.015618823029578441,0,0.16402608156204224,7.9091124534606934
414,6.8999999999999995,0,0.094815999999999998,0.16387199999999999,0.000736,0.0044479999999999997,0.001472,0.0024319999999999997,0.0027199999999999998,0.075808,0.002176,0.0050239999999999998,0.79952750590617616,1.8952000000000002,40,0.015546015599324087,2.2762136459350586,0.0017065898637014247,0.0048362314701080322,0.10977667253695694,9.6498406492173672e-05,0.013892329285773043,0.49690088629722595,0,0,0,0,73.944198608398438,1938.2061860872054,0.05914935870627458,0.015639599158772874,0.14847462245333026,0.015619116677818495,0,0.17351551353931427,8.1723003387451172
415,6.916666666666667,0,0.094719999999999999,0.163968,0.00070399999999999998,0.0044799999999999996,0.0015039999999999999,0.0023999999999999998,0.0027199999999999998,0.075808,0.0021440000000000001,0.00496,0.80033783783783785,1.8952000000000002,40,0.015783178899399695,2.4175004959106445,0.0017035590582945752,0.0047996342182159424,0.10793510414808573,0.00010131747694686055,0.014234990477472091,0.51353394985198975,0,0,0,0,73.821060180664062,1942.6359862578975,0.059284545479061812,0.015638346036785246,0.14689174970576477,0.015619334476758557,0,0.18356019258499146,8.4378376007080078
416,6.9333333333333336,0,0.094687999999999994,0.16399999999999998,0.00070399999999999998,0.0048639999999999994,0.0014399999999999999,0.0024319999999999997,0.0023679999999999999,0.075616000000000003,0.0022719999999999997,0.0049919999999999999,0.79858060155457933,1.8904000000000001,40,0.016884210361200132,2.6688880920410156,0.0017018476497761305,0.004945605993270874,0.10079521715075118,0.00010650353942764923,0.014594762034897946,0.53057593107223511,0,0,0,0,73.698127746582031,1950.4852017611265,0.059524084526401566,0.015636762957860779,0.14457774976807963,0.015619456649602965,0,0.19430837035179138,8.703338623046875
417,6.9500000000000002,0,0.094559999999999991,0.16409599999999999,0.000736,0.0049919999999999999,0.001472,0.0024319999999999997,0.002176,0.075551999999999994,0.0022399999999999998,0.00496,0.79898477157360404,1.8887999999999998,40,0.017543910093136775,2.8281364440917969,0.0017004142098571034,0.005103766918182373,0.09692333127734791,0.00011209127842448652,0.014972727101265588,0.54795414209365845,0,0,0,0,73.575401306152344,1963.6518397122854,0.059925898428719648,0.015635148217202494,0.14115395330330838,0.015619495122539932,0,0.20581340789794922,8.9693527221679688
418,6.9666666666666668,0,0.094624,0.16380799999999998,0.00067199999999999996,0.0045760000000000002,0.001472,0.0024319999999999997,0.002624,0.075551999999999994,0.0023040000000000001,0.0049919999999999999,0.7984443692932025,1.8887999999999998,40,0.019168961937442539,3.105888843536377,0.0017004555946536965,0.0053808689117431641,0.088708799162056554,0.00011818230268545449,0.015374153809914514,0.56613743305206299,0,0,0,0,73.452873229980469,1985.073578119278,0.060579638004128356,0.015633776722295101,0.13607041394477803,0.015614952876939594,0,0.21826300024986267,9.2391395568847656
419,6.9833333333333334,0,0.094783999999999993,0.16422399999999998,0.00076800000000000002,0.0042880000000000001,0.0014399999999999999,0.0023679999999999999,0.002944,0.075839999999999991,0.002176,0.00496,0.80013504388926393,1.8959999999999997,40,0.020530772979847189,3.3260898590087891,0.0017000387589394376,0.0055667459964752197,0.082804420496402131,0.00012478523422032595,0.015797799480961008,0.58476507663726807,0,0,0,0,73.330551147460938,1991.0559600889683,0.060762205813261971,0.015632850796837294,0.13413968579710378,0.015614726875034443,0,0.23168088495731354,9.5081214904785156
420,7,0,0.094559999999999991,0.16342399999999999,0.00067199999999999996,0.004352,0.0014399999999999999,0.0023999999999999998,0.0028799999999999997,0.075551999999999994,0.002336,0.0049280000000000001,0.79898477157360404,1.8887999999999998,40,0.022514661258635122,3.6289186477661133,0.0016990124153737128,0.0054674446582794189,0.075462490679138461,0.00013174262130632997,0.016232228516524155,0.60288888216018677,0,0,0,0,73.20843505859375,1990.9586152434349,0.060759235084333341,0.015632513966848581,0.13342840824804503,0.015617632069063459,0,0.2457459568977356,9.7717952728271484
421,7.0166666666666666,0,0.096192,0.16361599999999998,0.002336,0.0052160000000000002,0.0014399999999999999,0.0023999999999999998,0.0019840000000000001,0.075488,0.0023679999999999999,0.00496,0.78476380572188953,1.8872,40,0.022535193576507417,3.6662054061889648,0.0016940121741160748,0.0052814483642578125,0.075171849239496033,0.00013881271297577769,0.016662095485008941,0.62080872058868408,0,0,0,0,73.086524963378906,1994.8644857853651,0.060878432793742832,0.015628554338772385,0.13199540840975371,0.015618881555774487,0,0.2601320743560791,10.037955284118652
422,7.0333333333333332,0,0.096607999999999999,0.16342399999999999,0.0025279999999999999,0.0050239999999999998,0.001472,0.002464,0.0021440000000000001,0.075775999999999996,0.0022079999999999999,0.0049919999999999999,0.78436568400132489,1.8943999999999999,40,0.022524249470901404,3.6684503555297852,0.0016887650954036414,0.0052154213190078735,0.074975421382422566,0.00014612112136092037,0.01709509411269329,0.63904184103012085,0,0,0,0,72.964813232421875,2002.3817452722578,0.061107841347419978,0.015627995540164811,0.12984730774822043,0.015619609818092867,0,0.27503854036331177,10.407590866088867
423,7.0499999999999998,0,0.094528000000000001,0.16380799999999998,0.00067199999999999996,0.0045760000000000002,0.001472,0.0024319999999999997,0.002624,0.07551999999999999,0.0022719999999999997,0.00496,0.79891672308733908,1.8879999999999999,40,0.022879804984988591,3.7008476257324219,0.0016837693304319705,0.0052147507667541504,0.073591944141861751,0.0001536718918941915,0.017531223111591016,0.65726947784423828,0,0,0,0,72.843307495117188,2016.3767790308048,0.061534935883508446,0.015628231083157831,0.12648179989667704,0.015620967206560907,0,0.29044070839881897,10.859942436218262
424,7.0666666666666664,0,0.094495999999999997,0.16352,0.00067199999999999996,0.0046080000000000001,0.001536,0.0024319999999999997,0.002496,0.07551999999999999,0.0022719999999999997,0.00496,0.7991872671859126,1.8879999999999999,40,0.022862461895878997,3.5701923370361328,0.0016793604931581315,0.0052067339420318604,0.073454928030337777,0.00016150617739185691,0.017972544471602063,0.67548578977584839,0,0,0,0,72.722000122070312,2038.728467002511,0.062217055267410615,0.015624288108005887,0.12158153554832056,0.015622500924392015,0,0.30642819404602051,11.285355567932129
425,7.083333333333333,0,0.094815999999999998,0.163968,0.00070399999999999998,0.0048319999999999995,0.001472,0.0023679999999999999,0.0024319999999999997,0.075871999999999995,0.0022079999999999999,0.0049280000000000001,0.80020249746878158,1.8968,40,0.023470985066241894,3.463252067565918,0.0016768889705501681,0.0053650736808776855,0.071445189275929549,0.00016971045988611877,0.018423379705478513,0.69372057914733887,0,0,0,0,72.600898742675781,2070.7540004551411,0.063194396986546053,0.015619593712469845,0.11499680723698331,0.015624097951233606,0,0.32314527034759521,11.683803558349609
426,7.0999999999999996,0,0.096351999999999993,0.16367999999999999,0.0025279999999999999,0.0050559999999999997,0.001472,0.0023999999999999998,0.002176,0.075551999999999994,0.0022719999999999997,0.0048960000000000002,0.78412487545665888,1.8887999999999998,40,0.023884438295123291,3.163081169128418,0.0016760913609890837,0.0056015849113464355,0.070175037833370646,0.00017838472558651119,0.018888341673450913,0.71239066123962402,0,0,0,0,72.479995727539062,2119.1185639500618,0.06467036633148382,0.015613048175902618,0.10573632516532945,0.015625167348292182,0,0.340741366147995,12.055410385131836
427,7.1166666666666663,0,0.094624,0.16345599999999999,0.000736,0.004352,0.001472,0.0023679999999999999,0.0028479999999999998,0.075616000000000003,0.0022719999999999997,0.00496,0.79912073047007104,1.8904000000000001,40,0.023550787954033692,2.7683753967285156,0.0016724152278489613,0.0055960118770599365,0.071013132601472725,0.00018725267727859318,0.019352140826202829,0.7308647632598877,0,0,0,0,72.359298706054688,2193.1957745812833,0.066931023394204203,0.015601890673942772,0.09270242452908023,0.015632026597822798,0,0.3587956428527832,12.400737762451172
428,7.1333333333333329,0,0.094624,0.16399999999999998,0.00070399999999999998,0.0049919999999999999,0.0014399999999999999,0.0024319999999999997,0.0022079999999999999,0.075583999999999998,0.0022719999999999997,0.0049919999999999999,0.79878254988163677,1.8896000000000002,40,0.024125602818095417,2.7185149192810059,0.0016680881556577925,0.00554695725440979,0.069141822827599661,0.00019631048780865967,0.019814665670086874,0.74966377019882202,0,0,0,0,72.238800048828125,2307.4931343793869,0.070419102001324063,0.015589496741062619,0.074701679200744331,0.015637316861646471,0,0.37735861539840698,12.728273391723633
429,7.1499999999999995,0,0.094687999999999994,0.163712,0.00070399999999999998,0.0044159999999999998,0.0014399999999999999,0.0023999999999999998,0.0028159999999999999,0.075808,0.0022079999999999999,0.0048960000000000002,0.80060831361946605,1.8952000000000002,40,0.026092889571351717,3.2248859405517578,0.001665883826414117,0.0055796056985855103,0.063844359661995739,0.00020566006423905492,0.020281028782537385,0.76924127340316772,0,0,0,0,72.118499755859375,2403.3352580424653,0.073343971497877969,0.015610228259697739,0.061167254790489831,0.015626942296187451,0,0.39666619896888733,13.04676628112793
430,7.166666666666667,0,0.094559999999999991,0.16387199999999999,0.00070399999999999998,0.00496,0.001472,0.0023999999999999998,0.0022399999999999998,0.075392000000000001,0.0023999999999999998,0.0049919999999999999,0.79729272419627761,1.8847999999999998,40,0.02901951710111032,3.7240114212036133,0.0016648075413515828,0.0057223588228225708,0.057368547365934129,0.00021565544011536986,0.020768025429268418,0.78988510370254517,0,0,0,0,71.998397827148438,2506.7461916363391,0.076499822742808199,0.015596476842471218,0.048044130400523043,0.015629961785289376,0,0.41730803251266479,13.36441707611084
431,7.1833333333333336,0,0.09465599999999999,0.16444799999999998,0.00070399999999999998,0.0045760000000000002,0.0015039999999999999,0.0023999999999999998,0.0025599999999999998,0.075808,0.0021440000000000001,0.00496,0.80087897227856664,1.8952000000000002,40,0.029013032593195574,4.0707106590270996,0.0016642286292658365,0.0055828094482421875,0.057361415905766017,0.00022588539286516607,0.021254900275708945,0.80924642086029053,0,0,0,0,71.878501892089844,2631.9169745900963,0.080319731890566903,0.015577921076213695,0.034420089240528313,0.015633067190311177,0,0.43865543603897095,13.688275337219238
432,7.2000000000000002,0,0.094591999999999996,0.16348799999999999,0.00067199999999999996,0.0045119999999999995,0.0015039999999999999,0.0024319999999999997,0.002624,0.075583999999999998,0.0022719999999999997,0.0049919999999999999,0.79905277401894459,1.8896000000000002,40,0.031244625806633199,4.5734176635742188,0.0016668204871246033,0.005582861602306366,0.053347429968924102,0.0002360479993512854,0.021727770219297029,0.82752948999404907,0,0,0,0,71.758804321289062,2707.5069729911756,0.082626555572240468,0.015604393256020067,0.027061624895336752,0.015625499155901449,0,0.46015444397926331,14.013798713684082
433,7.2166666666666668,0,0.094528000000000001,0.164608,0.000736,0.0043839999999999999,0.001472,0.0024319999999999997,0.0027519999999999997,0.075647999999999993,0.002176,0.0049280000000000001,0.80027081922816512,1.8912,40,0.032414998049048252,4.6270780563354492,0.0016687620623372134,0.0059312433004379272,0.051481171148372487,0.00024663598742336035,0.022209727032242443,0.84821319580078125,0,0,0,0,71.639305114746094,2796.6750981992518,0.085347750799537714,0.015593237399767727,0.019130518889412002,0.015625600566381917,0,0.48253700137138367,14.335529327392578
434,7.2333333333333334,0,0.094624,0.16339199999999998,0.00070399999999999998,0.0044479999999999997,0.001472,0.002464,0.0027199999999999998,0.075455999999999995,0.0023999999999999998,0.00496,0.79742982752789981,1.8863999999999996,40,0.03104706714210223,4.2279148101806641,0.0016763530230897365,0.0064373910427093506,0.05399392526891765,0.00025753022055141628,0.022694943073355185,0.86842489242553711,0,0,0,0,71.520004272460938,2931.7849472132511,0.089470976172279393,0.01557454578916055,0.0082626666929232432,0.015628153063216486,0,0.50546962022781372,14.650162696838379
435,7.25,0,0.094495999999999997,0.16380799999999998,0.00067199999999999996,0.0045439999999999994,0.0015039999999999999,0.0023999999999999998,0.002624,0.075551999999999994,0.0022399999999999998,0.00496,0.79952590585844896,1.8887999999999998,40,0.029763868807625472,3.6364278793334961,0.0017035880209935272,0.0078382939100265503,0.057236780339425156,0.00026828743284568191,0.023164085686496753,0.88780230283737183,0,0,0,0,71.400901794433594,3038.8235890805081,0.092737536287857303,0.01560009573115486,0.00021220938265947866,0.015624278659732401,0,0.52828830480575562,15.223808288574219
436,7.2666666666666666,0,0.094719999999999999,0.16403199999999998,0.000736,0.0048639999999999994,0.0014399999999999999,0.0024319999999999997,0.0023679999999999999,0.075679999999999997,0.0021440000000000001,0.0050559999999999997,0.79898648648648651,1.8919999999999999,40,0.029433476353533342,3.4653964042663574,0.0017429532459046681,0.0089389681816101074,0.059216696830832735,0.00027969462098553777,0.023651410993238343,0.90649020671844482,0,0,0,0,71.281997680664062,3165.3225859455642,0.096597979307420784,0.015588643120008863,-0.0086252380972883895,0.015625741379257964,0,0.55229705572128296,15.797026634216309
437,7.2833333333333332,0,0.094559999999999991,0.164128,0.00067199999999999996,0.0043200000000000001,0.0014399999999999999,0.0024319999999999997,0.0028479999999999998,0.075679999999999997,0.0022399999999999998,0.0049280000000000001,0.80033840947546531,1.8919999999999999,40,0.030669500808713831,4.36968994140625,0.0017901925696681483,0.010116532444953918,0.058370450201769113,0.00029167087632231414,0.024152468872656235,0.92528712749481201,0,0,0,0,71.163291931152344,3353.0881619094384,0.10232812994108394,0.015582811406310758,-0.020303637333435341,0.015627957195224557,0,0.57750368118286133,16.27769660949707
438,7.2999999999999998,0,0.094495999999999997,0.164128,0.00067199999999999996,0.0046080000000000001,0.0015039999999999999,0.002464,0.0025279999999999999,0.07551999999999999,0.0022719999999999997,0.0049280000000000001,0.7991872671859126,1.8879999999999999,40,0.033471617222121788,5.1094188690185547,0.0018325203751486613,0.010941505432128906,0.054748486246954532,0.00030409000464715064,0.02466130591218359,0.94434064626693726,0,0,0,0,71.044784545898438,3489.6420737985536,0.10649542461543438,0.015604989825647956,-0.028419416597916431,0.015626515618410306,0,0.60386979579925537,16.711523056030273
439,7.3166666666666664,0,0.094591999999999996,0.16345599999999999,0.000736,0.0048639999999999994,0.001472,0.0024319999999999997,0.0023040000000000001,0.075583999999999998,0.0022719999999999997,0.0049280000000000001,0.79905277401894459,1.8896000000000002,40,0.037645654570244907,5.8123750686645508,0.0018519594037396199,0.011254400014877319,0.049194506640439901,0.00031736076925881207,0.025193680527418463,0.9630436897277832,0,0,0,0,70.926475524902344,3666.7004544347146,0.11189881757918441,0.015594598803806078,-0.03786459061462228,0.015627684698969663,0,0.63227224349975586,17.125885009765625
440,7.333333333333333,0,0.094815999999999998,0.163328,0.00076800000000000002,0.0043200000000000001,0.0014399999999999999,0.002464,0.0028479999999999998,0.075455999999999995,0.0024319999999999997,0.0050879999999999996,0.79581505231184613,1.8863999999999996,40,0.037523025283479242,5.6661224365234375,0.0018669463925529051,0.011807709932327271,0.049754687380574571,0.00033095420803874731,0.025727580843862771,0.98487377166748047,0,0,0,0,70.808364868164062,3883.4762592166662,0.11851429013722736,0.015619930831108114,-0.047428363843463286,0.015626430056504107,0,0.66181623935699463,17.542461395263672
441,7.3499999999999996,0,0.094751999999999989,0.164192,0.00070399999999999998,0.0044799999999999996,0.001472,0.0023999999999999998,0.0027519999999999997,0.075839999999999991,0.0022079999999999999,0.0048960000000000002,0.80040526849037485,1.8959999999999997,40,0.037095048297201359,5.0102829933166504,0.0018898268787585324,0.012423157691955566,0.050945529538537107,0.00034487649099901319,0.026263148744924445,1.0084518194198608,0,0,0,0,70.690444946289062,3990.4462284174442,0.12177875452934095,0.01561607085967757,-0.051635591148086878,0.015629236032428342,0,0.69282686710357666,17.9761962890625
442,7.3666666666666663,0,0.094687999999999994,0.16399999999999998,0.00070399999999999998,0.00464,0.001536,0.002464,0.0024319999999999997,0.075808,0.0021440000000000001,0.00496,0.80060831361946605,1.8952000000000002,40,0.036223851033958435,3.8411130905151367,0.0018947456140232727,0.01257101446390152,0.05230657591449963,0.00036039098631590605,0.026847382975474763,1.0312730073928833,0,0,0,0,70.572723388671875,4148.2348936675935,0.12659408244835185,0.015609320386119827,-0.057385461274391272,0.015633549389641076,0,0.72742998600006104,18.454225540161133
443,7.3833333333333329,0,0.094719999999999999,0.16416,0.00070399999999999998,0.0045119999999999995,0.001472,0.0023999999999999998,0.0026559999999999999,0.075808,0.0022079999999999999,0.00496,0.80033783783783785,1.8952000000000002,40,0.036362766853551907,5.1040921211242676,0.0019066126118576607,0.013351470232009888,0.052433100581602832,0.00037684253766201437,0.027453325396462062,1.0532379150390625,0,0,0,0,70.4552001953125,4363.9731904424189,0.13317789277473202,0.01563061783073948,-0.064935560771086129,0.015633099080572178,0,0.76439869403839111,19.149625778198242
444,7.3999999999999995,0,0.096575999999999995,0.16364799999999999,0.002464,0.00496,0.001472,0.0023999999999999998,0.0022719999999999997,0.075808,0.0022079999999999999,0.0049919999999999999,0.78495692511597093,1.8952000000000002,40,0.039777340837654787,6.1156291961669922,0.0019056203283593356,0.013659343123435974,0.047907182537335447,0.00039432797348126769,0.028083018836345487,1.0750489234924316,0,0,0,0,70.337875366210938,4550.2837506595533,0.13886363985167094,0.01562951704200263,-0.07241687869377253,0.015639248301226046,0,0.80422365665435791,19.918239593505859
445,7.416666666666667,0,0.094687999999999994,0.16358399999999998,0.00076800000000000002,0.0044479999999999997,0.0014399999999999999,0.0023999999999999998,0.0028159999999999999,0.075551999999999994,0.002336,0.0049280000000000001,0.79790469753295035,1.8887999999999998,40,0.044288942137188085,6.8822259902954102,0.0018949749843788569,0.014269106090068817,0.042786639123351372,0.00041335666901431978,0.028752623150395156,1.0969548225402832,0,0,0,0,70.220741271972656,4742.0691469062585,0.14471646566486385,0.015600557609361704,-0.077946662641112746,0.015636588055764868,0,0.84776544570922852,20.625619888305664
446,7.4333333333333336,0,0.096479999999999996,0.163712,0.002464,0.0045760000000000002,0.0014399999999999999,0.0024319999999999997,0.002624,0.075775999999999996,0.002176,0.0049919999999999999,0.78540630182421223,1.8943999999999999,40,0.04379924100981062,6.3845911026000977,0.0018992795133687963,0.015881001949310303,0.04336329739009348,0.00043378723785281181,0.029454617222188166,1.1187783479690552,0,0,0,0,70.103805541992188,4943.1482967720367,0.15085291433020132,0.015608886177399575,-0.082304472633690326,0.015635856712485383,0,0.89534556865692139,21.321596145629883
447,7.4500000000000002,0,0.094591999999999996,0.163712,0.00070399999999999998,0.00464,0.0014399999999999999,0.0023999999999999998,0.0025919999999999997,0.075551999999999994,0.0023040000000000001,0.00496,0.79871447902571036,1.8887999999999998,40,0.042145468715127463,5.2117490768432617,0.0019300767253558292,0.017892688512802124,0.045795592840638125,0.00045548588968813419,0.030182309046464097,1.142559289932251,0,0,0,0,69.987060546875,5136.3184770491498,0.15674800039822845,0.015600512566517294,-0.088349667948465535,0.015642623650619667,0,0.94616472721099854,21.96537971496582
448,7.4666666666666668,0,0.094528000000000001,0.16380799999999998,0.00067199999999999996,0.0044159999999999998,0.001472,0.0023999999999999998,0.002784,0.075583999999999998,0.0022719999999999997,0.0049280000000000001,0.79959377115775221,1.8896000000000002,40,0.041512241648479165,5.5440158843994141,0.0019879632212483453,0.019823610782623291,0.047888602067847522,0.0004788458754774183,0.030946595143162947,1.1673171520233154,0,0,0,0,69.870513916015625,5424.8655722169933,0.16555375891775492,0.01558783212268792,-0.096599719438876949,0.015651253520974927,0,1.0017337799072266,22.579933166503906
449,7.4833333333333334,0,0.09465599999999999,0.16345599999999999,0.000736,0.0049280000000000001,0.0014399999999999999,0.0024319999999999997,0.0022399999999999998,0.07551999999999999,0.0023679999999999999,0.0049919999999999999,0.79783637592968215,1.8879999999999999,40,0.045269998501262183,6.9168710708618164,0.0020190868666972602,0.020594179630279541,0.044600992567759103,0.00050397415179759264,0.031748201580486184,1.1907281875610352,0,0,0,0,69.754158020019531,5729.6435851510178,0.17485484573825127,0.015597147215308613,-0.10396331175001897,0.015649769134445636,0,1.0623358488082886,23.148715972900391
450,7.5,0,0.094591999999999996,0.16403199999999998,0.00057600000000000001,0.0043839999999999999,0.001472,0.0024319999999999997,0.0027519999999999997,0.075871999999999995,0.0021440000000000001,0.00496,0.80209742895805136,1.8968,40,0.050013911465182574,7.5925326347351074,0.0021341244287195072,0.023712277412414551,0.042670616358514338,0.00053086341358721256,0.032584149937882764,1.2138954401016235,0,0,0,0,69.63800048828125,5930.4789634718254,0.18098385508642045,0.01558458581867333,-0.10853949581531584,0.015657083665703592,0,1.1281650066375732,23.695600509643555
451,7.5166666666666666,0,0.094783999999999993,0.16383999999999999,0.000736,0.0043200000000000001,0.0014399999999999999,0.0023999999999999998,0.002944,0.075839999999999991,0.002176,0.0049280000000000001,0.80013504388926393,1.8959999999999997,40,0.049190471393253769,7.0410661697387695,0.0023077409080140298,0.027529358863830566,0.04691438895888534,0.0005590878427028656,0.033439134040906787,1.2360883951187134,0,0,0,0,69.52203369140625,6223.7172829045921,0.18993277840895362,0.015574973921289786,-0.1145813494584233,0.015665904124433309,0,1.1969519853591919,24.210248947143555
452,7.5333333333333332,0,0.096479999999999996,0.16383999999999999,0.0025599999999999998,0.0050239999999999998,0.0014399999999999999,0.0024319999999999997,0.002176,0.075583999999999998,0.002336,0.0049280000000000001,0.7834162520729685,1.8896000000000002,40,0.046770346562189612,5.3437042236328125,0.0024852791110614339,0.030962944030761719,0.053137923785892993,0.00058814085787162185,0.034296963651950937,1.2575526237487793,0,0,0,0,69.406257629394531,6605.1283821598918,0.20157252142821935,0.015626537774931611,-0.12230449256757422,0.015652821085763383,0,1.2682538032531738,24.704378128051758
453,7.5499999999999998,0,0.094432000000000002,0.16367999999999999,0.00057600000000000001,0.0044159999999999998,0.001408,0.0023999999999999998,0.0028479999999999998,0.075423999999999991,0.0024319999999999997,0.0049280000000000001,0.79871230091494394,1.8855999999999997,40,0.049345038855132049,6.931797981262207,0.0026672272510177698,0.034145951271057129,0.054052591970760386,0.00061821122653782368,0.035162799278152579,1.2801845073699951,0,0,0,0,69.290672302246094,7040.2304452055396,0.21485078262956359,0.015651213336104402,-0.13311984458431034,0.015645236897402957,0,1.3421224355697632,25.146732330322266
454,7.5666666666666664,0,0.096479999999999996,0.16367999999999999,0.0024319999999999997,0.0044159999999999998,0.0014399999999999999,0.0023999999999999998,0.0028159999999999999,0.075583999999999998,0.0023040000000000001,0.0050879999999999996,0.7834162520729685,1.8896000000000002,40,0.054752379487642985,8.339564323425293,0.0029794324183087723,0.039569377899169922,0.054416491962348372,0.0006496884161606431,0.036046869937919522,1.3039335012435913,0,0,0,0,69.175285339355469,7469.3783520606812,0.22794733740419559,0.015641246233665862,-0.14020285499096494,0.015645569091887027,0,1.4195820093154907,25.512094497680664
455,7.583333333333333,0,0.094528000000000001,0.16367999999999999,0.00070399999999999998,0.0046719999999999999,0.0015039999999999999,0.002496,0.002336,0.075392000000000001,0.002464,0.00496,0.79756262694651325,1.8847999999999998,40,0.055784056393233486,8.2162094116210938,0.0033271209435762239,0.045258522033691406,0.059642864981396336,0.00068119715433567762,0.036910625958812393,1.3266744613647461,0,0,0,0,69.060089111328125,7915.6002334618897,0.24156494853094146,0.015622709558161852,-0.14621565230916272,0.015647833884562638,0,1.4974253177642822,25.811346054077148
456,7.5999999999999996,0,0.096287999999999999,0.16348799999999999,0.0024319999999999997,0.0044159999999999998,0.0014399999999999999,0.002464,0.0027199999999999998,0.075616000000000003,0.0022719999999999997,0.0049280000000000001,0.78531073446327693,1.8904000000000001,40,0.054116921190025397,6.5808553695678711,0.0036057958017222851,0.049577713012695312,0.066629729157372877,0.00071340322028845549,0.03777309148821302,1.3481285572052002,0,0,0,0,68.945083618164062,8360.9046891386388,0.25515456204646725,0.015593541913864601,-0.15401552285724712,0.015658903367289267,0,1.5772749185562134,26.078849792480469
457,7.6166666666666663,0,0.094559999999999991,0.16399999999999998,0.000736,0.004352,0.001472,0.0023999999999999998,0.0028159999999999999,0.075583999999999998,0.0022719999999999997,0.0049280000000000001,0.79932318104906941,1.8896000000000002,40,0.056653391287274257,7.4623699188232422,0.0037956090428435296,0.052023887634277344,0.066997031538624172,0.00074745051097124815,0.038663949900941269,1.3693206310272217,0,0,0,0,68.830268859863281,8897.969869845896,0.27154449065691821,0.015620531611711602,-0.16267914672534572,0.015643919108770717,0,1.6602404117584229,26.446878433227539
458,7.6333333333333329,0,0.094815999999999998,0.164192,0.00079999999999999993,0.0042560000000000002,0.0014399999999999999,0.0024319999999999997,0.002944,0.075808,0.0022079999999999999,0.0049280000000000001,0.79952750590617616,1.8952000000000002,40,0.062364322947551169,9.3783369064331055,0.0039864690664958916,0.05487823486328125,0.063922269625993372,0.00078303995542228222,0.039573727532853972,1.3941736221313477,0,0,0,0,68.715644836425781,9509.8134617935866,0.29021647527446248,0.015610500339985614,-0.16933534323974364,0.015650490710055257,0,1.7449901103973389,26.763198852539062
459,7.6499999999999995,0,0.094528000000000001,0.16367999999999999,0.00070399999999999998,0.0045760000000000002,0.001472,0.0023999999999999998,0.0026559999999999999,0.07551999999999999,0.0022719999999999997,0.0049280000000000001,0.79891672308733908,1.8879999999999999,40,0.064676259787336793,9.419774055480957,0.0041972128691770451,0.05808258056640625,0.064895726545999705,0.00081943353870883584,0.040482923281522934,1.4184606075286865,0,0,0,0,68.601211547851562,10082.716388027249,0.30770008508383939,0.015628807088721049,-0.17618382408218328,0.015639924548251707,0,1.8287155628204346,26.979026794433594
460,7.666666666666667,0,0.094624,0.16403199999999998,0.00070399999999999998,0.0050559999999999997,0.0015039999999999999,0.002464,0.002016,0.075551999999999994,0.0022719999999999997,0.0050559999999999997,0.7984443692932025,1.8887999999999998,40,0.065193750815317933,7.6016120910644531,0.0043905110646674508,0.060455322265625,0.067345581589636896,0.00085740548092871904,0.041410276041792309,1.4408531188964844,0,0,0,0,68.486968994140625,10632.557634610333,0.32447990828278606,0.015632157270594367,-0.182361193901177,0.015637617229516371,0,1.9121372699737549,27.393875122070312
461,7.6833333333333336,0,0.094624,0.16383999999999999,0.000736,0.0043200000000000001,0.0014399999999999999,0.0023999999999999998,0.0029119999999999997,0.075616000000000003,0.0022399999999999998,0.00496,0.79912073047007104,1.8904000000000001,40,0.071862306717940985,10.220098495483398,0.0044577961235039319,0.060581207275390625,0.062032466352642257,0.00089800346177071333,0.042379321886285848,1.4620494842529297,0,0,0,0,68.372917175292969,11262.674005838177,0.34370953386957326,0.015628547600428581,-0.18767648526221514,0.015643491843620887,0,1.9984657764434814,27.675273895263672
462,7.7000000000000002,0,0.094687999999999994,0.16383999999999999,0.000736,0.0048319999999999995,0.0014399999999999999,0.0023999999999999998,0.0024319999999999997,0.075551999999999994,0.0023679999999999999,0.0049280000000000001,0.79790469753295035,1.8887999999999998,40,0.087738886290048168,14.163883209228516,0.0044414055587669249,0.059891700744628906,0.050620719575633522,0.00094041822012513876,0.043368611232667775,1.4825739860534668,0,0,0,0,68.259056091308594,11800.718522744115,0.36012934944897812,0.015631841725799692,-0.19198972320007981,0.015630783542891893,0,2.0869259834289551,27.932594299316406
463,7.7166666666666668,0,0.094624,0.16364799999999999,0.00076800000000000002,0.0043200000000000001,0.001472,0.0023999999999999998,0.0028799999999999997,0.075423999999999991,0.0023679999999999999,0.0049919999999999999,0.79709164693946555,1.8855999999999997,40,0.10540109248030576,17.644552230834961,0.0044058818311800288,0.058980941772460938,0.041801102128075855,0.00098474055994302034,0.044378836396260335,1.5066884756088257,0,0,0,0,68.1453857421875,12329.382658437593,0.37626289851188943,0.015632654245890869,-0.19665767056545372,0.015632913654570282,0,2.1765122413635254,28.292097091674805
464,7.7333333333333334,0,0.096447999999999992,0.16358399999999998,0.0023679999999999999,0.00496,0.0014399999999999999,0.002464,0.0022399999999999998,0.075808,0.002176,0.0049919999999999999,0.78599867285998681,1.8952000000000002,40,0.12002127004408329,20.241071701049805,0.0042449135467403807,0.055695056915283203,0.035368010563304672,0.0010308737400919199,0.045406469585113525,1.5285508632659912,0,0,0,0,68.031906127929688,12999.818552953919,0.39672297830059566,0.015630027029502426,-0.20102740538387284,0.015643572231533474,0,2.2675633430480957,28.485050201416016
465,7.75,0,0.094944000000000001,0.163328,0.00076800000000000002,0.0043200000000000001,0.0014399999999999999,0.0023679999999999999,0.002944,0.075839999999999991,0.0022079999999999999,0.0050559999999999997,0.79878665318503528,1.8959999999999997,40,0.13395405779457828,22.244979858398438,0.0041194001562199203,0.053236484527587891,0.030752335718990446,0.0010780086740851402,0.046432933874247927,1.5488568544387817,0,0,0,0,67.918609619140625,13645.537493067182,0.41642875650229438,0.015632451149148543,-0.20564384027446495,0.015635067434190315,0,2.3579132556915283,28.494884490966797
466,7.7666666666666666,0,0.094848000000000002,0.16409599999999999,0.000736,0.0043839999999999999,0.001408,0.0024319999999999997,0.0028479999999999998,0.075839999999999991,0.002176,0.0050239999999999998,0.7995951417004048,1.8959999999999997,40,0.1457514163826879,23.546442031860352,0.0040594636911514929,0.0520782470703125,0.027851967355794895,0.001126873423345387,0.047473643705647599,1.5675359964370728,0,0,0,0,67.805503845214844,14244.227329432244,0.43469932035620862,0.015633519090082287,-0.2100550677522158,0.015640760883861262,0,2.4482522010803223,28.715351104736328
467,7.7833333333333332,0,0.094719999999999999,0.16345599999999999,0.00070399999999999998,0.0045119999999999995,0.001472,0.002464,0.0025919999999999997,0.075583999999999998,0.0023679999999999999,0.0050239999999999998,0.79797297297297298,1.8896000000000002,40,0.15601679565112747,24.366090774536133,0.0039639982031870261,0.0497283935546875,0.025407509407198749,0.0011767443502321839,0.048512768427130273,1.5852119922637939,0,0,0,0,67.692588806152344,15016.914324966114,0.45827985610858502,0.01564331160084334,-0.2146456951058216,0.015638259776366258,0,2.5356638431549072,28.815420150756836
468,7.7999999999999998,0,0.096096000000000001,0.16422399999999998,0.0021119999999999997,0.0044479999999999997,0.0015039999999999999,0.0024319999999999997,0.0026879999999999999,0.075775999999999996,0.0021440000000000001,0.0049919999999999999,0.78854478854478849,1.8943999999999999,40,0.16647799561556942,25.261091232299805,0.00389462504681528,0.048336029052734375,0.0233942331682605,0.0012267448473721743,0.049532713379587319,1.6017993688583374,0,0,0,0,67.579864501953125,15867.674228029733,0.48424298791594644,0.015636387881228821,-0.21986685378486079,0.015640993587890607,0,2.6192998886108398,28.755350112915039
469,7.8166666666666664,0,0.094719999999999999,0.16403199999999998,0.00070399999999999998,0.0045439999999999994,0.001536,0.0024319999999999997,0.0025279999999999999,0.075808,0.002176,0.0049919999999999999,0.80033783783783785,1.8952000000000002,40,0.1748744196834438,25.818357467651367,0.003867808990099789,0.047626495361328125,0.022117637314258219,0.0012775214854627848,0.050547432881656508,1.6168520450592041,0,0,0,0,67.467323303222656,16831.292091362222,0.51365027134284125,0.015632244220551504,-0.2267677775580626,0.015646635472705523,0,2.7015717029571533,28.738334655761719
470,7.833333333333333,0,0.094719999999999999,0.16364799999999999,0.00070399999999999998,0.0043839999999999999,0.001408,0.0024319999999999997,0.0028799999999999997,0.075423999999999991,0.002464,0.0050239999999999998,0.79628378378378373,1.8855999999999997,40,0.18274940967073083,26.552562713623047,0.0039757153002855875,0.049678802490234375,0.02175501035789304,0.0013290263013914227,0.051556305170006561,1.6306302547454834,0,0,0,0,67.354972839355469,17880.223618309567,0.54566112116423238,0.015629425512077168,-0.23314085818951388,0.015636488738666909,0,2.7812533378601074,28.793889999389648
471,7.8499999999999996,0,0.094815999999999998,0.16416,0.000736,0.0044159999999999998,0.001472,0.0024319999999999997,0.002784,0.075775999999999996,0.0022079999999999999,0.0049919999999999999,0.79919001012487345,1.8943999999999999,40,0.18995384038319937,27.061649322509766,0.0041282141101919613,0.051700592041015625,0.021732722549141388,0.0013805137714371085,0.052545480708375072,1.6435250043869019,0,0,0,0,67.242805480957031,18618.174087438732,0.5681815822582621,0.015635458449977806,-0.23487041234728867,0.015648876652124413,0,2.8566937446594238,28.677715301513672
472,7.8666666666666663,0,0.094687999999999994,0.16358399999999998,0.00070399999999999998,0.0045760000000000002,0.0014399999999999999,0.0024319999999999997,0.0025919999999999997,0.075551999999999994,0.002336,0.0050559999999999997,0.79790469753295035,1.8887999999999998,40,0.19370573984178083,27.224075317382812,0.0041892271742322174,0.0515289306640625,0.021626758079827606,0.001433549216017127,0.053545293276199862,1.6563935279846191,0,0,0,0,67.130828857421875,19604.708840244333,0.59828823365003458,0.015636138845388715,-0.23904095999163488,0.015653624112812344,0,2.9337327480316162,28.473886489868164
473,7.8833333333333329,0,0.096351999999999993,0.16390399999999999,0.0024319999999999997,0.0050239999999999998,0.001472,0.0024319999999999997,0.0021119999999999997,0.075583999999999998,0.0023040000000000001,0.0049919999999999999,0.78445699103287947,1.8896000000000002,40,0.19946685002668305,27.590414047241211,0.0043211664166260587,0.052808761596679688,0.021663581773352356,0.0014873617328703403,0.054541025528868456,1.6684935092926025,0,0,0,0,67.019035339355469,20601.210956309224,0.62869906482877269,0.015637315041331746,-0.24341481764674516,0.015645523760987417,0,3.0095183849334717,28.469823837280273
474,7.8999999999999995,0,0.09465599999999999,0.16425599999999999,0.00076800000000000002,0.004352,0.001472,0.0023999999999999998,0.0028479999999999998,0.075616000000000003,0.0022399999999999998,0.00496,0.79885057471264376,1.8904000000000001,40,0.20470936636570594,27.815334320068359,0.0045135429696939854,0.054872512817382812,0.022048541548561597,0.0015429906779900193,0.055551609841480193,1.6797440052032471,0,0,0,0,66.907432556152344,21542.565349816465,0.65742692107594192,0.015645341499125609,-0.24599680380932737,0.015650389147946128,0,3.0856781005859375,28.314155578613281
475,7.916666666666667,0,0.09465599999999999,0.16383999999999999,0.00060799999999999993,0.0045119999999999995,0.0015039999999999999,0.0024319999999999997,0.0025919999999999997,0.075808,0.0022079999999999999,0.0049919999999999999,0.80087897227856664,1.8952000000000002,40,0.2096494981921227,28.198154449462891,0.0047010251153761819,0.056011199951171875,0.022423259563770406,0.0016006603837013245,0.056580215335421347,1.6904149055480957,0,0,0,0,66.796012878417969,22600.137819952914,0.68970147155618022,0.015647188921610756,-0.24901597799339734,0.015640766798775567,0,3.1633610725402832,28.026103973388672
476,7.9333333333333336,0,0.094815999999999998,0.163744,0.000736,0.0044159999999999998,0.0014399999999999999,0.0024319999999999997,0.002784,0.075808,0.002176,0.0050239999999999998,0.79952750590617616,1.8952000000000002,40,0.21422786868531088,28.40809440612793,0.004904195968556152,0.0580902099609375,0.022892427575611787,0.0016599198570474982,0.057618050245517652,1.6998851299285889,0,0,0,0,66.684776306152344,23798.313685641158,0.72626689714481074,0.015631981188408681,-0.2534094106074592,0.01564535775120026,0,3.2412071228027344,27.981245040893555
477,7.9500000000000002,0,0.094719999999999999,0.164544,0.000736,0.0044799999999999996,0.0014399999999999999,0.0023999999999999998,0.002784,0.075775999999999996,0.0021440000000000001,0.00496,0.79999999999999993,1.8943999999999999,40,0.21832930608637544,28.732139587402344,0.0052027724838286929,0.062147140502929688,0.023829931845110945,0.0017200326547026634,0.058652069949877532,1.7081079483032227,0,0,0,0,66.573722839355469,24831.805012859637,0.7578065494647106,0.01564911222446505,-0.25530968290677969,0.015646398332781426,0,3.3171737194061279,27.819578170776367
478,7.9666666666666668,0,0.096351999999999993,0.163776,0.0023999999999999998,0.0044799999999999996,0.0014399999999999999,0.0024319999999999997,0.0026879999999999999,0.075583999999999998,0.0022719999999999997,0.0050559999999999997,0.78445699103287947,1.8896000000000002,40,0.22226326543966771,29.311847686767578,0.0054834453718434865,0.065275192260742188,0.02467094758549717,0.0017818436026573181,0.059696626414853932,1.7151132822036743,0,0,0,0,66.462860107421875,26054.724943078822,0.79512710397579411,0.015668531755923469,-0.25838637097484246,0.015643953985561641,0,3.3935775756835938,27.511091232299805
479,7.9833333333333334,0,0.094719999999999999,0.16399999999999998,0.00070399999999999998,0.0050239999999999998,0.001472,0.0024319999999999997,0.0021119999999999997,0.075808,0.002176,0.0049919999999999999,0.80033783783783785,1.8952000000000002,40,0.22567642345782457,29.530149459838867,0.0057981531840947901,0.069122314453125,0.02569233017457127,0.0018462617881596088,0.060766138402232023,1.7216453552246094,0,0,0,0,66.352180480957031,27382.430800033937,0.83564547119244192,0.015639186277265963,-0.26198689713357376,0.015648215700740174,0,3.4711654186248779,27.399538040161133
480,8,0,0.096351999999999993,0.16422399999999998,0.0022719999999999997,0.0047039999999999998,0.001472,0.0024319999999999997,0.002496,0.075775999999999996,0.0021440000000000001,0.0050559999999999997,0.78644968449020258,1.8943999999999999,40,0.22868184622140264,29.612213134765625,0.0061937622046374452,0.0738677978515625,0.027084625679647686,0.0019123365636914968,0.061843941719322788,1.7279348373413086,0,0,0,0,66.241683959960938,28852.349250240397,0.88050382233399649,0.015643732235278738,-0.26528919669992607,0.015641357565265916,0,3.5471735000610352,27.25440788269043
