step_index,simulation_time_s,emitter_enabled,solver_gpu_ms,diagnostics_gpu_ms,source_gpu_ms,velocity_advection_gpu_ms,buoyancy_gpu_ms,divergence_gpu_ms,pressure_clear_gpu_ms,pressure_solve_gpu_ms,pressure_gradient_gpu_ms,scalar_advection_gpu_ms,pressure_fraction,pressure_iteration_us,pressure_iterations,rms_divergence_before,max_abs_divergence_before,rms_divergence_after,max_abs_divergence_after,divergence_remaining_fraction,kinetic_energy,velocity_rms,velocity_max,nonfinite_divergence_before,nonfinite_divergence_after,nonfinite_velocity,density_min,density_max,density_sum,density_integral,density_centre_x,density_centre_y,density_centre_z,nonfinite_density_cells
1,0.016666666666666666,1,0.093855999999999995,0.12246399999999999,0.001408,0.003712,0.001408,0.002464,0.0020479999999999999,0.075327999999999992,0.002496,0.0049919999999999999,0.80259120354585745,1.8831999999999998,40,0.00015625002644810369,0.020000003278255463,1.484763771158628e-06,1.8566337530501187e-05,0.0095024865269496255,7.21760845534547e-12,3.7993705940182962e-06,0.00049479445442557335,0,0,0,0,0.49916735291481018,0.49916735291481018,1.5233378690027166e-05,0.015625,-0.234375,0.015625,0
2,0.033333333333333333,1,0.100672,0.12246399999999999,0.0020479999999999999,0.0041599999999999996,0.001536,0.0023999999999999998,0.001536,0.081759999999999999,0.0023040000000000001,0.0049280000000000001,0.81214240305149399,2.044,40,0.00031093611757512996,0.039799369871616364,3.5451352555179656e-06,4.1396939195692539e-05,0.011401490708654559,6.4488185624878014e-11,1.1356776446234909e-05,0.0014785805251449347,0,0,0,0,0.99750345945358276,0.99750345945358276,3.0441389753832482e-05,0.015625,-0.234375,0.015625,0
3,0.050000000000000003,1,0.094528000000000001,0.12246399999999999,0.0020479999999999999,0.0038399999999999997,0.0015039999999999999,0.0024319999999999997,0.0019840000000000001,0.075296000000000002,0.002496,0.0049280000000000001,0.79654705484089372,1.8824000000000001,40,0.00046401407057756078,0.059392087161540985,5.937385278011331e-06,6.5986299887299538e-05,0.012795700937734574,2.5611079923493207e-10,2.2632313148899829e-05,0.002946050837635994,0,0,0,0,1.4950097799301147,1.4950097799301147,4.5624077756656334e-05,0.015625,-0.234375,0.015625,0
4,0.066666666666666666,1,0.096607999999999999,0.12259199999999999,0.0020799999999999998,0.0044799999999999996,0.001472,0.0023999999999999998,0.003424,0.075359999999999996,0.002496,0.0048960000000000002,0.78005962239152038,1.8839999999999999,40,0.00061548768646037331,0.078778892755508423,8.5506234485267599e-06,9.1514084488153458e-05,0.01389243625278809,7.0637695692710167e-10,3.758661881380398e-05,0.0048920311965048313,0,0,0,0,1.991687536239624,1.991687536239624,6.0781479987781495e-05,0.015625,-0.234375,0.015625,0
5,0.083333333333333329,1,0.094687999999999994,0.122336,0.002016,0.0037759999999999998,0.0014399999999999999,0.0024319999999999997,0.0021440000000000001,0.075359999999999996,0.002496,0.0050239999999999998,0.79587698546806351,1.8839999999999999,40,0.00076344514270469037,0.097960598766803741,1.130222502729006e-05,0.00011736806482076645,0.014804239879304458,1.5755038385023568e-09,5.6133837184043579e-05,0.0073053129017353058,0,0,0,0,2.4875380992889404,2.4956631399691105,7.6161594847690139e-05,0.015625,-0.23427326049950858,0.015625,0
6,0.10000000000000001,1,0.094528000000000001,0.12175999999999999,0.002016,0.003712,0.0015039999999999999,0.0023999999999999998,0.002176,0.075135999999999994,0.002624,0.00496,0.79485443466486116,1.8783999999999998,40,0.00091090216809139671,0.1169382631778717,1.4262479096362182e-05,0.00014483416453003883,0.015657531177301068,3.0777116410973804e-09,7.8456505671580613e-05,0.010205048136413097,0,0,0,0,2.9825630187988281,2.9996849168092012,9.1543118799108925e-05,0.015625,-0.23419662816173598,0.015625,0
7,0.11666666666666667,1,0.094591999999999996,0.12268799999999999,0.0019199999999999998,0.0036799999999999997,0.0014399999999999999,0.0024319999999999997,0.0023999999999999998,0.075296000000000002,0.002496,0.0049280000000000001,0.79600811907983771,1.8824000000000001,40,0.001056768022582107,0.13571052253246307,1.739842664596613e-05,0.00017340853810310364,0.016463808777497653,5.4730087128973537e-09,0.00010462321647605138,0.013597346842288971,0,0,0,0,3.4767634868621826,3.5016772206872702,0.00010686270815085663,0.015625,-0.23415266249343758,0.015625,0
8,0.13333333333333333,1,0.094495999999999997,0.122624,0.0022079999999999999,0.0038079999999999998,0.001472,0.002464,0.0018239999999999999,0.075263999999999998,0.002496,0.00496,0.79647815780562137,1.8815999999999999,40,0.0012059328158605827,0.1556437611579895,2.0631934376062918e-05,0.00020229816436767578,0.017108693042190308,9.0461025337162937e-09,0.00013450726771231579,0.017461374402046204,0,0,0,0,3.9701409339904785,3.9993798527866602,0.0001220513871089679,0.015625,-0.23414653552650319,0.015625,0
9,0.14999999999999999,1,0.094432000000000002,0.12239999999999999,0.0020799999999999998,0.0036799999999999997,0.0014399999999999999,0.0024319999999999997,0.0021440000000000001,0.075296000000000002,0.002496,0.0048639999999999994,0.79735682819383258,1.8824000000000001,40,0.001350338469267296,0.17438285052776337,2.3975986883157483e-05,0.00023187790066003799,0.017755538651110962,1.4146117166546901e-08,0.00016820295577989644,0.021809983998537064,0,0,0,0,4.4626970291137695,4.5056031942367554,0.00013750009748036973,0.015625,-0.23407741106411492,0.015625,0
10,0.16666666666666666,1,0.094687999999999994,0.12236799999999999,0.0020479999999999999,0.0036479999999999998,0.001472,0.0023999999999999998,0.0022399999999999998,0.075359999999999996,0.002464,0.0050559999999999997,0.79587698546806351,1.8839999999999999,40,0.0015040871843275438,0.19506597518920898,2.7501072986612962e-05,0.0002629552036523819,0.01828422798436934,2.1166554731166798e-08,0.00020575011412471585,0.026628680527210236,0,0,0,0,4.954432487487793,5.0051026791334152,0.00015274361203410081,0.015625,-0.23405863416488393,0.015625,0
11,0.18333333333333332,1,0.094528000000000001,0.12239999999999999,0.001952,0.003712,0.001472,0.0023999999999999998,0.0021119999999999997,0.075359999999999996,0.002464,0.0050559999999999997,0.79722410291130663,1.8839999999999999,40,0.0016391637798160044,0.21372494101524353,3.1059600211779524e-05,0.00029351562261581421,0.018948442244902431,3.051636809914271e-08,0.00024704804431180063,0.03191005066037178,0,0,0,0,5.4453492164611816,5.5127513036131859,0.00016823581859171099,0.015625,-0.23399291941854522,0.015625,0
12,0.20000000000000001,1,0.094528000000000001,0.12249599999999999,0.001952,0.0036799999999999997,0.0014399999999999999,0.0023999999999999998,0.002336,0.075167999999999999,0.002624,0.0049280000000000001,0.79519295870006768,1.8791999999999998,40,0.0017840197474445426,0.2322843074798584,3.4877922539948424e-05,0.00032714568078517914,0.019550188606324619,4.2802202671055056e-08,0.00029258230524437069,0.037707235664129257,0,0,0,0,5.9354486465454102,6.0091192871332169,0.00018338376730753225,0.015625,-0.23399188104223551,0.015625,0
13,0.21666666666666667,1,0.094559999999999991,0.122432,0.0020479999999999999,0.0036799999999999997,0.0015039999999999999,0.0024319999999999997,0.0021119999999999997,0.075327999999999992,0.002496,0.00496,0.79661590524534687,1.8831999999999998,40,0.0019315437888532644,0.25435137748718262,3.8675749302463391e-05,0.00035914033651351929,0.020023231948277365,5.8431464111663445e-08,0.00034185220230872714,0.043948989361524582,0,0,0,0,6.4247317314147949,6.5120385363698006,0.00019873164478667604,0.015625,-0.23395603170925569,0.015625,0
14,0.23333333333333334,1,0.094591999999999996,0.12278399999999999,0.0020479999999999999,0.0038079999999999998,0.001472,0.0024319999999999997,0.0020799999999999998,0.075392000000000001,0.0024319999999999997,0.0049280000000000001,0.79702300405953996,1.8847999999999998,40,0.0020577370415948487,0.26841652393341064,4.267379728922336e-05,0.0003936421126127243,0.020738216995962244,7.8089762212130154e-08,0.00039519555213116998,0.050648685544729233,0,0,0,0,6.9131999015808105,7.022684633731842,0.0002143153269571485,0.015625,-0.23388780769988077,0.015625,0
15,0.25,1,0.094687999999999994,0.12246399999999999,0.0021440000000000001,0.003712,0.0014399999999999999,0.0024319999999999997,0.0021119999999999997,0.075392000000000001,0.0025279999999999999,0.0049280000000000001,0.79621493747887806,1.8847999999999998,40,0.0021901021147756614,0.28556060791015625,4.6947134100311967e-05,0.00043077766895294189,0.021436048019670032,1.0243812909038752e-07,0.0004526325863001636,0.057814538478851318,0,0,0,0,7.4008545875549316,7.5154385566711426,0.00022935298329684883,0.015625,-0.23389854756041439,0.015625,0
16,0.26666666666666666,1,0.09391999999999999,0.12239999999999999,0.002016,0.0036479999999999998,0.001408,0.0024319999999999997,0.0016639999999999999,0.075359999999999996,0.002496,0.0048960000000000002,0.80238500851788763,1.8839999999999999,40,0.0023502866737453733,0.30828064680099487,5.1449983098256429e-05,0.00047001242637634277,0.021890939379010599,1.3224500605701905e-07,0.00051428592447590681,0.065453141927719116,0,0,0,0,7.8876972198486328,8.0128411203622818,0.00024453250489386846,0.015625,-0.23388694004319971,0.015625,0
17,0.28333333333333333,1,0.094528000000000001,0.12236799999999999,0.0020479999999999999,0.0037759999999999998,0.001472,0.002464,0.0020479999999999999,0.075263999999999998,0.002464,0.0049919999999999999,0.79620853080568721,1.8815999999999999,40,0.002535239989365951,0.33090019226074219,5.5983851001337218e-05,0.00050762295722961426,0.022082268832994568,1.6807334191071277e-07,0.0005797815828580842,0.073470935225486755,0,0,0,0,8.3737297058105469,8.5171710103750229,0.00025992343171310495,0.015625,-0.23384870544020078,0.015625,0
18,0.29999999999999999,1,0.096703999999999998,0.12236799999999999,0.0022079999999999999,0.0043839999999999999,0.0014399999999999999,0.0024319999999999997,0.003392,0.075392000000000001,0.002496,0.00496,0.77961614824619463,1.8847999999999998,40,0.0026749744334709702,0.34568190574645996,6.0397465152161341e-05,0.00054347515106201172,0.022578707443491833,2.1058239951798896e-07,0.00064897210959792247,0.081859484314918518,0,0,0,0,8.858952522277832,9.0298927873373032,0.00027557045859794016,0.015625,-0.23378342229150278,0.015625,0
19,0.31666666666666665,1,0.094016000000000002,0.12259199999999999,0.0019199999999999998,0.0036799999999999997,0.001472,0.0024319999999999997,0.001632,0.075455999999999995,0.0024319999999999997,0.0049919999999999999,0.80258679373723618,1.8863999999999996,40,0.0028296966567030722,0.36200356483459473,6.5130093123360051e-05,0.0005827583372592926,0.023016634298619214,2.609797320474172e-07,0.00072246762148544369,0.090637266635894775,0,0,0,0,9.3433675765991211,9.5513099133968353,0.00029148284647817491,0.015625,-0.23369465373505324,0.015625,0
20,0.33333333333333331,1,0.093983999999999998,0.12259199999999999,0.0020479999999999999,0.003712,0.0014399999999999999,0.0024319999999999997,0.001536,0.075392000000000001,0.002464,0.00496,0.80217909431392576,1.8847999999999998,40,0.0029407326542776795,0.36721980571746826,7.1885499751424238e-05,0.00064898282289505005,0.0244447585695549,3.2043467967923789e-07,0.00080054316520627154,0.099791906774044037,0,0,0,0,9.8269758224487305,10.080570101737976,0.00030763458562432788,0.015625,-0.23358885188061709,0.015625,0
21,0.34999999999999998,1,0.094559999999999991,0.12259199999999999,0.002016,0.0037439999999999999,0.001472,0.0024319999999999997,0.002176,0.075296000000000002,0.002464,0.00496,0.7962774957698816,1.8824000000000001,40,0.0031298754190976544,0.37828934192657471,7.820815930854393e-05,0.00070402026176452637,0.024987626929602012,3.9007619534459081e-07,0.00088326235665807796,0.10928934812545776,0,0,0,0,10.309778213500977,10.650799244642258,0.00032503659804206109,0.015625,-0.23337442652392723,0.015625,0
22,0.36666666666666664,1,0.09465599999999999,0.12249599999999999,0.002016,0.0040959999999999998,0.0015039999999999999,0.0023999999999999998,0.001856,0.075359999999999996,0.002496,0.0049280000000000001,0.79614604462474647,1.8839999999999999,40,0.0034352078289736944,0.41551327705383301,8.4850038143714535e-05,0.00075981020927429199,0.02470011782927975,4.7134616920629924e-07,0.00097092344621633195,0.11911740154027939,0,0,0,0,10.791776657104492,11.227337449789047,0.00034263114775967551,0.015625,-0.2331626667257696,0.015625,0
23,0.3833333333333333,1,0.094463999999999992,0.12239999999999999,0.0020799999999999998,0.0039359999999999994,0.0015039999999999999,0.002464,0.0018239999999999999,0.075263999999999998,0.002496,0.0048960000000000002,0.7967479674796748,1.8815999999999999,40,0.0035951890073629179,0.40347158908843994,9.2639866000645426e-05,0.00082912296056747437,0.025767731769016797,5.6828321248758584e-07,0.0010660986938249065,0.12946690618991852,0,0,0,0,11.272972106933594,11.840653896331787,0.00036134808033239096,0.015625,-0.23287676721032363,0.015625,0
24,0.40000000000000002,1,0.094432000000000002,0.12259199999999999,0.0021440000000000001,0.0040000000000000001,0.0015039999999999999,0.002464,0.0016639999999999999,0.075263999999999998,0.002464,0.0049280000000000001,0.79701796001355474,1.8815999999999999,40,0.003901864384814463,0.40716409683227539,9.9181367726224889e-05,0.0008760988712310791,0.025418968458315868,6.8326613700264716e-07,0.0011689877133679782,0.14034005999565125,0,0,0,0,11.753366470336914,12.44906747341156,0.00037991538920323364,0.015625,-0.23262863173647216,0.015625,0
25,0.41666666666666669,1,0.094112000000000001,0.122624,0.0020799999999999998,0.0039039999999999999,0.001472,0.002464,0.0015679999999999999,0.075231999999999993,0.002496,0.0048960000000000002,0.7993879632777966,1.8808,40,0.0042515299465976462,0.42754930257797241,0.00010750535042529654,0.00094737112522125244,0.025286273829807877,8.1879613844648702e-07,0.0012796844442646688,0.15166795253753662,0,0,0,0,12.23296070098877,13.087750554084778,0.00039940645001479425,0.015625,-0.23233399357961762,0.015625,0
26,0.43333333333333335,1,0.094495999999999997,0.12239999999999999,0.0020479999999999999,0.0036799999999999997,0.0014399999999999999,0.002464,0.0020799999999999998,0.075359999999999996,0.002464,0.00496,0.79749407382323056,1.8839999999999999,40,0.0045974926658517252,0.5048295259475708,0.0001172056685313141,0.0010316818952560425,0.025493388907799539,9.7998292858392233e-07,0.0013999878060782689,0.1634783148765564,0,0,0,0,12.711756706237793,13.80096971988678,0.00042117217162740417,0.015625,-0.23190865833217625,0.015625,0
27,0.45000000000000001,1,0.094399999999999998,0.12268799999999999,0.0020479999999999999,0.0037439999999999999,0.001472,0.0024319999999999997,0.0020479999999999999,0.075327999999999992,0.0024319999999999997,0.0048960000000000002,0.79796610169491522,1.8831999999999998,40,0.0051700168574953468,0.62771439552307129,0.00012843778916963209,0.0011303722858428955,0.024842818255694184,1.1727150877050008e-06,0.00153147973392076,0.17583715915679932,0,0,0,0,13.189755439758301,14.547208428382874,0.00044394556971383281,0.015625,-0.2314589487106164,0.015625,0
28,0.46666666666666667,1,0.094591999999999996,0.12239999999999999,0.0020479999999999999,0.003712,0.0014399999999999999,0.0024319999999999997,0.0022079999999999999,0.075296000000000002,0.002464,0.0049919999999999999,0.79600811907983771,1.8824000000000001,40,0.0057247349460487883,0.73319542407989502,0.00014129742120715937,0.0012429282069206238,0.024681914977510502,1.4044459248907515e-06,0.0016759748953315212,0.18877893686294556,0,0,0,0,13.666957855224609,15.367141723632812,0.00046896794810891151,0.015625,-0.23091757461515777,0.015625,0
29,0.48333333333333334,1,0.094687999999999994,0.12255999999999999,0.001952,0.0036799999999999997,0.0014399999999999999,0.0024319999999999997,0.002336,0.075392000000000001,0.002464,0.0049919999999999999,0.79621493747887806,1.8847999999999998,40,0.0064280054290771953,0.87836956977844238,0.00015669464826937557,0.001378178596496582,0.024376869310122947,1.6846774997247849e-06,0.0018355802895677349,0.20375081896781921,0,0,0,0,14.143365859985352,16.218852043151855,0.00049496008432470262,0.015625,-0.23037601517349135,0.015625,0
30,0.5,1,0.094687999999999994,0.122656,0.0019840000000000001,0.0037439999999999999,0.001472,0.0024319999999999997,0.002176,0.075616000000000003,0.0022719999999999997,0.0049919999999999999,0.79858060155457933,1.8904000000000001,40,0.0068544776084889973,0.97586023807525635,0.00016889606893262434,0.0014621615409851074,0.024640253944874412,1.9966996660514269e-06,0.0019983491517006867,0.225096195936203,0,0,0,0,14.618980407714844,17.330370426177979,0.000528880933416076,0.015625,-0.22948584091145655,0.015625,0
31,0.51666666666666661,1,0.094175999999999996,0.12255999999999999,0.0019199999999999998,0.0036799999999999997,0.001472,0.0023999999999999998,0.001952,0.075263999999999998,0.0025279999999999999,0.00496,0.79918450560652399,1.8815999999999999,40,0.0070570816856535372,1.0385286808013916,0.00017916424530759145,0.0015302300453186035,0.025387866158870957,2.3339798644883558e-06,0.0021605461645094999,0.24603375792503357,0,0,0,0,15.093802452087402,18.841816663742065,0.00057500661205267534,0.015625,-0.22815874993216037,0.015625,0
32,0.53333333333333333,1,0.094687999999999994,0.12217599999999999,0.0021440000000000001,0.0039680000000000002,0.0015039999999999999,0.0024319999999999997,0.0017599999999999998,0.075327999999999992,0.002496,0.0050559999999999997,0.79553903345724908,1.8831999999999998,40,0.0072156239074647197,1.0822839736938477,0.00018921037985158268,0.0016053915023803711,0.026222317332232414,2.6964785320160445e-06,0.0023222741147487496,0.26666226983070374,0,0,0,0,15.56783390045166,20.906689235940576,0.00063802152209291307,0.015625,-0.22637020110042844,0.015625,0
33,0.55000000000000004,1,0.094528000000000001,0.12236799999999999,0.0019840000000000001,0.0037439999999999999,0.0014399999999999999,0.0024319999999999997,0.0022079999999999999,0.075296000000000002,0.002496,0.0049280000000000001,0.79654705484089372,1.8824000000000001,40,0.007402420289674326,1.1104516983032227,0.00020056504191895004,0.0016985535621643066,0.027094522341391404,3.0776759558648337e-06,0.0024809981684252949,0.28650176525115967,0,0,0,0,16.04107666015625,23.781614035367966,0.00072575726426293841,0.015625,-0.22400988689372053,0.015625,0
34,0.56666666666666665,1,0.094591999999999996,0.122656,0.0020479999999999999,0.0037759999999999998,0.001472,0.0024319999999999997,0.0021119999999999997,0.075327999999999992,0.0024319999999999997,0.0049919999999999999,0.79634641407307172,1.8831999999999998,40,0.0076448876902731489,1.1394424438476562,0.00021113659687309539,0.0017794370651245117,0.027618011595086173,3.4791523830790538e-06,0.0026378598837235663,0.30551391839981079,0,0,0,0,16.513530731201172,27.755111787468195,0.00084701879234216904,0.015625,-0.22115226153883383,0.015625,0
35,0.58333333333333337,1,0.09465599999999999,0.12259199999999999,0.0020479999999999999,0.0038079999999999998,0.0014399999999999999,0.002464,0.0020799999999999998,0.075359999999999996,0.002464,0.0049919999999999999,0.79614604462474647,1.8839999999999999,40,0.007689419653580826,1.1056578159332275,0.00022343978328317275,0.0018798112869262695,0.029058081539238247,3.910652594640851e-06,0.0027966596484523642,0.32394352555274963,0,0,0,0,16.985198974609375,33.251661460846663,0.0010147601764174397,0.015625,-0.21793484776113578,0.015625,0
36,0.59999999999999998,1,0.094751999999999989,0.122304,0.002016,0.0041919999999999995,0.001536,0.0023999999999999998,0.0016639999999999999,0.075392000000000001,0.002496,0.0050559999999999997,0.7956771361026681,1.8847999999999998,40,0.0077498971299921676,0.99672770500183105,0.00024084030994112125,0.0020413994789123535,0.031076581521200741,4.3930599531449843e-06,0.0029641389822830455,0.34206831455230713,0,0,0,0,17.456081390380859,37.425265840895008,0.0011421284741484072,0.015625,-0.21560160398497463,0.015625,0
37,0.6166666666666667,1,0.094112000000000001,0.122432,0.0019840000000000001,0.003712,0.0014399999999999999,0.002464,0.0018239999999999999,0.075296000000000002,0.0024319999999999997,0.00496,0.80006800408024481,1.8824000000000001,40,0.0088703035841685447,0.98232865333557129,0.00026492421420791127,0.0022837743163108826,0.029866420206940851,4.9916084208234679e-06,0.003159622895480873,0.36190631985664368,0,0,0,0,17.926179885864258,40.146890470408835,0.0012251858664065196,0.015624965533257797,-0.21372280619874792,0.015624965533257797,0
38,0.6333333333333333,1,0.09465599999999999,0.122528,0.002016,0.0038399999999999997,0.0014399999999999999,0.0024319999999999997,0.002016,0.075423999999999991,0.002464,0.0050239999999999998,0.79682217714672077,1.8855999999999997,40,0.0099261113041656281,1.309746265411377,0.00029669000917124347,0.002598196268081665,0.029889853143872512,5.738724212278612e-06,0.0033878383114542558,0.38340091705322266,0,0,0,0,18.39549446105957,43.360859163105488,0.0013232684070771938,0.015624937065556089,-0.21159124472924545,0.015624937076295297,0
39,0.65000000000000002,1,0.094335999999999989,0.122624,0.0021119999999999997,0.003872,0.0015039999999999999,0.002496,0.001696,0.075263999999999998,0.002464,0.0049280000000000001,0.79782903663500682,1.8815999999999999,40,0.010095009461496648,1.4715437889099121,0.00032246557927188667,0.0027839392423629761,0.031943068553011454,6.5336730585840996e-06,0.0036148784373984414,0.40248453617095947,0,0,0,0,18.86402702331543,47.745602518320084,0.0014570801549780299,0.015624921498368355,-0.20872541682461454,0.015624921512997806,0
40,0.66666666666666663,1,0.094399999999999998,0.122336,0.002176,0.0037759999999999998,0.0015039999999999999,0.0024319999999999997,0.001632,0.075359999999999996,0.002464,0.0050559999999999997,0.79830508474576267,1.8839999999999999,40,0.01031858546315122,1.5779380798339844,0.00034600327386205603,0.0029359161853790283,0.03353204517205105,7.3787018664006609e-06,0.0038415366369203511,0.41927099227905273,0,0,0,0,19.331779479980469,53.764189399778843,0.0016407528503350477,0.015624922822396055,-0.20509724194505952,0.015624922822396055,0
41,0.68333333333333335,1,0.095967999999999998,0.122304,0.002176,0.0037439999999999999,0.0015039999999999999,0.0024319999999999997,0.0033279999999999998,0.075359999999999996,0.0024319999999999997,0.0049919999999999999,0.78526175391797259,1.8839999999999999,40,0.010771882401303497,1.678168773651123,0.00036890502584039649,0.0031120479106903076,0.034247034278405745,8.2900587585754693e-06,0.0040718690446956834,0.43410846590995789,0,0,0,0,19.79875373840332,61.399042531847954,0.0018737500772658677,0.015624914693162245,-0.20112614002850576,0.015624883271911459,0
42,0.69999999999999996,1,0.094495999999999997,0.12236799999999999,0.0020479999999999999,0.0037759999999999998,0.0015039999999999999,0.0024319999999999997,0.002016,0.075167999999999999,0.0026559999999999999,0.0048960000000000002,0.79546224178801217,1.8791999999999998,40,0.011345399642040174,1.6494407653808594,0.00040436550124258488,0.0034811273217201233,0.035641362490591855,9.3123162514530122e-06,0.0043156265481278638,0.44697394967079163,0,0,0,0,20.264949798583984,65.095692097442225,0.0019865628691846382,0.015624878770388609,-0.19917349199384443,0.015624779608395171,0
43,0.71666666666666667,1,0.094463999999999992,0.12259199999999999,0.0021119999999999997,0.003872,0.0015039999999999999,0.0024319999999999997,0.0018239999999999999,0.075296000000000002,0.0024319999999999997,0.0049919999999999999,0.79708672086720878,1.8824000000000001,40,0.01323761952292103,1.6302590370178223,0.00045324466141279378,0.0040127113461494446,0.03423913647223336,1.0581608876236714e-05,0.0046003497424080084,0.46806216239929199,0,0,0,0,20.730369567871094,68.770601695403457,0.0020987122099427324,0.015624864085835407,-0.19723911235303798,0.015624662276215237,0
44,0.73333333333333328,1,0.094591999999999996,0.12255999999999999,0.001952,0.0036799999999999997,0.0014399999999999999,0.0024319999999999997,0.002336,0.075423999999999991,0.0024319999999999997,0.0048960000000000002,0.79736129905277398,1.8855999999999997,40,0.01366715850112182,1.4995760917663574,0.00050091261182784615,0.0044388025999069214,0.036650823343179234,1.1982697287749033e-05,0.0048954463101435466,0.50150835514068604,0,0,0,0,21.195014953613281,73.261767648160458,0.0022357717177783343,0.015624877058152927,-0.19462601882183411,0.015624514917670982,0
45,0.75,1,0.094624,0.12255999999999999,0.001952,0.0036479999999999998,0.0014399999999999999,0.0024319999999999997,0.0023679999999999999,0.075327999999999992,0.002496,0.00496,0.79607710517416297,1.8831999999999998,40,0.013713310878898013,1.7451486587524414,0.00054083479769555113,0.0047224611043930054,0.039438674035151167,1.34897427415126e-05,0.0051941780372860924,0.53122478723526001,0,0,0,0,21.658885955810547,80.147127881646156,0.0024458962366225023,0.015624999674635476,-0.19081752048946601,0.015624996252497896,0
46,0.76666666666666661,1,0.096192,0.12246399999999999,0.0022399999999999998,0.0038079999999999998,0.001472,0.0024319999999999997,0.0034559999999999999,0.075296000000000002,0.0025279999999999999,0.00496,0.78276779773785765,1.8824000000000001,40,0.014083203603068492,1.9935746192932129,0.00057173784412516777,0.0048868954181671143,0.040597143962372011,1.5082614481798373e-05,0.0054922881355220924,0.55690324306488037,0,0,0,0,22.121984481811523,89.664766799323843,0.0027363515258582716,0.015625002212370762,-0.18606004883303837,0.015625003126401873,0
47,0.78333333333333333,1,0.094495999999999997,0.12239999999999999,0.0021119999999999997,0.0037759999999999998,0.001472,0.0024319999999999997,0.002016,0.075200000000000003,0.0025279999999999999,0.00496,0.79580088046054864,1.8800000000000001,40,0.014651213819937678,2.1450014114379883,0.00061205536735923767,0.0051864907145500183,0.041775062113033931,1.6819762095110491e-05,0.005799958981770559,0.57885473966598511,0,0,0,0,22.584312438964844,94.866558491718024,0.002895097610220887,0.01562500457358116,-0.18372066055646072,0.015625009979015368,0
48,0.80000000000000004,1,0.09465599999999999,0.12236799999999999,0.001952,0.0037439999999999999,0.001472,0.0023999999999999998,0.0022719999999999997,0.075392000000000001,0.002496,0.0049280000000000001,0.79648411088573368,1.8847999999999998,40,0.016596624221944759,2.2513949871063232,0.00068104871197663462,0.005964428186416626,0.041035375801069425,1.8926990378531627e-05,0.006152558878796956,0.59915077686309814,0,0,0,0,23.045869827270508,99.935529205948114,0.0030497903200057408,0.015625006253205967,-0.18145159788311963,0.015625015441970622,0
49,0.81666666666666665,1,0.094463999999999992,0.122624,0.0020479999999999999,0.0038399999999999997,0.0015039999999999999,0.0024319999999999997,0.001952,0.075263999999999998,0.0025279999999999999,0.0048960000000000002,0.7967479674796748,1.8815999999999999,40,0.017655918219232035,2.1275877952575684,0.00074462057621001794,0.006535649299621582,0.042173993273197555,2.1267320335027762e-05,0.0065218586821592147,0.61678099632263184,0,0,0,0,23.506658554077148,106.05728375911713,0.0032366114428441506,0.01562500702944385,-0.17845206580359399,0.015625018989596905,0
50,0.83333333333333337,1,0.094624,0.122624,0.0021119999999999997,0.003712,0.0015039999999999999,0.0024319999999999997,0.0020799999999999998,0.075359999999999996,0.002496,0.0049280000000000001,0.79641528576259724,1.8839999999999999,40,0.018200185706264055,1.9815363883972168,0.00080912584974268708,0.0070841014385223389,0.044457010648204863,2.378477256570477e-05,0.006897067864782073,0.63336038589477539,0,0,0,0,23.966680526733398,113.93344657123089,0.003476972856788052,0.01562500672742291,-0.17442656399359355,0.015625019826688059,0
51,0.84999999999999998,1,0.094335999999999989,0.12249599999999999,0.0020799999999999998,0.0037759999999999998,0.001472,0.002464,0.001856,0.075231999999999993,0.002496,0.00496,0.7974898236092266,1.8808,40,0.01797955084078345,2.3239166736602783,0.0008607265354151646,0.0074224472045898438,0.047872527130252765,2.6469795557204634e-05,0.0072759598070913827,0.67033028602600098,0,0,0,0,24.425935745239258,123.88919707061723,0.0037807982504460824,0.015625000148938157,-0.16981121083990838,0.015625000584006711,0
52,0.8666666666666667,1,0.094463999999999992,0.122528,0.0021119999999999997,0.0039680000000000002,0.0015039999999999999,0.002464,0.0016639999999999999,0.07551999999999999,0.0022719999999999997,0.00496,0.79945799457994571,1.8879999999999999,40,0.018831110767996536,2.6495246887207031,0.0009127836229265308,0.0077618956565856934,0.048472107363831458,2.9396807804005221e-05,0.0076676994990681818,0.70178735256195068,0,0,0,0,24.884426116943359,130.49439410865307,0.0039823728670853598,0.015624999876888854,-0.16710854454187249,0.015624999805520073,0
53,0.8833333333333333,1,0.096575999999999995,0.12246399999999999,0.002176,0.0045760000000000002,0.001472,0.002464,0.0031359999999999999,0.075200000000000003,0.002496,0.0050559999999999997,0.77866136514247852,1.8800000000000001,40,0.021260510144888931,2.8512334823608398,0.0010001515886461643,0.0086679160594940186,0.047042690030963473,3.2830565032782033e-05,0.0081031555622216745,0.72939705848693848,0,0,0,0,25.342153549194336,137.63940472900867,0.0042004212868960167,0.015624999604165895,-0.16414524689439974,0.01562499901887273,0
54,0.90000000000000002,1,0.096287999999999999,0.12259199999999999,0.0021440000000000001,0.0039359999999999994,0.0015039999999999999,0.002464,0.003424,0.075583999999999998,0.002336,0.0048960000000000002,0.78497839813891657,1.8896000000000002,40,0.022331927216851191,2.7406120300292969,0.00107860275330563,0.0093734860420227051,0.048298686576935444,3.6554287362378091e-05,0.0085503552396819262,0.75243842601776123,0,0,0,0,25.799118041992188,146.52439963817596,0.0044715698131767567,0.015624999383459069,-0.16021437966862945,0.015624998379196522,0
55,0.91666666666666663,1,0.094367999999999994,0.122752,0.0020479999999999999,0.0039039999999999999,0.0015039999999999999,0.002496,0.0018239999999999999,0.075231999999999993,0.0023999999999999998,0.00496,0.79721939640556116,1.8808,40,0.022628713441765199,2.4814841747283936,0.0011613447546962423,0.010086685419082642,0.051321731466747018,4.0548609831603244e-05,0.0090053994727167155,0.770987868309021,0,0,0,0,26.255321502685547,157.39858576701954,0.0048034236379095319,0.015624999207126134,-0.15531058142701759,0.015624997988230492,0
56,0.93333333333333335,1,0.094624,0.12246399999999999,0.0020799999999999998,0.0038079999999999998,0.001472,0.0024319999999999997,0.002016,0.075327999999999992,0.002496,0.0049919999999999999,0.79607710517416297,1.8831999999999998,40,0.022883095493614756,2.9783296585083008,0.0012400394857921841,0.010694503784179688,0.054190198443134663,4.4863289076602086e-05,0.0094724114222939117,0.79376113414764404,0,0,0,0,26.710765838623047,164.30042326264083,0.005014051002888209,0.015624999919225122,-0.15239099379657423,0.015624999875294926,0
57,0.94999999999999996,1,0.094463999999999992,0.12281599999999999,0.001952,0.003712,0.001472,0.0023999999999999998,0.0021119999999999997,0.075359999999999996,0.002496,0.00496,0.7977642276422765,1.8839999999999999,40,0.024900047112193766,3.3253507614135742,0.0013504728740911418,0.011661827564239502,0.054235755780148852,4.983607868780382e-05,0.0099835944116138664,0.83178305625915527,0,0,0,0,27.165451049804688,172.87366043031216,0.0052756854379367724,0.015624999935352379,-0.14908763150386459,0.015624999981144444,0
58,0.96666666666666667,1,0.094624,0.12259199999999999,0.0021440000000000001,0.0038079999999999998,0.0015039999999999999,0.002464,0.0019199999999999998,0.075296000000000002,0.002496,0.0049919999999999999,0.79573892458572881,1.8824000000000001,40,0.026309825171726555,3.3609156608581543,0.0014360227911513924,0.012345463037490845,0.054581236544839984,5.5191561841638759e-05,0.010506337310560589,0.86366647481918335,0,0,0,0,27.619379043579102,183.47326046228409,0.0055991595600062283,0.015624999979695731,-0.14478264482918976,0.015625000081217075,0
59,0.98333333333333328,1,0.094559999999999991,0.12239999999999999,0.002016,0.0037759999999999998,0.001472,0.0024319999999999997,0.002176,0.075231999999999993,0.002464,0.0049919999999999999,0.79560067681895097,1.8808,40,0.027600493337569493,3.0051746368408203,0.0015293576401952602,0.013200342655181885,0.055410518264668661,6.092571493354626e-05,0.011038633514484142,0.88894093036651611,0,0,0,0,28.072551727294922,196.84009277098812,0.0060070829092708777,0.015625000066239129,-0.13924438500754827,0.015625000151403719,0
60,1,1,0.094559999999999991,0.122528,0.0020479999999999999,0.0038079999999999998,0.0015039999999999999,0.0023999999999999998,0.0019199999999999998,0.075455999999999995,0.0024319999999999997,0.0049919999999999999,0.79796954314720814,1.8863999999999996,40,0.027928100804294642,3.3419790267944336,0.0016319989111423076,0.014105856418609619,0.058435728321753519,6.712871982017532e-05,0.011586951265986694,0.90832769870758057,0,0,0,0,28.524969100952148,205.78662837296724,0.0062801095084523695,0.015625000100696181,-0.13579688664303366,0.01562500023533489,0
61,1.0166666666666666,1,0.096096000000000001,0.122304,0.0021440000000000001,0.003872,0.0015039999999999999,0.002464,0.0033599999999999997,0.075327999999999992,0.0024319999999999997,0.0049919999999999999,0.78388278388278376,1.8831999999999998,40,0.029866915413707049,3.9266204833984375,0.0017847259366890766,0.015525579452514648,0.059755951090617106,7.4256029620300978e-05,0.012186552393544367,0.9361150860786438,0,0,0,0,28.976633071899414,214.1803852468729,0.0065362666396140412,0.015625000034786476,-0.13251004276986131,0.015625000034786476,0
62,1.0333333333333332,1,0.094719999999999999,0.12249599999999999,0.0020479999999999999,0.003712,0.0014399999999999999,0.0023999999999999998,0.0022719999999999997,0.075359999999999996,0.002464,0.0050239999999999998,0.79560810810810811,1.8839999999999999,40,0.031917083041664025,4.0238780975341797,0.0019099651509665258,0.016427487134933472,0.059841469487461912,8.1991362094413489e-05,0.012805573949996422,0.97372686862945557,0,0,0,0,29.427545547485352,227.26089534163475,0.0069354521283457871,0.015625000020490162,-0.12747446296505974,0.015625000032784261,0
63,1.05,1,0.094624,0.122432,0.002016,0.0036799999999999997,0.001408,0.0024319999999999997,0.0023040000000000001,0.075296000000000002,0.002464,0.0050239999999999998,0.79573892458572881,1.8824000000000001,40,0.033265182059453648,3.5847053527832031,0.0020228651847204694,0.017475038766860962,0.060810284492207982,9.0146786533296108e-05,0.013427344229839057,1.0034658908843994,0,0,0,0,29.877706527709961,242.35577290551737,0.0073961112336888846,0.015624999857996865,-0.12169813077592567,0.015624999888739192,0
64,1.0666666666666667,1,0.094559999999999991,0.12227199999999999,0.0021119999999999997,0.0039039999999999999,0.001472,0.002464,0.001856,0.075296000000000002,0.002496,0.00496,0.7962774957698816,1.8824000000000001,40,0.03342614760214261,3.9398670196533203,0.0021587150722247005,0.018709182739257812,0.064581629265776569,9.9040255008731037e-05,0.014074107787617021,1.0260121822357178,0,0,0,0,30.327117919921875,251.72393259033561,0.0076820047787578005,0.015624999672107207,-0.1183804116033557,0.015624999809923924,0
65,1.0833333333333333,1,0.094719999999999999,0.122304,0.002016,0.0037439999999999999,0.001472,0.0024319999999999997,0.0022079999999999999,0.075359999999999996,0.002496,0.0049919999999999999,0.79560810810810811,1.8839999999999999,40,0.036121833911877003,4.6219558715820312,0.0023261380483862197,0.020120441913604736,0.064397008581044829,0.00010907386604230851,0.014769825052606989,1.0476438999176025,0,0,0,0,30.775781631469727,261.38584960589651,0.0079768630861174472,0.015624999648165858,-0.11458381320604519,0.015624999735459806,0
66,1.1000000000000001,1,0.094303999999999999,0.12246399999999999,0.0020479999999999999,0.0036799999999999997,0.001472,0.0024319999999999997,0.0018239999999999999,0.075327999999999992,0.002496,0.0050239999999999998,0.79877841873091271,1.8831999999999998,40,0.039144294753757775,4.7449264526367188,0.0025004911382674119,0.021537303924560547,0.063878814371214843,0.00011995145177934319,0.015488799293640755,1.0882999897003174,0,0,0,0,31.223697662353516,277.95517956872936,0.0084825189077371022,0.015624999628931768,-0.10848323223269282,0.015624999715838511,0
67,1.1166666666666667,1,0.096512000000000001,0.12239999999999999,0.0020799999999999998,0.0045119999999999995,0.0015679999999999999,0.002464,0.0031359999999999999,0.075200000000000003,0.0025919999999999997,0.00496,0.77917771883289122,1.8800000000000001,40,0.039079970684854214,3.8734169006347656,0.0026462527367592764,0.022924810647964478,0.067713785102322371,0.00013147233403287828,0.016215568693874308,1.1194301843643188,0,0,0,0,31.670867919921875,291.99104455392808,0.0089108595139748559,0.015624999662305473,-0.10364512342714323,0.015624999737260102,0
68,1.1333333333333333,1,0.094559999999999991,0.12239999999999999,0.0021440000000000001,0.0036479999999999998,0.0014399999999999999,0.0024319999999999997,0.002176,0.075200000000000003,0.0025599999999999998,0.00496,0.79526226734348571,1.8800000000000001,40,0.041345826801358523,4.9465351104736328,0.0028428706653868588,0.024801790714263916,0.068758346012648824,0.00014425134577322751,0.016985366982978468,1.1433250904083252,0,0,0,0,32.117294311523438,303.40415415912867,0.0092591599780007527,0.015624999785896968,-0.099676316561728567,0.015624999885658237,0
69,1.1499999999999999,1,0.094079999999999997,0.12249599999999999,0.0021119999999999997,0.0038079999999999998,0.0015039999999999999,0.002464,0.001472,0.075231999999999993,0.002496,0.0049919999999999999,0.7996598639455782,1.8808,40,0.044458908687809169,5.508173942565918,0.0030462713395322102,0.026245594024658203,0.068518806004059907,0.00015824839647393674,0.01779035674032068,1.1674678325653076,0,0,0,0,32.562976837158203,316.52692506089807,0.0096596351642119771,0.015624999913201647,-0.094758823812352497,0.015624999948509452,0
70,1.1666666666666667,1,0.094751999999999989,0.12223999999999999,0.002016,0.003712,0.0014399999999999999,0.0024319999999999997,0.0022079999999999999,0.075455999999999995,0.0024319999999999997,0.0050559999999999997,0.79635258358662619,1.8863999999999996,40,0.046073912942541768,4.9550542831420898,0.0032265821152715314,0.027842134237289429,0.07003056413496643,0.00017328858666587621,0.018616583288341402,1.207243800163269,0,0,0,0,33.007915496826172,334.75920005165972,0.010216040040639029,0.015627840651205815,-0.08851727553233657,0.015625000049012197,0
71,1.1833333333333333,1,0.094687999999999994,0.12268799999999999,0.002176,0.0037759999999999998,0.0015039999999999999,0.002464,0.0019199999999999998,0.075327999999999992,0.002464,0.0050559999999999997,0.79553903345724908,1.8831999999999998,40,0.046716170140069471,5.0831623077392578,0.0034329530818167434,0.029905736446380615,0.073485327918014084,0.0001893579465104267,0.019460624168326498,1.2369310855865479,0,0,0,0,33.452114105224609,348.39571933634579,0.010632193583262506,0.015628138435917052,-0.084061383636252249,0.015625000094897697,0
72,1.2,1,0.094719999999999999,0.122432,0.0021119999999999997,0.0037759999999999998,0.001472,0.0023999999999999998,0.0020799999999999998,0.075392000000000001,0.002496,0.0049919999999999999,0.79594594594594592,1.8847999999999998,40,0.050725782802610961,6.1498908996582031,0.0036853858938608285,0.032035112380981445,0.072653110316734909,0.00020725747162941843,0.020359640057202311,1.2591708898544312,0,0,0,0,33.895572662353516,362.24169820343741,0.011054739325056073,0.015627805595926057,-0.079169485772071252,0.015625000106776747,0
73,1.2166666666666666,1,0.09465599999999999,0.12246399999999999,0.001952,0.0038079999999999998,0.001472,0.0024319999999999997,0.0021119999999999997,0.075392000000000001,0.002464,0.0050239999999999998,0.79648411088573368,1.8847999999999998,40,0.053465808354127509,5.9244117736816406,0.0039310927297987698,0.033898621797561646,0.073525358557405843,0.00022660533431917429,0.021288745116571538,1.2924171686172485,0,0,0,0,34.338294982910156,381.57348967110738,0.0116446987814669,0.015627565006183779,-0.072508449160693614,0.015625000049425034,0
74,1.2333333333333334,1,0.094495999999999997,0.12239999999999999,0.0021440000000000001,0.0039680000000000002,0.0015039999999999999,0.002496,0.0015679999999999999,0.075231999999999993,0.002496,0.0050879999999999996,0.79613951913308501,1.8808,40,0.054403072042788388,5.477869987487793,0.004164642126613125,0.036293864250183105,0.076551598471086446,0.00024714454775676131,0.02223261333072481,1.3278601169586182,0,0,0,0,34.780277252197266,397.29089140790165,0.01212435581689153,0.015625983389335879,-0.067566799660008309,0.01562499873794816,0
75,1.25,1,0.094528000000000001,0.12249599999999999,0.0019840000000000001,0.0037439999999999999,0.0014399999999999999,0.0024319999999999997,0.0022399999999999998,0.075263999999999998,0.002496,0.0049280000000000001,0.79620853080568721,1.8815999999999999,40,0.058177066416355179,6.8791728019714355,0.0044433875561176823,0.038686752319335938,0.076376961401211585,0.00026966191944666207,0.023223346849524599,1.3544223308563232,0,0,0,0,35.221527099609375,413.86768029321684,0.012630239266760768,0.015625346081008074,-0.062015929585862849,0.015624997720578626,0
76,1.2666666666666666,1,0.094463999999999992,0.12259199999999999,0.002176,0.0038399999999999997,0.0015039999999999999,0.002464,0.001792,0.075231999999999993,0.002496,0.00496,0.79640921409214094,1.8808,40,0.061635237489773731,6.7653160095214844,0.0047115240837454584,0.04090416431427002,0.076442052884556105,0.00029390081181190908,0.024244620508966894,1.3790843486785889,0,0,0,0,35.662040710449219,432.97434878628701,0.013213328515206513,0.015625093956225893,-0.055572903403155939,0.015624997473799177,0
77,1.2833333333333332,1,0.094559999999999991,0.12255999999999999,0.002016,0.0042239999999999995,0.001536,0.0023999999999999998,0.0016639999999999999,0.075231999999999993,0.002496,0.0049919999999999999,0.79560067681895097,1.8808,40,0.063015547476847789,5.9815359115600586,0.0050100729942839789,0.044035196304321289,0.079505347408505872,0.00031993677839636803,0.025295722104591835,1.4184445142745972,0,0,0,0,36.101821899414062,450.30437698231253,0.013742199004587174,0.015624721802809997,-0.050299941263495643,0.01562499682492891,0
78,1.3,1,0.094751999999999989,0.12259199999999999,0.0022719999999999997,0.0038399999999999997,0.0015039999999999999,0.0024319999999999997,0.0017279999999999999,0.075392000000000001,0.0025279999999999999,0.0050559999999999997,0.7956771361026681,1.8847999999999998,40,0.067875618406459087,7.6660327911376953,0.0053363817637500158,0.046593189239501953,0.078620009497286619,0.00034821080043911934,0.026389801076897847,1.4484200477600098,0,0,0,0,36.540870666503906,469.30418847757392,0.014322027236254087,0.015624847034069538,-0.044180278508058876,0.015624997029798596,0
79,1.3166666666666667,1,0.094559999999999991,0.12249599999999999,0.0019840000000000001,0.0038399999999999997,0.001472,0.0024319999999999997,0.0020479999999999999,0.075231999999999993,0.002496,0.0050559999999999997,0.79560067681895097,1.8808,40,0.071416189552657661,7.3739433288574219,0.0056748933303102222,0.05054783821105957,0.079462281113807182,0.0003785572771448642,0.027515714678883564,1.4698386192321777,0,0,0,0,36.97918701171875,489.17436776589602,0.014928416985043214,0.015625254912580433,-0.037753821983705464,0.015624997564003118,0
80,1.3333333333333333,1,0.094624,0.12227199999999999,0.0021440000000000001,0.0038079999999999998,0.001472,0.0024319999999999997,0.001952,0.075359999999999996,0.002464,0.0049919999999999999,0.79641528576259724,1.8839999999999999,40,0.07301560002691232,6.8639078140258789,0.0060316926332511433,0.054342746734619141,0.082608273177621816,0.00041122647235170007,0.028678440416162802,1.5102249383926392,0,0,0,0,37.416774749755859,509.67367117914546,0.015554006078465132,0.015625191518929639,-0.031618539465265987,0.015624998411614464,0
81,1.3500000000000001,1,0.094528000000000001,0.12249599999999999,0.001952,0.0037759999999999998,0.0014399999999999999,0.0023999999999999998,0.002176,0.075296000000000002,0.002496,0.0049919999999999999,0.79654705484089372,1.8824000000000001,40,0.078467156267559665,8.4897432327270508,0.0064000323812189262,0.056946873664855957,0.08156320026937007,0.00044612542842514813,0.029870568405209436,1.5426481962203979,0,0,0,0,37.853633880615234,531.73989929480013,0.016227413918908695,0.015625276281027972,-0.024638584746056895,0.015625000119975193,0
82,1.3666666666666667,1,0.094559999999999991,0.12268799999999999,0.0021119999999999997,0.0040639999999999999,0.001536,0.002464,0.001632,0.075231999999999993,0.002464,0.0050559999999999997,0.79560067681895097,1.8808,40,0.081369558273257758,7.5848379135131836,0.0067616544750550853,0.061762452125549316,0.083098085064538377,0.00048344433889724314,0.031094833619019192,1.5648449659347534,0,0,0,0,38.289764404296875,552.12662411692872,0.016849567386380881,0.015625129903214369,-0.018369155470152616,0.015625000178892162,0
83,1.3833333333333333,1,0.094559999999999991,0.122528,0.0020479999999999999,0.0038399999999999997,0.0014399999999999999,0.0024319999999999997,0.0021119999999999997,0.075231999999999993,0.002496,0.00496,0.79560067681895097,1.8808,40,0.083218937141452995,8.1663169860839844,0.0071714690372796618,0.065971136093139648,0.086175926821677851,0.00052394712110981345,0.032371194636893259,1.6044659614562988,0,0,0,0,38.725166320800781,575.60577753465623,0.017566094285115241,0.015625172429622573,-0.011522836301366034,0.015619362379780771,0
84,1.3999999999999999,1,0.094143999999999992,0.12246399999999999,0.0020799999999999998,0.0037439999999999999,0.0014399999999999999,0.0024319999999999997,0.0017599999999999998,0.075231999999999993,0.0025279999999999999,0.0049280000000000001,0.79911624745071375,1.8808,40,0.089800171027121553,9.2602596282958984,0.0075704125726461027,0.069719433784484863,0.084302874772473183,0.00056663493160158396,0.033664073776106897,1.6370224952697754,0,0,0,0,39.159843444824219,602.10480895405635,0.018374780546693614,0.015625047593590905,-0.0033563713110924195,0.015617924752816068,0
85,1.4166666666666667,1,0.094559999999999991,0.12249599999999999,0.0020479999999999999,0.0042560000000000002,0.0015039999999999999,0.002464,0.001472,0.075392000000000001,0.0024319999999999997,0.0049919999999999999,0.79729272419627761,1.8847999999999998,40,0.091268765335901975,7.1102476119995117,0.0079660424212274102,0.074898958206176758,0.087281145876242555,0.00061168917454779148,0.034976825886514962,1.6584070920944214,0,0,0,0,39.593799591064453,626.21133686050598,0.019110453395401183,0.015625102838329321,0.0036988604825295059,0.015620508902331505,0
86,1.4333333333333333,1,0.094624,0.12249599999999999,0.0019840000000000001,0.003712,0.0014399999999999999,0.0023999999999999998,0.002336,0.075296000000000002,0.002464,0.0049919999999999999,0.79573892458572881,1.8824000000000001,40,0.096866018701887879,9.7542572021484375,0.0084124657447434675,0.07912909984588623,0.086846407620338295,0.00066069210879504681,0.036350848925301507,1.7011318206787109,0,0,0,0,40.027030944824219,656.58171308532474,0.020037283724527732,0.015625050103128705,0.012410171350823883,0.015619245366935571,0
87,1.45,1,0.094591999999999996,0.122528,0.0021119999999999997,0.004032,0.001472,0.0024319999999999997,0.0017279999999999999,0.075231999999999993,0.0025919999999999997,0.0049919999999999999,0.79533152909336935,1.8808,40,0.10043726275646864,9.4378852844238281,0.0088669201855498588,0.084987163543701172,0.08828317242226702,0.00071212672628462315,0.037739282618635538,1.7308430671691895,0,0,0,0,40.459541320800781,683.37426512138336,0.020854927524456279,0.015624953193465458,0.020181243388914503,0.015618346151134926,0
88,1.4666666666666666,1,0.094719999999999999,0.12227199999999999,0.001952,0.0037759999999999998,0.0014399999999999999,0.0023999999999999998,0.0023040000000000001,0.075392000000000001,0.002464,0.0049919999999999999,0.79594594594594592,1.8847999999999998,40,0.10313796030591876,9.327667236328125,0.0093565861533895824,0.091260671615600586,0.090719131206753539,0.00076751981396228075,0.039179581773221644,1.7579452991485596,0,0,0,0,40.891330718994141,715.01830644288566,0.021820627027675954,0.01562485922729767,0.029019701013855134,0.015619211551410963,0
89,1.4833333333333334,1,0.094591999999999996,0.122112,0.0020479999999999999,0.0038079999999999998,0.0015039999999999999,0.0024319999999999997,0.0020479999999999999,0.075231999999999993,0.002496,0.0050239999999999998,0.79533152909336935,1.8808,40,0.11011887382956333,10.811768531799316,0.0098083485411647551,0.095332860946655273,0.089070548944639977,0.00082649674732238054,0.040657022697742649,1.7963745594024658,0,0,0,0,41.322402954101562,753.4743356785184,0.02299421190425166,0.015619233650374251,0.039477603603782066,0.015617447763664636,0
90,1.5,1,0.094687999999999994,0.122432,0.0020799999999999998,0.004352,0.001472,0.0023999999999999998,0.001472,0.075392000000000001,0.002464,0.0050559999999999997,0.79621493747887806,1.8847999999999998,40,0.10980569813906824,8.4445266723632812,0.010266633876705051,0.10311031341552734,0.093498188624987599,0.00088835251517593861,0.042150978996363504,1.8206884860992432,0,0,0,0,41.752758026123047,784.97981220809743,0.023955682745608442,0.01561629989172506,0.048214260081418006,0.015616183180787797,0
91,1.5166666666666666,1,0.094719999999999999,0.12268799999999999,0.001952,0.003712,0.001472,0.0024319999999999997,0.0022399999999999998,0.075392000000000001,0.002496,0.0050239999999999998,0.79594594594594592,1.8847999999999998,40,0.11755962891700443,11.470052719116211,0.010793768320748156,0.1090390682220459,0.091815263625648361,0.00095541262999176979,0.043712987314796267,1.8567757606506348,0,0,0,0,42.182395935058594,830.22389111900247,0.025336422458465652,0.015618821309989907,0.060038454003978933,0.015615636420874325,0
92,1.5333333333333332,1,0.09465599999999999,0.12239999999999999,0.0021119999999999997,0.0037759999999999998,0.0014399999999999999,0.0023999999999999998,0.0021440000000000001,0.075359999999999996,0.0024319999999999997,0.0049919999999999999,0.79614604462474647,1.8839999999999999,40,0.11920219925203317,10.034728050231934,0.011280798347660362,0.11646461486816406,0.094635823990201692,0.0010266009485349059,0.045312270932605134,1.8873353004455566,0,0,0,0,42.611316680908203,876.44870779203484,0.026747091912598719,0.01561965847704865,0.071429572470873684,0.015613558948611361,0
93,1.55,1,0.09465599999999999,0.122432,0.0019840000000000001,0.003872,0.0014399999999999999,0.0024319999999999997,0.0020799999999999998,0.075392000000000001,0.002496,0.00496,0.79648411088573368,1.8847999999999998,40,0.12472529699494164,11.634784698486328,0.011896136939687546,0.12582564353942871,0.095378702046065328,0.0011034631170332432,0.046977933480161584,1.9126514196395874,0,0,0,0,43.039524078369141,922.31355487729888,0.028146775966714443,0.015620347419706786,0.083143882441945566,0.015615385966385682,0
94,1.5666666666666667,1,0.09465599999999999,0.122528,0.0021119999999999997,0.0040000000000000001,0.001472,0.002464,0.0017599999999999998,0.075551999999999994,0.0022719999999999997,0.0050239999999999998,0.79817444219066935,1.8887999999999998,40,0.12928195590701802,11.690097808837891,0.012437158065916727,0.13255560398101807,0.096201809283128131,0.0011842345120385289,0.048666919196483541,1.9509977102279663,0,0,0,0,43.467018127441406,982.95158421009546,0.029997301764224105,0.015620971067338969,0.097070524134870023,0.015615071252147254,0
95,1.5833333333333333,1,0.094591999999999996,0.12246399999999999,0.0019840000000000001,0.0038399999999999997,0.0014399999999999999,0.0024319999999999997,0.0021440000000000001,0.075296000000000002,0.002464,0.0049919999999999999,0.79600811907983771,1.8824000000000001,40,0.13245097912337925,11.424276351928711,0.013154240001337454,0.14556038379669189,0.099314026127992339,0.0012726937420666218,0.050451833307950701,1.972775936126709,0,0,0,0,43.893798828125,1045.1932929059806,0.03189676797198427,0.01561680284496492,0.11094424286835522,0.015612635183455268,0
96,1.6000000000000001,1,0.094143999999999992,0.122112,0.0020479999999999999,0.003872,0.001472,0.0024319999999999997,0.0015679999999999999,0.075327999999999992,0.002464,0.00496,0.80013596193065939,1.8831999999999998,40,0.13840963524532576,12.864165306091309,0.01383433084526646,0.15323138236999512,0.099952079353042442,0.0013669102918356657,0.052285950155575557,2.0071573257446289,0,0,0,0,44.319869995117188,1113.6585121430981,0.033986160648898256,0.015613291684636462,0.12592784300348589,0.015612299284018076,0
97,1.6166666666666667,1,0.094463999999999992,0.12278399999999999,0.001952,0.0037439999999999999,0.001472,0.0024319999999999997,0.002176,0.075263999999999998,0.002464,0.00496,0.7967479674796748,1.8815999999999999,40,0.14082420333164272,11.439395904541016,0.014785120962748376,0.16950857639312744,0.10498991375743298,0.0014703713823109865,0.054228615735808464,2.0333023071289062,0,0,0,0,44.745231628417969,1201.8662302185057,0.036678046576492485,0.015611867247178743,0.14290974201048307,0.015612000766028403,0
98,1.6333333333333333,1,0.094175999999999996,0.12246399999999999,0.0020799999999999998,0.0038399999999999997,0.001472,0.002464,0.001536,0.075359999999999996,0.002464,0.00496,0.80020387359836898,1.8839999999999999,40,0.14664703239298993,13.563282012939453,0.015797357329693871,0.18087577819824219,0.10772367549422719,0.0015802436973899603,0.056218212305087757,2.0582897663116455,0,0,0,0,45.169883728027344,1302.7386123028555,0.039756427377406478,0.015606541625490673,0.16137674789126227,0.015608024167764932,0
99,1.6499999999999999,1,0.094495999999999997,0.122432,0.0020479999999999999,0.004032,0.0015039999999999999,0.002496,0.001696,0.075263999999999998,0.0025279999999999999,0.0049280000000000001,0.79647815780562137,1.8815999999999999,40,0.14780024465600672,11.611610412597656,0.0172015287302285,0.19829237461090088,0.11638362825625685,0.0017014031764119864,0.05833357826178652,2.0899629592895508,0,0,0,0,45.593830108642578,1396.625410631299,0.042621625080300873,0.015610549848990093,0.17773097550811826,0.015605068717597528,0
100,1.6666666666666667,1,0.094783999999999993,0.12236799999999999,0.001952,0.0037759999999999998,0.001472,0.0023999999999999998,0.0023040000000000001,0.075392000000000001,0.002464,0.0050239999999999998,0.7954085077650237,1.8847999999999998,40,0.15229899409244346,14.008573532104492,0.018961906600980544,0.21484267711639404,0.12450447695978162,0.0018308176659047604,0.060511447940117258,2.1097686290740967,0,0,0,0,46.017070770263672,1523.5496847296599,0.046495046531056516,0.015614182843536032,0.1971691185439709,0.015604664787044916,0
101,1.6833333333333333,1,0.094624,0.122624,0.002016,0.0037439999999999999,0.001408,0.0024319999999999997,0.0022079999999999999,0.075200000000000003,0.0025919999999999997,0.0050239999999999998,0.79472438282042612,1.8800000000000001,40,0.15205846263615158,11.58964729309082,0.021318806230952964,0.23756563663482666,0.14020137953100983,0.0019736485555768013,0.062827518741023047,2.1457066535949707,0,0,0,0,46.439605712890625,1638.4533777336565,0.050001628959156996,0.015613941000869736,0.21421702416177446,0.015602913707232132,0
102,1.7,1,0.094719999999999999,0.122432,0.0019199999999999998,0.0039359999999999994,0.0014399999999999999,0.0023999999999999998,0.0021440000000000001,0.075423999999999991,0.0023999999999999998,0.0050559999999999997,0.79628378378378373,1.8855999999999997,40,0.15514382764983922,13.465557098388672,0.024200489962935202,0.26167178153991699,0.15598744938506925,0.0021284837275743484,0.065245440110008435,2.1685848236083984,0,0,0,0,46.861438751220703,1774.2146179126285,0.054144733212665663,0.015610782748795895,0.23251656426399051,0.0156038825738981,0
103,1.7166666666666666,1,0.094463999999999992,0.12249599999999999,0.002016,0.0038399999999999997,0.001472,0.0024319999999999997,0.002016,0.075135999999999994,0.0025919999999999997,0.00496,0.79539295392953935,1.8783999999999998,40,0.15385217200656187,11.98188591003418,0.027543963425712668,0.29629886150360107,0.17902875901250132,0.0022987700067460537,0.067805162144869965,2.2041416168212891,0,0,0,0,47.282569885253906,1929.9578874905856,0.058897640609453905,0.015611303045314728,0.25131848934244122,0.01560436142928626,0
104,1.7333333333333334,1,0.094591999999999996,0.12255999999999999,0.0022719999999999997,0.0038079999999999998,0.001472,0.002464,0.0017599999999999998,0.075327999999999992,0.002464,0.0050239999999999998,0.79634641407307172,1.8831999999999998,40,0.14726960482898682,10.965764999389648,0.030686942299642569,0.32534345984458923,0.20837254459450083,0.002474847249686718,0.070354065265437471,2.2303347587585449,0,0,0,0,47.702999114990234,2078.0897921295837,0.063418267582079579,0.01560681297494297,0.26769509882497144,0.015601206248358736,0
105,1.75,1,0.094463999999999992,0.122752,0.0021119999999999997,0.004032,0.001472,0.002464,0.001696,0.075296000000000002,0.0024319999999999997,0.00496,0.79708672086720878,1.8824000000000001,40,0.13040848527963014,3.4845809936523438,0.032900684504839683,0.35164719820022583,0.25228944599956016,0.0026400969363749027,0.072664942529047705,2.2670209407806396,0,0,0,0,48.122726440429688,2215.6776595506817,0.067617116075155081,0.015591871408120737,0.28208089998870478,0.015599455858849543,0
106,1.7666666666666666,1,0.093951999999999994,0.12268799999999999,0.0019840000000000001,0.0037759999999999998,0.001408,0.0024319999999999997,0.0015999999999999999,0.075263999999999998,0.0024319999999999997,0.0050559999999999997,0.80108991825613085,1.8815999999999999,40,0.1251637235950834,3.6434378623962402,0.033409285038587963,0.35092383623123169,0.26692466538204146,0.0027687568217515945,0.074414472003120388,2.2932472229003906,0,0,0,0,48.541755676269531,2313.6448001977406,0.070606835943534563,0.015593805167188141,0.29146073696372377,0.015600835241575576,0
107,1.7833333333333332,1,0.094559999999999991,0.122208,0.002016,0.003712,0.001472,0.0023999999999999998,0.0022399999999999998,0.075231999999999993,0.0025279999999999999,0.00496,0.79560067681895097,1.8808,40,0.11932045232069907,3.7124826908111572,0.032382055326658672,0.32973349094390869,0.27138729946836787,0.0028540198691189289,0.075551570058059403,2.3182501792907715,0,0,0,0,48.960086822509766,2355.1352153760381,0.071873022930176944,0.015586143421905651,0.29661810284353635,0.01559941449966511,0
108,1.8,1,0.094719999999999999,0.12268799999999999,0.002016,0.0038399999999999997,0.0014399999999999999,0.0023999999999999998,0.0021440000000000001,0.075392000000000001,0.002496,0.0049919999999999999,0.79594594594594592,1.8847999999999998,40,0.11342147665378204,3.3541140556335449,0.030149314980416217,0.30185401439666748,0.26581663252760068,0.0028975117020308971,0.076125051093984791,2.3325033187866211,0,0,0,0,49.377719879150391,2341.3098604949191,0.071451106582486545,0.01557894585538467,0.29797719743300066,0.015596343547451021,0
109,1.8166666666666667,1,0.094399999999999998,0.122432,0.002016,0.0039359999999999994,0.0015039999999999999,0.002464,0.001696,0.075231999999999993,0.0025279999999999999,0.0050239999999999998,0.79694915254237286,1.8808,40,0.10792412818455389,3.503265380859375,0.027154158771522868,0.26415777206420898,0.25160415217891169,0.0029042705427855253,0.076213785403764389,2.3455305099487305,0,0,0,0,49.794658660888672,2289.7171304346994,0.069876621412191753,0.015589988504573094,0.29570960702725618,0.015602126219883225,0
110,1.8333333333333333,1,0.094687999999999994,0.122336,0.001952,0.0038399999999999997,0.0014399999999999999,0.0024319999999999997,0.002176,0.075327999999999992,0.002464,0.0050559999999999997,0.79553903345724908,1.8831999999999998,40,0.10668352577626615,3.4861187934875488,0.02382307365492348,0.22356241941452026,0.22330602107100017,0.002880588173866272,0.075902413319554898,2.3518805503845215,0,0,0,0,50.210903167724609,2223.3693244988099,0.067851847061120907,0.015579169077695494,0.29140157025203356,0.015599635119182243,0
111,1.8499999999999999,1,0.094624,0.12239999999999999,0.0021119999999999997,0.0040000000000000001,0.001472,0.002496,0.001696,0.075359999999999996,0.002496,0.0049919999999999999,0.79641528576259724,1.8839999999999999,40,0.10196390971878441,3.3874104022979736,0.020316970200349477,0.17976152896881104,0.19925648453833819,0.0028332341462373734,0.075275947635846788,2.3554997444152832,0,0,0,0,50.626453399658203,2100.0102159976959,0.06408722583000781,0.015581147455226119,0.28125158378350013,0.015606242784943939,0
112,1.8666666666666667,1,0.094528000000000001,0.12246399999999999,0.0019840000000000001,0.003712,0.001472,0.0023999999999999998,0.002176,0.075359999999999996,0.002464,0.00496,0.79722410291130663,1.8839999999999999,40,0.095938966115503427,3.5532963275909424,0.016955176315324307,0.13603699207305908,0.17672877874159626,0.0027679847553372383,0.074404096061134142,2.3616695404052734,0,0,0,0,51.041313171386719,2009.3220474720001,0.061319642562011722,0.015593531029201175,0.27210493220128606,0.015611024094484055,0
113,1.8833333333333333,1,0.094624,0.12236799999999999,0.001952,0.0037759999999999998,0.0014399999999999999,0.0024319999999999997,0.0022399999999999998,0.075231999999999993,0.0025599999999999998,0.0049919999999999999,0.79506256340886028,1.8808,40,0.086115130622889349,3.4839706420898438,0.013907674749259207,0.093094587326049805,0.16150094238564106,0.0026866320986300707,0.073302552460744103,2.3683114051818848,0,0,0,0,51.455482482910156,1890.0901546478271,0.057680973957758397,0.015587205720973078,0.25838414830290418,0.015608103531745745,0
114,1.8999999999999999,1,0.094591999999999996,0.12249599999999999,0.0021119999999999997,0.0038399999999999997,0.001472,0.0024319999999999997,0.001952,0.075263999999999998,0.002496,0.0050239999999999998,0.79566982408660358,1.8815999999999999,40,0.078515406508639918,3.4009482860565186,0.01152039963677181,0.05858004093170166,0.14672788627164648,0.0025940332561731339,0.072028234133194383,2.3738994598388672,0,0,0,0,51.868961334228516,1767.6568841636181,0.05394460706065729,0.015584838485369566,0.24217048644125699,0.015608254778368455,0
115,1.9166666666666667,1,0.09391999999999999,0.12239999999999999,0.0019199999999999998,0.0036799999999999997,0.0014399999999999999,0.0024319999999999997,0.001696,0.075296000000000002,0.002496,0.00496,0.80170357751277699,1.8824000000000001,40,0.068477480904512888,2.7724111080169678,0.0099616208554992348,0.027570903301239014,0.14547294561536261,0.0024947319179773331,0.070636136898578103,2.3776981830596924,0,0,0,0,52.281749725341797,1684.6053152084351,0.051410074316663668,0.015588792610065575,0.2291537692183726,0.015611604229175145,0
116,1.9333333333333333,1,0.094495999999999997,0.12246399999999999,0.0022719999999999997,0.003872,0.001472,0.002464,0.001696,0.075231999999999993,0.002464,0.0050239999999999998,0.79613951913308501,1.8808,40,0.060941102994261247,2.4918532371520996,0.0092516460069263715,0.037858009338378906,0.15181290709158296,0.0023943362757563591,0.069200235198391621,2.3804051876068115,0,0,0,0,52.693851470947266,1627.290997505188,0.049660980148473755,0.015591365732982426,0.21870629656533785,0.015614343655777494,0
117,1.95,1,0.094528000000000001,0.122624,0.0020479999999999999,0.0039039999999999999,0.0015039999999999999,0.002464,0.001856,0.075296000000000002,0.002464,0.0049919999999999999,0.79654705484089372,1.8824000000000001,40,0.055379089992471577,2.5493783950805664,0.009146396784186852,0.049576461315155029,0.16515975227166507,0.0022968016564846039,0.067776126423462771,2.3825263977050781,0,0,0,0,53.105266571044922,1583.2208704426885,0.048316066602865249,0.015597060702981835,0.20973119490396278,0.015616857551185057,0
118,1.9666666666666666,1,0.094719999999999999,0.12246399999999999,0.002016,0.003872,0.0014399999999999999,0.0024319999999999997,0.0021119999999999997,0.075359999999999996,0.002464,0.0050239999999999998,0.79560810810810811,1.8839999999999999,40,0.049538581659768502,2.2161107063293457,0.0092673671560724626,0.057521581649780273,0.18707372810390166,0.0022057988680899143,0.066419859501355677,2.3851251602172852,0,0,0,0,53.515998840332031,1558.9359021186829,0.047574948184774257,0.015589517033990415,0.20379524955754291,0.015619257222918282,0
119,1.9833333333333334,1,0.094591999999999996,0.122528,0.0022719999999999997,0.003872,0.0015039999999999999,0.0024319999999999997,0.0017279999999999999,0.075327999999999992,0.002464,0.0049919999999999999,0.79634641407307172,1.8831999999999998,40,0.044866257943699035,1.9547659158706665,0.0094490798189539905,0.064306974411010742,0.21060548064452539,0.0021204284857958555,0.065121862470231232,2.3872981071472168,0,0,0,0,53.926044464111328,1543.8532218933105,0.047114661312662065,0.015598997549698686,0.19913523567362279,0.015616708800223223,0
120,2,1,0.094719999999999999,0.12236799999999999,0.002016,0.003712,0.0014399999999999999,0.0024319999999999997,0.0022719999999999997,0.075392000000000001,0.002496,0.00496,0.79594594594594592,1.8847999999999998,40,0.043099821193466885,1.9888287782669067,0.0095055328839287641,0.066835880279541016,0.22054692155821803,0.0020449617877602577,0.063952510314455327,2.3889274597167969,0,0,0,0,54.335407257080078,1531.2099108695984,0.046728818080737256,0.015597107419769007,0.19476443515769243,0.015618226642777903,0
121,2.0166666666666666,1,0.094624,0.12236799999999999,0.001952,0.0037439999999999999,0.001472,0.0024319999999999997,0.0022079999999999999,0.075423999999999991,0.0023999999999999998,0.0049919999999999999,0.79709164693946555,1.8855999999999997,40,0.041240405444351126,2.0063483715057373,0.0093843595746138965,0.066071212291717529,0.22755255370311381,0.0019802083261311054,0.062931841322673931,2.3893241882324219,0,0,0,0,54.744091033935547,1516.5322229862213,0.04628089059406193,0.015590422204496331,0.18991360848455394,0.015616064872886217,0
122,2.0333333333333332,1,0.094719999999999999,0.122528,0.002016,0.0038399999999999997,0.001408,0.002464,0.0021119999999999997,0.075359999999999996,0.002464,0.0050559999999999997,0.79560810810810811,1.8839999999999999,40,0.041688491772674342,2.0142083168029785,0.0091478365256680728,0.06360924243927002,0.21943313698060499,0.0019248820608481765,0.062046467439301915,2.3908276557922363,0,0,0,0,55.152091979980469,1502.6233863830566,0.045856426586396992,0.015588427371798903,0.18507506814863547,0.015617526806139079,0
123,2.0499999999999998,1,0.094591999999999996,0.12239999999999999,0.0018879999999999999,0.0038079999999999998,0.0014399999999999999,0.0023999999999999998,0.0023040000000000001,0.075296000000000002,0.002496,0.00496,0.79600811907983771,1.8824000000000001,40,0.04125109841092657,1.9949576854705811,0.0088438513515889834,0.060424923896789551,0.21439068757612595,0.0018775927601382136,0.061279568538595529,2.3938195705413818,0,0,0,0,55.559413909912109,1499.1280059814453,0.045749756041914225,0.01558490083074213,0.1820337543025424,0.015616557060993089,0
124,2.0666666666666664,1,0.094624,0.122528,0.0021119999999999997,0.0039359999999999994,0.001472,0.0024319999999999997,0.001856,0.075359999999999996,0.002496,0.00496,0.79641528576259724,1.8839999999999999,40,0.040291765054501598,2.0197627544403076,0.0084844715959668578,0.056460857391357422,0.21057582323559515,0.001837452407926321,0.060620993194211541,2.3977718353271484,0,0,0,0,55.966056823730469,1498.6317329406738,0.04573461099062115,0.01558751294843517,0.17959329760141646,0.015619472388813876,0
125,2.0833333333333335,1,0.094271999999999995,0.122528,0.0020479999999999999,0.0037759999999999998,0.0014399999999999999,0.0024319999999999997,0.001792,0.075359999999999996,0.0024319999999999997,0.0049919999999999999,0.79938900203665986,1.8839999999999999,40,0.040208533469584896,2.0323967933654785,0.0080856825723866661,0.052096128463745117,0.20109369516057957,0.0018031965009868145,0.060053251385529735,2.402672290802002,0,0,0,0,56.372024536132812,1500.4349498748779,0.045789640804287046,0.015587473266994055,0.17752387804730602,0.015619825234474635,0
126,2.1000000000000001,1,0.09465599999999999,0.12236799999999999,0.002016,0.003712,0.0014399999999999999,0.0023999999999999998,0.0023040000000000001,0.075327999999999992,0.002464,0.0049919999999999999,0.79580797836375927,1.8831999999999998,40,0.039273290821030697,2.0462889671325684,0.0076861509178297489,0.047936737537384033,0.19570936779542408,0.0017739483155310154,0.059564222743707741,2.4071857929229736,0,0,0,0,56.777317047119141,1504.1158714294434,0.045901973615400493,0.015587391019178939,0.17586944445650535,0.015620287712294343,0
127,2.1166666666666667,1,0.09465599999999999,0.122432,0.0019199999999999998,0.0038399999999999997,0.0014399999999999999,0.0024319999999999997,0.0022079999999999999,0.075200000000000003,0.0025599999999999998,0.0050559999999999997,0.7944557133198108,1.8800000000000001,40,0.038574944561757314,2.0581350326538086,0.0072876426740914064,0.043799877166748047,0.18892166293133908,0.0017490026075392962,0.059143936418525549,2.4123103618621826,0,0,0,0,57.181934356689453,1509.1899261474609,0.046056821476668119,0.015587262488265278,0.17453361112588098,0.015620864060909748,0
128,2.1333333333333333,1,0.094687999999999994,0.122208,0.002016,0.003712,0.0014399999999999999,0.0024319999999999997,0.0022079999999999999,0.075359999999999996,0.002464,0.0050559999999999997,0.79587698546806351,1.8839999999999999,40,0.038470725461511111,2.0702352523803711,0.006882758917617555,0.039602339267730713,0.17890899729727122,0.0017282518092542887,0.058792037033161021,2.4175381660461426,0,0,0,0,57.58587646484375,1515.184289932251,0.04623975494178012,0.015587044012233991,0.1734197840724204,0.015621529071310064,0
129,2.1499999999999999,1,0.094559999999999991,0.122528,0.002016,0.0039680000000000002,0.001472,0.002464,0.0018879999999999999,0.075296000000000002,0.002464,0.0049919999999999999,0.7962774957698816,1.8824000000000001,40,0.038070256722047537,2.0673911571502686,0.0065090711079827277,0.035903811454772949,0.17097523548385071,0.0017102640122175217,0.058485280408279168,2.4223854541778564,0,0,0,0,57.989147186279297,1522.1117362976074,0.046451163827441633,0.01558677375002719,0.17252989809680355,0.015622384088575541,0
130,2.1666666666666665,1,0.096319999999999989,0.12249599999999999,0.0021119999999999997,0.0039359999999999994,0.0015039999999999999,0.002464,0.0034879999999999998,0.075327999999999992,0.002496,0.0049919999999999999,0.7820598006644518,1.8831999999999998,40,0.037267180006504606,2.0436244010925293,0.0061505360208719976,0.032358825206756592,0.1650389436442061,0.0016950862482190132,0.058225187817971237,2.4277896881103516,0,0,0,0,58.391746520996094,1529.5972499847412,0.046679603576194495,0.015586433317302856,0.17178585496778107,0.015623377040851587,0
131,2.1833333333333331,1,0.094399999999999998,0.122304,0.002016,0.0036799999999999997,0.001408,0.0024319999999999997,0.0019840000000000001,0.075327999999999992,0.002496,0.0050559999999999997,0.79796610169491522,1.8831999999999998,40,0.036505889884605756,2.0174522399902344,0.0058197498319579738,0.02922356128692627,0.15941947588057881,0.0016818969743326306,0.057998223668188853,2.4339885711669922,0,0,0,0,58.793674468994141,1537.1788959503174,0.046910977049265057,0.015585988860321819,0.17107241755780883,0.015624542257031093,0
132,2.2000000000000002,1,0.094687999999999994,0.12239999999999999,0.001952,0.0038399999999999997,0.0014399999999999999,0.0024319999999999997,0.0022079999999999999,0.075327999999999992,0.002496,0.0049919999999999999,0.79553903345724908,1.8831999999999998,40,0.03706063187630898,2.1088228225708008,0.0055062826125205373,0.026282429695129395,0.14857497926365443,0.0016708062030375004,0.057806681327291234,2.4397311210632324,0,0,0,0,59.194934844970703,1545.3862571716309,0.047161445836536586,0.015585429013842248,0.17049685330188818,0.015625920189116769,0
133,2.2166666666666668,1,0.09465599999999999,0.12259199999999999,0.002016,0.0038079999999999998,0.001408,0.0024319999999999997,0.0021119999999999997,0.075423999999999991,0.002464,0.0049919999999999999,0.79682217714672077,1.8855999999999997,40,0.036828485386885268,2.0906953811645508,0.0052182803328340863,0.023706197738647461,0.14169141842288011,0.0016611861065030098,0.057640022666598768,2.4454898834228516,0,0,0,0,59.595523834228516,1554.2081775665283,0.0474306694814004,0.015584758102451246,0.17005541545366573,0.015627591841148439,0
134,2.2333333333333334,1,0.094559999999999991,0.12236799999999999,0.0020799999999999998,0.0039039999999999999,0.001472,0.0024319999999999997,0.0019199999999999998,0.075327999999999992,0.002496,0.0049280000000000001,0.79661590524534687,1.8831999999999998,40,0.036002686779543672,2.0420937538146973,0.0049431150535268441,0.021232306957244873,0.13729850451982009,0.0016529539134353399,0.057497024504496577,2.4509015083312988,0,0,0,0,59.995445251464844,1563.4212474822998,0.047711830062326044,0.015585061885155679,0.16970139080940608,0.015627572374018458,0
135,2.25,1,0.094175999999999996,0.12255999999999999,0.001952,0.0036799999999999997,0.0014399999999999999,0.0024319999999999997,0.0019199999999999998,0.075296000000000002,0.002496,0.00496,0.79952429493713906,1.8824000000000001,40,0.034272738226119245,1.9536921977996826,0.0046953027387623076,0.019201755523681641,0.13699817936297889,0.0016457489691674709,0.057371577791925352,2.456200122833252,0,0,0,0,60.394702911376953,1572.6189403533936,0.047992521373089403,0.015585361569333824,0.16935208796850956,0.015627553084141169,0
136,2.2666666666666666,1,0.094591999999999996,0.12255999999999999,0.0019840000000000001,0.0038079999999999998,0.0014399999999999999,0.0023999999999999998,0.0022399999999999998,0.075327999999999992,0.0024319999999999997,0.00496,0.79634641407307172,1.8831999999999998,40,0.033960185951787354,1.9578542709350586,0.0044712104729000817,0.017527461051940918,0.13166036485335433,0.0016393485711887479,0.057259908682930113,2.4614405632019043,0,0,0,0,60.793296813964844,1581.8013477325439,0.048272746207658201,0.015585657312860731,0.16900742162656823,0.015627534043078321,0
137,2.2833333333333332,1,0.096703999999999998,0.12255999999999999,0.002176,0.0045760000000000002,0.001472,0.002464,0.0031679999999999998,0.075327999999999992,0.002464,0.0050559999999999997,0.77895433487756449,1.8831999999999998,40,0.033995760183485137,1.9613267183303833,0.0042641925844933625,0.016014814376831055,0.12543307052050781,0.0016338711138814688,0.057164169090112189,2.4663290977478027,0,0,0,0,61.191226959228516,1590.96848487854,0.048552505031693727,0.015585949117937785,0.16866729965206023,0.015627515245948815,0
138,2.2999999999999998,1,0.094528000000000001,0.12255999999999999,0.0020479999999999999,0.0042880000000000001,0.001472,0.0023999999999999998,0.0015999999999999999,0.075296000000000002,0.002496,0.0049280000000000001,0.79654705484089372,1.8824000000000001,40,0.033328789737231558,1.9555367231369019,0.0040715784423165577,0.014674663543701172,0.122164005186429,0.0016291546635329723,0.057081602351948257,2.4710397720336914,0,0,0,0,61.588493347167969,1600.1203269958496,0.048831797088496387,0.015586237171759346,0.16833163012508384,0.015627496650810584,0
139,2.3166666666666664,1,0.094495999999999997,0.12246399999999999,0.0018879999999999999,0.0038399999999999997,0.001472,0.002464,0.0021440000000000001,0.075231999999999993,0.0025279999999999999,0.0049280000000000001,0.79613951913308501,1.8808,40,0.032818267803521838,1.9603636264801025,0.0038886322556267129,0.013353705406188965,0.11848986908472393,0.0016250223852694035,0.057009163917205515,2.4756240844726562,0,0,0,0,61.985095977783203,1609.2569313049316,0.04911062412429601,0.015586521399752645,0.16800032698250586,0.015627478253599125,0
140,2.3333333333333335,1,0.094719999999999999,0.122336,0.0020479999999999999,0.0037759999999999998,0.0014399999999999999,0.0024319999999999997,0.0021440000000000001,0.075423999999999991,0.0023679999999999999,0.0050879999999999996,0.79628378378378373,1.8855999999999997,40,0.032318736602602087,1.9607279300689697,0.0037233323788547416,0.01237940788269043,0.11520661913977677,0.0016212216578423977,0.056942456178889891,2.4797854423522949,0,0,0,0,62.381038665771484,1618.3783130645752,0.049388986604753882,0.015586801948762467,0.16767330651217821,0.0156274601240791,0
141,2.3500000000000001,1,0.094591999999999996,0.12255999999999999,0.0021119999999999997,0.0040639999999999999,0.001472,0.002496,0.0015679999999999999,0.075392000000000001,0.002496,0.0049919999999999999,0.79702300405953996,1.8847999999999998,40,0.031790558236765527,1.9611618518829346,0.0035718223781771273,0.0115814208984375,0.11235481779135112,0.0016177139477804303,0.056880821860807007,2.4842169284820557,0,0,0,0,62.776321411132812,1627.4845294952393,0.049666886276099831,0.015587078963099502,0.1673504914979147,0.015627442330402593,0
142,2.3666666666666667,1,0.09465599999999999,0.122304,0.0020479999999999999,0.0038079999999999998,0.001472,0.0024319999999999997,0.0020479999999999999,0.075296000000000002,0.002464,0.0050879999999999996,0.79546991210277229,1.8824000000000001,40,0.031922960333758611,1.967937707901001,0.0034280547273541542,0.010784268379211426,0.10738523907286185,0.0016146393027156591,0.056826741992052635,2.4882164001464844,0,0,0,0,63.170948028564453,1636.575569152832,0.049944322789087892,0.01558735236352274,0.16703179719599762,0.015627424575123068,0
143,2.3833333333333333,1,0.094591999999999996,0.122528,0.0020479999999999999,0.0037759999999999998,0.001472,0.0023999999999999998,0.002176,0.07510399999999999,0.0025919999999999997,0.0050239999999999998,0.79397834912043297,1.8775999999999997,40,0.031154747237938808,1.9574880599975586,0.0032916535641246076,0.010012030601501465,0.10565495970759103,0.0016118327621370554,0.056777332838678772,2.4921565055847168,0,0,0,0,63.564918518066406,1645.6514701843262,0.050221297307871282,0.015587622363233548,0.16671714284992215,0.01562740721925197,0
144,2.3999999999999999,1,0.094624,0.12259199999999999,0.002016,0.0037439999999999999,0.0014399999999999999,0.0023999999999999998,0.0022079999999999999,0.075392000000000001,0.002496,0.0049280000000000001,0.7967534663510315,1.8847999999999998,40,0.031300085506683277,1.9657870531082153,0.003160400136459181,0.0091975927352905273,0.10097097452926651,0.0016094309976324439,0.056735015601168982,2.4961423873901367,0,0,0,0,63.958232879638672,1654.7122745513916,0.050497811113018543,0.015587889098583361,0.16640645896141282,0.015627389967510983,0
145,2.4166666666666665,1,0.094559999999999991,0.12246399999999999,0.002016,0.0038399999999999997,0.001472,0.0024319999999999997,0.002016,0.075296000000000002,0.002496,0.0049919999999999999,0.7962774957698816,1.8824000000000001,40,0.031413579635281672,1.9660513401031494,0.003033131140656441,0.008384406566619873,0.096554775860367953,0.0016074957093223929,0.056700894337257023,2.5000028610229492,0,0,0,0,64.35089111328125,1664.2488689422607,0.050788844877388328,0.015588163140515397,0.16609215067601771,0.015627372261102088,0
146,2.4333333333333331,1,0.094528000000000001,0.12207999999999999,0.0021119999999999997,0.0039680000000000002,0.001472,0.002464,0.001792,0.075263999999999998,0.002464,0.0049919999999999999,0.79620853080568721,1.8815999999999999,40,0.031003675984679471,1.9707226753234863,0.0029121578566786905,0.0076240897178649902,0.09392943785497368,0.001605888013727963,0.056672533271911588,2.5037579536437988,0,0,0,0,64.742897033691406,1673.7696266174316,0.05107939534354955,0.015588433678086379,0.16580024382694922,0.015627354814353026,0
147,2.4500000000000002,1,0.094335999999999989,0.122432,0.002016,0.003872,0.0014399999999999999,0.0024319999999999997,0.001696,0.075359999999999996,0.002496,0.0050239999999999998,0.79884667571234735,1.8839999999999999,40,0.030668038441514819,1.9719624519348145,0.0028010171237763883,0.0070688724517822266,0.091333429398102531,0.001604477409273386,0.056647637360677031,2.5074186325073242,0,0,0,0,65.134246826171875,1683.2744998931885,0.051369461056310683,0.015588700671137067,0.16553028203618031,0.015627337587021662,0
148,2.4666666666666668,1,0.094432000000000002,0.122624,0.0021119999999999997,0.0038399999999999997,0.001472,0.0024319999999999997,0.0019199999999999998,0.075263999999999998,0.0024319999999999997,0.00496,0.79701796001355474,1.8815999999999999,40,0.029781490827371748,1.9768372774124146,0.0026939729627937854,0.0064873695373535156,0.090457961906923512,0.0016034970758482814,0.056630328903305542,2.5109906196594238,0,0,0,0,65.524948120117188,1692.7635536193848,0.051659043994732201,0.015588964188271631,0.16528182512248754,0.015627320645260921,0
149,2.4833333333333334,1,0.094559999999999991,0.122624,0.0021440000000000001,0.0037759999999999998,0.0015039999999999999,0.0023679999999999999,0.0021119999999999997,0.075231999999999993,0.002496,0.0049280000000000001,0.79560067681895097,1.8808,40,0.029589635664142119,1.9746861457824707,0.0025944034519953659,0.0059734582901000977,0.087679465926623956,0.0016027506208047271,0.056617146180370607,2.5146276950836182,0,0,0,0,65.915000915527344,1702.2367858886719,0.051948144100606441,0.015589224399972427,0.16505444762082505,0.015627303808747914,0
150,2.5,1,0.094591999999999996,0.121984,0.0020479999999999999,0.0037759999999999998,0.001472,0.0023999999999999998,0.0021119999999999997,0.075296000000000002,0.0025279999999999999,0.00496,0.79600811907983771,1.8824000000000001,40,0.028776989994202289,1.9787452220916748,0.002500261707299372,0.0054883360862731934,0.086884059375323855,0.0016022368799895048,0.056608071509096733,2.5182695388793945,0,0,0,0,66.304397583007812,1711.6942501068115,0.05223676300374791,0.015589481369444146,0.16484773997189869,0.015627287353773091,0
151,2.5166666666666666,1,0.094559999999999991,0.12239999999999999,0.0020479999999999999,0.0037759999999999998,0.001472,0.0024319999999999997,0.0020479999999999999,0.075392000000000001,0.0023999999999999998,0.0049919999999999999,0.79729272419627761,1.8847999999999998,40,0.028616130983140531,2.0006923675537109,0.0024108326504029215,0.0050499439239501953,0.084247330703905665,0.0016017997404560447,0.056600348770233642,2.5223116874694824,0,0,0,0,66.693145751953125,1720.649923324585,0.052510068460833281,0.015589725161480794,0.16456215612235489,0.015627271741945517,0
152,2.5333333333333332,1,0.096287999999999999,0.12259199999999999,0.0022719999999999997,0.0038399999999999997,0.001472,0.002464,0.003392,0.075359999999999996,0.002496,0.0049919999999999999,0.78265204386839482,1.8839999999999999,40,0.028314016316427104,1.9994378089904785,0.0023278886300011291,0.0047408938407897949,0.08221682872487944,0.0016013886779546738,0.056593085760624037,2.5267679691314697,0,0,0,0,67.081253051757812,1729.5906867980957,0.052782918908633292,0.015589965954558881,0.16427999480150962,0.015627256207854975,0
153,2.5499999999999998,1,0.094687999999999994,0.12249599999999999,0.002016,0.0037759999999999998,0.001472,0.002464,0.002016,0.075423999999999991,0.0025279999999999999,0.0049919999999999999,0.79655288948969238,1.8855999999999997,40,0.027915061108598982,1.9977066516876221,0.0022505480320311024,0.0044952034950256348,0.080621282657262081,0.0016008727252483368,0.056583968140248644,2.5311238765716553,0,0,0,0,67.468711853027344,1738.5165863037109,0.053055315744131804,0.015590203802058557,0.16400119937622473,0.015627240886982533,0
154,2.5666666666666664,1,0.094687999999999994,0.122336,0.0020479999999999999,0.0038079999999999998,0.001472,0.0023999999999999998,0.0021440000000000001,0.075296000000000002,0.002464,0.0050559999999999997,0.79520108144643464,1.8824000000000001,40,0.027732180622759339,1.9966268539428711,0.0021776504101825452,0.0042889714241027832,0.078524312235128874,0.0016002771444618702,0.056573441550994051,2.5352129936218262,0,0,0,0,67.855522155761719,1747.4276008605957,0.053327258327044547,0.01559043889121238,0.16372571071387609,0.015627225775696581,0
155,2.5833333333333335,1,0.094687999999999994,0.12259199999999999,0.0021119999999999997,0.0038399999999999997,0.001472,0.0024319999999999997,0.001952,0.075359999999999996,0.002464,0.0050559999999999997,0.79587698546806351,1.8839999999999999,40,0.02734618410277765,2.0061922073364258,0.0021086864881342655,0.0041109919548034668,0.077110812982498667,0.0015996098518371582,0.056561645164142076,2.538907527923584,0,0,0,0,68.241691589355469,1756.3237953186035,0.053598748636431992,0.015590671237312755,0.16345346588368803,0.015627210904278318,0
156,2.6000000000000001,1,0.094687999999999994,0.12223999999999999,0.0020799999999999998,0.003712,0.0014399999999999999,0.0023999999999999998,0.0022399999999999998,0.075296000000000002,0.002464,0.0050559999999999997,0.79520108144643464,1.8824000000000001,40,0.027243518835855563,2.0032200813293457,0.0020413923913963025,0.0039336681365966797,0.07493130398080583,0.0015989146195352077,0.056549352242712875,2.5423469543457031,0,0,0,0,68.627220153808594,1765.2051620483398,0.053869786439463496,0.015590900820004512,0.16318440894673816,0.015627196066137581,0
157,2.6166666666666667,1,0.094208,0.12236799999999999,0.0019199999999999998,0.0038079999999999998,0.0014399999999999999,0.0024319999999999997,0.001856,0.075296000000000002,0.002464,0.0049919999999999999,0.79925271739130432,1.8824000000000001,40,0.026961486882451893,2.0115439891815186,0.0019769705382707108,0.0037534236907958984,0.073325723721766933,0.0015982224140316248,0.056537110184932952,2.5454974174499512,0,0,0,0,69.012100219726562,1774.0717487335205,0.054140373191330582,0.015591127653859562,0.16291849405347206,0.015627181428332162,0
158,2.6333333333333333,1,0.094687999999999994,0.12246399999999999,0.0020799999999999998,0.003872,0.001472,0.0024319999999999997,0.001952,0.075392000000000001,0.002464,0.0050239999999999998,0.79621493747887806,1.8847999999999998,40,0.026732425149418652,2.0158026218414307,0.0019149402694475298,0.003593954024836421,0.071633615683729834,0.0015974662965163589,0.056523734776045345,2.5484910011291504,0,0,0,0,69.396339416503906,1782.9235649108887,0.054410509183071554,0.015591351952863725,0.16265566234755816,0.015627166954066754,0
159,2.6499999999999999,1,0.095967999999999998,0.122528,0.0020799999999999998,0.0038079999999999998,0.001472,0.002464,0.0033599999999999997,0.075296000000000002,0.002496,0.0049919999999999999,0.78459486495498498,1.8824000000000001,40,0.026508337611824719,2.0188546180725098,0.0018558527925871436,0.0034836460836231709,0.070010153777402218,0.0015967494109645486,0.056511050440857115,2.5512385368347168,0,0,0,0,69.779937744140625,1791.7606468200684,0.054680195520631969,0.015591573594479019,0.16239585743408055,0.015627152673782018,0
160,2.6666666666666665,1,0.094751999999999989,0.12268799999999999,0.002016,0.003872,0.0015039999999999999,0.0024319999999999997,0.002016,0.075551999999999994,0.0023040000000000001,0.0050559999999999997,0.79736575481256333,1.8887999999999998,40,0.02633603560478363,2.0222663879394531,0.0017984920896023933,0.0033773232717067003,0.068290160166540728,0.0015961411409080029,0.056500285679065426,2.5539524555206299,0,0,0,0,70.16290283203125,1800.5830268859863,0.054949433193542063,0.015591792789386005,0.16213902794893131,0.01562713855112979,0
161,2.6833333333333331,1,0.094687999999999994,0.12246399999999999,0.001952,0.004352,0.001408,0.0023999999999999998,0.0017279999999999999,0.075392000000000001,0.002464,0.0049919999999999999,0.79621493747887806,1.8847999999999998,40,0.02606595007377065,2.0308630466461182,0.0017439612265427865,0.0032748309895396233,0.066905722661445594,0.0015955240232869983,0.056489362242585078,2.5566136837005615,0,0,0,0,70.54522705078125,1809.3906841278076,0.055218221561517566,0.015592009413625653,0.16188512794530777,0.015627124550542822,0
162,2.7000000000000002,1,0.094528000000000001,0.12236799999999999,0.0021119999999999997,0.0038079999999999998,0.0015039999999999999,0.0023999999999999998,0.0019840000000000001,0.075167999999999999,0.0025599999999999998,0.0049919999999999999,0.79519295870006768,1.8791999999999998,40,0.025938028377226859,2.0263476371765137,0.0016913655308652101,0.0031759755220264196,0.065207945116992766,0.0015948812942951918,0.056477983219927246,2.5591914653778076,0,0,0,0,70.926918029785156,1818.1836833953857,0.05548656260361895,0.015592223642118003,0.16163409967173242,0.01562711086652693,0
163,2.7166666666666668,1,0.094591999999999996,0.12255999999999999,0.0019840000000000001,0.003872,0.001472,0.0024319999999999997,0.0020479999999999999,0.075296000000000002,0.002496,0.0049919999999999999,0.79600811907983771,1.8824000000000001,40,0.02582305829039263,2.0300955772399902,0.001639671946260696,0.0030805936548858881,0.063496427410797029,0.0015943072503432631,0.05646781827454047,2.5617103576660156,0,0,0,0,71.307968139648438,1826.9620208740234,0.055754456203430891,0.015592435481917946,0.16138590258183577,0.015627097200561192,0
164,2.7333333333333334,1,0.094528000000000001,0.12246399999999999,0.0020479999999999999,0.0038399999999999997,0.001472,0.0024319999999999997,0.002016,0.075327999999999992,0.0024319999999999997,0.00496,0.79688557887610012,1.8831999999999998,40,0.026511067979151138,2.0386626720428467,0.0015873428427978177,0.0029885182157158852,0.059874722664742801,0.0015939747681841254,0.056461929973817319,2.5640578269958496,0,0,0,0,71.688385009765625,1835.7257404327393,0.056021903699729592,0.015592644908203793,0.16114048855119206,0.015627083746824949,0
165,2.75,1,0.094528000000000001,0.122752,0.002016,0.0039039999999999999,0.001472,0.0024319999999999997,0.0019840000000000001,0.075263999999999998,0.002496,0.00496,0.79620853080568721,1.8815999999999999,40,0.026142013206690941,2.0331926345825195,0.001537721986796223,0.0028995855245739222,0.058821865578533535,0.0015935690607875586,0.056454744013015569,2.5663909912109375,0,0,0,0,72.068168640136719,1844.4748725891113,0.056288906023837626,0.015592851993204199,0.16089781025322941,0.015627070469623715,0
166,2.7666666666666666,1,0.094624,0.12249599999999999,0.0020479999999999999,0.0038399999999999997,0.0015039999999999999,0.0023999999999999998,0.0020479999999999999,0.075263999999999998,0.0025279999999999999,0.0049919999999999999,0.79540074399729455,1.8815999999999999,40,0.025958209617395454,2.0366706848144531,0.0014906814265828305,0.0028136596083641052,0.057426203446014075,0.0015931625384837389,0.056447542700878289,2.5687260627746582,0,0,0,0,72.447319030761719,1853.209415435791,0.056555463117547333,0.015593056807099501,0.16065781831020437,0.015627057333982845,0
167,2.7833333333333332,1,0.094559999999999991,0.12246399999999999,0.002016,0.003712,0.0014399999999999999,0.0023999999999999998,0.0022719999999999997,0.075200000000000003,0.002496,0.0050239999999999998,0.79526226734348571,1.8800000000000001,40,0.02502490950303311,2.0443191528320312,0.0014452049312601853,0.0027305812109261751,0.057750655645129156,0.0015927843051031232,0.056440841685841701,2.5709657669067383,0,0,0,0,72.825843811035156,1861.9294376373291,0.056821577076334506,0.015593259387836858,0.16042046854458492,0.015627044209476731,0
168,2.7999999999999998,1,0.094528000000000001,0.122528,0.0022079999999999999,0.003872,0.0015039999999999999,0.0024319999999999997,0.0016639999999999999,0.075359999999999996,0.0025279999999999999,0.00496,0.79722410291130663,1.8839999999999999,40,0.024844997656955699,2.0358281135559082,0.0014018527496150249,0.0026502173859626055,0.056423943723840797,0.0015923861647024751,0.056433787126197281,2.5733685493469238,0,0,0,0,73.2037353515625,1870.6349277496338,0.05708724755095318,0.015593459675580698,0.16018572465307457,0.015627031254973067,0
169,2.8166666666666664,1,0.094591999999999996,0.12249599999999999,0.002016,0.003872,0.001472,0.0024319999999999997,0.0019840000000000001,0.075359999999999996,0.002464,0.0049919999999999999,0.79668470906630584,1.8839999999999999,40,0.024493475742090123,2.0395441055297852,0.0013604890307256324,0.0025724384468048811,0.055544955932397069,0.0015918929129838943,0.056425046087422812,2.5756564140319824,0,0,0,0,73.58099365234375,1879.3259315490723,0.057352475938387215,0.015593657834469662,0.15995354019284289,0.015627018467759698,0
170,2.8333333333333335,1,0.094719999999999999,0.122528,0.0019199999999999998,0.0039039999999999999,0.0014399999999999999,0.0023999999999999998,0.0022079999999999999,0.075296000000000002,0.0025279999999999999,0.0050239999999999998,0.7949324324324325,1.8824000000000001,40,0.024299974903071161,2.0424742698669434,0.001320790038598385,0.0024971300736069679,0.054353555666901386,0.0015914058312773705,0.056416413059984065,2.5778629779815674,0,0,0,0,73.957626342773438,1888.0024642944336,0.0576172627042979,0.015593853898715935,0.15972387735040558,0.015627005782075383,0
171,2.8500000000000001,1,0.095903999999999989,0.12246399999999999,0.002016,0.0038399999999999997,0.001472,0.002464,0.0033279999999999998,0.075263999999999998,0.0025279999999999999,0.0049919999999999999,0.78478478478478486,1.8815999999999999,40,0.024025810132288255,2.0438694953918457,0.0012827938776754165,0.0024241658393293619,0.053392325612008039,0.0015908277127891779,0.056406164783455677,2.5798978805541992,0,0,0,0,74.333633422851562,1896.6645374298096,0.0578816081979312,0.015594047776036523,0.15949668992635516,0.015626993321928496,0
172,2.8666666666666667,1,0.094175999999999996,0.12239999999999999,0.0020799999999999998,0.0038399999999999997,0.0014399999999999999,0.0023999999999999998,0.001696,0.075263999999999998,0.002464,0.0049919999999999999,0.79918450560652399,1.8815999999999999,40,0.023901222479891664,2.0439338684082031,0.0012459577018264503,0.0023534521460533142,0.052129455004851187,0.0015901981387287378,0.056395002238296577,2.5819482803344727,0,0,0,0,74.709014892578125,1905.3121814727783,0.05814551335060969,0.015594239595015484,0.15927193731130709,0.015626980990077352,0
173,2.8833333333333333,1,0.094624,0.12255999999999999,0.0020479999999999999,0.0037759999999999998,0.0014399999999999999,0.0024319999999999997,0.002176,0.075392000000000001,0.0023999999999999998,0.00496,0.7967534663510315,1.8847999999999998,40,0.023743171000280571,2.0489287376403809,0.0012096037320755947,0.0022848860826343298,0.050945332115129055,0.0015895490068942308,0.056383490613728958,2.5839030742645264,0,0,0,0,75.083770751953125,1913.9454231262207,0.058408978977240622,0.015594429326033254,0.15904958533501778,0.015626968784476572,0
174,2.8999999999999999,1,0.096767999999999993,0.12236799999999999,0.0022079999999999999,0.0042560000000000002,0.0015039999999999999,0.0024319999999999997,0.0034879999999999998,0.075359999999999996,0.002464,0.0050559999999999997,0.77876984126984128,1.8839999999999999,40,0.023498740752670746,2.0584945678710938,0.0011747560593843775,0.0022183889523148537,0.04999229838521712,0.0015888393390923738,0.056370902761839356,2.5858063697814941,0,0,0,0,75.457901000976562,1922.5643043518066,0.058672006358392537,0.01559461706415015,0.1588296020294975,0.015626956703108364,0
175,2.9166666666666665,1,0.094335999999999989,0.12249599999999999,0.002016,0.0037759999999999998,0.0014399999999999999,0.002464,0.0018879999999999999,0.075296000000000002,0.002496,0.00496,0.79816824966078703,1.8824000000000001,40,0.023200479468614098,2.0514235496520996,0.0011408115502554927,0.0021538634318858385,0.049171895425643979,0.0015881267609074712,0.056358260457673302,2.5877203941345215,0,0,0,0,75.831405639648438,1931.1688327789307,0.058934595726896077,0.015594802809492249,0.15861194304739584,0.015626944713167622,0
176,2.9333333333333331,1,0.094559999999999991,0.12255999999999999,0.0020799999999999998,0.0038399999999999997,0.001472,0.002496,0.0018879999999999999,0.075327999999999992,0.002464,0.0049919999999999999,0.79661590524534687,1.8831999999999998,40,0.023241472533793574,2.0514011383056641,0.0011078308551390179,0.002091248519718647,0.047666121564724842,0.0015874468954280019,0.056346195886288579,2.5895395278930664,0,0,0,0,76.204292297363281,1939.7590160369873,0.059196747315581888,0.015594986623547694,0.1583965688686948,0.015626932905347495,0
177,2.9500000000000002,1,0.094591999999999996,0.122208,0.0019199999999999998,0.0037759999999999998,0.0014399999999999999,0.0024319999999999997,0.0022719999999999997,0.075263999999999998,0.0025279999999999999,0.00496,0.79566982408660358,1.8815999999999999,40,0.022941963591090596,2.0574393272399902,0.0010753047962122769,0.0020304515492171049,0.046870652197786002,0.0015867243055254221,0.056333370315034804,2.5912737846374512,0,0,0,0,76.576553344726562,1948.3349018096924,0.059458462579641491,0.01559516850605918,0.1581834495614772,0.015626921185153422,0
178,2.9666666666666668,1,0.094591999999999996,0.12249599999999999,0.0021119999999999997,0.0040639999999999999,0.001472,0.002464,0.001696,0.075327999999999992,0.002464,0.0049919999999999999,0.79634641407307172,1.8831999999999998,40,0.022710550838199721,2.0647587776184082,0.0010440175078302058,0.0019893646240234375,0.04597059381202423,0.0015859359409660101,0.056319373948331669,2.5929625034332275,0,0,0,0,76.948196411132812,1956.896484375,0.059719741344451904,0.015595348516779723,0.15797255046403832,0.015626909642558345,0
179,2.9833333333333334,1,0.094687999999999994,0.122432,0.002176,0.0037439999999999999,0.0014399999999999999,0.0024319999999999997,0.0020799999999999998,0.075392000000000001,0.0024319999999999997,0.0049919999999999999,0.79621493747887806,1.8847999999999998,40,0.022624286093944731,2.0600078105926514,0.0010137298366240332,0.0019915103912353516,0.044807152473878613,0.0015851142816245556,0.05630478277419345,2.5946264266967773,0,0,0,0,77.319221496582031,1965.4438247680664,0.059980585472658277,0.015595526624362862,0.15776383427178345,0.015626898153625213,0
180,3,1,0.094367999999999994,0.122432,0.0021440000000000001,0.0039359999999999994,0.0015039999999999999,0.0024319999999999997,0.0015999999999999999,0.07510399999999999,0.0026559999999999999,0.0049919999999999999,0.79586300440827396,1.8775999999999997,40,0.022506671194262379,2.0590851306915283,0.00098421805785024025,0.0019619464874267578,0.043730058939197847,0.0015842793509364128,0.056289952050724165,2.5962939262390137,0,0,0,0,77.689628601074219,1973.9769439697266,0.060240995604544878,0.015595702918087337,0.1575572718262811,0.015626886838169058,0
181,3.0166666666666666,1,0.09465599999999999,0.122432,0.0020479999999999999,0.0037439999999999999,0.001472,0.0024319999999999997,0.0020799999999999998,0.075423999999999991,0.002496,0.00496,0.79682217714672077,1.8855999999999997,40,0.022181087920224059,2.0613527297973633,0.00095584196863504362,0.0019547939300537109,0.043092654971334174,0.0015833777142688632,0.056273932051507887,2.5978174209594727,0,0,0,0,78.059417724609375,1982.4958400726318,0.060500971681904048,0.015595877395075331,0.15735282827201108,0.015626875603511749,0
182,3.0333333333333332,1,0.094751999999999989,0.12249599999999999,0.0020479999999999999,0.0043200000000000001,0.001536,0.0024319999999999997,0.0015039999999999999,0.075359999999999996,0.002496,0.0050559999999999997,0.79533941236068906,1.8839999999999999,40,0.022118439779062547,2.0697700977325439,0.00092753033654934555,0.0019447803497314453,0.041934709039800878,0.00158253766130656,0.056259002147328561,2.5991978645324707,0,0,0,0,78.428596496582031,1991.0005378723145,0.060760514461435378,0.015596050052809401,0.15715046520733109,0.01562686447828918,0
183,3.0499999999999998,1,0.094591999999999996,0.12217599999999999,0.0019840000000000001,0.0038399999999999997,0.001472,0.0024319999999999997,0.0021440000000000001,0.075296000000000002,0.002464,0.00496,0.79600811907983771,1.8824000000000001,40,0.022040753012289745,2.06673264503479,0.00089946331086668784,0.0019267797470092773,0.04080910077641877,0.0015816359082236886,0.056242971262615363,2.6005425453186035,0,0,0,0,78.797157287597656,1999.4910697937012,0.061019624932669103,0.015596220978268382,0.15695015553326638,0.015626853460837881,0
184,3.0666666666666664,1,0.09465599999999999,0.12249599999999999,0.002016,0.0036799999999999997,0.001472,0.0023999999999999998,0.0022719999999999997,0.075392000000000001,0.002464,0.00496,0.79648411088573368,1.8847999999999998,40,0.021822681804016617,2.0653777122497559,0.00087276845582092799,0.0019279718399047852,0.039993638896402221,0.0015807198360562325,0.056226681140829085,2.602057933807373,0,0,0,0,79.165107727050781,2007.9674739837646,0.061278304259758443,0.015596390167903647,0.15675186366926261,0.015626842519838487,0
185,3.0833333333333335,1,0.094591999999999996,0.12249599999999999,0.0020799999999999998,0.0039359999999999994,0.001472,0.0024319999999999997,0.001856,0.075327999999999992,0.002496,0.0049919999999999999,0.79634641407307172,1.8831999999999998,40,0.021521832314103862,2.0643837451934814,0.00084575468350231485,0.0018886327743530273,0.039297522216454966,0.0015797625528648496,0.056209653136536072,2.603630542755127,0,0,0,0,79.532440185546875,2016.4297523498535,0.061536552500911057,0.01559655764718877,0.15655557107055926,0.015626831713214155,0
186,3.1000000000000001,1,0.094208,0.12297599999999999,0.002016,0.003872,0.001472,0.0023999999999999998,0.0017279999999999999,0.075296000000000002,0.002464,0.00496,0.79925271739130432,1.8824000000000001,40,0.021525613670233649,2.0692005157470703,0.00081920734800678731,0.0018442869186401367,0.03805732837896348,0.0015788294840604067,0.056193050888173113,2.6048767566680908,0,0,0,0,79.899162292480469,2024.8779773712158,0.061794371868018061,0.015596723471520592,0.15636124158299319,0.015626821009552649,0
187,3.1166666666666667,1,0.094559999999999991,0.122528,0.002016,0.0037759999999999998,0.0014399999999999999,0.0024319999999999997,0.0021440000000000001,0.075296000000000002,0.0025279999999999999,0.0049280000000000001,0.7962774957698816,1.8824000000000001,40,0.021378155005124411,2.072324275970459,0.00079332971640386208,0.0018084049224853516,0.037109363095818998,0.0015779183013364673,0.056176833327208242,2.606048583984375,0,0,0,0,80.265274047851562,2033.3120975494385,0.06205176078947261,0.01559688763493988,0.15616884543035264,0.015626810495336676,0
188,3.1333333333333333,1,0.094208,0.12249599999999999,0.002176,0.0038079999999999998,0.001472,0.0024319999999999997,0.001632,0.075263999999999998,0.0024319999999999997,0.0049919999999999999,0.79891304347826086,1.8815999999999999,40,0.021229709149513724,2.0757884979248047,0.00076848162872746614,0.0017831325531005859,0.036198405890316615,0.0015769611345604062,0.056159792281674371,2.6071593761444092,0,0,0,0,80.630775451660156,2041.7321872711182,0.062308721535373479,0.015597050191643385,0.15597835682181929,0.015626800021969148,0
189,3.1499999999999999,1,0.094432000000000002,0.12236799999999999,0.0019199999999999998,0.003872,0.0014399999999999999,0.0023999999999999998,0.0019199999999999998,0.075392000000000001,0.002496,0.0049919999999999999,0.79837343273466621,1.8847999999999998,40,0.021043842380921097,2.0714366436004639,0.00074435960456220801,0.0017721652984619141,0.035371848500303539,0.001575973117724061,0.056142196567716532,2.6082446575164795,0,0,0,0,80.99566650390625,2050.1382389068604,0.062565253872890025,0.015597211135588413,0.15578975130692416,0.015626789675958826,0
190,3.1666666666666665,1,0.09465599999999999,0.122304,0.0022079999999999999,0.003872,0.001472,0.0024319999999999997,0.001856,0.075296000000000002,0.002464,0.0050559999999999997,0.79546991210277229,1.8824000000000001,40,0.020872206636748523,2.0710544586181641,0.00072116768886616354,0.0017496347427368164,0.034551578633590381,0.0015750005841255188,0.056124871209215596,2.6094603538513184,0,0,0,0,81.359954833984375,2058.5303020477295,0.062821359315421432,0.015597370490490436,0.15560298740938647,0.015626779397581073,0
191,3.1833333333333331,1,0.096000000000000002,0.122528,0.0022719999999999997,0.0039039999999999999,0.0014399999999999999,0.002464,0.003104,0.075392000000000001,0.0023999999999999998,0.0050239999999999998,0.78533333333333333,1.8847999999999998,40,0.020706717189631865,2.0699148178100586,0.00069866769629609699,0.0017435550689697266,0.03374111356704719,0.0015739607624709606,0.056106341218635183,2.6107668876647949,0,0,0,0,81.7236328125,2066.9083633422852,0.063077037455514073,0.015597528336438128,0.1554180475078803,0.015626769243489994,0
192,3.2000000000000002,1,0.094719999999999999,0.122624,0.0020799999999999998,0.0038079999999999998,0.001472,0.0023999999999999998,0.0020479999999999999,0.075423999999999991,0.002496,0.0049919999999999999,0.79628378378378373,1.8855999999999997,40,0.02057091337522364,2.0696892738342285,0.00067702921715756981,0.0017386674880981445,0.032911966756566512,0.0015728961443528533,0.056087363003672286,2.6119177341461182,0,0,0,0,82.086708068847656,2075.2724723815918,0.063332289806567132,0.015597684609390452,0.15523489927264231,0.015626759125768681,0
193,3.2166666666666668,1,0.094624,0.12246399999999999,0.0020799999999999998,0.0040000000000000001,0.001536,0.002464,0.0017279999999999999,0.075359999999999996,0.0024319999999999997,0.0050239999999999998,0.79641528576259724,1.8839999999999999,40,0.020493219780908678,2.0734198093414307,0.00065555370214376014,0.001715540885925293,0.031988809428300222,0.0015718191862106323,0.056068158275631497,2.6128096580505371,0,0,0,0,82.449180603027344,2083.6226940155029,0.063587118347641081,0.015597839418093824,0.15505352621025348,0.015626749129540228,0
194,3.2333333333333334,1,0.094624,0.12239999999999999,0.0019840000000000001,0.004352,0.0014399999999999999,0.0024319999999999997,0.001632,0.075296000000000002,0.002496,0.0049919999999999999,0.79573892458572881,1.8824000000000001,40,0.020336531444307027,2.0816364288330078,0.00063477311314753316,0.0016885995864868164,0.031213440447595622,0.0015707470010966063,0.056049032125391897,2.6136186122894287,0,0,0,0,82.811042785644531,2091.9590225219727,0.063841522904112935,0.015597992697614662,0.1548739053993185,0.015626739281647727,0
195,3.25,1,0.094591999999999996,0.12236799999999999,0.0019840000000000001,0.004352,0.0015039999999999999,0.0024319999999999997,0.0015039999999999999,0.075392000000000001,0.002464,0.00496,0.79702300405953996,1.8847999999999998,40,0.020086597707937946,2.0813636779785156,0.00061485636964035695,0.0016837120056152344,0.030610279479902872,0.0015696521149948239,0.056029494286399265,2.6145365238189697,0,0,0,0,83.17230224609375,2100.2814960479736,0.064095504640135914,0.015598144498070537,0.15469600772773606,0.015626729494959954,0
196,3.2666666666666666,1,0.094591999999999996,0.122656,0.001952,0.0038079999999999998,0.001472,0.0023999999999999998,0.0022719999999999997,0.075296000000000002,0.002464,0.0049280000000000001,0.79600811907983771,1.8824000000000001,40,0.019981574355856679,2.0757272243499756,0.00059518403605185737,0.0016820430755615234,0.029786643707451738,0.0015684867976233363,0.056008692140119401,2.6154022216796875,0,0,0,0,83.532966613769531,2108.5900897979736,0.064349062799010426,0.015598294867920602,0.15451980597186843,0.015626719853382112,0
197,3.2833333333333332,1,0.094528000000000001,0.122208,0.0021440000000000001,0.0039359999999999994,0.0015039999999999999,0.002464,0.001632,0.075327999999999992,0.0025279999999999999,0.0049919999999999999,0.79688557887610012,1.8831999999999998,40,0.019980090821515022,2.0751879215240479,0.00057584459137793886,0.0016924142837524414,0.028820919610528305,0.001567360945045948,0.05598858714141567,2.6163234710693359,0,0,0,0,83.893028259277344,2116.8848667144775,0.06460219930158928,0.015598443855914046,0.15434527783750293,0.01562671027049474,0
198,3.2999999999999998,1,0.094751999999999989,0.122656,0.001952,0.0037759999999999998,0.001472,0.0023999999999999998,0.0022719999999999997,0.075359999999999996,0.002496,0.0050239999999999998,0.79533941236068906,1.8839999999999999,40,0.019856863497168697,2.0755538940429688,0.0005572423161949268,0.0016995668411254883,0.028062957489453533,0.0015661651268601418,0.055967224817032722,2.6172604560852051,0,0,0,0,84.252487182617188,2125.1657943725586,0.064854913158342242,0.015598591368546322,0.15417240325076817,0.015626700801543766,0
199,3.3166666666666664,1,0.094559999999999991,0.122656,0.0019199999999999998,0.0039359999999999994,0.001472,0.0024319999999999997,0.0020479999999999999,0.075263999999999998,0.0025279999999999999,0.00496,0.79593908629441634,1.8815999999999999,40,0.019679660501703881,2.0752725601196289,0.00053936785483797082,0.0016945600509643555,0.027407375995702359,0.0015649233246222138,0.055945032391128593,2.6181559562683105,0,0,0,0,84.611351013183594,2133.4329357147217,0.065107206290122122,0.015598737510459981,0.15400115045089846,0.015626691361153029,0
200,3.3333333333333335,1,0.094335999999999989,0.122624,0.0023040000000000001,0.003872,0.0015039999999999999,0.002496,0.001536,0.075200000000000003,0.002496,0.0049280000000000001,0.7971506105834465,1.8800000000000001,40,0.019521783978623433,2.0743918418884277,0.0005220328188487146,0.0016789436340332031,0.026741040645688236,0.0015636603347957134,0.055922452285208549,2.618915319442749,0,0,0,0,84.969612121582031,2141.6863136291504,0.065359079395420849,0.015598882217137592,0.15383150455611297,0.015626682087945046,0
201,3.3500000000000001,1,0.094399999999999998,0.12268799999999999,0.0020479999999999999,0.003712,0.0014399999999999999,0.0024319999999999997,0.0019199999999999998,0.075392000000000001,0.002496,0.00496,0.79864406779661024,1.8847999999999998,40,0.019490191397106824,2.0762629508972168,0.00050485639389464165,0.0016489028930664062,0.025903100878197836,0.0015623768558725715,0.055899496524970088,2.6193933486938477,0,0,0,0,85.327278137207031,2149.9258899688721,0.065610531310085207,0.015599025618322861,0.15366343615969902,0.015626672868949823,0
202,3.3666666666666667,1,0.094559999999999991,0.12239999999999999,0.002016,0.003872,0.001472,0.0024319999999999997,0.0019840000000000001,0.075327999999999992,0.002464,0.0049919999999999999,0.79661590524534687,1.8831999999999998,40,0.019364938607460448,2.0756850242614746,0.00048804657307575608,0.0016251802444458008,0.025202588191409678,0.0015611164271831512,0.055876943853134117,2.6197586059570312,0,0,0,0,85.684349060058594,2158.1517753601074,0.065861565410159528,0.015599167705425415,0.15349693032434972,0.015626663675665897,0
203,3.3833333333333333,1,0.094495999999999997,0.12278399999999999,0.0021119999999999997,0.003872,0.0015039999999999999,0.002464,0.001856,0.075200000000000003,0.0025279999999999999,0.00496,0.79580088046054864,1.8800000000000001,40,0.019285635046803629,2.0808396339416504,0.00047181303448809529,0.0015954971313476562,0.024464480082873538,0.001559859374538064,0.055854442518712223,2.6200461387634277,0,0,0,0,86.040824890136719,2166.3639717102051,0.066112181753851473,0.015599308496130839,0.15333196473429639,0.015626654562651991,0
204,3.3999999999999999,1,0.09423999999999999,0.122208,0.0021119999999999997,0.003872,0.0015039999999999999,0.0024319999999999997,0.001536,0.075263999999999998,0.002496,0.0050239999999999998,0.79864176570458412,1.8815999999999999,40,0.01915950452258049,2.0811243057250977,0.00045608517631275103,0.0015773773193359375,0.023804643579129644,0.0015586132649332285,0.055832128115149406,2.6205132007598877,0,0,0,0,86.396705627441406,2174.5625190734863,0.066362381563521922,0.015599447953436216,0.15316851549562929,0.015626645583616174,0
205,3.4166666666666665,1,0.094624,0.122528,0.001952,0.0037759999999999998,0.001472,0.0024319999999999997,0.0022079999999999999,0.075359999999999996,0.002464,0.00496,0.79641528576259724,1.8839999999999999,40,0.018980519895255045,2.0803170204162598,0.00044075122801004902,0.0015472173690795898,0.023221241064120313,0.001557379262521863,0.055810021725884736,2.6210966110229492,0,0,0,0,86.751998901367188,2182.7473564147949,0.066612162976525724,0.015599586176193564,0.1530065599618628,0.015626636655004581,0
206,3.4333333333333331,1,0.094719999999999999,0.122528,0.0019199999999999998,0.0037439999999999999,0.0014399999999999999,0.0024319999999999997,0.002336,0.075392000000000001,0.0024319999999999997,0.0050239999999999998,0.79594594594594592,1.8847999999999998,40,0.018793240713854669,2.077181339263916,0.00042572476394634341,0.0015280246734619141,0.022653078861087139,0.0015561091713607311,0.055787259681054975,2.6217551231384277,0,0,0,0,87.106697082519531,2191.4103145599365,0.066876535478513688,0.015599728745058911,0.15283632798043922,0.015626627465151751,0
207,3.4499999999999997,1,0.09465599999999999,0.12259199999999999,0.0019840000000000001,0.0037759999999999998,0.001472,0.0024319999999999997,0.002176,0.075392000000000001,0.002496,0.0049280000000000001,0.79648411088573368,1.8847999999999998,40,0.018666827298153804,2.0789628028869629,0.00041143244918768524,0.0015180110931396484,0.022040834396554198,0.0015548714436590672,0.055765068701814885,2.6223526000976562,0,0,0,0,87.460807800292969,2200.0588569641113,0.067140468047000468,0.015599870026511038,0.15268166142640696,0.015626618358274547,0
208,3.4666666666666668,1,0.096031999999999992,0.12255999999999999,0.002176,0.0037439999999999999,0.0014399999999999999,0.0024319999999999997,0.003424,0.075359999999999996,0.0024319999999999997,0.0050239999999999998,0.78473842052649123,1.8839999999999999,40,0.01859528561019123,2.0726969242095947,0.00039740692347155188,0.0015318393707275391,0.02137138045643952,0.0015536892460659146,0.055743865062729811,2.6228208541870117,0,0,0,0,87.814323425292969,2208.6930313110352,0.067403962137177587,0.015600009904047186,0.15254233484701663,0.015626609360171573,0
209,3.4833333333333334,1,0.096575999999999995,0.122752,0.0020479999999999999,0.0044159999999999998,0.0014399999999999999,0.0023999999999999998,0.003424,0.075359999999999996,0.002464,0.0050239999999999998,0.78031809145129227,1.8839999999999999,40,0.018480666168096179,2.0717885494232178,0.00038433832943211989,0.00151824951171875,0.020796778965447502,0.0015525672351941466,0.05572373345701357,2.6233618259429932,0,0,0,0,88.167251586914062,2217.3127784729004,0.067667015944607556,0.015600148503650223,0.15241811393297183,0.015626600469439898,0
210,3.5,1,0.094303999999999999,0.122432,0.0018879999999999999,0.0036479999999999998,0.0014399999999999999,0.0023999999999999998,0.0022079999999999999,0.075296000000000002,0.002464,0.00496,0.7984390906006108,1.8824000000000001,40,0.018295523520283911,2.0701918601989746,0.00037140302238417808,0.0014754533767700195,0.020300212889366648,0.0015514642000198364,0.055703935229386381,2.6239316463470459,0,0,0,0,88.51959228515625,2225.9181480407715,0.067929630982689559,0.015600285843411919,0.15230877237491977,0.015626591631068699,0
211,3.5166666666666666,1,0.094559999999999991,0.12236799999999999,0.0019840000000000001,0.0038399999999999997,0.001472,0.0024319999999999997,0.0020479999999999999,0.075263999999999998,0.0025279999999999999,0.0049919999999999999,0.79593908629441634,1.8815999999999999,40,0.018154036474899722,2.0694131851196289,0.00035940709190000769,0.0014281272888183594,0.01979764072838203,0.0015504226321354508,0.055685233808173078,2.6244707107543945,0,0,0,0,88.871345520019531,2234.509220123291,0.068191809696145356,0.015600421888070688,0.15221409418103837,0.015626582897574896,0
212,3.5333333333333332,1,0.094367999999999994,0.122528,0.0020799999999999998,0.003872,0.0014399999999999999,0.0024319999999999997,0.001856,0.075263999999999998,0.0024319999999999997,0.0049919999999999999,0.79755849440488302,1.8815999999999999,40,0.018093942747269189,2.0697305202484131,0.00034728503954289757,0.0013929605484008789,0.019193441937651275,0.0015494081890210509,0.055667013374547963,2.6250429153442383,0,0,0,0,89.222518920898438,2243.0860023498535,0.068453552317805588,0.015600556655191954,0.15213386565215473,0.01562657426758108,0
213,3.5499999999999998,1,0.094528000000000001,0.12255999999999999,0.0020479999999999999,0.003872,0.0014399999999999999,0.002464,0.0019840000000000001,0.075296000000000002,0.002464,0.00496,0.79654705484089372,1.8824000000000001,40,0.018047643597138806,2.0859885215759277,0.00033691550635058898,0.0013926029205322266,0.018668116119270113,0.001548346015624702,0.055647929262906126,2.626206636428833,0,0,0,0,89.573104858398438,2251.1624488830566,0.068700025905855,0.015600684939709146,0.15198262421719008,0.015626565998365417,0
214,3.5666666666666664,1,0.094624,0.12268799999999999,0.0020479999999999999,0.003712,0.001472,0.0024319999999999997,0.0022079999999999999,0.075359999999999996,0.0023999999999999998,0.0049919999999999999,0.79641528576259724,1.8839999999999999,40,0.017914357737750582,2.0828042030334473,0.00032830126880977357,0.0014004707336425781,0.018326153447184468,0.0015471511287614703,0.05562645285763726,2.6274845600128174,0,0,0,0,89.923103332519531,2259.2254314422607,0.068946088606026024,0.015600812083733625,0.15183271334235873,0.015626557771173156,0
215,3.5833333333333335,1,0.094591999999999996,0.12255999999999999,0.0019840000000000001,0.0037439999999999999,0.0014399999999999999,0.0024319999999999997,0.0022719999999999997,0.075200000000000003,0.0025599999999999998,0.00496,0.79499323410013534,1.8800000000000001,40,0.017811272117681798,2.083104133605957,0.00032021820868661485,0.0014089345932006836,0.017978401911490891,0.0015458471607416868,0.05560300640687852,2.6284589767456055,0,0,0,0,90.27252197265625,2267.2749996185303,0.069191741931717843,0.015600938154802612,0.15168411744445948,0.015626549690531944,0
216,3.6000000000000001,1,0.094559999999999991,0.122336,0.0021119999999999997,0.0041599999999999996,0.0015039999999999999,0.002464,0.0015679999999999999,0.075327999999999992,0.002496,0.0049280000000000001,0.79661590524534687,1.8831999999999998,40,0.017781550787843776,2.0822958946228027,0.00031285308979385267,0.0014116764068603516,0.017594252240796249,0.0015444576274603605,0.055578010534029741,2.6291241645812988,0,0,0,0,90.621360778808594,2275.3111362457275,0.069436985359061509,0.015601063061567942,0.15153681313167439,0.015626541597577519,0
217,3.6166666666666667,1,0.09423999999999999,0.12249599999999999,0.002016,0.003872,0.0014399999999999999,0.002464,0.001696,0.075263999999999998,0.002496,0.0049919999999999999,0.79864176570458412,1.8815999999999999,40,0.017601352981045482,2.0824532508850098,0.00030737731004516528,0.0014224052429199219,0.017463277418285589,0.0015429812483489513,0.055551440095625806,2.6295180320739746,0,0,0,0,90.969619750976562,2283.3339099884033,0.069681820983532816,0.015601186871451638,0.15139079021305676,0.015626533648876267,0
218,3.6333333333333333,1,0.094559999999999991,0.12239999999999999,0.002016,0.0037759999999999998,0.0014399999999999999,0.0024319999999999997,0.0021119999999999997,0.075296000000000002,0.002464,0.0050239999999999998,0.7962774957698816,1.8824000000000001,40,0.017438936009196958,2.074221134185791,0.00030232426528016581,0.001427769660949707,0.017336164610084345,0.0015414297813549638,0.055523504596791506,2.6296532154083252,0,0,0,0,91.317298889160156,2291.3432960510254,0.069926248048432171,0.015601309597885148,0.1512460258435121,0.01562652573873851,0
219,3.6499999999999999,1,0.094335999999999989,0.122432,0.0020799999999999998,0.0037439999999999999,0.001472,0.0024319999999999997,0.0018239999999999999,0.075263999999999998,0.0025599999999999998,0.00496,0.79782903663500682,1.8815999999999999,40,0.017388104854689442,2.0773754119873047,0.00029765487795970993,0.0014202594757080078,0.01711830475185078,0.0015398649265989661,0.05549531379493166,2.629584789276123,0,0,0,0,91.664398193359375,2299.3394203186035,0.070170270395465195,0.015601431281547101,0.1511025131528608,0.015626517892462496,0
220,3.6666666666666665,1,0.09465599999999999,0.12259199999999999,0.0022719999999999997,0.0038399999999999997,0.0015039999999999999,0.0024319999999999997,0.0017279999999999999,0.075359999999999996,0.0024319999999999997,0.0050879999999999996,0.79614604462474647,1.8839999999999999,40,0.017443844386127824,2.0838029384613037,0.00029333551342326537,0.0014212131500244141,0.016815990038098468,0.0015383327845484018,0.055467698429778063,2.6295270919799805,0,0,0,0,92.010917663574219,2307.3222026824951,0.070413885579910129,0.01560155193456291,0.15096022931391009,0.015626510160967062,0
221,3.6833333333333331,1,0.094528000000000001,0.12287999999999999,0.001952,0.0037759999999999998,0.0014399999999999999,0.0023999999999999998,0.0022719999999999997,0.075263999999999998,0.002496,0.0049280000000000001,0.79620853080568721,1.8815999999999999,40,0.017492730951854437,2.0841054916381836,0.00028978868636554391,0.0014153718948364258,0.016566234692749496,0.0015368156600743532,0.055440340187887613,2.6294469833374023,0,0,0,0,92.356857299804688,2315.2917041778564,0.070657095464412123,0.015601671570293891,0.15081916928802688,0.01562650249140389,0
222,3.6999999999999997,1,0.094528000000000001,0.12268799999999999,0.0021119999999999997,0.004032,0.001472,0.0024319999999999997,0.0017279999999999999,0.075327999999999992,0.002496,0.0049280000000000001,0.79688557887610012,1.8831999999999998,40,0.017391949098211873,2.0817570686340332,0.00028657342941589399,0.0014123916625976562,0.016477361323772366,0.0015352792106568813,0.055412619693656087,2.6294064521789551,0,0,0,0,92.702224731445312,2323.2479629516602,0.070899901213124394,0.015601790201641701,0.15067930691611386,0.015626494882979566,0
223,3.7166666666666668,1,0.094528000000000001,0.122432,0.002016,0.0037759999999999998,0.0015039999999999999,0.0024319999999999997,0.0020799999999999998,0.075327999999999992,0.002464,0.0049280000000000001,0.79688557887610012,1.8831999999999998,40,0.017511171577300762,2.0810668468475342,0.00028323168890889846,0.001408696174621582,0.016174342627996618,0.001533765927888453,0.055385303608239851,2.6292886734008789,0,0,0,0,93.047012329101562,2331.1909332275391,0.071142301429063082,0.015601907814890036,0.15054062876944593,0.015626487309399313,0
224,3.7333333333333334,1,0.094719999999999999,0.12249599999999999,0.0020799999999999998,0.003872,0.0014399999999999999,0.0024319999999999997,0.002016,0.075392000000000001,0.002496,0.0049919999999999999,0.79594594594594592,1.8847999999999998,40,0.017366454445425703,2.0802230834960938,0.00028104845915975318,0.0013998746871948242,0.01618341038137355,0.0015322123654186726,0.05535724641668284,2.6291205883026123,0,0,0,0,93.391227722167969,2339.120662689209,0.071384297567419708,0.015602024422883241,0.15040312284597021,0.015626479821112222,0
225,3.75,1,0.094624,0.122528,0.0019199999999999998,0.0037759999999999998,0.001472,0.0023999999999999998,0.0023040000000000001,0.075296000000000002,0.002464,0.0049919999999999999,0.79573892458572881,1.8824000000000001,40,0.017368534069179233,2.0765461921691895,0.0002798424932491667,0.0013928413391113281,0.016112038709458622,0.0015306812711060047,0.055329581077503284,2.6289196014404297,0,0,0,0,93.734870910644531,2347.0372352600098,0.071625892189331353,0.01560214003860136,0.15026677581123365,0.015626472417074391,0
226,3.7666666666666666,1,0.096031999999999992,0.12236799999999999,0.002016,0.0038399999999999997,0.001472,0.0024319999999999997,0.0034879999999999998,0.075263999999999998,0.002464,0.0050559999999999997,0.78373875374875046,1.8815999999999999,40,0.01727001717959559,2.0726141929626465,0.00027888984628186923,0.0013862848281860352,0.016148788005340014,0.001529114437289536,0.055301255632933616,2.6287040710449219,0,0,0,0,94.07794189453125,2354.4488410949707,0.071852076449431479,0.015602249948139971,0.15014007590301853,0.015626465326401946,0
227,3.7833333333333332,1,0.09391999999999999,0.122432,0.0020479999999999999,0.003712,0.001472,0.0023999999999999998,0.001536,0.075263999999999998,0.002496,0.0049919999999999999,0.80136286201022155,1.8815999999999999,40,0.017176729960947382,2.0709848403930664,0.00027860265570248219,0.0013614892959594727,0.016219772700386322,0.001527476473711431,0.055271628774832229,2.6284866333007812,0,0,0,0,94.420440673828125,2361.8481216430664,0.072077884571626782,0.015602358974017809,0.15000139162830137,0.015626458313077556,0
228,3.7999999999999998,1,0.094463999999999992,0.12246399999999999,0.0020479999999999999,0.003872,0.001472,0.0023999999999999998,0.001856,0.075296000000000002,0.002496,0.0050239999999999998,0.79708672086720878,1.8824000000000001,40,0.017114390047571953,2.0704967975616455,0.0002793239641691268,0.001354217529296875,0.01632100024556557,0.0015257834456861019,0.055240989232382541,2.628204345703125,0,0,0,0,94.762367248535156,2369.2350463867188,0.072303315624594688,0.015602467176240876,0.14985087277346504,0.015626451376285769,0
229,3.8166666666666664,1,0.09465599999999999,0.12246399999999999,0.0020479999999999999,0.003872,0.0014399999999999999,0.002464,0.001952,0.075423999999999991,0.002496,0.00496,0.79682217714672077,1.8855999999999997,40,0.017032123912910743,2.0694317817687988,0.00028112668298471358,0.0013737678527832031,0.016505673891417209,0.0015239841304719448,0.055208407520448276,2.627899169921875,0,0,0,0,95.103729248046875,2376.6096668243408,0.072528371179942042,0.015602574514503519,0.14968866659679422,0.015626444465014076,0
230,3.8333333333333335,1,0.094687999999999994,0.12246399999999999,0.0019840000000000001,0.0039039999999999999,0.001472,0.0024319999999999997,0.0020479999999999999,0.075359999999999996,0.002464,0.0050239999999999998,0.79587698546806351,1.8839999999999999,40,0.016920860190421792,2.0684282779693604,0.00028459382247647492,0.0014433860778808594,0.016819110806055349,0.0015221000649034977,0.055174270541684514,2.6275546550750732,0,0,0,0,95.44451904296875,2383.9720230102539,0.072753052460029721,0.015602681023862744,0.14951493257846693,0.015626437553892231,0
231,3.8500000000000001,1,0.094528000000000001,0.12255999999999999,0.002016,0.0039359999999999994,0.001472,0.002464,0.001856,0.075359999999999996,0.002496,0.0049280000000000001,0.79722410291130663,1.8839999999999999,40,0.016819021441696558,2.0670416355133057,0.00028901096815087975,0.0014818906784057617,0.017183578078709363,0.0015201057540252805,0.055138113025842303,2.6271731853485107,0,0,0,0,95.784744262695312,2391.3221797943115,0.072977361443918198,0.015602786664364949,0.1493298107253683,0.015626430792326083,0
232,3.8666666666666667,1,0.094399999999999998,0.122336,0.0021119999999999997,0.0038399999999999997,0.0015039999999999999,0.0024319999999999997,0.001792,0.075327999999999992,0.0024319999999999997,0.00496,0.79796610169491522,1.8831999999999998,40,0.016820018129268907,2.0655055046081543,0.00029332151227154363,0.0015020370483398438,0.017438834489787381,0.0015180300688371062,0.055100454967942074,2.6266355514526367,0,0,0,0,96.124404907226562,2398.6600475311279,0.07320129539584741,0.015602891494481241,0.14913343808069141,0.015626424079494279,0
233,3.8833333333333333,1,0.096063999999999997,0.12255999999999999,0.0020479999999999999,0.0037759999999999998,0.0014399999999999999,0.0024319999999999997,0.0034879999999999998,0.075392000000000001,0.002496,0.0049919999999999999,0.78481012658227856,1.8847999999999998,40,0.016553052333714957,2.0412874221801758,0.00029760350235483234,0.0015012025833129883,0.017978768891383189,0.0015159001341089606,0.055061785915623197,2.6255431175231934,0,0,0,0,96.463493347167969,2406.4717273712158,0.07343968894565478,0.015602999968080762,0.14900633647711886,0.015626417078996917,0
234,3.8999999999999999,1,0.09465599999999999,0.12214399999999999,0.0020799999999999998,0.0038399999999999997,0.0014399999999999999,0.0024319999999999997,0.001952,0.075392000000000001,0.002496,0.0050239999999999998,0.79648411088573368,1.8847999999999998,40,0.016451108295155226,2.0381088256835938,0.00030267432290336877,0.0015054941177368164,0.018398415320899988,0.0015138286398723722,0.055024151785781711,2.6242499351501465,0,0,0,0,96.802017211914062,2414.2704010009766,0.07367768557742238,0.015603107572408324,0.14888026713715649,0.015626410180774909,0
235,3.9166666666666665,1,0.094687999999999994,0.122656,0.0020479999999999999,0.0038399999999999997,0.001472,0.0024319999999999997,0.002016,0.075392000000000001,0.002496,0.0049919999999999999,0.79621493747887806,1.8847999999999998,40,0.016377552299593791,2.0364127159118652,0.00030739705073492239,0.0014997720718383789,0.018769413469834972,0.0015118133742362261,0.054987514478038124,2.6229686737060547,0,0,0,0,97.139984130859375,2422.0560741424561,0.073915285465773195,0.015603214268427441,0.14875521540625819,0.015626403285289435,0
236,3.9333333333333331,1,0.094624,0.122528,0.0021119999999999997,0.0039359999999999994,0.001472,0.0024319999999999997,0.001856,0.075359999999999996,0.002464,0.0049919999999999999,0.79641528576259724,1.8839999999999999,40,0.016334895379856319,2.035172700881958,0.00031153681198529563,0.0014749765396118164,0.019071858419703935,0.0015099024167284369,0.054952750918010225,2.6216995716094971,0,0,0,0,97.477386474609375,2429.828784942627,0.074152489774860442,0.015603320066922291,0.14863117143017537,0.015626396490503135,0
237,3.9499999999999997,1,0.094624,0.12272,0.0021119999999999997,0.0037759999999999998,0.0015039999999999999,0.002464,0.0019199999999999998,0.075423999999999991,0.002464,0.00496,0.79709164693946555,1.8855999999999997,40,0.016367893816870774,2.0429062843322754,0.00031515902802127228,0.0014573335647583008,0.019254708733290441,0.0015080589801073074,0.054919194824893554,2.6206107139587402,0,0,0,0,97.814224243164062,2437.5885791778564,0.074389299901667982,0.015603425076380824,0.1485081275497229,0.015626389746413626,0
238,3.9666666666666668,1,0.096319999999999989,0.122304,0.0020799999999999998,0.0042880000000000001,0.0014399999999999999,0.0023999999999999998,0.0033279999999999998,0.075359999999999996,0.002464,0.00496,0.78239202657807316,1.8839999999999999,40,0.016266364757437653,2.0408303737640381,0.00031928476319940111,0.0014500617980957031,0.019628525977410591,0.0015062459278851748,0.054886171808301125,2.6196856498718262,0,0,0,0,98.150505065917969,2445.3354339599609,0.074625715147703886,0.01560352923265315,0.14838606320198314,0.015626383076819187,0
239,3.9833333333333334,1,0.094591999999999996,0.12259199999999999,0.0020479999999999999,0.0038079999999999998,0.001472,0.0023999999999999998,0.0021119999999999997,0.075296000000000002,0.002496,0.00496,0.79600811907983771,1.8824000000000001,40,0.016145751128384813,2.0370519161224365,0.00032405910148438781,0.0014411211013793945,0.02007085944206586,0.0015044439351186156,0.054853330530034647,2.6188926696777344,0,0,0,0,98.486221313476562,2453.0693759918213,0.074861736327875406,0.015603632570001212,0.14826497501317218,0.015626376407999559,0
240,4,1,0.094335999999999989,0.122304,0.002016,0.0037759999999999998,0.001472,0.0023999999999999998,0.0018239999999999999,0.075423999999999991,0.002464,0.00496,0.79952510176390768,1.8855999999999997,40,0.016045333186036057,2.0273680686950684,0.00032874611002483683,0.0014324188232421875,0.020488581085429763,0.0015026436885818839,0.054820501431159567,2.6183080673217773,0,0,0,0,98.821380615234375,2460.7904434204102,0.075097364606335759,0.01560373507388098,0.14814484429640629,0.015626369812486468,0
241,4.0166666666666666,0,0.096416000000000002,0.122208,0.002496,0.0044799999999999996,0.001472,0.0024319999999999997,0.0026879999999999999,0.075296000000000002,0.002496,0.0050559999999999997,0.78094922004646528,1.8824000000000001,40,0.01588277964253177,2.0236902236938477,0.0003323713300381333,0.0014070272445678711,0.020926521523228294,0.0015008390182629228,0.054787571916684222,2.6177735328674316,0,0,0,0,98.656814575195312,2467.5003299713135,0.075302134093362838,0.015603828143136416,0.14817405875592513,0.0156263637927395,0
242,4.0333333333333332,0,0.094528000000000001,0.122112,0.000736,0.00496,0.0015039999999999999,0.0024319999999999997,0.002176,0.075263999999999998,0.002496,0.00496,0.79620853080568721,1.8815999999999999,40,0.015829527453811425,2.0220327377319336,0.00033588238580438211,0.001398921012878418,0.021218724739853718,0.0014990093186497688,0.054754165478980113,2.6172113418579102,0,0,0,0,98.492523193359375,2473.7007083892822,0.075491354626137763,0.015603916341799945,0.14826754712174309,0.015626358157596033,0
243,4.0499999999999998,0,0.094495999999999997,0.12255999999999999,0.00070399999999999998,0.0045760000000000002,0.001472,0.0024319999999999997,0.0025919999999999997,0.075296000000000002,0.002464,0.00496,0.79681679647815784,1.8824000000000001,40,0.015692427553524624,2.0197632312774658,0.00033961776754929302,0.0013885498046875,0.021642143409036328,0.0014970462070778012,0.054718300541551933,2.6166172027587891,0,0,0,0,98.328506469726562,2479.3932723999023,0.075665077893063426,0.01560399979917166,0.1484183982149033,0.015626352779572382,0
244,4.0666666666666664,0,0.094528000000000001,0.122528,0.00067199999999999996,0.00464,0.0015039999999999999,0.0024319999999999997,0.002464,0.075296000000000002,0.002464,0.0050559999999999997,0.79654705484089372,1.8824000000000001,40,0.01560539966440843,2.0188417434692383,0.00034299044205698682,0.00138092041015625,0.021978959170091138,0.0014949081232771277,0.05467921219763737,2.6160068511962891,0,0,0,0,98.164756774902344,2484.5796585083008,0.07582335383631289,0.015604078540824127,0.14861987824796397,0.015626347676705829,0
245,4.083333333333333,0,0.094432000000000002,0.12259199999999999,0.00070399999999999998,0.0051199999999999996,0.0014399999999999999,0.002464,0.0020479999999999999,0.075167999999999999,0.0025279999999999999,0.00496,0.79600135547272111,1.8791999999999998,40,0.01550457834878995,2.0184016227722168,0.00034638824824920661,0.0013746023178100586,0.02234102988529452,0.0014925353461876512,0.054635800464304558,2.6153826713562012,0,0,0,0,98.00128173828125,2489.2615661621094,0.075966234318912029,0.015604152658500858,0.14886539291442932,0.015626342891136222,0
246,4.0999999999999996,0,0.094624,0.122656,0.00067199999999999996,0.0047039999999999998,0.001472,0.002464,0.0023999999999999998,0.075455999999999995,0.0023999999999999998,0.0050559999999999997,0.79742982752789981,1.8863999999999996,40,0.015497408469439424,2.0158557891845703,0.00034876384462705339,0.0013458728790283203,0.02250465587938839,0.0014899366069585085,0.054588214972803584,2.6147007942199707,0,0,0,0,97.838081359863281,2493.4406852722168,0.076093770912848413,0.015604222285127169,0.14914848925502269,0.015626338417264421,0
247,4.1166666666666663,0,0.09465599999999999,0.122304,0.000736,0.0045119999999999995,0.001472,0.0024319999999999997,0.0026879999999999999,0.075296000000000002,0.002464,0.0050559999999999997,0.79546991210277229,1.8824000000000001,40,0.015364943322649318,2.0112285614013672,0.0003516291136828123,0.0013079643249511719,0.022885155271902574,0.0014870080631226301,0.054534540671442901,2.6139621734619141,0,0,0,0,97.675155639648438,2497.1186466217041,0.076206013385672122,0.015604287498835528,0.14946282971630204,0.015626334249951704,0
248,4.1333333333333329,0,0.094624,0.122656,0.00070399999999999998,0.00464,0.0015039999999999999,0.0024319999999999997,0.0025279999999999999,0.075551999999999994,0.0023040000000000001,0.00496,0.7984443692932025,1.8887999999999998,40,0.015270894493935988,2.012592077255249,0.00035535411430377055,0.0012868642807006836,0.023270026156285754,0.0014836833579465747,0.054473541429699145,2.6133358478546143,0,0,0,0,97.512496948242188,2500.2970676422119,0.076303011097479612,0.015604348276317834,0.14980219822258303,0.015626330336800668,0
249,4.1500000000000004,0,0.094528000000000001,0.12249599999999999,0.000736,0.0044479999999999997,0.001472,0.0024319999999999997,0.0026879999999999999,0.075296000000000002,0.0025279999999999999,0.0049280000000000001,0.79654705484089372,1.8824000000000001,40,0.015098450820692793,2.0110607147216797,0.0003601294485587496,0.0012335777282714844,0.023852079450772754,0.0014798640040680766,0.054403382322573961,2.612612247467041,0,0,0,0,97.350112915039062,2502.977653503418,0.076384816085919738,0.01560440473252154,0.15016045903183239,0.01562632667359632,0
250,4.166666666666667,0,0.09465599999999999,0.122336,0.00070399999999999998,0.0047359999999999998,0.001472,0.0024319999999999997,0.0024319999999999997,0.075359999999999996,0.002464,0.0050559999999999997,0.79614604462474647,1.8839999999999999,40,0.015077499133608068,2.0117142200469971,0.00036546634483548851,0.0011533498764038086,0.024239188581404471,0.0014754509320482612,0.054322204153518315,2.6118059158325195,0,0,0,0,97.187995910644531,2505.162015914917,0.076451477536465973,0.015604456975777834,0.15053157104932693,0.015626323304086545,0
251,4.1833333333333336,0,0.094399999999999998,0.12249599999999999,0.00070399999999999998,0.0046080000000000001,0.0014399999999999999,0.002464,0.0025279999999999999,0.075231999999999993,0.002464,0.00496,0.79694915254237286,1.8808,40,0.01503097995086221,2.0035779476165771,0.00037105307973300024,0.0012078285217285156,0.024685887476798597,0.001470434945076704,0.05422978784905403,2.6110167503356934,0,0,0,0,97.026145935058594,2506.3608722686768,0.076488063728902489,0.015604501023392912,0.15091157053859733,0.0156263204594509,0
252,4.2000000000000002,0,0.094528000000000001,0.12214399999999999,0.00067199999999999996,0.0045439999999999994,0.001472,0.0024319999999999997,0.0025919999999999997,0.075455999999999995,0.0023999999999999998,0.00496,0.79823967501692616,1.8863999999999996,40,0.015003045277900424,2.0018889904022217,0.00037743570028863532,0.0013322830200195312,0.025157272626817995,0.0014647240750491619,0.054124376671683933,2.6101288795471191,0,0,0,0,96.864570617675781,2506.5776195526123,0.076494678331073374,0.015604536919254286,0.1512764120469372,0.015626318133794628,0
253,4.2166666666666668,0,0.094719999999999999,0.122304,0.000736,0.0044159999999999998,0.0014399999999999999,0.002464,0.0027519999999999997,0.075327999999999992,0.002464,0.0051199999999999996,0.7952702702702702,1.8831999999999998,40,0.014878897460964699,1.9986038208007812,0.00038619002511061022,0.0014564990997314453,0.025955553906046674,0.0014580819988623261,0.054001518476100768,2.6092419624328613,0,0,0,0,96.703262329101562,2505.8153762817383,0.07647141651250422,0.015604564780688541,0.15160217045115815,0.015626316322610374,0
254,4.2333333333333334,0,0.094624,0.12249599999999999,0.00076800000000000002,0.0044159999999999998,0.0014399999999999999,0.0023999999999999998,0.0028799999999999997,0.075263999999999998,0.002464,0.0049919999999999999,0.79540074399729455,1.8815999999999999,40,0.014806332570713177,1.9963693618774414,0.00039813550576957193,0.0015735626220703125,0.0268895422865944,0.001450288575142622,0.053857006510622592,2.6083312034606934,0,0,0,0,96.542221069335938,2504.0774326324463,0.076418378681410104,0.015604584636057931,0.15186493934604867,0.015626315093924925,0
255,4.25,0,0.094463999999999992,0.122656,0.00070399999999999998,0.0043839999999999999,0.0014399999999999999,0.0023999999999999998,0.0028479999999999998,0.075296000000000002,0.002464,0.0049280000000000001,0.79708672086720878,1.8824000000000001,40,0.014698077077263283,1.9894254207611084,0.00041347886001124175,0.0016489028930664062,0.028131493516989344,0.001441149041056633,0.05368703830640377,2.6072959899902344,0,0,0,0,96.381446838378906,2501.3670539855957,0.076335664489306509,0.015604596566202627,0.15204073595967532,0.015626314302825725,0
256,4.2666666666666666,0,0.094591999999999996,0.122656,0.00070399999999999998,0.0045760000000000002,0.001472,0.002464,0.002496,0.075392000000000001,0.002464,0.0050239999999999998,0.79702300405953996,1.8847999999999998,40,0.014668113190153105,1.9928677082061768,0.00043260205306053424,0.00174713134765625,0.029492685763493127,0.00143054174259305,0.053489096881384153,2.6061577796936035,0,0,0,0,96.220939636230469,2497.6874828338623,0.076223372889216989,0.015604600585739262,0.15210540659959526,0.015626314043563284,0
257,4.2833333333333332,0,0.096192,0.12272,0.0023999999999999998,0.0046080000000000001,0.0014399999999999999,0.002464,0.0025279999999999999,0.075359999999999996,0.002464,0.0049280000000000001,0.78343313373253487,1.8839999999999999,40,0.014402013027850909,1.9654248952865601,0.00045340436422457522,0.0018126964569091797,0.031482013198278085,0.0014182594604790211,0.05325897972133941,2.6040892601013184,0,0,0,0,96.060707092285156,2493.5281829833984,0.076096441131085157,0.015604600621567259,0.15210540532484904,0.015626314060197755,0
258,4.2999999999999998,0,0.096255999999999994,0.122944,0.0023679999999999999,0.0046080000000000001,0.001472,0.0024319999999999997,0.0025279999999999999,0.075392000000000001,0.002496,0.00496,0.78324468085106391,1.8847999999999998,40,0.014175039313093002,1.9226924180984497,0.00047522285013972996,0.0018858909606933594,0.033525328547116109,0.0014044764684513211,0.052999556006655776,2.5999677181243896,0,0,0,0,95.900733947753906,2489.3756370544434,0.07596971548628062,0.015604600664973184,0.15210540677858631,0.015626314073322593,0
259,4.3166666666666664,0,0.096192,0.12236799999999999,0.0023040000000000001,0.0047359999999999998,0.001472,0.002496,0.0023679999999999999,0.075327999999999992,0.002464,0.0050239999999999998,0.78310046573519621,1.8831999999999998,40,0.01403916759055596,1.891755223274231,0.00049861813054765292,0.001952052116394043,0.035516217562861024,0.0013893799623474479,0.052713944309782927,2.5935471057891846,0,0,0,0,95.74102783203125,2485.2300186157227,0.075843201251700521,0.015604600645468697,0.15210540770237324,0.015626314058844768,0
260,4.333333333333333,0,0.094591999999999996,0.122624,0.000736,0.0044799999999999996,0.001472,0.0024319999999999997,0.0027199999999999998,0.075392000000000001,0.0023999999999999998,0.00496,0.79702300405953996,1.8847999999999998,40,0.014018176306876696,1.8635008335113525,0.00052247145559461232,0.0020284652709960938,0.037271000460902391,0.001373358303681016,0.052409127137952143,2.5848560333251953,0,0,0,0,95.581588745117188,2481.0913276672363,0.075716898427344859,0.015604600610785736,0.15210540809354561,0.015626314064673158,0
261,4.3499999999999996,0,0.094624,0.12268799999999999,0.000736,0.0044799999999999996,0.0014399999999999999,0.0024319999999999997,0.0027199999999999998,0.075359999999999996,0.002496,0.00496,0.79641528576259724,1.8839999999999999,40,0.013954259581148012,1.8360481262207031,0.00054540380061091824,0.002064824104309082,0.039085112143660443,0.0013566233683377504,0.052088835048170357,2.5738382339477539,0,0,0,0,95.422416687011719,2476.959566116333,0.075590807071421295,0.015604600584927845,0.15210540820528995,0.015626314066844862,0
262,4.3666666666666663,0,0.094591999999999996,0.122432,0.000736,0.0044799999999999996,0.0014399999999999999,0.0024319999999999997,0.0026879999999999999,0.075296000000000002,0.0025279999999999999,0.0049919999999999999,0.79600811907983771,1.8824000000000001,40,0.013831632536008519,1.8117841482162476,0.00056704051080562815,0.0021146535873413086,0.040995920715029534,0.0013393263798207045,0.051755702677496407,2.5610404014587402,0,0,0,0,95.263511657714844,2472.8347339630127,0.075464927183929831,0.015604600616147024,0.1521054080362047,0.015626314065341526,0
263,4.3833333333333329,0,0.094687999999999994,0.122528,0.00076800000000000002,0.0044799999999999996,0.0014399999999999999,0.0024319999999999997,0.0027199999999999998,0.075423999999999991,0.002464,0.00496,0.79655288948969238,1.8855999999999997,40,0.013799931906567987,1.7855558395385742,0.00058813224411610851,0.002160191535949707,0.042618488851832004,0.0013217044761404395,0.051414092934533806,2.5466456413269043,0,0,0,0,95.104873657226562,2468.7168273925781,0.075339258648455143,0.015604600583977698,0.15210540707145578,0.01562631408429075,0
264,4.4000000000000004,0,0.094495999999999997,0.12227199999999999,0.00060799999999999993,0.0048960000000000002,0.001472,0.0023999999999999998,0.0023040000000000001,0.075359999999999996,0.002464,0.0049919999999999999,0.79749407382323056,1.8839999999999999,40,0.013870957904659141,1.7586319446563721,0.00060862671404372185,0.0021884441375732422,0.043877770967734618,0.0013039135374128819,0.051066888243026555,2.530982494354248,0,0,0,0,94.946495056152344,2464.6056613922119,0.075213795818854123,0.015604600607492317,0.15210540706369055,0.015626314099709295,0
265,4.416666666666667,0,0.094528000000000001,0.122336,0.00070399999999999998,0.00464,0.0014399999999999999,0.002464,0.0025279999999999999,0.075231999999999993,0.002464,0.0050559999999999997,0.79587000677048059,1.8808,40,0.013846562891195223,1.7314038276672363,0.00062833822226212124,0.002209782600402832,0.045378642136646781,0.0012860852293670177,0.050716569863645505,2.5144460201263428,0,0,0,0,94.788383483886719,2460.5014209747314,0.075088544341269881,0.015604600567380736,0.15210540625814825,0.015626314135705109,0
266,4.4333333333333336,0,0.094559999999999991,0.12236799999999999,0.00067199999999999996,0.0044159999999999998,0.0014399999999999999,0.0023999999999999998,0.0028479999999999998,0.075296000000000002,0.002464,0.0050239999999999998,0.7962774957698816,1.8824000000000001,40,0.013742084617525107,1.7075365781784058,0.00064751672578289656,0.0022466182708740234,0.047119250376112996,0.0012682769447565079,0.050364212388490856,2.497556209564209,0,0,0,0,94.630531311035156,2456.4039249420166,0.074963498685974628,0.01560460058314459,0.15210540692933092,0.015626314168212977,0
267,4.4500000000000002,0,0.095935999999999994,0.12249599999999999,0.0021119999999999997,0.0045119999999999995,0.001472,0.0024319999999999997,0.0026559999999999999,0.075327999999999992,0.002464,0.00496,0.78519012675116739,1.8831999999999998,40,0.013536151029586781,1.6770591735839844,0.00066643522319776642,0.0022718906402587891,0.049233731342173917,0.0012505225604400039,0.050010450116750677,2.4803025722503662,0,0,0,0,94.472946166992188,2452.3133506774902,0.07483866426628083,0.015604600559317472,0.15210540628547808,0.015626314148509131,0
268,4.4666666666666668,0,0.094528000000000001,0.122752,0.00076800000000000002,0.0043839999999999999,0.0014399999999999999,0.0023999999999999998,0.0028159999999999999,0.075296000000000002,0.002464,0.00496,0.79654705484089372,1.8824000000000001,40,0.013303504996157307,1.6422660350799561,0.00068539826544446506,0.0022981166839599609,0.051520126887045263,0.0012328358134254813,0.049655529670430083,2.4628453254699707,0,0,0,0,94.315620422363281,2448.2295169830322,0.0747140355524607,0.015604600591575408,0.1521054066061053,0.015626314173813365,0
269,4.4833333333333334,0,0.094528000000000001,0.12236799999999999,0.000736,0.0048639999999999994,0.0015039999999999999,0.0024319999999999997,0.0022399999999999998,0.075327999999999992,0.0024319999999999997,0.0049919999999999999,0.79688557887610012,1.8831999999999998,40,0.013037192106877399,1.6179628372192383,0.00070414686199628555,0.00231170654296875,0.054010622549991651,0.0012152604758739471,0.049300313911251052,2.445328950881958,0,0,0,0,94.158554077148438,2444.1524200439453,0.074589612428098917,0.015604600631394162,0.15210540737745662,0.015626314146806604,0
270,4.5,0,0.09622399999999999,0.12268799999999999,0.002464,0.0046719999999999999,0.0015039999999999999,0.0024319999999999997,0.0024319999999999997,0.075263999999999998,0.002496,0.00496,0.78217492517459264,1.8815999999999999,40,0.012819361533971046,1.5814712047576904,0.00072309253882706494,0.0023486614227294922,0.056406283332511103,0.0011977795511484146,0.048944449146934216,2.4277520179748535,0,0,0,0,94.001754760742188,2440.0822448730469,0.074465400539338589,0.01560460063150341,0.15210540682750265,0.015626314164836456,0
271,4.5166666666666666,0,0.094528000000000001,0.12255999999999999,0.00067199999999999996,0.0044159999999999998,0.0014399999999999999,0.002464,0.002784,0.075167999999999999,0.0025599999999999998,0.0050239999999999998,0.79519295870006768,1.8791999999999998,40,0.01269590280150811,1.5551848411560059,0.00074214323169239651,0.0023516416549682617,0.058455333448538961,0.0011803572997450829,0.048587185548148039,2.4099612236022949,0,0,0,0,93.84521484375,2436.0188026428223,0.074341394123621285,0.01560460063905896,0.15210540620654722,0.015626314130358157,0
272,4.5333333333333332,0,0.094495999999999997,0.122752,0.00076800000000000002,0.0043839999999999999,0.0014399999999999999,0.0024319999999999997,0.0028159999999999999,0.075263999999999998,0.0023999999999999998,0.0049919999999999999,0.79647815780562137,1.8815999999999999,40,0.012622162866529766,1.536306619644165,0.00076153103647682251,0.0023721456527709961,0.060332848223356161,0.0011630764929577708,0.048230208230066164,2.3923187255859375,0,0,0,0,93.688934326171875,2431.9620990753174,0.074217593355569988,0.015604600629637203,0.15210540629602068,0.015626314165650062,0
273,4.5499999999999998,0,0.094559999999999991,0.122304,0.00070399999999999998,0.0045119999999999995,0.0014399999999999999,0.0024319999999999997,0.0027199999999999998,0.075327999999999992,0.002496,0.0049280000000000001,0.79661590524534687,1.8831999999999998,40,0.01247814006750772,1.5003024339675903,0.0007808710766426055,0.0023926496505737305,0.062579124165783637,0.0011458907974883914,0.04787255575981695,2.3747715950012207,0,0,0,0,93.532913208007812,2427.9121322631836,0.074093998176977038,0.015604600627686845,0.15210540683845494,0.015626314148313867,0
274,4.5666666666666664,0,0.094624,0.12249599999999999,0.00070399999999999998,0.0044799999999999996,0.001472,0.0023999999999999998,0.0026879999999999999,0.075392000000000001,0.0024319999999999997,0.0050559999999999997,0.7967534663510315,1.8847999999999998,40,0.012285657625701938,1.4706319570541382,0.00079984991686512694,0.0024260282516479492,0.065104363252954295,0.001128899515606463,0.047516302794019298,2.3570494651794434,0,0,0,0,93.377151489257812,2423.868896484375,0.073970608413219452,0.015604600633197196,0.15210540705172465,0.015626314127270422,0
275,4.583333333333333,0,0.094528000000000001,0.12268799999999999,0.000736,0.0048960000000000002,0.001408,0.0024319999999999997,0.0023040000000000001,0.075327999999999992,0.002496,0.0049280000000000001,0.79688557887610012,1.8831999999999998,40,0.012113274294495392,1.4439973831176758,0.00081845893069282152,0.0024409294128417969,0.067567109502733869,0.0011120343115180731,0.047160032050838838,2.3394885063171387,0,0,0,0,93.221649169921875,2419.8323974609375,0.073847424238920212,0.015604600596990394,0.15210540771987785,0.015626314102498217,0
276,4.5999999999999996,0,0.094559999999999991,0.12272,0.00070399999999999998,0.0044479999999999997,0.0014399999999999999,0.0024319999999999997,0.002784,0.075296000000000002,0.0025279999999999999,0.0049280000000000001,0.7962774957698816,1.8824000000000001,40,0.0119037198782759,1.4184811115264893,0.00083662309200002629,0.0024436712265014648,0.070282491570290581,0.0010953337186947465,0.046804566415997201,2.3218772411346436,0,0,0,0,93.06640625,2415.8026313781738,0.073724445537663996,0.015604600642189484,0.1521054083205155,0.015626314147999275,0
277,4.6166666666666663,0,0.094591999999999996,0.122336,0.00070399999999999998,0.0045439999999999994,0.001472,0.002464,0.0025919999999999997,0.075231999999999993,0.002496,0.0050879999999999996,0.79533152909336935,1.8808,40,0.011736512382112846,1.3968989849090576,0.00085440234340982009,0.0024695396423339844,0.072798657351734311,0.0010787937790155411,0.046449839160443623,2.3043668270111084,0,0,0,0,92.911422729492188,2411.7795963287354,0.073601672251243144,0.015604600670330133,0.15210540859051974,0.01562631416527064,0
278,4.6333333333333329,0,0.094559999999999991,0.12259199999999999,0.000736,0.0044799999999999996,0.001472,0.0024319999999999997,0.0026879999999999999,0.075263999999999998,0.002464,0.0050239999999999998,0.79593908629441634,1.8815999999999999,40,0.011564790649430024,1.3583805561065674,0.00087171835165747197,0.0024895668029785156,0.075376924501476816,0.0010624028509482741,0.046095614779461919,2.2868280410766602,0,0,0,0,92.756698608398438,2407.7632942199707,0.073479104437865317,0.015604600656587565,0.15210540879144371,0.015626314178924808,0
279,4.6500000000000004,0,0.096096000000000001,0.12214399999999999,0.002336,0.0050879999999999996,0.001472,0.002464,0.0020479999999999999,0.075263999999999998,0.002464,0.00496,0.78321678321678323,1.8815999999999999,40,0.011473911852637124,1.3346829414367676,0.00088850879640476937,0.0025018453598022461,0.077437303669067106,0.001046146615408361,0.04574159191388863,2.2690961360931396,0,0,0,0,92.60223388671875,2403.7537174224854,0.07335674186469987,0.015604600675076668,0.15210540786833229,0.015626314164151223,0
280,4.666666666666667,0,0.09465599999999999,0.122528,0.00076800000000000002,0.0044159999999999998,0.001472,0.0024319999999999997,0.0027519999999999997,0.075327999999999992,0.002464,0.0050239999999999998,0.79580797836375927,1.8831999999999998,40,0.011422589765178718,1.312410831451416,0.00090452131541175946,0.0025178194046020508,0.079187061253758281,0.0010300782741978765,0.045388947425510466,2.2515354156494141,0,0,0,0,92.448020935058594,2399.7506866455078,0.073234579060226679,0.015604600649921221,0.15210540841193543,0.015626314145743544,0
281,4.6833333333333336,0,0.094559999999999991,0.122112,0.00070399999999999998,0.0045439999999999994,0.001472,0.0024319999999999997,0.0025919999999999997,0.075359999999999996,0.002464,0.0049919999999999999,0.79695431472081224,1.8839999999999999,40,0.011309710850578221,1.2851004600524902,0.00092053870343484785,0.0025519132614135742,0.081393655027686612,0.0010141471866518259,0.045036589272542074,2.2340421676635742,0,0,0,0,92.2940673828125,2395.7543849945068,0.07311262161238119,0.015604600681978888,0.15210540835795736,0.015626314173341826,0
282,4.7000000000000002,0,0.094463999999999992,0.12268799999999999,0.000736,0.00496,0.001472,0.0023999999999999998,0.0022399999999999998,0.075231999999999993,0.002496,0.0049280000000000001,0.79640921409214094,1.8808,40,0.011101570624810601,1.2565577030181885,0.00093618846236300966,0.0025616884231567383,0.084329370501030482,0.00099835731089115143,0.044684612807792158,2.2165606021881104,0,0,0,0,92.140373229980469,2391.7648143768311,0.072990869579371065,0.015604600646948553,0.15210540796837643,0.015626314172413062,0
283,4.7166666666666668,0,0.094815999999999998,0.12223999999999999,0.00076800000000000002,0.0044159999999999998,0.0014399999999999999,0.0024319999999999997,0.0028159999999999999,0.075327999999999992,0.0025279999999999999,0.0050879999999999996,0.79446506918663506,1.8831999999999998,40,0.010972435100895376,1.2320433855056763,0.00095146644841742384,0.0025680065155029297,0.086714247080830947,0.00098273053299635649,0.044333520794007701,2.1992120742797852,0,0,0,0,91.986930847167969,2387.7817859649658,0.072869317198637873,0.015604600642730429,0.15210540852382792,0.015626314142918186,0
284,4.7333333333333334,0,0.094559999999999991,0.12236799999999999,0.00070399999999999998,0.0045439999999999994,0.0015039999999999999,0.0024319999999999997,0.0025919999999999997,0.075359999999999996,0.0024319999999999997,0.0049919999999999999,0.79695431472081224,1.8839999999999999,40,0.010874933184186893,1.2072001695632935,0.00096615098337320376,0.0025860071182250977,0.088842015579283937,0.00096728693461045623,0.04398379098282585,2.1817870140075684,0,0,0,0,91.833747863769531,2383.8054828643799,0.072747970058117062,0.015604600621037943,0.15210540794701677,0.015626314134621292,0
285,4.75,0,0.094559999999999991,0.12281599999999999,0.000736,0.0044799999999999996,0.0014399999999999999,0.0023999999999999998,0.0027199999999999998,0.075392000000000001,0.002464,0.0049280000000000001,0.79729272419627761,1.8847999999999998,40,0.010777778889515506,1.1815974712371826,0.00098059535614276124,0.0026091337203979492,0.090983064896299981,0.00095197948394343257,0.043634378280054197,2.1643252372741699,0,0,0,0,91.680816650390625,2379.8357219696045,0.072626822569873184,0.015604600630305545,0.15210540831777269,0.015626314147729817,0
286,4.7666666666666666,0,0.094559999999999991,0.122624,0.00070399999999999998,0.0045760000000000002,0.001472,0.002464,0.0025599999999999998,0.075359999999999996,0.002496,0.0049280000000000001,0.79695431472081224,1.8839999999999999,40,0.010633483510370488,1.1572202444076538,0.00099480414261652575,0.0026152133941650391,0.093553927238080148,0.00093682180158793926,0.043285605034189815,2.1469762325286865,0,0,0,0,91.528144836425781,2375.8726844787598,0.072505880263634026,0.015604600622069172,0.15210540728511737,0.015626314132075773,0
287,4.7833333333333332,0,0.09465599999999999,0.12304,0.00076800000000000002,0.0048960000000000002,0.001472,0.0024319999999999997,0.0022399999999999998,0.075392000000000001,0.002464,0.0049919999999999999,0.79648411088573368,1.8847999999999998,40,0.010517769268773052,1.133508563041687,0.0010089092278419275,0.0026441812515258789,0.095924259418520369,0.00092182011576369405,0.04293763188075686,2.1295394897460938,0,0,0,0,91.375724792480469,2371.916187286377,0.07238513755146414,0.015604600619795701,0.15210540693448849,0.015626314112745884,0
288,4.7999999999999998,0,0.094559999999999991,0.122336,0.000736,0.0044799999999999996,0.001472,0.0023999999999999998,0.0027199999999999998,0.075423999999999991,0.0023999999999999998,0.0049280000000000001,0.79763113367174276,1.8855999999999997,40,0.010347820395074619,1.1117582321166992,0.0010229534109821772,0.002655029296875,0.098856896614584175,0.00090696575352922082,0.042590274794352311,2.1121177673339844,0,0,0,0,91.223556518554688,2367.9662303924561,0.072264594433363527,0.015604600699028756,0.15210540726930766,0.015626314114893132,0
289,4.8166666666666664,0,0.094687999999999994,0.122336,0.00070399999999999998,0.0045119999999999995,0.001472,0.002464,0.0026559999999999999,0.075327999999999992,0.002464,0.0050879999999999996,0.79553903345724908,1.8831999999999998,40,0.010187169224801765,1.0858216285705566,0.0010367270522361636,0.0026760101318359375,0.10176792289973347,0.0008922613924369216,0.042243612355879832,2.0948872566223145,0,0,0,0,91.071640014648438,2364.0228118896484,0.072144250851124525,0.015604600759306872,0.15210540802492509,0.015626314138626207,0
290,4.833333333333333,0,0.094495999999999997,0.12246399999999999,0.00067199999999999996,0.0048960000000000002,0.001472,0.0023999999999999998,0.0023040000000000001,0.075296000000000002,0.0024319999999999997,0.0050239999999999998,0.79681679647815784,1.8824000000000001,40,0.01001892274304041,1.0614643096923828,0.0010504804845514772,0.0026926994323730469,0.10484964416770133,0.00087766046635806561,0.041896550367734708,2.0776546001434326,0,0,0,0,90.919975280761719,2360.0859317779541,0.072024106804747134,0.015604600750023963,0.15210540920344381,0.015626314133542547,0
291,4.8499999999999996,0,0.094367999999999994,0.12214399999999999,0.000544,0.0043839999999999999,0.001408,0.0024319999999999997,0.0028799999999999997,0.075296000000000002,0.002464,0.00496,0.79789759240420488,1.8824000000000001,40,0.0099058844899130288,1.0343714952468872,0.00106413196438762,0.0027037858963012695,0.1074242250120325,0.00086323654977604747,0.0415508495647453,2.0605084896087646,0,0,0,0,90.768569946289062,2356.1557693481445,0.071904167765751481,0.015604600722978521,0.15210540816255755,0.015626314099397749,0
292,4.8666666666666663,0,0.094559999999999991,0.12246399999999999,0.00070399999999999998,0.0047359999999999998,0.0015039999999999999,0.002496,0.0023040000000000001,0.07510399999999999,0.0026559999999999999,0.0050559999999999997,0.7942470389170897,1.8775999999999997,40,0.00981546698915561,1.0199031829833984,0.0010772678547271337,0.0027011632919311523,0.10975207353020779,0.00084895663894712925,0.041205743263460964,2.0434665679931641,0,0,0,0,90.617416381835938,2352.232141494751,0.071784428146202117,0.015604600701833404,0.15210540700112418,0.015626314061488334,0
293,4.8833333333333329,0,0.096447999999999992,0.12246399999999999,0.0025919999999999997,0.00464,0.001472,0.0024319999999999997,0.0025279999999999999,0.075359999999999996,0.002464,0.00496,0.7813536828135369,1.8839999999999999,40,0.0096586353201202225,0.99164313077926636,0.0010900311789679741,0.0027147531509399414,0.11285560980828152,0.00083478598389774561,0.040860396079767644,2.0263631343841553,0,0,0,0,90.466514587402344,2348.3150501251221,0.071664888004306704,0.015604600712016812,0.1521054059884252,0.015626314045176563,0
294,4.9000000000000004,0,0.094432000000000002,0.122112,0.00067199999999999996,0.00464,0.001472,0.002464,0.002496,0.075231999999999993,0.0025279999999999999,0.0049280000000000001,0.79667909183327679,1.8808,40,0.0095016834496673731,0.96955406665802002,0.001102720131214761,0.0027225017547607422,0.11605523769089193,0.00082076183753088117,0.040515721332117019,2.0091395378112793,0,0,0,0,90.315864562988281,2344.4044952392578,0.071545547340065241,0.015604600728261475,0.15210540512521462,0.015626314025146609,0
295,4.916666666666667,0,0.094624,0.122112,0.000736,0.0048639999999999994,0.0014399999999999999,0.0024319999999999997,0.002336,0.075200000000000003,0.0025599999999999998,0.0050559999999999997,0.79472438282042612,1.8800000000000001,40,0.0093894323382651603,0.95058393478393555,0.0011151421888227551,0.0027472972869873047,0.11876566640542985,0.00080688897287473083,0.040171855144484694,1.9920663833618164,0,0,0,0,90.165458679199219,2340.5002880096436,0.071426400390919298,0.01560460072348524,0.15210540572046749,0.015626314026952647,0
296,4.9333333333333336,0,0.096447999999999992,0.122336,0.0025279999999999999,0.0051519999999999995,0.001408,0.0023999999999999998,0.0021440000000000001,0.075359999999999996,0.002464,0.0049919999999999999,0.7813536828135369,1.8839999999999999,40,0.0092757319317598747,0.92686247825622559,0.0011274710999785384,0.0027527809143066406,0.12155063430823237,0.00079312740126624703,0.03982781443328888,1.9749324321746826,0,0,0,0,90.015304565429688,2336.6026172637939,0.071307452919427305,0.015604600724740406,0.15210540647108872,0.015626314025088812,0
297,4.9500000000000002,0,0.094624,0.12236799999999999,0.000736,0.0044479999999999997,0.0014399999999999999,0.0024319999999999997,0.0027519999999999997,0.075392000000000001,0.002464,0.00496,0.7967534663510315,1.8847999999999998,40,0.009193287448792142,0.90700870752334595,0.0011396097833408694,0.0027791261672973633,0.12396107373870886,0.00077949394471943378,0.039484020684814602,1.9577599763870239,0,0,0,0,89.865402221679688,2332.7114753723145,0.07118870469275862,0.015604600731990477,0.15210540629112584,0.015626314070644343,0
298,4.9666666666666668,0,0.09465599999999999,0.12239999999999999,0.000736,0.0049919999999999999,0.001472,0.0024319999999999997,0.0021440000000000001,0.075392000000000001,0.002464,0.0050239999999999998,0.79648411088573368,1.8847999999999998,40,0.0090797091439305828,0.88675224781036377,0.0011510070704938956,0.0027875900268554688,0.12676695390218498,0.00076605880167335272,0.03914227386530713,1.940716028213501,0,0,0,0,89.715751647949219,2328.826868057251,0.071070155885536224,0.015604600719721284,0.15210540599231903,0.015626314087070482,0
299,4.9833333333333334,0,0.094591999999999996,0.12249599999999999,0.000736,0.0044479999999999997,0.0014399999999999999,0.0023999999999999998,0.0028159999999999999,0.075296000000000002,0.002496,0.00496,0.79600811907983771,1.8824000000000001,40,0.0089675914354828325,0.86642181873321533,0.0011623266899170594,0.0027997493743896484,0.12961414425260082,0.00075272604590281844,0.038800155821924698,1.9236316680908203,0,0,0,0,89.56634521484375,2324.9486045837402,0.070951800676994026,0.015604600711798538,0.15210540661845606,0.015626314099965854,0
300,5,0,0.094495999999999997,0.12268799999999999,0.00070399999999999998,0.0045760000000000002,0.0015039999999999999,0.002464,0.002496,0.075296000000000002,0.0024319999999999997,0.0050239999999999998,0.79681679647815784,1.8824000000000001,40,0.0088359176556889706,0.84444081783294678,0.0011736816091671028,0.0028104782104492188,0.13283075452965912,0.00073951977537944913,0.038458283252881927,1.9064762592315674,0,0,0,0,89.417190551757812,2321.0768699645996,0.070833644713275135,0.015604600709870121,0.15210540630891572,0.015626314109207912,0
301,5.0166666666666666,0,0.094719999999999999,0.12217599999999999,0.000736,0.0050559999999999997,0.001472,0.0024319999999999997,0.0021119999999999997,0.075327999999999992,0.002464,0.0051199999999999996,0.7952702702702702,1.8831999999999998,40,0.0087625871362240274,0.81987583637237549,0.0011848126309999053,0.0028300285339355469,0.13521265039430633,0.000726475496776402,0.038117594278138857,1.8893433809280396,0,0,0,0,89.268287658691406,2317.2116680145264,0.070715688110794872,0.015604600765444818,0.15210540560600755,0.015626314063330954,0
302,5.0333333333333332,0,0.094432000000000002,0.122624,0.00070399999999999998,0.0046080000000000001,0.001472,0.0024319999999999997,0.0025919999999999997,0.075231999999999993,0.002464,0.0049280000000000001,0.79667909183327679,1.8808,40,0.0086907653424952644,0.80554467439651489,0.0011958339165012378,0.002838134765625,0.13759822862250862,0.00071357621345669031,0.037777671009650404,1.8722167015075684,0,0,0,0,89.11962890625,2313.3528099060059,0.070597925106994808,0.015604600799848874,0.15210540583133636,0.015626314039462779,0
303,5.0499999999999998,0,0.09622399999999999,0.12249599999999999,0.002464,0.0045439999999999994,0.0014399999999999999,0.0023999999999999998,0.0026879999999999999,0.075167999999999999,0.0025919999999999997,0.0049280000000000001,0.78117725307615571,1.8791999999999998,40,0.0085852425259983385,0.78659069538116455,0.0012069097477702109,0.0028451681137084961,0.14057957525548936,0.00070079375291243196,0.037437781796266507,1.8551220893859863,0,0,0,0,88.971221923828125,2309.5004749298096,0.070480361173395067,0.015604600814559515,0.15210540429171607,0.015626314037611892,0
304,5.0666666666666664,0,0.094528000000000001,0.12246399999999999,0.000736,0.00496,0.001408,0.0024319999999999997,0.0022399999999999998,0.075296000000000002,0.002464,0.0049919999999999999,0.79654705484089372,1.8824000000000001,40,0.00842881898335077,0.76392388343811035,0.0012177271814872964,0.0028486251831054688,0.14447186300864234,0.00068814802216365933,0.037098464177473957,1.838034987449646,0,0,0,0,88.82305908203125,2305.6544857025146,0.070362990896683186,0.015604600859611522,0.15210540395551927,0.015626314006286751,0
305,5.083333333333333,0,0.09465599999999999,0.12236799999999999,0.00067199999999999996,0.0047999999999999996,0.001472,0.002464,0.0023040000000000001,0.075392000000000001,0.002496,0.0050559999999999997,0.79648411088573368,1.8847999999999998,40,0.008371235161534556,0.75211042165756226,0.0012285245073777307,0.002872467041015625,0.1467554648354337,0.00067563273478299379,0.036759562967559715,1.8210526704788208,0,0,0,0,88.675140380859375,2301.8148384094238,0.070245814160443842,0.015604600883333547,0.15210540427812508,0.015626314048920575,0
306,5.0999999999999996,0,0.094367999999999994,0.122432,0.00063999999999999994,0.0044799999999999996,0.0015039999999999999,0.002464,0.002624,0.075167999999999999,0.0025599999999999998,0.0049280000000000001,0.79654120040691767,1.8791999999999998,40,0.0083209294635525656,0.73380827903747559,0.0012389180071312629,0.0028872489929199219,0.14889178096725689,0.00066326430533081293,0.03642154047622953,1.8041174411773682,0,0,0,0,88.527473449707031,2297.9817161560059,0.070128836552612484,0.015604600887243891,0.15210540310304752,0.015626314062027725,0
307,5.1166666666666663,0,0.095935999999999994,0.122656,0.0021119999999999997,0.0044479999999999997,0.001408,0.0024319999999999997,0.002784,0.075135999999999994,0.0025919999999999997,0.0050239999999999998,0.78318879252835227,1.8783999999999998,40,0.0081729997970882203,0.7137722373008728,0.0012491825814271147,0.0028946399688720703,0.15284260521726167,0.00065100484061986208,0.036083371256573633,1.7871954441070557,0,0,0,0,88.380050659179688,2294.1549377441406,0.070012052543461323,0.015604600869632045,0.15210540286242469,0.015626314045563885,0
308,5.1333333333333329,0,0.094591999999999996,0.12249599999999999,0.00076800000000000002,0.0043839999999999999,0.0014399999999999999,0.0023999999999999998,0.0028479999999999998,0.075327999999999992,0.002464,0.00496,0.79634641407307172,1.8831999999999998,40,0.0080529198941486271,0.69444501399993896,0.0012595125283322423,0.0029138326644897461,0.15640445265665973,0.00063885835697874427,0.035745163504416769,1.7702100276947021,0,0,0,0,88.232872009277344,2290.3344993591309,0.069895462016575038,0.015604600856380723,0.15210540300752645,0.015626313973358716,0
309,5.1500000000000004,0,0.094399999999999998,0.122336,0.00067199999999999996,0.0044799999999999996,0.0014399999999999999,0.0024319999999999997,0.0027519999999999997,0.075167999999999999,0.0025279999999999999,0.0049280000000000001,0.79627118644067796,1.8791999999999998,40,0.0079525752458967872,0.68190109729766846,0.0012696875270553354,0.0029084682464599609,0.1596574050286973,0.0006268274737522006,0.035406990093827535,1.7532541751861572,0,0,0,0,88.0859375,2286.5203990936279,0.06977906491374597,0.015604600925698396,0.15210540326311547,0.015626313975473712,0
310,5.166666666666667,0,0.094559999999999991,0.12255999999999999,0.00067199999999999996,0.0045439999999999994,0.001536,0.0024319999999999997,0.0025279999999999999,0.075392000000000001,0.002464,0.0049919999999999999,0.79729272419627761,1.8847999999999998,40,0.0078725264331873119,0.66056036949157715,0.0012795195470766954,0.0029290914535522461,0.1625297238358922,0.00061492819804698229,0.035069308463298282,1.7363367080688477,0,0,0,0,87.939247131347656,2282.7126369476318,0.069662861234974116,0.015604600921330437,0.15210540362974348,0.01562631400005874,0
311,5.1833333333333336,0,0.094463999999999992,0.12246399999999999,0.00070399999999999998,0.00496,0.001472,0.0024319999999999997,0.0021440000000000001,0.075359999999999996,0.0024319999999999997,0.00496,0.7977642276422765,1.8839999999999999,40,0.007886330055610416,0.64520281553268433,0.0012888896478526789,0.0029418468475341797,0.16343338901162902,0.00060318631585687399,0.03473287537353837,1.7193598747253418,0,0,0,0,87.792800903320312,2278.9112110137939,0.069546850922051817,0.015604600973664841,0.15210540382986892,0.015626314021072452,0
312,5.2000000000000002,0,0.094591999999999996,0.122656,0.00067199999999999996,0.0047039999999999998,0.0015039999999999999,0.002464,0.0023999999999999998,0.075327999999999992,0.0025279999999999999,0.0049919999999999999,0.79634641407307172,1.8831999999999998,40,0.0079302854155457129,0.63486647605895996,0.0012977812917081165,0.0029623508453369141,0.16364874953479985,0.00059157930081710219,0.03439707257361016,1.7024390697479248,0,0,0,0,87.646598815917969,2275.1161251068115,0.069431034091394395,0.015604601004424084,0.15210540441977341,0.015626314064693073,0
313,5.2166666666666668,0,0.094719999999999999,0.122208,0.000736,0.004352,0.0014399999999999999,0.0024319999999999997,0.0028799999999999997,0.075359999999999996,0.002496,0.0050239999999999998,0.79560810810810811,1.8839999999999999,40,0.0078758284459669071,0.61749732494354248,0.0013065253295762211,0.0029671192169189453,0.16589052676042901,0.0005800877115689218,0.034061347934834341,1.6854569911956787,0,0,0,0,87.500640869140625,2271.32737159729,0.069315410510171205,0.015604601013431236,0.15210540428531139,0.015626314078553558,0
314,5.2333333333333334,0,0.094528000000000001,0.12236799999999999,0.00070399999999999998,0.0046080000000000001,0.001472,0.0024319999999999997,0.0025599999999999998,0.075327999999999992,0.0024319999999999997,0.0049919999999999999,0.79688557887610012,1.8831999999999998,40,0.0077584077874640056,0.59870219230651855,0.0013152342710047609,0.0029778480529785156,0.16952373567291856,0.00056873250287026167,0.033726325114671524,1.6684870719909668,0,0,0,0,87.354927062988281,2267.5449562072754,0.06919998035300523,0.015604601000628668,0.15210540426132013,0.015626314062501302,0
315,5.25,0,0.094559999999999991,0.122112,0.000736,0.0049919999999999999,0.0014399999999999999,0.002464,0.002176,0.075263999999999998,0.002496,0.0049919999999999999,0.79593908629441634,1.8815999999999999,40,0.0077015669819686904,0.58404159545898438,0.0013238894013702397,0.0029915571212768555,0.17189870638920607,0.00055749824969097972,0.033391563296466961,1.6515750885009766,0,0,0,0,87.209457397460938,2263.7688732147217,0.069084743445273489,0.015604601018515258,0.15210540350848789,0.015626314069049473,0
316,5.2666666666666666,0,0.094528000000000001,0.122432,0.00070399999999999998,0.0050239999999999998,0.001472,0.0024319999999999997,0.0021119999999999997,0.075296000000000002,0.002496,0.0049919999999999999,0.79654705484089372,1.8824000000000001,40,0.0076297445216963996,0.57147926092147827,0.0013325389071561914,0.0030037164688110352,0.17465052772958567,0.00054638629080727696,0.033057110908464971,1.6347421407699585,0,0,0,0,87.064224243164062,2259.9989433288574,0.068969694315455854,0.015604601012878892,0.15210540478009607,0.015626314098415552,0
317,5.2833333333333332,0,0.094559999999999991,0.12214399999999999,0.000736,0.0044159999999999998,0.0014399999999999999,0.0023999999999999998,0.0028159999999999999,0.075327999999999992,0.002464,0.00496,0.79661590524534687,1.8831999999999998,40,0.0076236772573006137,0.5504639744758606,0.0013410863875118664,0.0030034780502319336,0.17591069798076911,0.00053539837244898081,0.032723030802448018,1.6179554462432861,0,0,0,0,86.919235229492188,2256.2353439331055,0.068854838376864791,0.015604601064458688,0.15210540504386447,0.01562631412419262,0
318,5.2999999999999998,0,0.096255999999999994,0.12239999999999999,0.0023999999999999998,0.0045439999999999994,0.001472,0.0023999999999999998,0.002624,0.075327999999999992,0.002464,0.0050239999999999998,0.78257978723404253,1.8831999999999998,40,0.0075452913507797403,0.53662681579589844,0.0013498671679545689,0.0030241012573242188,0.17890192773206456,0.00052451714873313904,0.032388798950660061,1.6011064052581787,0,0,0,0,86.774490356445312,2252.4780788421631,0.068740175745915622,0.015604601041266512,0.15210540485745599,0.015626314119898434,0
319,5.3166666666666664,0,0.094719999999999999,0.12223999999999999,0.000736,0.0048960000000000002,0.001472,0.0024319999999999997,0.0023040000000000001,0.075359999999999996,0.002464,0.0050559999999999997,0.79560810810810811,1.8839999999999999,40,0.007448212285336272,0.52111214399337769,0.0013584236186435636,0.0030347108840942383,0.18238250557358188,0.00051375437760725617,0.032054777416393211,1.5842268466949463,0,0,0,0,86.629981994628906,2248.7269630432129,0.068625700776465237,0.015604600994261345,0.1521054061438801,0.015626314138502309,0
320,5.333333333333333,0,0.09465599999999999,0.122624,0.000736,0.0044479999999999997,0.001472,0.0024319999999999997,0.0027519999999999997,0.075359999999999996,0.002464,0.0049919999999999999,0.79614604462474647,1.8839999999999999,40,0.00733298532040792,0.51030898094177246,0.0013661352127595867,0.0030525922775268555,0.18630000648679756,0.00050313700921833515,0.031721822432462334,1.5673981904983521,0,0,0,0,86.4857177734375,2244.982177734375,0.068511418998241425,0.015604600978070995,0.15210540641743681,0.015626314126912483,0
321,5.3499999999999996,0,0.094624,0.121984,0.00070399999999999998,0.0043839999999999999,0.0014399999999999999,0.0024319999999999997,0.0028159999999999999,0.075359999999999996,0.0025279999999999999,0.00496,0.79641528576259724,1.8839999999999999,40,0.0072548246167272856,0.48811197280883789,0.0013733677544610838,0.003069758415222168,0.18930405998989153,0.00049267255235463381,0.031390207146644755,1.5506324768066406,0,0,0,0,86.341690063476562,2241.2435340881348,0.068397324648685753,0.015604600991131418,0.15210540703920181,0.01562631419146622,0
322,5.3666666666666663,0,0.09622399999999999,0.12246399999999999,0.0023999999999999998,0.0046080000000000001,0.0015039999999999999,0.0024319999999999997,0.0025279999999999999,0.075359999999999996,0.0024319999999999997,0.00496,0.78317259727302968,1.8839999999999999,40,0.0072146061468060883,0.47636544704437256,0.0013803384836415119,0.003083348274230957,0.1913255492474234,0.00048232302651740611,0.031058751633554305,1.5338051319122314,0,0,0,0,86.197906494140625,2237.5112228393555,0.068283423548564315,0.015604601008689212,0.15210540692572197,0.015626314199238572,0
323,5.3833333333333329,0,0.094624,0.12278399999999999,0.00070399999999999998,0.004352,0.0014399999999999999,0.0024319999999999997,0.0028479999999999998,0.075392000000000001,0.002464,0.0049919999999999999,0.7967534663510315,1.8847999999999998,40,0.0071324368080687628,0.46806013584136963,0.0013872091992649812,0.0030988454818725586,0.19449302343564587,0.00047210592310875654,0.030728030301623844,1.5170319080352783,0,0,0,0,86.054359436035156,2233.7850532531738,0.068169709877111018,0.015604601002341723,0.15210540716031631,0.015626314230106807,0
324,5.4000000000000004,0,0.094591999999999996,0.12217599999999999,0.000736,0.0043839999999999999,0.0014399999999999999,0.0024319999999999997,0.0028159999999999999,0.075327999999999992,0.002496,0.00496,0.79634641407307172,1.8831999999999998,40,0.007001738363760549,0.46366521716117859,0.0013942089829837448,0.0031065940856933594,0.19912326204587458,0.00046199298230931163,0.030397137441190467,1.5003194808959961,0,0,0,0,85.911056518554688,2230.0652160644531,0.068056189455091953,0.015604601000441644,0.15210540665591082,0.015626314203890764,0
325,5.416666666666667,0,0.09465599999999999,0.12246399999999999,0.00070399999999999998,0.0046080000000000001,0.001472,0.002496,0.0025279999999999999,0.075359999999999996,0.0024319999999999997,0.0050559999999999997,0.79614604462474647,1.8839999999999999,40,0.0069138501863424953,0.46066856384277344,0.001401332493325161,0.0031206607818603516,0.20268482185126457,0.00045199241139926016,0.030066340362580216,1.4835835695266724,0,0,0,0,85.767990112304688,2226.3515205383301,0.06794285646174103,0.015604600974491324,0.15210540649943849,0.015626314200734136,0
326,5.4333333333333336,0,0.094559999999999991,0.122112,0.00070399999999999998,0.0044159999999999998,0.001472,0.0024319999999999997,0.0027519999999999997,0.075392000000000001,0.002496,0.0048960000000000002,0.79729272419627761,1.8847999999999998,40,0.0068362025226581837,0.46108114719390869,0.001408382036181163,0.0031279325485229492,0.20601818502497038,0.00044210595660842955,0.029735700987480674,1.4668025970458984,0,0,0,0,85.625160217285156,2222.6439666748047,0.067829710897058249,0.015604601004821431,0.15210540669264463,0.015626314193935537,0
327,5.4500000000000002,0,0.096159999999999995,0.12255999999999999,0.0023040000000000001,0.0046080000000000001,0.001472,0.0024319999999999997,0.0025599999999999998,0.075327999999999992,0.002496,0.00496,0.78336106489184687,1.8831999999999998,40,0.006818107359240955,0.45884016156196594,0.0014147564822711025,0.0031429529190063477,0.20749988343225564,0.00043237305362708867,0.029406565716760896,1.4500454664230347,0,0,0,0,85.482566833496094,2218.942554473877,0.067716752761043608,0.015604600984266885,0.15210540723728042,0.015626314237200237,0
328,5.4666666666666668,0,0.094687999999999994,0.12255999999999999,0.00076800000000000002,0.0043200000000000001,0.0014399999999999999,0.0024319999999999997,0.0028799999999999997,0.075392000000000001,0.0024319999999999997,0.0050239999999999998,0.79621493747887806,1.8847999999999998,40,0.0067263022053567403,0.45598366856575012,0.0014207923055204329,0.0031588077545166016,0.21122932959939447,0.00042277932516299188,0.029078491197549843,1.4333350658416748,0,0,0,0,85.3402099609375,2215.2472839355469,0.067603982053697109,0.01560460099329242,0.15210540813510293,0.015626314250059198,0
329,5.4833333333333334,0,0.094591999999999996,0.12249599999999999,0.00070399999999999998,0.0044159999999999998,0.001408,0.0024319999999999997,0.0028159999999999999,0.075392000000000001,0.002464,0.00496,0.79702300405953996,1.8847999999999998,40,0.0066403295559936499,0.45200014114379883,0.0014268725524065103,0.0031681060791015625,0.2148797797420455,0.00041330663952976465,0.028750883100515875,1.4165737628936768,0,0,0,0,85.198089599609375,2211.5581569671631,0.067491398833226413,0.015604601005112403,0.15210540967443953,0.015626314259310194,0
330,5.5,0,0.094463999999999992,0.122432,0.00063999999999999994,0.0043200000000000001,0.0014399999999999999,0.0024319999999999997,0.0028799999999999997,0.075296000000000002,0.002496,0.00496,0.79708672086720878,1.8824000000000001,40,0.0065414773073885013,0.44901716709136963,0.0014328895511592171,0.003182530403137207,0.21904678161014021,0.00040394865209236741,0.028423534336615052,1.3997430801391602,0,0,0,0,85.05621337890625,2207.8753471374512,0.067379008396528661,0.015604601021344375,0.15210540817535087,0.015626314210838974,0
331,5.5166666666666666,0,0.095967999999999998,0.12246399999999999,0.0020799999999999998,0.004352,0.001408,0.0024319999999999997,0.0029119999999999997,0.075359999999999996,0.0024319999999999997,0.0049919999999999999,0.78526175391797259,1.8839999999999999,40,0.0064531797336812823,0.44438761472702026,0.0014388573693157082,0.0031962394714355469,0.22296874234043645,0.00039471601485274732,0.028096833090323448,1.3829383850097656,0,0,0,0,84.914566040039062,2204.1984958648682,0.067266799800563604,0.015604601011650374,0.15210540927606317,0.015626314185694653,0
332,5.5333333333333332,0,0.094528000000000001,0.12239999999999999,0.00067199999999999996,0.004352,0.0014399999999999999,0.0023999999999999998,0.0029119999999999997,0.075327999999999992,0.0025279999999999999,0.0048960000000000002,0.79688557887610012,1.8831999999999998,40,0.0064042385276401898,0.44476687908172607,0.0014448755239672641,0.0032088756561279297,0.2256123843188062,0.00038559167296625674,0.027770188078810584,1.3661749362945557,0,0,0,0,84.773155212402344,2200.5277824401855,0.067154778516851366,0.015604601004649079,0.15210541015816181,0.015626314265146855,0
333,5.5499999999999998,0,0.096159999999999995,0.122528,0.0023679999999999999,0.0046080000000000001,0.001472,0.0024319999999999997,0.0025599999999999998,0.075327999999999992,0.0024319999999999997,0.00496,0.78336106489184687,1.8831999999999998,40,0.006411242828656326,0.44271305203437805,0.0014507094840031656,0.0032107830047607422,0.22627585988771642,0.00037659195368178189,0.027444196241893544,1.3494176864624023,0,0,0,0,84.631980895996094,2196.8632049560547,0.067042944487184286,0.015604601054599742,0.15210541053206222,0.015626314286930135,0
334,5.5666666666666664,0,0.09465599999999999,0.122336,0.00070399999999999998,0.004352,0.0014399999999999999,0.0024319999999999997,0.0028479999999999998,0.075296000000000002,0.002464,0.0051199999999999996,0.79546991210277229,1.8824000000000001,40,0.0063920150359726216,0.4401545524597168,0.0014564147004654745,0.003231048583984375,0.22784907298702303,0.00036770073347724974,0.027118286578515602,1.3326616287231445,0,0,0,0,84.491043090820312,2193.2047653198242,0.066931297769770026,0.015604601080274278,0.15210541068417643,0.01562631433228498,0
335,5.583333333333333,0,0.095935999999999994,0.122624,0.0020799999999999998,0.0049919999999999999,0.0014399999999999999,0.0024319999999999997,0.0022079999999999999,0.075359999999999996,0.0024319999999999997,0.0049919999999999999,0.78552368245496995,1.8839999999999999,40,0.0063292558759313056,0.4356626570224762,0.00146185153651264,0.0032448768615722656,0.23096736254126221,0.0003589482803363353,0.026793591783720799,1.3159487247467041,0,0,0,0,84.350341796875,2189.5524597167969,0.066819838248193264,0.015604601108737539,0.15210541003450237,0.015626314319664564,0
336,5.5999999999999996,0,0.094528000000000001,0.12246399999999999,0.00070399999999999998,0.0044799999999999996,0.001472,0.002464,0.002624,0.075296000000000002,0.0025279999999999999,0.00496,0.79654705484089372,1.8824000000000001,40,0.0062444298852902032,0.43064391613006592,0.0014673094468012297,0.0032542943954467773,0.23497892902244319,0.00035028447746299207,0.026468263164136481,1.2992488145828247,0,0,0,0,84.209877014160156,2185.9062900543213,0.06670856598066166,0.015604601112753361,0.15210540886895382,0.015626314385115768,0
337,5.6166666666666663,0,0.094719999999999999,0.12227199999999999,0.00079999999999999993,0.0049280000000000001,0.0014399999999999999,0.0024319999999999997,0.0022719999999999997,0.075327999999999992,0.002464,0.0050559999999999997,0.7952702702702702,1.8831999999999998,40,0.0061563298911496726,0.42342633008956909,0.0014728579765672697,0.0032672882080078125,0.23924286102417081,0.00034174046595580876,0.026143468245655884,1.2824850082397461,0,0,0,0,84.06964111328125,2182.2660713195801,0.066597475321032107,0.015604601145096124,0.15210540916885334,0.015626314365261677,0
338,5.6333333333333329,0,0.094591999999999996,0.122336,0.000736,0.0045439999999999994,0.0015039999999999999,0.0024319999999999997,0.0025919999999999997,0.075296000000000002,0.002464,0.0050239999999999998,0.79600811907983771,1.8824000000000001,40,0.0061098846345469058,0.42637300491333008,0.0014783885275628746,0.0032775402069091797,0.24196668447775174,0.00033330294536426663,0.025818712026910506,1.2657089233398438,0,0,0,0,83.929641723632812,2178.6319847106934,0.06648657179903239,0.015604601180245384,0.15210540837254538,0.015626314396359295,0
339,5.6500000000000004,0,0.094495999999999997,0.12246399999999999,0.00070399999999999998,0.0044479999999999997,0.001472,0.002464,0.0026879999999999999,0.075263999999999998,0.002496,0.00496,0.79647815780562137,1.8815999999999999,40,0.0060659738154781829,0.42453950643539429,0.0014838901152007832,0.0032917261123657227,0.24462520946174043,0.00032498093787580729,0.02549434987897543,1.2489802837371826,0,0,0,0,83.789871215820312,2175.003849029541,0.066375849884934723,0.015604601216515504,0.15210540904782574,0.015626314369155712,0
340,5.666666666666667,0,0.094495999999999997,0.12249599999999999,0.00067199999999999996,0.0044479999999999997,0.0014399999999999999,0.0024319999999999997,0.0027199999999999998,0.075392000000000001,0.0024319999999999997,0.00496,0.79783271249576704,1.8847999999999998,40,0.0059945512746227628,0.42090454697608948,0.0014894935833383261,0.0033055543899536133,0.24847457551058483,0.00031676498474553227,0.025170021245343926,1.232306957244873,0,0,0,0,83.650337219238281,2171.3818492889404,0.066265315224882215,0.015604601228199783,0.1521054092082221,0.015626314420497417,0
341,5.6833333333333336,0,0.094528000000000001,0.122432,0.00067199999999999996,0.0051839999999999994,0.0015039999999999999,0.002496,0.001856,0.075359999999999996,0.002496,0.00496,0.79722410291130663,1.8839999999999999,40,0.0059078983945524705,0.41815087199211121,0.0014950181058705654,0.0033156871795654297,0.25305413296360774,0.00030865168082527816,0.024845590386435905,1.2156150341033936,0,0,0,0,83.511032104492188,2167.7657985687256,0.066154962114524096,0.015604601268407733,0.15210541055596777,0.015626314440907486,0
342,5.7000000000000002,0,0.094624,0.12239999999999999,0.000736,0.0043200000000000001,0.0014399999999999999,0.0023999999999999998,0.0029119999999999997,0.075263999999999998,0.002496,0.0050559999999999997,0.79540074399729455,1.8815999999999999,40,0.0058281171538342334,0.40931490063667297,0.0015004239427324712,0.0033259391784667969,0.2574457415883214,0.00030065153259783983,0.024521481708813596,1.1989463567733765,0,0,0,0,83.371963500976562,2164.1558742523193,0.066044795967172831,0.015604601201245199,0.15210540992513794,0.015626314457664714,0
343,5.7166666666666668,0,0.094751999999999989,0.12255999999999999,0.000736,0.0047679999999999997,0.001472,0.0024319999999999997,0.002464,0.075359999999999996,0.002464,0.0050559999999999997,0.79533941236068906,1.8839999999999999,40,0.0057612291881719247,0.40484282374382019,0.0015057504256252403,0.0033361911773681641,0.26135923019980128,0.00029276451095938683,0.024197706955800039,1.182281494140625,0,0,0,0,83.233123779296875,2160.5518951416016,0.065934811253100634,0.015604601217577627,0.15210540989631696,0.015626314498448587,0
344,5.7333333333333334,0,0.094591999999999996,0.12239999999999999,0.00070399999999999998,0.0044479999999999997,0.0015039999999999999,0.0023999999999999998,0.0027199999999999998,0.075327999999999992,0.002464,0.0050239999999999998,0.79634641407307172,1.8831999999999998,40,0.0056944231234525838,0.40221735835075378,0.0015108636337093134,0.0033513307571411133,0.26532338762934465,0.00028499180916696787,0.02387432969391886,1.1655244827270508,0,0,0,0,83.094512939453125,2156.9538650512695,0.065825008088722825,0.015604601179690916,0.15210541106016057,0.015626314535743164,0
345,5.75,0,0.094463999999999992,0.122432,0.00063999999999999994,0.0047359999999999998,0.001536,0.002464,0.0023679999999999999,0.075296000000000002,0.002496,0.0049280000000000001,0.79708672086720878,1.8824000000000001,40,0.0056942448767801617,0.40710204839706421,0.0015159055993081197,0.0033621788024902344,0.26621714241507927,0.00027733412571251392,0.023551395954911628,1.1486865282058716,0,0,0,0,82.956138610839844,2153.3619613647461,0.065715391887351871,0.01560460119971319,0.1521054102348729,0.015626314514062739,0
346,5.7666666666666666,0,0.094559999999999991,0.122528,0.000736,0.0042560000000000002,0.0014399999999999999,0.0023999999999999998,0.0029759999999999999,0.075296000000000002,0.002464,0.0049919999999999999,0.7962774957698816,1.8824000000000001,40,0.0056884756799418868,0.40510806441307068,0.00152094677190064,0.0033713579177856445,0.2673733452467143,0.00026979565154761076,0.023229104655479546,1.1318559646606445,0,0,0,0,82.8179931640625,2149.7760047912598,0.065605957177467644,0.015604601165329383,0.15210541030877212,0.015626314488673472,0
347,5.7833333333333332,0,0.094528000000000001,0.12268799999999999,0.000736,0.0043839999999999999,0.0014399999999999999,0.0024319999999999997,0.0028159999999999999,0.075296000000000002,0.002464,0.00496,0.79654705484089372,1.8824000000000001,40,0.0056229569363995327,0.40246149897575378,0.0015261305661097098,0.0033844709396362305,0.27141068006950009,0.00026236113626509905,0.022906817162805446,1.1150592565536499,0,0,0,0,82.680076599121094,2146.1959915161133,0.065496703842654824,0.015604601187319721,0.15210541069578129,0.01562631445955932,0
348,5.7999999999999998,0,0.096192,0.12227199999999999,0.0023999999999999998,0.0045439999999999994,0.001472,0.0024319999999999997,0.002624,0.075327999999999992,0.002464,0.0049280000000000001,0.78310046573519621,1.8831999999999998,40,0.0055564879585422193,0.39513403177261353,0.0015312477371980805,0.0033954381942749023,0.27557834168326234,0.000255041872151196,0.022585033635183986,1.0982236862182617,0,0,0,0,82.542388916015625,2142.6219177246094,0.065387631766498089,0.015604601126837512,0.15210541080589809,0.015626314510159854,0
349,5.8166666666666664,0,0.094687999999999994,0.12217599999999999,0.00070399999999999998,0.0043200000000000001,0.001472,0.0024319999999999997,0.0028479999999999998,0.075359999999999996,0.002496,0.0050559999999999997,0.79587698546806351,1.8839999999999999,40,0.0055000275542946677,0.39134716987609863,0.0015364102435686043,0.0034117698669433594,0.27934591752525068,0.0002478263049852103,0.022263256948847818,1.0814040899276733,0,0,0,0,82.404930114746094,2139.0537872314453,0.06527874106541276,0.015604601094966067,0.15210541123028909,0.015626314529412055,0
350,5.833333333333333,0,0.09465599999999999,0.12259199999999999,0.000736,0.0043839999999999999,0.001472,0.0023999999999999998,0.0028479999999999998,0.075296000000000002,0.002496,0.0050239999999999998,0.79546991210277229,1.8824000000000001,40,0.00543730183414254,0.38695549964904785,0.0015413836923753694,0.0034257769584655762,0.28348319431092334,0.00024073151871562004,0.021942266004933039,1.0645537376403809,0,0,0,0,82.2677001953125,2135.4915981292725,0.065170031681191176,0.015604601063919412,0.1521054116737541,0.015626314545071237,0
351,5.8499999999999996,0,0.094432000000000002,0.122528,0.00067199999999999996,0.0044479999999999997,0.001472,0.002464,0.0027199999999999998,0.075263999999999998,0.002464,0.0049280000000000001,0.79701796001355474,1.8815999999999999,40,0.0054123752373648332,0.38407981395721436,0.0015462614476972308,0.0034418106079101562,0.28568999374294524,0.0002337492915103212,0.021621715542959177,1.0477442741394043,0,0,0,0,82.130699157714844,2131.9353504180908,0.065061503613833338,0.015604601089617936,0.15210541213638507,0.015626314557119259,0
352,5.8666666666666663,0,0.094591999999999996,0.12255999999999999,0.00070399999999999998,0.0046080000000000001,0.001472,0.0024319999999999997,0.0025279999999999999,0.075392000000000001,0.002464,0.0049919999999999999,0.79702300405953996,1.8847999999999998,40,0.0054119490715372259,0.38774830102920532,0.0015511127969054194,0.003449857234954834,0.28660890492541846,0.00022687601449433714,0.021301456029780553,1.030874490737915,0,0,0,0,81.993927001953125,2128.3850421905518,0.064953156805131584,0.015604601144322947,0.15210541232051134,0.015626314537534467,0
353,5.8833333333333329,0,0.094591999999999996,0.122656,0.00076800000000000002,0.004352,0.001472,0.0023999999999999998,0.0028479999999999998,0.075296000000000002,0.002496,0.00496,0.79600811907983771,1.8824000000000001,40,0.0053848150939038901,0.38493385910987854,0.0015558258990547907,0.0034676790237426758,0.28892837951225658,0.00022012143745087087,0.020981965468033298,1.0140038728713989,0,0,0,0,81.857383728027344,2124.840669631958,0.064844991138670594,0.015604601172040071,0.15210541162821634,0.015626314542263514,0
354,5.9000000000000004,0,0.094495999999999997,0.12255999999999999,0.000736,0.0046080000000000001,0.0015039999999999999,0.0024319999999999997,0.002496,0.075296000000000002,0.002464,0.00496,0.79681679647815784,1.8824000000000001,40,0.0053393025241916491,0.37934163212776184,0.0015602949756514616,0.0034815073013305664,0.29222823928443437,0.00021348932932596654,0.020663461923209604,0.99708771705627441,0,0,0,0,81.7210693359375,2121.3022365570068,0.064737006730865687,0.015604601172670474,0.15210541065262681,0.015626314571425871,0
355,5.916666666666667,0,0.094528000000000001,0.12249599999999999,0.00070399999999999998,0.0045119999999999995,0.001472,0.0024319999999999997,0.0026879999999999999,0.075231999999999993,0.0024319999999999997,0.0050559999999999997,0.79587000677048059,1.8808,40,0.0052866514028259244,0.3754274845123291,0.0015646266800944425,0.0034939050674438477,0.29595798188208278,0.00020697759464383125,0.020345888756396525,0.98020094633102417,0,0,0,0,81.584976196289062,2117.7695579528809,0.064629197935573757,0.015604601200586318,0.15210541143664913,0.015626314625258618,0
356,5.9333333333333336,0,0.096287999999999999,0.12217599999999999,0.0024319999999999997,0.00496,0.001472,0.0023999999999999998,0.0022719999999999997,0.075039999999999996,0.0027199999999999998,0.0049919999999999999,0.77932868062479221,1.8759999999999999,40,0.0051998731576053652,0.3726544976234436,0.0015688645425371395,0.0035087466239929199,0.30171207931149413,0.00020058856171090156,0.020029406467037488,0.96333599090576172,0,0,0,0,81.449111938476562,2114.2428188323975,0.064521570398937911,0.015604601285901151,0.15210541194136862,0.015626314619194052,0
357,5.9500000000000002,0,0.094463999999999992,0.122624,0.00067199999999999996,0.0050879999999999996,0.001472,0.002464,0.0020479999999999999,0.075392000000000001,0.0023999999999999998,0.0049280000000000001,0.79810298102981037,1.8847999999999998,40,0.0051679117559766865,0.36871665716171265,0.0015731185228607294,0.00351715087890625,0.30440119668092608,0.00019431233522482216,0.019713565645251604,0.94644403457641602,0,0,0,0,81.3134765625,2110.7220153808594,0.064414124004542828,0.015604601344148157,0.15210541156487178,0.015626314637651312,0
358,5.9666666666666668,0,0.094624,0.122656,0.000736,0.0049280000000000001,0.001472,0.0023999999999999998,0.0022399999999999998,0.075392000000000001,0.002464,0.0049919999999999999,0.7967534663510315,1.8847999999999998,40,0.0051609548109012113,0.3660275936126709,0.0015772088749673955,0.0035321712493896484,0.30560408543704759,0.00018815063231159002,0.01939848614256226,0.92957460880279541,0,0,0,0,81.178062438964844,2107.2069664001465,0.06430685322266072,0.015604601373437093,0.15210541295882121,0.015626314624294032,0
359,5.9833333333333334,0,0.094367999999999994,0.122848,0.00063999999999999994,0.0045760000000000002,0.0015039999999999999,0.002464,0.002496,0.075296000000000002,0.002464,0.0049280000000000001,0.79789759240420488,1.8824000000000001,40,0.005146075567319431,0.36748740077018738,0.0015812700255814539,0.0035465359687805176,0.30727687631006373,0.00018211074348073453,0.019084587681201526,0.91267073154449463,0,0,0,0,81.042877197265625,2103.6978511810303,0.064199763524811715,0.015604601403694338,0.15210541317031551,0.015626314607184076,0
360,6,0,0.094624,0.12259199999999999,0.00076800000000000002,0.0043839999999999999,0.001472,0.0024319999999999997,0.0027519999999999997,0.075327999999999992,0.002464,0.0050239999999999998,0.79607710517416297,1.8831999999999998,40,0.0051235566639555568,0.36462023854255676,0.0015854347192802061,0.0035562515258789062,0.30944026254921858,0.00017618392303120345,0.018771463610022712,0.89568865299224854,0,0,0,0,80.907913208007812,2100.1944847106934,0.064092849264852703,0.015604601404746976,0.15210541425485166,0.015626314614799124,0
361,6.0166666666666666,0,0.094751999999999989,0.122528,0.00070399999999999998,0.0044799999999999996,0.001472,0.002464,0.0026879999999999999,0.075327999999999992,0.0025279999999999999,0.0050879999999999996,0.7950016886187099,1.8831999999999998,40,0.0051163861819158909,0.36180388927459717,0.0015896549419733598,0.0035595297813415527,0.3106987794611889,0.00017037565703503788,0.018459450535432406,0.8786461353302002,0,0,0,0,80.773178100585938,2096.6970520019531,0.063986116088926792,0.015604601406676461,0.15210541415193216,0.015626314618719172,0
362,6.0333333333333332,0,0.094559999999999991,0.122528,0.000736,0.0043839999999999999,0.0014399999999999999,0.0023999999999999998,0.0028479999999999998,0.075296000000000002,0.002496,0.00496,0.7962774957698816,1.8824000000000001,40,0.0050921529204884276,0.35949540138244629,0.0015939097822277085,0.0035448670387268066,0.3130129450383482,0.00016468760441057384,0.018148697165944108,0.86167234182357788,0,0,0,0,80.638664245605469,2093.2053699493408,0.063879558409098536,0.015604601379227485,0.15210541522668192,0.015626314533614769,0
363,6.0499999999999998,0,0.094432000000000002,0.12259199999999999,0.00070399999999999998,0.0044159999999999998,0.001472,0.002464,0.0027199999999999998,0.075263999999999998,0.0024319999999999997,0.00496,0.79701796001355474,1.8815999999999999,40,0.0050475004062586299,0.35512855648994446,0.0015983364603350267,0.0035502314567565918,0.31665900578297629,0.00015910685760900378,0.0178385457708303,0.84464347362518311,0,0,0,0,80.504379272460938,2089.7196197509766,0.06377318175509572,0.015604601409590151,0.15210541480669137,0.015626314501540377,0
364,6.0666666666666664,0,0.094432000000000002,0.12239999999999999,0.00070399999999999998,0.0044479999999999997,0.001472,0.0024319999999999997,0.0026879999999999999,0.075263999999999998,0.002464,0.00496,0.79701796001355474,1.8815999999999999,40,0.0050184995783364942,0.35163450241088867,0.0016028632651893069,0.0035624504089355469,0.31939093351894143,0.00015363833517767489,0.017529308895542623,0.82757282257080078,0,0,0,0,80.370315551757812,2086.239616394043,0.063666980480775237,0.015604601353393123,0.15210541495968666,0.015626314494308288,0
365,6.083333333333333,0,0.094591999999999996,0.12268799999999999,0.000736,0.0044799999999999996,0.0014399999999999999,0.0023999999999999998,0.0027199999999999998,0.075392000000000001,0.002464,0.00496,0.79702300405953996,1.8847999999999998,40,0.0050083257954154012,0.34780102968215942,0.0016073416740126931,0.0035802721977233887,0.32093392875600191,0.00014829997962806374,0.017222077669553332,0.81053280830383301,0,0,0,0,80.236473083496094,2082.7653617858887,0.063560954644344747,0.01560460135331182,0.15210541599282346,0.015626314483423845,0
366,6.0999999999999996,0,0.094559999999999991,0.12227199999999999,0.00060799999999999993,0.0044479999999999997,0.0014399999999999999,0.0024319999999999997,0.0027519999999999997,0.075392000000000001,0.002464,0.0050239999999999998,0.79729272419627761,1.8847999999999998,40,0.0050068737204708854,0.34873861074447632,0.001611817514316397,0.0036016106605529785,0.3219209439467966,0.00014308240497484803,0.01691640653181686,0.79347789287567139,0,0,0,0,80.102859497070312,2079.2970314025879,0.063455109600909054,0.015604601325351705,0.15210541430439875,0.015626314497423667,0
367,6.1166666666666663,0,0.094687999999999994,0.12268799999999999,0.000736,0.004352,0.001472,0.0024319999999999997,0.0028159999999999999,0.075423999999999991,0.0023679999999999999,0.0050879999999999996,0.79655288948969238,1.8855999999999997,40,0.0050028340286582705,0.34561344981193542,0.00161637169423916,0.0036210715770721436,0.32309120889878112,0.00013798099826090038,0.016612103916175121,0.77638399600982666,0,0,0,0,79.969467163085938,2075.834451675415,0.063349440053571016,0.015604601296381242,0.15210541379820691,0.015626314507828701,0
368,6.1333333333333329,0,0.094624,0.122656,0.00076800000000000002,0.0044479999999999997,0.001472,0.0023999999999999998,0.002784,0.075359999999999996,0.002464,0.0049280000000000001,0.79641528576259724,1.8839999999999999,40,0.0049932190575015419,0.34338259696960449,0.001621050822866645,0.003643423318862915,0.32465045178245605,0.00013299993588589132,0.016309502499211391,0.75929522514343262,0,0,0,0,79.836296081542969,2072.377613067627,0.063243945711292326,0.015604601266301737,0.15210541295112767,0.015626314514626889,0
369,6.1500000000000004,0,0.094495999999999997,0.122656,0.00076800000000000002,0.0043200000000000001,0.0014399999999999999,0.0024319999999999997,0.0028799999999999997,0.075296000000000002,0.002464,0.0048960000000000002,0.79681679647815784,1.8824000000000001,40,0.0050022322480444076,0.34055390954017639,0.0016258101880049761,0.0036681294441223145,0.32501693391796765,0.00012814244837500155,0.016008900547820362,0.74222445487976074,0,0,0,0,79.703346252441406,2068.9265213012695,0.06313862674869597,0.015604601263973752,0.15210541268041997,0.015626314488987002,0
370,6.166666666666667,0,0.094591999999999996,0.122432,0.00070399999999999998,0.004352,0.0014399999999999999,0.0023999999999999998,0.0028799999999999997,0.075392000000000001,0.0024319999999999997,0.0049919999999999999,0.79702300405953996,1.8847999999999998,40,0.0050102877434852018,0.33780744671821594,0.0016305442267053509,0.0036913007497787476,0.32543923826042165,0.0001234108058270067,0.01571055733110743,0.72509515285491943,0,0,0,0,79.57061767578125,2065.4811725616455,0.063033483049366623,0.015604601289498737,0.15210541237531283,0.015626314430749088,0
371,6.1833333333333336,0,0.094528000000000001,0.122112,0.00067199999999999996,0.0044799999999999996,0.001472,0.0024319999999999997,0.0026559999999999999,0.075359999999999996,0.002496,0.00496,0.79722410291130663,1.8839999999999999,40,0.0050249612855924851,0.33506229519844055,0.0016352678281022568,0.0037171393632888794,0.32542894067480266,0.00011880572128575295,0.015414650257839323,0.70795488357543945,0,0,0,0,79.4381103515625,2062.0415649414062,0.062928514555096626,0.015604601256280286,0.15210541172829342,0.015626314426468387,0
372,6.2000000000000002,0,0.094463999999999992,0.12223999999999999,0.00070399999999999998,0.0045760000000000002,0.0015039999999999999,0.002464,0.0025279999999999999,0.075296000000000002,0.002464,0.0049280000000000001,0.79708672086720878,1.8824000000000001,40,0.005003805451621165,0.32865363359451294,0.0016400330037703653,0.0037442296743392944,0.32775714796006244,0.00011432704195613042,0.015121312241742145,0.69075995683670044,0,0,0,0,79.305824279785156,2058.607702255249,0.062823721382301301,0.015604601308831336,0.15210541135336456,0.015626314389551376,0
373,6.2166666666666668,0,0.094591999999999996,0.122432,0.00070399999999999998,0.0045760000000000002,0.0014399999999999999,0.002464,0.0025919999999999997,0.075231999999999993,0.002496,0.0050879999999999996,0.79533152909336935,1.8808,40,0.004990671825049771,0.32397070527076721,0.0016448526628476969,0.0037691369652748108,0.32958541865879815,0.0001099831861210987,0.014831263339385401,0.67358100414276123,0,0,0,0,79.173759460449219,2055.1795768737793,0.062719103298150003,0.015604601331497006,0.15210541001841671,0.01562631437784397,0
374,6.2333333333333334,0,0.094559999999999991,0.122336,0.00070399999999999998,0.0045439999999999994,0.001472,0.0024319999999999997,0.0026559999999999999,0.075296000000000002,0.002464,0.0049919999999999999,0.7962774957698816,1.8824000000000001,40,0.004972754368285529,0.3207145631313324,0.0016498124662469712,0.0037975292652845383,0.3317703518132511,0.00010577005741652101,0.014544418683228354,0.65638899803161621,0,0,0,0,79.041908264160156,2051.7570123672485,0.062614654918434098,0.015604601365949039,0.15210541121871607,0.015626314318959309,0
375,6.25,0,0.094495999999999997,0.12278399999999999,0.00067199999999999996,0.0045119999999999995,0.001472,0.0024319999999999997,0.0026879999999999999,0.075359999999999996,0.0024319999999999997,0.0049280000000000001,0.79749407382323056,1.8839999999999999,40,0.0049928399973610017,0.3236939013004303,0.0016548066630322589,0.0038241297006607056,0.33143594906043811,0.00010169290180783719,0.014261339474806508,0.63912099599838257,0,0,0,0,78.9102783203125,2048.3401870727539,0.062510381685569882,0.015604601370373727,0.15210541177045392,0.015626314343492455,0
376,6.2666666666666666,0,0.09465599999999999,0.122304,0.000736,0.0044479999999999997,0.001472,0.002464,0.002624,0.075392000000000001,0.002464,0.0050559999999999997,0.79648411088573368,1.8847999999999998,40,0.0049845982972835145,0.32067134976387024,0.0016598714490412537,0.003850206732749939,0.33300004334267891,9.7755502793006599e-05,0.013982525007523255,0.62192541360855103,0,0,0,0,78.77886962890625,2044.929102897644,0.062406283657765016,0.01560460137378708,0.15210541198028948,0.015626314364417509,0
377,6.2833333333333332,0,0.094432000000000002,0.122656,0.000736,0.0049280000000000001,0.001472,0.002464,0.002176,0.075296000000000002,0.002464,0.0048960000000000002,0.79735682819383258,1.8824000000000001,40,0.004964554435092053,0.31774473190307617,0.0016650920060083763,0.0038785636425018311,0.33539606177719394,9.3953574832994491e-05,0.013707922879342041,0.60465449094772339,0,0,0,0,78.647682189941406,2041.523756980896,0.062302360747708008,0.015604601419949644,0.15210541138085942,0.015626314367119972,0
378,6.2999999999999998,0,0.094559999999999991,0.12300799999999999,0.000736,0.004352,0.0014399999999999999,0.0024319999999999997,0.0028479999999999998,0.075392000000000001,0.0024319999999999997,0.0049280000000000001,0.79729272419627761,1.8847999999999998,40,0.0049712829386930587,0.31503227353096008,0.0016703576385489831,0.0039066672325134277,0.33600132182138825,9.029495413415134e-05,0.013438374465250725,0.58731544017791748,0,0,0,0,78.516708374023438,2038.1239652633667,0.062198607338359579,0.015604601434121016,0.15210541224779309,0.015626314395494466,0
379,6.3166666666666664,0,0.094687999999999994,0.12255999999999999,0.00076800000000000002,0.0042880000000000001,0.0014399999999999999,0.0023999999999999998,0.0029119999999999997,0.075392000000000001,0.002496,0.0049919999999999999,0.79621493747887806,1.8847999999999998,40,0.0049731194144271556,0.30960145592689514,0.0016756878003933273,0.0039345324039459229,0.33694903756626293,8.6781830759719014e-05,0.013174356208917309,0.57005083560943604,0,0,0,0,78.385955810546875,2035.0255169272423,0.062104050199195626,0.015604604381057076,0.15204473368758356,0.015626314229325946,0
380,6.333333333333333,0,0.094624,0.12239999999999999,0.00076800000000000002,0.00496,0.0014399999999999999,0.0023999999999999998,0.0023040000000000001,0.075296000000000002,0.002464,0.0049919999999999999,0.79573892458572881,1.8824000000000001,40,0.0050271978905480838,0.30625540018081665,0.0016811528171593484,0.0039804577827453613,0.33441150592463803,8.341170905623585e-05,0.012916014017972871,0.55272841453552246,0,0,0,0,78.255416870117188,2031.9280517101288,0.062009523062442895,0.015604607302846237,0.15198480958134486,0.015626314076681875,0
381,6.3499999999999996,0,0.094495999999999997,0.122304,0.00067199999999999996,0.00496,0.001472,0.002464,0.0022079999999999999,0.075359999999999996,0.0024319999999999997,0.0049280000000000001,0.79749407382323056,1.8839999999999999,40,0.0051578277895965915,0.30165433883666992,0.0016866768995616587,0.0040481090545654297,0.3270130311375864,8.0192279710900038e-05,0.012664302563576096,0.5354081392288208,0,0,0,0,78.125099182128906,2028.7647194159217,0.061912985822019095,0.015604609498121268,0.15193943892504427,0.01562631392216068,0
382,6.3666666666666663,0,0.096319999999999989,0.12239999999999999,0.0023999999999999998,0.0045119999999999995,0.0014399999999999999,0.0024319999999999997,0.0026879999999999999,0.075392000000000001,0.002464,0.0049919999999999999,0.78272425249169442,1.8847999999999998,40,0.0054016970301688279,0.37037646770477295,0.0016922276253155824,0.0041189193725585938,0.31327703421061592,7.7122189395595342e-05,0.012419516044966916,0.51804101467132568,0,0,0,0,77.9949951171875,2026.6374613640364,0.061848067058228651,0.015604622107702519,0.15169977983948005,0.015626312995801674,0
383,6.3833333333333329,0,0.094559999999999991,0.12268799999999999,0.000736,0.0044159999999999998,0.001472,0.0024319999999999997,0.0027199999999999998,0.075359999999999996,0.002496,0.0049280000000000001,0.79695431472081224,1.8839999999999999,40,0.0057606857922574747,0.45498043298721313,0.0016979238526831186,0.0042748451232910156,0.29474335416196046,7.4211930041201413e-05,0.012182933147744135,0.50071018934249878,0,0,0,0,77.8651123046875,2024.303658246994,0.061776845039275941,0.015604632522319785,0.15150311855908133,0.015626312182046683,0
384,6.4000000000000004,0,0.094559999999999991,0.122304,0.000736,0.004352,0.0014399999999999999,0.0023999999999999998,0.0028479999999999998,0.075327999999999992,0.002496,0.00496,0.79661590524534687,1.8831999999999998,40,0.0062841021481867656,0.52259302139282227,0.0017042100662913594,0.0045926570892333984,0.27119388356586427,7.147139695007354e-05,0.011955868596641026,0.48335400223731995,0,0,0,0,77.735443115234375,2021.1801700294018,0.061681523743573052,0.015604634887579469,0.15146554180806795,0.015626311999956084,0
385,6.416666666666667,0,0.09465599999999999,0.12239999999999999,0.000736,0.0049280000000000001,0.0014399999999999999,0.0023999999999999998,0.0023040000000000001,0.075327999999999992,0.0024319999999999997,0.0050879999999999996,0.79580797836375927,1.8831999999999998,40,0.0064470652252555556,0.49506843090057373,0.0017109589685772141,0.0048526227474212646,0.26538570788375937,6.8905457737855613e-05,0.011739289393984255,0.4659440815448761,0,0,0,0,77.605987548828125,2018.0265080332756,0.061585281617226428,0.015604636690792789,0.15142690376122295,0.015626332000846607,0
386,6.4333333333333336,0,0.094559999999999991,0.12227199999999999,0.00070399999999999998,0.0044799999999999996,0.0014399999999999999,0.0024319999999999997,0.0027199999999999998,0.075359999999999996,0.0024319999999999997,0.0049919999999999999,0.79695431472081224,1.8839999999999999,40,0.0066358942341805931,0.38364136219024658,0.0017175835942806917,0.0050683915615081787,0.25883227394337466,6.6530737967696041e-05,0.011535227606570756,0.4485321044921875,0,0,0,0,77.476753234863281,2014.291467666626,0.06147129723103717,0.015604632538628435,0.15149863122796697,0.015626396674451655,0
387,6.4500000000000002,0,0.094399999999999998,0.122656,0.00067199999999999996,0.00464,0.001472,0.0024319999999999997,0.0025279999999999999,0.075263999999999998,0.002464,0.0049280000000000001,0.79728813559322032,1.8815999999999999,40,0.0068834135130434477,0.36043262481689453,0.0017236454315844787,0.0051288008689880371,0.25040562045536363,6.4356368966400623e-05,0.01134516363622849,0.43116921186447144,0,0,0,0,77.347732543945312,2009.8658206425607,0.061336237202226584,0.015604620512077233,0.1517035423789149,0.015626455717294277,0
388,6.4666666666666668,0,0.094559999999999991,0.12249599999999999,0.000736,0.0048319999999999995,0.001472,0.0023999999999999998,0.0023679999999999999,0.075296000000000002,0.002464,0.0049919999999999999,0.7962774957698816,1.8824000000000001,40,0.0070048510085925766,0.36927378177642822,0.001729040071995731,0.0051038861274719238,0.24683466784301125,6.2384075135923922e-05,0.011169966440050205,0.41380628943443298,0,0,0,0,77.218925476074219,2006.0160358175635,0.061218751093065293,0.015604675336556467,0.15179956386955168,0.015626432822755942,0
389,6.4833333333333334,0,0.094335999999999989,0.122656,0.00070399999999999998,0.004352,0.001472,0.0024319999999999997,0.002784,0.075296000000000002,0.0023999999999999998,0.0048960000000000002,0.79816824966078703,1.8824000000000001,40,0.0070926086759069478,0.37878936529159546,0.0017337187277823814,0.0050345063209533691,0.24444020627723226,6.061773092369549e-05,0.0110106976094792,0.39640659093856812,0,0,0,0,77.09033203125,2002.1461271047592,0.061100650851585669,0.015604728860333194,0.15189655524400444,0.015626380280033415,0
390,6.5,0,0.094432000000000002,0.12278399999999999,0.00067199999999999996,0.0047679999999999997,0.0015679999999999999,0.002496,0.0022079999999999999,0.075359999999999996,0.002464,0.0048960000000000002,0.79803456455438826,1.8839999999999999,40,0.0070447771349279407,0.39692080020904541,0.0017373061097645782,0.0048903822898864746,0.24660909443835069,5.9060628700535744e-05,0.010868360382370079,0.37911757826805115,0,0,0,0,76.961952209472656,1998.4884017109871,0.060989025931121432,0.015604608621187581,0.151954388168725,0.015626313994033001,0
391,6.5166666666666666,0,0.094528000000000001,0.122336,0.00067199999999999996,0.0051839999999999994,0.0015039999999999999,0.002496,0.001952,0.075200000000000003,0.0024319999999999997,0.0050879999999999996,0.79553148273527419,1.8800000000000001,40,0.0069125751174138423,0.44395852088928223,0.0017396105060043185,0.0046658515930175781,0.25165882127225953,5.7700508477864787e-05,0.010742486535049955,0.36177828907966614,0,0,0,0,76.833786010742188,1995.3597995042801,0.060893548568856204,0.015604610612792485,0.15191263523981263,0.01562631387366652,0
392,6.5333333333333332,0,0.096096000000000001,0.12249599999999999,0.0023999999999999998,0.0045760000000000002,0.001472,0.0024319999999999997,0.0026559999999999999,0.075135999999999994,0.002496,0.0049280000000000001,0.78188478188478183,1.8783999999999998,40,0.0069533094848110155,0.52312779426574707,0.0017410124580396569,0.0044295787811279297,0.25038615954643878,5.6537428463343531e-05,0.010633666203463746,0.34441021084785461,0,0,0,0,76.705833435058594,1992.0670717358589,0.060793062491939054,0.015604610945904759,0.15190631144073283,0.015626313876122039,0
393,6.5499999999999998,0,0.096319999999999989,0.122624,0.0025279999999999999,0.0044799999999999996,0.001408,0.0024319999999999997,0.0027519999999999997,0.075296000000000002,0.002496,0.0049280000000000001,0.78172757475083066,1.8824000000000001,40,0.0072520660816483319,0.63949644565582275,0.0017424325297503577,0.0042880773544311523,0.24026705081461666,5.5576536396984011e-05,0.010542915763391454,0.32706761360168457,0,0,0,0,76.578094482421875,1988.5616379976273,0.060686085143970558,0.015604609009324798,0.15194579180917575,0.015626313989150618,0
394,6.5666666666666664,0,0.094719999999999999,0.122528,0.000736,0.0042880000000000001,0.0014399999999999999,0.0024319999999999997,0.0029119999999999997,0.075392000000000001,0.002496,0.0050239999999999998,0.79594594594594592,1.8847999999999998,40,0.0074418530578776671,0.69442987442016602,0.0017436775015607362,0.004197239875793457,0.23430689748905273,5.4827480198582634e-05,0.010471626444691639,0.3104265034198761,0,0,0,0,76.450569152832031,1984.6695099938661,0.060567306823543277,0.015604596346329484,0.15206986852685853,0.015626347957804168,0
395,6.583333333333333,0,0.094495999999999997,0.12268799999999999,0.00067199999999999996,0.0045119999999999995,0.0015039999999999999,0.0024319999999999997,0.002624,0.075359999999999996,0.002464,0.0049280000000000001,0.79749407382323056,1.8839999999999999,40,0.0073764919981826292,0.64189696311950684,0.001743988996774452,0.004031747579574585,0.23642525433554654,5.4301970521919429e-05,0.010421321463415225,0.30930984020233154,0,0,0,0,76.323257446289062,1983.274698972702,0.060524740569235291,0.015608823182110099,0.15170697388015864,0.015622164081182183,0
396,6.5999999999999996,0,0.096127999999999991,0.122528,0.002336,0.0044799999999999996,0.0014399999999999999,0.0024319999999999997,0.0027199999999999998,0.075296000000000002,0.002464,0.00496,0.7832889480692411,1.8824000000000001,40,0.0073205496617993662,0.62659668922424316,0.0017443175124370544,0.0039635896682739258,0.23827684982992206,5.4027528676670045e-05,0.010394953456044914,0.30818122625350952,0,0,0,0,76.196159362792969,1982.5866936712118,0.06050374431369665,0.015608582583626733,0.15121488361821192,0.015622467847881261,0
397,6.6166666666666663,0,0.094815999999999998,0.12227199999999999,0.00079999999999999993,0.0042239999999999995,0.0014399999999999999,0.0023999999999999998,0.0030399999999999997,0.075392000000000001,0.0024319999999999997,0.0050879999999999996,0.79514006074924071,1.8847999999999998,40,0.0076938741592051949,0.66877245903015137,0.0017460676405451911,0.0042418539524078369,0.22694257852607849,5.4057429224485531e-05,0.010397829506631231,0.3070528507232666,0,0,0,0,76.069267272949219,1981.6492007789493,0.060475134301115396,0.015607368353483022,0.15076924190504448,0.015623741854966251,0
398,6.6333333333333329,0,0.09622399999999999,0.12249599999999999,0.002336,0.0045760000000000002,0.001472,0.0023999999999999998,0.0026559999999999999,0.075327999999999992,0.002464,0.0049919999999999999,0.78284003990688389,1.8831999999999998,40,0.0086889098967690287,0.70594906806945801,0.0017502954672703025,0.0048071742057800293,0.20144016776156812,5.4425348935183138e-05,0.010433153783509869,0.30590745806694031,0,0,0,0,75.942588806152344,1980.1941741129849,0.06043073041116287,0.015605282118672495,0.15041476251688207,0.015625863653102666,0
399,6.6499999999999995,0,0.096416000000000002,0.12268799999999999,0.0025919999999999997,0.0044159999999999998,0.001472,0.0023999999999999998,0.002784,0.075392000000000001,0.0024319999999999997,0.0049280000000000001,0.78194490540989048,1.8847999999999998,40,0.010060445562400388,0.79369735717773438,0.0017575591516545001,0.005481421947479248,0.17469993160374025,5.5159565818030387e-05,0.010503291466776535,0.30474913120269775,0,0,0,0,75.816123962402344,1977.5187232234748,0.060349082129622644,0.015602806878673631,0.15028984132052112,0.015628426248822193,0
400,6.666666666666667,0,0.09622399999999999,0.122432,0.0023679999999999999,0.0045439999999999994,0.0014399999999999999,0.0024319999999999997,0.0026559999999999999,0.075296000000000002,0.002496,0.0049919999999999999,0.78250748254073843,1.8824000000000001,40,0.011304399498221559,0.88764548301696777,0.0017670397453523716,0.0061024129390716553,0.15631433988425192,5.6263823353219777e-05,0.01060790491597844,0.30366751551628113,0,0,0,0,75.689865112304688,1973.6515749692917,0.060231066130654654,0.015600454750650781,0.15038472568869546,0.015630809101107365,0
401,6.6833333333333336,0,0.096383999999999997,0.12249599999999999,0.0025599999999999998,0.0050559999999999997,0.001472,0.0024319999999999997,0.0020799999999999998,0.075392000000000001,0.0024319999999999997,0.00496,0.78220451527224444,1.8847999999999998,40,0.012395825747721686,0.99717569351196289,0.0017763069950008108,0.0066093206405639648,0.14329880325457869,5.7710101827979088e-05,0.010743379526757777,0.30258053541183472,0,0,0,0,75.563819885253906,1968.3107776492834,0.06006807793119151,0.015598642380675645,0.15076174639649836,0.015632588772760407,0
402,6.7000000000000002,0,0.094559999999999991,0.122656,0.000736,0.0043200000000000001,0.001472,0.0023999999999999998,0.0029119999999999997,0.075359999999999996,0.0024319999999999997,0.0049280000000000001,0.79695431472081224,1.8839999999999999,40,0.012938319462471619,1.0645565986633301,0.0017809669973558393,0.0067710280418395996,0.13765056601992573,5.9412217524368316e-05,0.010900662138087604,0.31359180808067322,0,0,0,0,75.437980651855469,1962.1427220851183,0.05987984381363276,0.015601186389054462,0.15130740934053455,0.015629941740552076,0
403,6.7166666666666668,0,0.096319999999999989,0.12249599999999999,0.002464,0.0044799999999999996,0.0014399999999999999,0.0024319999999999997,0.0027519999999999997,0.075263999999999998,0.002464,0.0050239999999999998,0.7813953488372094,1.8815999999999999,40,0.012753395601399969,1.1572141647338867,0.0017766590339953875,0.006526559591293335,0.13930870565956252,6.1299935623537749e-05,0.011072482614439974,0.32782551646232605,0,0,0,0,75.312355041503906,1956.2447194298729,0.059699851056819853,0.015604495253183899,0.15182854879690311,0.015626442653291463,0
404,6.7333333333333334,0,0.094463999999999992,0.12239999999999999,0.00060799999999999993,0.0045439999999999994,0.0015039999999999999,0.002464,0.0025599999999999998,0.075327999999999992,0.002496,0.00496,0.79742547425474253,1.8831999999999998,40,0.012139402449635538,1.2588620185852051,0.0017640390077902598,0.0059683918952941895,0.14531514340256688,6.3310930272564292e-05,0.011252637937174046,0.34159931540489197,0,0,0,0,75.186935424804688,1953.2327742278576,0.059607933783809131,0.015604835410585636,0.1518220283951206,0.015626091718752125,0
405,6.75,0,0.094399999999999998,0.12246399999999999,0.00060799999999999993,0.0044159999999999998,0.0014399999999999999,0.0024319999999999997,0.002784,0.075359999999999996,0.0024319999999999997,0.0049280000000000001,0.79830508474576267,1.8839999999999999,40,0.011858385738027352,1.3645920753479004,0.001749958978692978,0.005384296178817749,0.14757143319104785,6.542082701344043e-05,0.011438603674700896,0.35522910952568054,0,0,0,0,75.061729431152344,1950.3692855807894,0.059520547045312178,0.015605066546806087,0.15178497370879304,0.015625875908069749,0
406,6.7666666666666666,0,0.094591999999999996,0.12259199999999999,0.000736,0.0043839999999999999,0.0014399999999999999,0.0024319999999999997,0.002784,0.075392000000000001,0.0024319999999999997,0.0049919999999999999,0.79702300405953996,1.8847999999999998,40,0.011355049870848349,1.4170560836791992,0.0017383845299774772,0.0049776732921600342,0.15309351784005865,6.775079236831516e-05,0.011640514796890657,0.36945927143096924,0,0,0,0,74.936729431152344,1947.9974626851035,0.059448164754794419,0.015605569513870331,0.15163652364369057,0.015625469536887909,0
407,6.7833333333333332,0,0.094559999999999991,0.12272,0.000736,0.0043839999999999999,0.001472,0.0023999999999999998,0.0028159999999999999,0.075296000000000002,0.002496,0.00496,0.7962774957698816,1.8824000000000001,40,0.011658169203287253,1.5351099967956543,0.0017297639750789653,0.0048051178455352783,0.14837355204891209,7.0354319177567959e-05,0.011862067204123231,0.38435319066047668,0,0,0,0,74.811935424804688,1945.6228782198741,0.059375698187862369,0.015605956058480978,0.15147887677066751,0.015625219961851254,0
408,6.7999999999999998,0,0.094495999999999997,0.12287999999999999,0.00070399999999999998,0.0044799999999999996,0.001472,0.0023999999999999998,0.0027199999999999998,0.075296000000000002,0.002464,0.00496,0.79681679647815784,1.8824000000000001,40,0.012007597544841162,1.5837945938110352,0.0017242568783510054,0.0048206746578216553,0.14359715770885409,7.3257710027974099e-05,0.012104355416788958,0.39972954988479614,0,0,0,0,74.687355041503906,1943.3804537951946,0.059307264825292805,0.015606104412111119,0.1512778981678429,0.015625156605042659,0
409,6.8166666666666664,0,0.094591999999999996,0.122432,0.000736,0.00496,0.0014399999999999999,0.0024319999999999997,0.0022399999999999998,0.075263999999999998,0.002464,0.0050559999999999997,0.79566982408660358,1.8815999999999999,40,0.012517504617311824,1.64208984375,0.0017208174389494024,0.0049243569374084473,0.13747288230031854,7.6472919317893684e-05,0.012367127339677042,0.41548547148704529,0,0,0,0,74.562980651855469,1941.2220184803009,0.059241394606942777,0.015606093672442166,0.15104228547644943,0.015625253777245628,0
410,6.833333333333333,0,0.094559999999999991,0.12223999999999999,0.00063999999999999994,0.0043200000000000001,0.0014399999999999999,0.0023999999999999998,0.0029119999999999997,0.075359999999999996,0.002496,0.0049919999999999999,0.79695431472081224,1.8839999999999999,40,0.013585668754394259,1.7993335723876953,0.0017175797552570898,0.0049721598625183105,0.1264258525883418,7.9977311543188989e-05,0.012647316833478079,0.43135243654251099,0,0,0,0,74.438812255859375,1939.0185771286488,0.059174150913349877,0.015605863399261146,0.15079959873545795,0.015625520736415609,0
411,6.8499999999999996,0,0.094495999999999997,0.122304,0.00063999999999999994,0.0043839999999999999,0.001408,0.002464,0.0028159999999999999,0.075359999999999996,0.002464,0.00496,0.79749407382323056,1.8839999999999999,40,0.014160908481743267,1.8646116256713867,0.0017148014939697583,0.0049405694007873535,0.12109403123256815,8.3704318967647851e-05,0.012938648999617221,0.44733229279518127,0,0,0,0,74.314849853515625,1936.7328948825598,0.059104397426835931,0.015605470114784772,0.15056108140631544,0.0156258891337126,0
412,6.8666666666666663,0,0.094591999999999996,0.12255999999999999,0.00070399999999999998,0.0050239999999999998,0.001472,0.0023999999999999998,0.0021440000000000001,0.075263999999999998,0.002496,0.0050879999999999996,0.79566982408660358,1.8815999999999999,40,0.014592336474592149,2.0140361785888672,0.0017119132695251305,0.0048902630805969238,0.11731591253435499,8.7700231233611703e-05,0.013243883964578646,0.46374356746673584,0,0,0,0,74.191093444824219,1934.8255860805511,0.059046190981462132,0.015604960282649178,0.1502401003161217,0.015626237820503496,0
413,6.8833333333333329,0,0.096159999999999995,0.12259199999999999,0.0023040000000000001,0.0044799999999999996,0.001408,0.0024319999999999997,0.0027519999999999997,0.075359999999999996,0.0024319999999999997,0.0049919999999999999,0.78369384359400995,1.8839999999999999,40,0.014965046190524585,2.1283330917358398,0.0017092858308344013,0.0048619210720062256,0.11421854694418981,9.1968468041159213e-05,0.01356233520019021,0.48031243681907654,0,0,0,0,74.067543029785156,1935.3704441338778,0.059062818729671562,0.015608229348901412,0.14948057688214164,0.015626502763700707,0
414,6.8999999999999995,0,0.094495999999999997,0.122336,0.00070399999999999998,0.0045439999999999994,0.0015039999999999999,0.0024319999999999997,0.0025279999999999999,0.075392000000000001,0.002464,0.0049280000000000001,0.79783271249576704,1.8847999999999998,40,0.015544918036876789,2.2762136459350586,0.0017066968462533729,0.0048359036445617676,0.10979130557038783,9.6508272690698504e-05,0.013893039457994676,0.4969010055065155,0,0,0,0,73.944198608398438,1937.6084287477279,0.059131116599967282,0.015607570058410777,0.14837099629593295,0.01562677489997337,0
415,6.916666666666667,0,0.096512000000000001,0.122112,0.0025279999999999999,0.0044479999999999997,0.001408,0.0024319999999999997,0.0028159999999999999,0.075359999999999996,0.002496,0.0050239999999999998,0.78083554376657816,1.8839999999999999,40,0.015781559803903219,2.4175000190734863,0.0017036424081414881,0.0048004984855651855,0.10795145912764148,0.00010132741590496153,0.014235688666514278,0.5135340690612793,0,0,0,0,73.821060180664062,1942.0392255080806,0.059266333786257341,0.015606442761643333,0.1467880459520759,0.015626962605438159,0
416,6.9333333333333336,0,0.094591999999999996,0.122336,0.00076800000000000002,0.0043200000000000001,0.0014399999999999999,0.0023999999999999998,0.0029119999999999997,0.075296000000000002,0.002464,0.0049919999999999999,0.79600811907983771,1.8824000000000001,40,0.016883189881832079,2.6688880920410156,0.0017019127804861493,0.0049450397491455078,0.1008051672935083,0.00010651357297319919,0.014595449494496508,0.53057605028152466,0,0,0,0,73.698127746582031,1949.889436647296,0.059505903217996092,0.015605040547668635,0.14447392883153881,0.01562704142201856,0
417,6.9500000000000002,0,0.094367999999999994,0.12278399999999999,0.00067199999999999996,0.0050239999999999998,0.0014399999999999999,0.0024319999999999997,0.002176,0.075263999999999998,0.0023679999999999999,0.0049919999999999999,0.79755849440488302,1.8815999999999999,40,0.017542311657098568,2.8281354904174805,0.0017004644197142777,0.0051049590110778809,0.096935025038514686,0.0001121014283853583,0.014973404982525404,0.547954261302948,0,0,0,0,73.575401306152344,1963.0570654660696,0.059907747359194019,0.015603690549128114,0.14104996292884314,0.015627016508103171,0
418,6.9666666666666668,0,0.096192,0.12259199999999999,0.0023679999999999999,0.0046080000000000001,0.001472,0.0024319999999999997,0.0025279999999999999,0.075296000000000002,0.002464,0.0050239999999999998,0.78276779773785765,1.8824000000000001,40,0.019167842174047583,3.1058893203735352,0.0017005033965173367,0.0053815245628356934,0.088716475285869359,0.00011819252540590242,0.015374818724518504,0.56613761186599731,0,0,0,0,73.452873229980469,1984.4797966480255,0.060561517231690232,0.015602710054693228,0.13596619680439637,0.015622379292134204,0
419,6.9833333333333334,0,0.09465599999999999,0.12259199999999999,0.000736,0.004352,0.0014399999999999999,0.0024319999999999997,0.0028159999999999999,0.075455999999999995,0.0024319999999999997,0.0049919999999999999,0.79716024340770797,1.8863999999999996,40,0.020530129392479939,3.3260898590087891,0.0017000704564865843,0.0055676698684692383,0.082808560237779591,0.00012479553697630763,0.015798451631492728,0.58476519584655762,0,0,0,0,73.330551147460938,1990.4631685316563,0.060744115250599862,0.015601928861511108,0.13403538015577651,0.015622118506690159,0
420,7,0,0.094495999999999997,0.12249599999999999,0.00070399999999999998,0.00496,0.001472,0.0023999999999999998,0.0022399999999999998,0.075296000000000002,0.002464,0.00496,0.79681679647815784,1.8824000000000001,40,0.022516046948867031,3.6289186477661133,0.0016990160956112709,0.0054674744606018066,0.075458009990371,0.00013175328786019236,0.016232885625186443,0.60288906097412109,0,0,0,0,73.20843505859375,1990.366812646389,0.060741174702343415,0.015601641863726855,0.13332406009317047,0.015625012604461495,0
421,7.0166666666666666,0,0.096319999999999989,0.12255999999999999,0.0024319999999999997,0.0044799999999999996,0.001472,0.0024319999999999997,0.0026879999999999999,0.075327999999999992,0.002464,0.0050239999999999998,0.7820598006644518,1.8831999999999998,40,0.022534263689209005,3.6662025451660156,0.0016940176772084925,0.0052818059921264648,0.075175195452235152,0.00013882323401048779,0.016662726908311724,0.62080889940261841,0,0,0,0,73.086524963378906,1994.2736721485853,0.060860402592425089,0.015597792811198713,0.13189101417793792,0.01562623576714426,0
422,7.0333333333333332,0,0.094528000000000001,0.122432,0.00067199999999999996,0.0049919999999999999,0.0014399999999999999,0.0024319999999999997,0.0022079999999999999,0.075327999999999992,0.002496,0.00496,0.79688557887610012,1.8831999999999998,40,0.022523870879197355,3.6684513092041016,0.0016887534490883558,0.0052155107259750366,0.074976164538754234,0.00014613142411690205,0.017095696775323434,0.6390419602394104,0,0,0,0,72.964813232421875,2001.7919158273726,0.061089841181255267,0.015597400414465737,0.12974284590567628,0.015626924358858579,0
423,7.0499999999999998,0,0.094591999999999996,0.12255999999999999,0.000736,0.0044479999999999997,0.0014399999999999999,0.0024319999999999997,0.0027519999999999997,0.075327999999999992,0.002496,0.00496,0.79634641407307172,1.8831999999999998,40,0.022878690658342939,3.7008466720581055,0.0016837360431140424,0.0052138864994049072,0.073594073553332987,0.00015368218009825796,0.017531809952098954,0.65726959705352783,0,0,0,0,72.843307495117188,2015.7879223337222,0.061516965403250801,0.015597899000758043,0.12637725519851056,0.015628219473475594,0
424,7.0666666666666664,0,0.094719999999999999,0.122432,0.00079999999999999993,0.004352,0.001472,0.0023999999999999998,0.0028159999999999999,0.075392000000000001,0.002496,0.0049919999999999999,0.79594594594594592,1.8847999999999998,40,0.022861602607197128,3.5701913833618164,0.001679303762527882,0.0052054077386856079,0.073455207466479863,0.00016151666932273656,0.017973128237607196,0.67548602819442749,0,0,0,0,72.722000122070312,2038.1405875086784,0.062199114609029493,0.015594337479727402,0.12147689707868885,0.015629662274020111,0
425,7.083333333333333,0,0.094591999999999996,0.12236799999999999,0.000736,0.0048319999999999995,0.001472,0.0024319999999999997,0.0023040000000000001,0.075392000000000001,0.002464,0.00496,0.79702300405953996,1.8847999999999998,40,0.023469116324113127,3.4632530212402344,0.001676822664475352,0.0053644329309463501,0.071448052892921068,0.00016972117009572685,0.018423961034247052,0.69372075796127319,0,0,0,0,72.600898742675781,2070.1670614778996,0.063176485030453478,0.015590154194543815,0.11489209989566185,0.015631137819786322,0
426,7.0999999999999996,0,0.096416000000000002,0.122528,0.0025279999999999999,0.0050879999999999996,0.001472,0.0024319999999999997,0.0020799999999999998,0.075359999999999996,0.002496,0.00496,0.78161301028874874,1.8839999999999999,40,0.023888491990107102,3.163081169128418,0.0016759854094535538,0.005601346492767334,0.070158694410163133,0.00017840124201029539,0.018889216077449873,0.71239084005355835,0,0,0,0,72.479995727539062,2118.5325726270676,0.064652483295503771,0.015584326859602491,0.10563162214186821,0.015632035714055532,0
427,7.1166666666666663,0,0.09465599999999999,0.12259199999999999,0.000736,0.004352,0.0014399999999999999,0.0024319999999999997,0.0028799999999999997,0.075263999999999998,0.002496,0.0050559999999999997,0.79513184584178509,1.8815999999999999,40,0.02355055315274537,2.768376350402832,0.0016722980302938317,0.0055959969758987427,0.071008864184529188,0.00018726869893725961,0.019352968709593864,0.73086488246917725,0,0,0,0,72.359298706054688,2192.6107132695615,0.066913168739915818,0.01557418300388809,0.092597957027491601,0.015638654397401194,0
428,7.1333333333333329,0,0.094591999999999996,0.12236799999999999,0.000736,0.0044159999999999998,0.0014399999999999999,0.0024319999999999997,0.002784,0.075327999999999992,0.0025279999999999999,0.0049280000000000001,0.79634641407307172,1.8831999999999998,40,0.024125926116723859,2.7185156345367432,0.001667935415607915,0.0055470168590545654,0.069134565344279919,0.00019632783369161189,0.019815541057039643,0.74966394901275635,0,0,0,0,72.238800048828125,2306.9089825153351,0.070401275101175997,0.01556320254071226,0.074598003496611373,0.015643607932439563,0
429,7.1499999999999995,0,0.094528000000000001,0.122336,0.00070399999999999998,0.0046080000000000001,0.001472,0.0024319999999999997,0.0025599999999999998,0.075359999999999996,0.0024319999999999997,0.00496,0.79722410291130663,1.8839999999999999,40,0.026091056916036852,3.2248849868774414,0.0016657280177169091,0.0055788606405258179,0.063842872409399037,0.00020567659521475434,0.02028184386167857,0.76924145221710205,0,0,0,0,72.118499755859375,2402.7521759029732,0.073326177243132729,0.015585029960675805,0.061064581968907176,0.015632968616616092,0
430,7.166666666666667,0,0.094495999999999997,0.12255999999999999,0.00070399999999999998,0.0044159999999999998,0.001472,0.0023999999999999998,0.002784,0.075296000000000002,0.0024319999999999997,0.0049919999999999999,0.79681679647815784,1.8824000000000001,40,0.029016993681406349,3.7240109443664551,0.001664691310647562,0.005721747875213623,0.057369530728273582,0.00021567032672464848,0.020768742221167293,0.78988522291183472,0,0,0,0,71.998397827148438,2506.1640442466887,0.07648205701436428,0.015572355323053511,0.047942814688238175,0.015635731031437641,0
431,7.1833333333333336,0,0.094432000000000002,0.122656,0.00070399999999999998,0.0046080000000000001,0.0015039999999999999,0.002464,0.002464,0.075263999999999998,0.002464,0.00496,0.79701796001355474,1.8815999999999999,40,0.029010547734879915,4.0707111358642578,0.001664164961235073,0.0055803358554840088,0.057364134467348123,0.00022589846048504114,0.021255515071860343,0.80924654006958008,0,0,0,0,71.878501892089844,2631.3357276180122,0.080301993640686409,0.015554981167261296,0.034320750468872896,0.015638554319481617,0
432,7.2000000000000002,0,0.094367999999999994,0.12255999999999999,0.00070399999999999998,0.0045439999999999994,0.001472,0.0024319999999999997,0.002624,0.075263999999999998,0.0023999999999999998,0.0049280000000000001,0.79755849440488302,1.8815999999999999,40,0.031244188006666136,4.5734157562255859,0.0016667812683237475,0.0055828392505645752,0.053346922248967706,0.00023606076138094068,0.021728357571659238,0.82752960920333862,0,0,0,0,71.758804321289062,2706.9267948398247,0.082608849940180196,0.01558213674011075,0.0269636330348689,0.015630821404535915,0
433,7.2166666666666668,0,0.094528000000000001,0.12239999999999999,0.00067199999999999996,0.0050879999999999996,0.001472,0.0024319999999999997,0.0021119999999999997,0.075263999999999998,0.0024319999999999997,0.0050559999999999997,0.79620853080568721,1.8815999999999999,40,0.03241284672725081,4.6270771026611328,0.0016687410792582272,0.0059312433004379272,0.051483940713397694,0.000246648327447474,0.022210282638790258,0.8482133150100708,0,0,0,0,71.639305114746094,2796.0958395338384,0.085330073227961378,0.015571724226297061,0.019034169443909073,0.015630744961665839,0
434,7.2333333333333334,0,0.094687999999999994,0.122304,0.00079999999999999993,0.004352,0.001472,0.0023999999999999998,0.0028799999999999997,0.075200000000000003,0.0025279999999999999,0.0050559999999999997,0.79418722541399134,1.8800000000000001,40,0.031044969147690896,4.2279157638549805,0.0016763477332807219,0.0064374953508377075,0.053997403743769143,0.0002575419784989208,0.022695461154112768,0.86842501163482666,0,0,0,0,71.520004272460938,2931.2065804568119,0.089453325819604856,0.015554054713675472,0.0081687717284112411,0.015633053381741768,0
435,7.25,0,0.094528000000000001,0.12291199999999999,0.000736,0.0044159999999999998,0.0014399999999999999,0.0024319999999999997,0.002784,0.075296000000000002,0.0025279999999999999,0.0048960000000000002,0.79654705484089372,1.8824000000000001,40,0.029760925411320648,3.6364288330078125,0.0017036001664949359,0.0078383684158325195,0.057242849237709177,0.0002682979975361377,0.023164541762622358,0.88780242204666138,0,0,0,0,71.400901794433594,3038.2462868350958,0.092719918421481196,0.015580364304631869,0.00012023559645378136,0.015628996670652144,0
436,7.2666666666666666,0,0.094687999999999994,0.122304,0.000736,0.004352,0.001472,0.0023999999999999998,0.0028479999999999998,0.075423999999999991,0.002464,0.0049919999999999999,0.79655288948969238,1.8855999999999997,40,0.029431856654064999,3.4653968811035156,0.001742973857374533,0.0089388787746429443,0.059220655966799193,0.00027970504015684128,0.023651851519779218,0.90649032592773438,0,0,0,0,71.281997680664062,3164.7461942574819,0.096580389229049129,0.01556972984902725,-0.0087149960277004123,0.015630263962774317,0
437,7.2833333333333332,0,0.094624,0.122432,0.00076800000000000002,0.0043839999999999999,0.0014399999999999999,0.0023999999999999998,0.0028159999999999999,0.075488,0.0023999999999999998,0.0049280000000000001,0.79776800811633408,1.8872,40,0.03066960614201069,4.3696889877319336,0.0017902063502799389,0.010116502642631531,0.058370699055953823,0.00029168132459744811,0.024152901465349794,0.92528724670410156,0,0,0,0,71.163291931152344,3352.5126554737312,0.1023105668784708,0.015564986150527831,-0.02039022835426758,0.015632220456616074,0
438,7.2999999999999998,0,0.094367999999999994,0.122656,0.00060799999999999993,0.0045439999999999994,0.001408,0.0024319999999999997,0.0026559999999999999,0.075296000000000002,0.002496,0.0049280000000000001,0.79789759240420488,1.8824000000000001,40,0.033472257173705396,5.1094169616699219,0.0018325346439509245,0.0109415203332901,0.05474786580543179,0.00030409972532652318,0.024661700076293327,0.94434076547622681,0,0,0,0,71.044784545898438,3489.0676403121106,0.10647789429663423,0.015587894380669516,-0.028503821690264011,0.015630603935860739,0
439,7.3166666666666664,0,0.094751999999999989,0.12239999999999999,0.00076800000000000002,0.004352,0.001408,0.0024319999999999997,0.0029119999999999997,0.075327999999999992,0.002496,0.0050559999999999997,0.7950016886187099,1.8831999999999998,40,0.03764642766164028,5.8123745918273926,0.0018519783109398568,0.011254429817199707,0.049193998633419465,0.00031736955861561,0.025194029396490351,0.96304386854171753,0,0,0,0,70.926475524902344,3666.1269283160655,0.1118813149510518,0.015578354441349028,-0.03794626138437366,0.015631569706053259,0
440,7.333333333333333,0,0.094719999999999999,0.12239999999999999,0.000736,0.004352,0.0014399999999999999,0.0023999999999999998,0.0029119999999999997,0.075327999999999992,0.0025279999999999999,0.0050239999999999998,0.7952702702702702,1.8831999999999998,40,0.037524573400850351,5.6661233901977539,0.0018669752563407116,0.011807665228843689,0.049753403893417841,0.000330962153384462,0.025727889668002775,0.98487389087677002,0,0,0,0,70.808364868164062,3882.903788022697,0.11849681970284109,0.015604622660525029,-0.047506759664737538,0.015630091059864647,0
441,7.3499999999999996,0,0.094432000000000002,0.122624,0.00067199999999999996,0.004352,0.0014399999999999999,0.0024319999999999997,0.0028799999999999997,0.075263999999999998,0.002464,0.0049280000000000001,0.79701796001355474,1.8815999999999999,40,0.037095434305866683,5.0102834701538086,0.0018898336765185294,0.012423276901245117,0.050945182658763216,0.0003448856296017766,0.026263496705571276,1.0084519386291504,0,0,0,0,70.690444946289062,3989.8746796165287,0.12176131224415676,0.015601197360312241,-0.051712360455030304,0.015632793552907878,0
442,7.3666666666666663,0,0.096383999999999997,0.122528,0.0025919999999999997,0.0045760000000000002,0.001536,0.002464,0.0024319999999999997,0.075327999999999992,0.002464,0.0049919999999999999,0.78154050464807434,1.8831999999999998,40,0.036224487355901322,3.8411140441894531,0.0018947409939322629,0.01257101446390152,0.05230552955288658,0.00036039986298419535,0.026847713607836155,1.0312731266021729,0,0,0,0,70.572723388671875,4147.6642486181463,0.1265766677434737,0.015595035634901146,-0.057459977512732317,0.015636966820752909,0
443,7.3833333333333329,0,0.09622399999999999,0.12255999999999999,0.0023679999999999999,0.0045119999999999995,0.001472,0.0024319999999999997,0.0026559999999999999,0.075392000000000001,0.002496,0.0048960000000000002,0.78350515463917536,1.8847999999999998,40,0.03636212974988795,5.1040916442871094,0.0019065971086045094,0.013351559638977051,0.052433592908852779,0.00037685138522647321,0.027453647671173798,1.0532381534576416,0,0,0,0,70.4552001953125,4363.403580430655,0.13316050965669723,0.015617064740120061,-0.065007261466381236,0.015636341491776767,0
444,7.3999999999999995,0,0.09622399999999999,0.12255999999999999,0.002336,0.0044799999999999996,0.001472,0.0024319999999999997,0.0026879999999999999,0.075392000000000001,0.002464,0.00496,0.78350515463917536,1.8847999999999998,40,0.039776944271308026,6.1156320571899414,0.0019056003425889354,0.013659335672855377,0.047907157714060164,0.00039433687925338745,0.028083335957588353,1.0750490427017212,0,0,0,0,70.337875366210938,4549.715064472286,0.1388462849265224,0.015616540441521406,-0.07248646399634244,0.015642353704941849,0
445,7.416666666666667,0,0.094624,0.122336,0.000736,0.004352,0.0014399999999999999,0.0024319999999999997,0.0028799999999999997,0.075263999999999998,0.002464,0.0050559999999999997,0.79540074399729455,1.8815999999999999,40,0.044286423922852175,6.8822269439697266,0.0018949680250799213,0.014269076287746429,0.042788914913992449,0.00041336496360599995,0.028752911630163646,1.0969549417495728,0,0,0,0,70.220741271972656,4741.5013672374189,0.14469913840446225,0.015588123167989661,-0.078013984555767732,0.015639562837610012,0
446,7.4333333333333336,0,0.094528000000000001,0.122432,0.00070399999999999998,0.0045760000000000002,0.001472,0.0024319999999999997,0.002624,0.075359999999999996,0.0023999999999999998,0.00496,0.79722410291130663,1.8839999999999999,40,0.043799571920860265,6.3845930099487305,0.0018992804112367249,0.015880927443504333,0.043362990274618679,0.00043379544513300061,0.029454895862419905,1.1187784671783447,0,0,0,0,70.103805541992188,4942.5815366008319,0.15083561818239843,0.015596978414459497,-0.082369448161819306,0.015638705145765854,0
447,7.4500000000000002,0,0.094463999999999992,0.122304,0.00070399999999999998,0.0044479999999999997,0.001472,0.0023999999999999998,0.002784,0.07510399999999999,0.0025919999999999997,0.00496,0.79505420054200537,1.8775999999999997,40,0.042143941176304892,5.2117481231689453,0.0019300776677996893,0.017892599105834961,0.045797275098819201,0.00045549430069513619,0.03018258771858822,1.142559289932251,0,0,0,0,69.987060546875,5135.7526367380924,0.15673073232232948,0.015589070827966785,-0.088412762088669619,0.015645361253905542,0
448,7.4666666666666668,0,0.094624,0.12246399999999999,0.00067199999999999996,0.0046080000000000001,0.001472,0.002464,0.002496,0.075423999999999991,0.002496,0.0049919999999999999,0.79709164693946555,1.8855999999999997,40,0.041510882913217806,5.5440177917480469,0.0019879610481185065,0.019823640584945679,0.047890117207926318,0.00047885440289974213,0.030946870694780824,1.1673171520233154,0,0,0,0,69.870513916015625,5424.3006360759609,0.16553651843493533,0.015577015736889688,-0.096660217518107411,0.015653842314761308,0
449,7.4833333333333334,0,0.094719999999999999,0.122336,0.00076800000000000002,0.0043839999999999999,0.001472,0.0024319999999999997,0.002784,0.075423999999999991,0.0024319999999999997,0.0050239999999999998,0.79628378378378373,1.8855999999999997,40,0.045270469097548227,6.9168720245361328,0.0020190802225705786,0.020594030618667603,0.044600382165687097,0.00050398265011608601,0.031748469258094505,1.1907281875610352,0,0,0,0,69.754158020019531,5729.0796706992405,0.17483763643491335,0.015586924172429649,-0.10402122052422347,0.015652215544572409,0
450,7.5,0,0.094559999999999991,0.12246399999999999,0.000736,0.0044159999999999998,0.0014399999999999999,0.0024319999999999997,0.002784,0.075392000000000001,0.0024319999999999997,0.0049280000000000001,0.79729272419627761,1.8847999999999998,40,0.050013038585510386,7.5925354957580566,0.0021341071688616106,0.023712337017059326,0.042671015983417916,0.0005308722029440105,0.032584419680086692,1.2138956785202026,0,0,0,0,69.63800048828125,5929.9159743397831,0.18096667402159983,0.015574724205099429,-0.10859578521086843,0.015659444040182012,0
451,7.5166666666666666,0,0.094783999999999993,0.12227199999999999,0.00079999999999999993,0.0043200000000000001,0.001408,0.0024319999999999997,0.0029119999999999997,0.075392000000000001,0.002464,0.0050559999999999997,0.7954085077650237,1.8847999999999998,40,0.049190767220292204,7.0410690307617188,0.002307729183328638,0.027529239654541016,0.046913868470354982,0.00055909680668264627,0.033439402108370486,1.236088752746582,0,0,0,0,69.52203369140625,6223.1552022526048,0.18991562506874404,0.01556559173377936,-0.11463544372614005,0.015668150483256489,0
452,7.5333333333333332,0,0.094559999999999991,0.122432,0.00060799999999999993,0.0048960000000000002,0.0014399999999999999,0.0023999999999999998,0.0023679999999999999,0.075359999999999996,0.002464,0.0050239999999999998,0.79695431472081224,1.8839999999999999,40,0.046770383898434874,5.3437042236328125,0.0024852902725949577,0.030963301658630371,0.053138120011842059,0.00058814993826672435,0.034297228408917371,1.2575526237487793,0,0,0,0,69.406257629394531,6604.5673021977127,0.20155539862663918,0.01561771653532292,-0.12235603309075252,0.015654932766735012,0
453,7.5499999999999998,0,0.094559999999999991,0.12239999999999999,0.000736,0.0045119999999999995,0.001472,0.0024319999999999997,0.0026559999999999999,0.075327999999999992,0.002464,0.00496,0.79661590524534687,1.8831999999999998,40,0.049345074243273224,6.9318037033081055,0.0026672789955709169,0.034146308898925781,0.054053601833105425,0.00061821535928174853,0.035162916809666073,1.2801846265792847,0,0,0,0,69.290672302246094,7039.6702671892272,0.21483368735318686,0.015642953094887151,-0.13316897979321043,0.01564721429748445,0
454,7.5666666666666664,0,0.09465599999999999,0.12268799999999999,0.00070399999999999998,0.0045119999999999995,0.001472,0.002464,0.0025919999999999997,0.075455999999999995,0.0023999999999999998,0.0050559999999999997,0.79716024340770797,1.8863999999999996,40,0.054751671453523054,8.3395652770996094,0.0029794791223715601,0.039568185806274414,0.054418048678216972,0.00064969278173521161,0.036046991046000267,1.3039333820343018,0,0,0,0,69.175285339355469,7468.8190655738581,0.22793026933513971,0.015633472850903919,-0.14024962102016625,0.01564742997116271,0
455,7.583333333333333,0,0.094591999999999996,0.12246399999999999,0.000736,0.0044159999999999998,0.001408,0.0024319999999999997,0.0028159999999999999,0.075392000000000001,0.0024319999999999997,0.00496,0.79702300405953996,1.8847999999999998,40,0.055782923199165078,8.2162094116210938,0.0033271150663767802,0.045259475708007812,0.059643971229291513,0.00068120751529932022,0.036910906661834254,1.3266739845275879,0,0,0,0,69.060089111328125,7915.0419550875158,0.24154791122703601,0.015615385271026499,-0.14626013134054763,0.015649586790869304,0
456,7.5999999999999996,0,0.094624,0.12278399999999999,0.000736,0.0044159999999999998,0.0014399999999999999,0.0023999999999999998,0.0028159999999999999,0.075455999999999995,0.0023999999999999998,0.00496,0.79742982752789981,1.8863999999999996,40,0.054116544731946624,6.5808553695678711,0.0036057872258465746,0.049576282501220703,0.066630034192075277,0.00071341369766741991,0.037773368863987231,1.3481278419494629,0,0,0,0,68.945083618164062,8360.3473436763743,0.25513755321277998,0.015586617267372409,-0.15405808308629254,0.015660560875129601,0
457,7.6166666666666663,0,0.094624,0.12227199999999999,0.00070399999999999998,0.0044799999999999996,0.0015039999999999999,0.002464,0.002624,0.075327999999999992,0.002464,0.0050559999999999997,0.79607710517416297,1.8831999999999998,40,0.05665357211549546,7.4623689651489258,0.0037956016146908863,0.052021980285644531,0.066996686580557949,0.00074746133759617805,0.038664229918522315,1.3693195581436157,0,0,0,0,68.830268859863281,8897.4134079901269,0.2715275087887612,0.015614037553134343,-0.16271961336933843,0.015645473191705929,0
458,7.6333333333333329,0,0.094591999999999996,0.12239999999999999,0.00070399999999999998,0.0049919999999999999,0.001472,0.0023999999999999998,0.0022079999999999999,0.075392000000000001,0.002464,0.00496,0.79702300405953996,1.8847999999999998,40,0.06236535708935724,9.3783349990844727,0.0039864658724585835,0.054880142211914062,0.063921158452548671,0.00078305089846253395,0.03957400405474619,1.3941726684570312,0,0,0,0,68.715644836425781,9509.2579009961337,0.29019952090442303,0.015604433593525521,-0.16937353293795976,0.015651942847999634,0
459,7.6499999999999995,0,0.094432000000000002,0.12239999999999999,0.00067199999999999996,0.0045439999999999994,0.0015039999999999999,0.002464,0.0025599999999999998,0.075263999999999998,0.002464,0.00496,0.79701796001355474,1.8815999999999999,40,0.064675352596137242,9.419769287109375,0.0041972065851578833,0.05808258056640625,0.064896539665847339,0.00081944488920271397,0.040483203657880489,1.4184592962265015,0,0,0,0,68.601211547851562,10082.161802093564,0.30768316046428112,0.015623095687660056,-0.17622015876014674,0.015641291150589952,0
460,7.666666666666667,0,0.094559999999999991,0.12255999999999999,0.00070399999999999998,0.0048639999999999994,0.0014399999999999999,0.0024319999999999997,0.0023040000000000001,0.075296000000000002,0.002496,0.0050239999999999998,0.7962774957698816,1.8824000000000001,40,0.065193507962083397,7.6016082763671875,0.0043904963569874039,0.060453414916992188,0.067345606859212426,0.00085741723887622356,0.04141055997873546,1.4408514499664307,0,0,0,0,68.486968994140625,10632.003957051435,0.3244630113846263,0.015626750401881166,-0.18239591452735546,0.015638910909411489,0
461,7.6833333333333336,0,0.09465599999999999,0.12227199999999999,0.00076800000000000002,0.0044159999999999998,0.0014399999999999999,0.0024319999999999997,0.002784,0.075423999999999991,0.0024319999999999997,0.00496,0.79682217714672077,1.8855999999999997,40,0.071862468715510955,10.220094680786133,0.004457778373433181,0.060583114624023438,0.062032079514003732,0.00089801527792587876,0.042379600704251064,1.4620474576950073,0,0,0,0,68.372917175292969,11262.121233761376,0.34369266460453418,0.01562345150659286,-0.18770947058044671,0.015644711440703996,0
462,7.7000000000000002,0,0.096512000000000001,0.12223999999999999,0.0025919999999999997,0.0045119999999999995,0.0014399999999999999,0.0023999999999999998,0.0026879999999999999,0.075423999999999991,0.002464,0.0049919999999999999,0.781498673740053,1.8855999999999997,40,0.087738705839842807,14.16387939453125,0.0044413836476462562,0.059892654418945312,0.050620573954595426,0.00094043079297989607,0.043368901138486231,1.4825711250305176,0,0,0,0,68.259056091308594,11800.166717545922,0.3601125096907325,0.015626986315246446,-0.19202135216564745,0.01563194487947777,0
463,7.7166666666666668,0,0.096000000000000002,0.122432,0.0021119999999999997,0.0044479999999999997,0.0014399999999999999,0.0024319999999999997,0.0027519999999999997,0.075296000000000002,0.002496,0.0050239999999999998,0.78433333333333333,1.8824000000000001,40,0.10540029723856824,17.644538879394531,0.0044058411647958651,0.058975696563720703,0.041801031688017604,0.00098475872073322535,0.044379245616238801,1.506685733795166,0,0,0,0,68.1453857421875,12328.831760839326,0.37624608645139546,0.015628014779925248,-0.19668810206721074,0.015634023450970008,0
464,7.7333333333333334,0,0.096063999999999997,0.122528,0.002336,0.0046080000000000001,0.001472,0.0024319999999999997,0.0025279999999999999,0.075231999999999993,0.002496,0.00496,0.78314457028647566,1.8808,40,0.12002146403507789,20.241048812866211,0.0042448805513149428,0.055693149566650391,0.035367678485194273,0.0010308923665434122,0.045406879799065963,1.5285475254058838,0,0,0,0,68.031906127929688,12999.268566144427,0.39670619403516927,0.015625634000799797,-0.20105640488684351,0.015644623505042532,0
465,7.75,0,0.096063999999999997,0.12236799999999999,0.0021440000000000001,0.004352,0.0014399999999999999,0.0024319999999999997,0.0028479999999999998,0.075359999999999996,0.002496,0.0049919999999999999,0.78447701532311787,1.8839999999999999,40,0.1339537866447694,22.244949340820312,0.0041193877923373637,0.053233623504638672,0.030752305668383408,0.001078027649782598,0.046433342541380714,1.5488530397415161,0,0,0,0,67.918609619140625,13645.237667965092,0.41641960656631749,0.015629414586513728,-0.20567441322790295,0.015635495926438599,0
466,7.7666666666666666,0,0.096255999999999994,0.12249599999999999,0.0023999999999999998,0.0045119999999999995,0.0014399999999999999,0.0024319999999999997,0.0026559999999999999,0.075296000000000002,0.002464,0.0050559999999999997,0.78224734042553201,1.8824000000000001,40,0.14575106494319845,23.546401977539062,0.0040596525550648408,0.052083015441894531,0.027853330311150407,0.0011268912348896265,0.047474018892224121,1.5675309896469116,0,0,0,0,67.805503845214844,14243.994092880959,0.43469220254153318,0.015630956115806116,-0.21008493908550194,0.01564107690828041,0
467,7.7833333333333332,0,0.094559999999999991,0.122656,0.00070399999999999998,0.00496,0.001472,0.0024319999999999997,0.0022079999999999999,0.075327999999999992,0.002496,0.00496,0.79661590524534687,1.8831999999999998,40,0.15601619871260403,24.366050720214844,0.0039642801733539125,0.049732208251953125,0.025409413933078037,0.0011767613468691707,0.04851311877975216,1.5852055549621582,0,0,0,0,67.692588806152344,15016.788539466303,0.45827601743976754,0.015641353255371283,-0.21467501894338772,0.015638361656433213,0
468,7.7999999999999998,0,0.094591999999999996,0.122432,0.000736,0.0044479999999999997,0.001472,0.0024319999999999997,0.0026879999999999999,0.075296000000000002,0.002496,0.0050239999999999998,0.79600811907983771,1.8824000000000001,40,0.16647752569636845,25.261041641235352,0.0038948492249518884,0.048337936401367188,0.0233956458005962,0.0012267479905858636,0.049532776836875674,1.6017911434173584,0,0,0,0,67.579864501953125,15868.055526043347,0.4842546242078658,0.015636568206129447,-0.21989895894055383,0.015640130108026871,0
469,7.8166666666666664,0,0.094624,0.122656,0.000736,0.0043200000000000001,0.001408,0.0024319999999999997,0.002944,0.075392000000000001,0.0023679999999999999,0.0050239999999999998,0.7967534663510315,1.8847999999999998,40,0.17487363148324894,25.818288803100586,0.0038684420653366126,0.047639846801757812,0.022121357191047804,0.0012775129871442914,0.050547264755756889,1.6168415546417236,0,0,0,0,67.467323303222656,16831.989561897746,0.51367155645439899,0.015633617577372454,-0.2268002497986735,0.015645266513062299,0
470,7.833333333333333,0,0.094815999999999998,0.122656,0.00076800000000000002,0.0044159999999999998,0.0014399999999999999,0.0023999999999999998,0.0028479999999999998,0.075359999999999996,0.002464,0.0051199999999999996,0.79480256496793789,1.8839999999999999,40,0.18274890005273817,26.552486419677734,0.0039766242986752735,0.049701690673828125,0.021760045053774268,0.0013290152419358492,0.051556090657377214,1.6306172609329224,0,0,0,0,67.354972839355469,17881.616371192591,0.5457036246091489,0.015633045920265726,-0.23317596599917273,0.015633893221838575,0
471,7.8499999999999996,0,0.094591999999999996,0.122432,0.000736,0.0044799999999999996,0.001472,0.0024319999999999997,0.0026559999999999999,0.075359999999999996,0.002496,0.00496,0.79668470906630584,1.8839999999999999,40,0.18995340892848661,27.061553955078125,0.0041291305059911534,0.05171966552734375,0.021737596231008849,0.0013804967748001218,0.052545157242130727,1.6435099840164185,0,0,0,0,67.242805480957031,18621.222157323617,0.56827460196910451,0.015644491941318554,-0.23491381407852549,0.015643619008630379,0
472,7.8666666666666663,0,0.094719999999999999,0.12236799999999999,0.00076800000000000002,0.0044159999999999998,0.0014399999999999999,0.0024319999999999997,0.002784,0.075392000000000001,0.002464,0.0050239999999999998,0.79594594594594592,1.8847999999999998,40,0.19370541290263812,27.223957061767578,0.0041911159806327604,0.0515594482421875,0.02163654550396759,0.0014335197629407048,0.053544743214263432,1.6563756465911865,0,0,0,0,67.130828857421875,19609.367612542119,0.59843040809759884,0.015649871307601242,-0.23909046705118256,0.015646078511444582,0
473,7.8833333333333329,0,0.094591999999999996,0.12268799999999999,0.00076800000000000002,0.0043839999999999999,0.0014399999999999999,0.0024319999999999997,0.002784,0.075327999999999992,0.002464,0.0049919999999999999,0.79634641407307172,1.8831999999999998,40,0.19947095875665355,27.590299606323242,0.0043243791656570815,0.052854537963867188,0.02167924189371671,0.0014873147010803223,0.054540163202548675,1.6684691905975342,0,0,0,0,67.019035339355469,20603.091747287195,0.62875646201437974,0.015641945075214044,-0.2434434996745998,0.015642580769709914,0
474,7.8999999999999995,0,0.094495999999999997,0.12255999999999999,0.00067199999999999996,0.0047679999999999997,0.001472,0.002464,0.002336,0.075392000000000001,0.002464,0.0049280000000000001,0.79783271249576704,1.8847999999999998,40,0.20469999420821047,27.815021514892578,0.0045184793225757176,0.05495452880859375,0.022073666098787227,0.0015429614577442408,0.055551083837207728,1.6797277927398682,0,0,0,0,66.907432556152344,21546.47253808855,0.65754615899928437,0.01565565021016822,-0.24603043453596993,0.015644669393278549,0
475,7.916666666666667,0,0.094687999999999994,0.12239999999999999,0.000736,0.0044159999999999998,0.001472,0.0024319999999999997,0.0028159999999999999,0.075296000000000002,0.002464,0.0050559999999999997,0.79520108144643464,1.8824000000000001,40,0.20965065318273554,28.198066711425781,0.0047054974999805122,0.056079864501953125,0.022444468588796191,0.0016006212681531906,0.056579524002119186,1.6903706789016724,0,0,0,0,66.796012878417969,22605.871854834259,0.68987646041364314,0.015662432756948421,-0.24905547059257446,0.015632928707797117,0
476,7.9333333333333336,0,0.094591999999999996,0.12249599999999999,0.00070399999999999998,0.0044799999999999996,0.001472,0.0023999999999999998,0.0027519999999999997,0.075327999999999992,0.002464,0.0049919999999999999,0.79634641407307172,1.8831999999999998,40,0.21423326802045978,28.407932281494141,0.0049070646338767003,0.058134078979492188,0.022905240998368489,0.0016599199734628201,0.057618052265983793,1.6998400688171387,0,0,0,0,66.684776306152344,23804.972881402122,0.72647011967169561,0.015649450883969844,-0.25345177909299815,0.015636871677275066,0
477,7.9500000000000002,0,0.094495999999999997,0.12249599999999999,0.00070399999999999998,0.0046080000000000001,0.001472,0.002464,0.002496,0.075392000000000001,0.0023999999999999998,0.00496,0.79783271249576704,1.8847999999999998,40,0.21833395562617117,28.731895446777344,0.0052081084334784427,0.062215805053710938,0.023853863768197855,0.0017200181027874351,0.058651821843612582,1.7080771923065186,0,0,0,0,66.573722839355469,24835.36213521543,0.75791510422410369,0.015658273269291714,-0.25534130848958347,0.015643539416563414,0
478,7.9666666666666668,0,0.094751999999999989,0.12223999999999999,0.000736,0.0043839999999999999,0.001472,0.0024319999999999997,0.0027519999999999997,0.075423999999999991,0.0024319999999999997,0.0051199999999999996,0.79601485984464704,1.8855999999999997,40,0.22225237071067699,29.311283111572266,0.0054885185652168164,0.065340042114257812,0.024694983219601483,0.0017818231135606766,0.059696283193523471,1.7150813341140747,0,0,0,0,66.462860107421875,26060.619608626919,0.79530699489217893,0.015682545941879775,-0.25841496212667781,0.015639300936862062,0
479,7.9833333333333334,0,0.094495999999999997,0.12239999999999999,0.00070399999999999998,0.0045439999999999994,0.0014399999999999999,0.0024319999999999997,0.0026559999999999999,0.075296000000000002,0.0024319999999999997,0.0049919999999999999,0.79681679647815784,1.8824000000000001,40,0.22568925745619675,29.529584884643555,0.0058010317802715096,0.069141387939453125,0.025703623848367756,0.0018462328007444739,0.06076566136798766,1.7216281890869141,0,0,0,0,66.352180480957031,27391.634540377185,0.8359263470574092,0.015659556392219862,-0.26201972272771962,0.015640752979488158,0
480,8,0,0.094463999999999992,0.122528,0.00067199999999999996,0.0047039999999999998,0.001536,0.002496,0.0023040000000000001,0.075296000000000002,0.002496,0.00496,0.79708672086720878,1.8824000000000001,40,0.22868564182411699,29.611738204956055,0.0061978667966726469,0.073923110961914062,0.027102124764962071,0.0019122685771435499,0.061842842385251826,1.7279433012008667,0,0,0,0,66.241683959960938,28857.06325643725,0.88064768238639068,0.015653092775730609,-0.26531588735835271,0.015642104508309683,0
