step,emitter,before_source,after_source,before_advection,forward,reverse,corrected,limited,final,expected_injection,measured_injection,forward_delta,correction_delta,lower_changed_cells,lower_delta,upper_changed_cells,upper_delta,damping_and_positivity_delta,damping_residual,limiter_residual,pattern_errors,injection_errors,untouched_errors,nonfinite,audit_failed
1,1,0,0.5,0.5,0.5,0.5,0.66666662693023682,0.5,0.49916735291481018,0.5,0.5,0,0.16666662693023682,0,0,1,-0.16666662693023682,-0.00083264708518981934,-7.7548728549814427e-09,0,1,0,0,0,1
2,1,0.49916735291481018,0.99916738271713257,0.99916738271713257,0.99916738271713257,0.99916738271713257,1.3327759504318237,0.99916738271713257,0.99750345945358276,0.5,0.50000002980232239,0,0.33360856771469116,0,0,1,-0.33360856771469116,-0.0016639232635498047,-3.1142709522313794e-08,0,2,1,0,0,1
3,1,0.99750345945358276,1.4975035190582275,1.4975035190582275,1.4975035190582275,1.4975035190582275,1.9983241558074951,1.4975035190582275,1.4950097799301147,0.5,0.50000005960464478,0,0.50082063674926758,0,0,1,-0.50082063674926758,-0.002493739128112793,2.1526399107685279e-08,0,2,0,0,0,1
4,1,1.4950097799301147,1.9950097799301147,1.9950097799301147,1.9872168302536011,1.9794542789459229,2.6580817699432373,1.9950097799301147,1.991687536239624,0.5,0.5,-0.0077929496765136719,0.67086493968963623,0,0,1,-0.66307199001312256,-0.0033222436904907227,3.5237828210910038e-09,0,2,0,0,0,1
5,1,1.991687536239624,2.491687536239624,2.491687536239624,2.4916874906048179,2.4916874598711729,3.3277229468803853,2.4998261304572225,2.4956631399691105,0.5,0.5,-4.5634806156158447e-08,0.83603545627556741,1,0.0015945604536682367,1,-0.82949137687683105,-0.0041629904881119728,-8.337776646882844e-08,0,2,0,0,0,1
6,1,2.4956631399691105,2.9956631399691105,2.9956631399691105,2.995631355792284,2.995631312020123,3.998933712253347,3.0046885572373867,2.9996849168092012,0.5,0.5,-3.1784176826477051e-05,1.003302356461063,1,0.0019055770244449377,1,-0.99615073204040527,-0.005003640428185463,3.3080325145817824e-09,0,4,0,0,0,1
7,1,2.9996849168092012,3.4996849168092012,3.4996849168092012,3.4860141817480326,3.4726365702226758,4.6591210968326777,3.5075183100998402,3.5016772206872702,0.5,0.5,-0.013670735061168671,1.1731069150846452,1,0.0022053301800042391,1,-1.1538081169128418,-0.0058410894125699997,-9.4018977936372039e-08,0,4,0,0,0,1
8,1,3.5016772206872702,4.0016772206872702,4.0016772206872702,3.986045565456152,3.9707903899252415,5.3231281649786979,4.0060511790215969,3.9993798527866602,0.5,0.5,-0.015631655231118202,1.3370825995225459,1,0.0025100063066929579,1,-1.3195869922637939,-0.0066713262349367142,-1.3469310466973639e-07,0,4,0,0,0,1
9,1,3.9993798527866602,4.4993798527866602,4.4993798527866602,4.4816900119185448,4.4646826796233654,5.9811087856069207,4.5131186693906784,4.5056031942367554,0.5,0.5,-0.017689840868115425,1.4994187736883759,1,0.005602165125310421,1,-1.4735922813415527,-0.0075154751539230347,1.250591221690911e-07,0,4,0,0,0,1
10,1,4.5056031942367554,5.0056031942367554,5.0056031942367554,4.966664360370487,4.9291353845328558,6.6322527087322669,5.0134517438709736,5.0051026791334152,0.5,0.5,-0.038938833866268396,1.6655883483617799,2,0.0061880678840680048,1,-1.6249890327453613,-0.0083490647375583649,-2.7053237161567267e-07,0,4,0,0,0,1
11,1,5.0051026791334152,5.5051026791334152,5.5051026791334152,5.4841920723556541,5.4636622443795204,7.3000453588902019,5.5219470039010048,5.5127513036131859,0.5,0.5,-0.020910606777761132,1.8158532865345478,6,0.010466327017638832,1,-1.7885646820068359,-0.0091957002878189087,-1.1977707092825085e-07,0,4,0,0,0,1
12,1,5.5127513036131859,6.0127513036131859,6.0127513036131859,5.9668295869778376,5.9223514074983541,7.9432786816905718,6.019142746925354,6.0091192871332169,0.5,0.5,-0.045921716635348275,1.9764490947127342,6,0.011884439532877877,1,-1.9360203742980957,-0.010023459792137146,9.0179627321163025e-08,0,9,0,0,0,1
13,1,6.0091192871332169,6.5091192871332169,6.5091192871332169,6.4591301915352233,6.3868331593985204,8.5902361897751689,6.5229010879993439,6.5120385363698006,0.5,0.5,-0.049989095597993582,2.1311059982399456,6,0.01340582687407732,1,-2.0807409286499023,-0.010862551629543304,-1.0364227165382545e-07,0,9,0,0,0,1
14,1,6.5120385363698006,7.0120385363698006,7.0120385363698006,6.9579389806895051,6.8807342836807948,9.2380089858488645,7.0343990921974182,7.022684633731842,0.5,0.5,-0.054099555680295452,2.2800700051593594,6,0.018959095148602501,1,-2.2225689888000488,-0.011714458465576172,-2.2376695785197853e-07,0,9,0,0,0,1
15,1,7.022684633731842,7.522684633731842,7.522684633731842,7.4358114276546985,7.3546076455968432,9.8644253648235463,7.527975007891655,7.5154385566711426,0.5,0.5,-0.08687320607714355,2.4286139371688478,6,0.025025110749993473,1,-2.3614754676818848,-0.01253645122051239,-2.7508208422233338e-07,0,9,0,0,0,1
16,1,7.5154385566711426,8.0154385566711426,8.0154385566711426,7.9228505045175552,7.8072282869834453,10.496156808564592,8.0262072384357452,8.0128411203622818,0.5,0.5,-0.092588052153587341,2.573306304047037,10,0.027580890228819044,1,-2.497530460357666,-0.01336611807346344,-2.4643347096287016e-07,0,9,0,0,0,1
17,1,8.0128411203622818,8.5128411203622818,8.5128411203622818,8.4140590181341395,8.2922461056732573,11.127033844064499,8.5313777923583984,8.5171710103750229,0.5,0.5,-0.098782102228142321,2.7129748259303597,10,0.03490386955854774,1,-2.6305599212646484,-0.014206781983375549,3.3940004584565031e-07,0,9,0,0,0,1
18,1,8.5171710103750229,9.0171710103750229,9.0171710103750229,8.9120610902318731,8.7510888664983213,11.768009282847061,9.0449551045894623,9.0298927873373032,0.5,0.5,-0.10510992014314979,2.8559481926151875,15,0.037359945277557927,1,-2.7604141235351562,-0.015062317252159119,5.3469905836323051e-08,0,13,0,0,0,1
19,1,9.0298927873373032,9.5298927873373032,9.5298927873373032,9.4188822619616985,9.2504839478060603,12.408245400986743,9.5672417283058167,9.5513099133968353,0.5,0.5,-0.11101052537560463,2.9893631390250448,15,0.045916302599835035,1,-2.8869199752807617,-0.015931814908981323,3.0858229216335076e-07,0,13,0,0,0,1
20,1,9.5513099133968353,10.051309913396835,10.051309913396835,9.8950704911258072,9.6498190124984831,13.029518347998419,10.097384870052338,10.080570101737976,0.5,0.5,-0.15623942227102816,3.1344478568726117,15,0.048952299336633587,1,-2.9810857772827148,-0.016814768314361572,1.9123794459119381e-07,0,18,0,0,0,1
21,1,10.080570101737976,10.580570101737976,10.580570101737976,10.459551254287362,10.35700993030332,13.680811960620304,10.668565690517426,10.650799244642258,0.5,0.5,-0.12101884745061398,3.2212607063329415,15,0.086143355446438363,1,-3.0983896255493164,-0.017766445875167847,-3.1109117770711237e-07,0,18,0,0,0,1
22,1,10.650799244642258,11.150799244642258,11.150799244642258,11.024121761787683,10.915738710667938,14.354289386069468,11.246065557003021,11.227337449789047,0.5,0.5,-0.12667748285457492,3.3301676242817848,15,0.1027499105575771,1,-3.2109737396240234,-0.018728107213973999,-2.7422580650693362e-07,0,18,0,0,0,1
23,1,11.227337449789047,11.727337449789047,11.727337449789047,11.591609231196344,11.403510821051896,15.031826814565648,11.860405385494232,11.840653896331787,0.5,0.5,-0.13572821859270334,3.4402175833693036,15,0.11315498694420967,1,-3.284576416015625,-0.019751489162445068,-6.0916751287720672e-07,0,18,0,0,0,1
24,1,11.840653896331787,12.340653896331787,12.340653896331787,12.198254127055407,12.000550819560885,15.723700163554895,12.469833612442017,12.44906747341156,0.5,0.5,-0.14239976927638054,3.5254460364994884,15,0.13119852762247319,1,-3.3850650787353516,-0.020766139030456543,-3.9121400163821818e-07,0,18,0,0,0,1
25,1,12.44906747341156,12.94906747341156,12.94906747341156,12.845185035839677,12.598671743646264,16.439916819901555,13.109582185745239,13.087750554084778,0.5,0.5,-0.1038824375718832,3.594731784061878,15,0.15291598382464144,1,-3.483250617980957,-0.021831631660461426,-5.2419671447978544e-07,0,18,0,0,0,1
26,1,13.087750554084778,13.587750554084778,13.587750554084778,13.524655915796757,13.18347723968327,17.185422885231674,13.8239905834198,13.80096971988678,0.5,0.5,-0.063094638288021088,3.660766969434917,15,0.17024589795619249,1,-3.5316781997680664,-0.02302086353302002,-6.7009647608529121e-08,0,18,0,0,0,1
27,1,13.80096971988678,14.30096971988678,14.30096971988678,14.228087183088064,14.059620197862387,17.914279507604078,14.571474075317383,14.547208428382874,0.5,0.5,-0.072882536798715591,3.6861923245160142,15,0.22365517714933958,1,-3.5664606094360352,-0.024265646934509277,-8.2102904030989521e-08,0,18,0,0,0,1
28,1,14.547208428382874,15.047208428382874,15.047208428382874,15.068868685513735,14.850726518779993,18.77507550388691,15.392775297164917,15.367141723632812,0.5,0.5,0.021660257130861282,3.7062068183731753,15,0.25494020312908106,1,-3.6372404098510742,-0.025633573532104492,-3.1330180227939763e-07,0,18,0,0,0,1
29,1,15.367141723632812,15.867141723632812,15.867141723632812,15.882633656263351,15.552541587501764,19.612105597901973,16.245906114578247,16.218852043151855,0.5,0.5,0.01549193263053894,3.7294719416386215,19,0.2832412820571335,1,-3.6494407653808594,-0.027054071426391602,-1.1065112204278194e-07,0,18,0,0,0,1
30,1,16.218852043151855,16.718852043151855,16.718852043151855,16.776501268148422,16.377575151622295,20.726319504989078,17.359278678894043,17.330370426177979,0.5,0.5,0.057649224996566772,3.949818236840656,23,0.30532054780633189,1,-3.6723613739013672,-0.028908252716064453,-2.1636810387803962e-07,0,22,0,0,0,1
31,1,17.330370426177979,17.830370426177979,17.830370426177979,17.992465063929558,17.726332873106003,22.289389349432895,18.873246669769287,18.841816663742065,0.5,0.5,0.16209463775157928,4.2969242855033372,23,0.3289211020746734,1,-3.7450637817382812,-0.03143000602722168,-7.910911747899263e-07,0,22,0,0,0,1
32,1,18.841816663742065,19.341816663742065,19.341816663742065,19.470694687217474,19.074903160333633,24.378746908478206,20.941563487052917,20.906689235940576,0.5,0.5,0.12887802347540855,4.908052221260732,22,0.32426543874316849,1,-3.761448860168457,-0.034874251112341881,-7.1231704268370777e-07,0,26,0,0,0,1
33,1,20.906689235940576,21.406690189614892,21.406690189614892,21.596493848279351,21.163208157930057,27.319790904963156,23.821283906698227,23.781614035367966,0.5,0.50000095367431641,0.18980365866445936,5.7232970566838048,22,0.32813980654464103,1,-3.8266468048095703,-0.03966987133026123,-7.9557153398468472e-07,0,26,1,0,0,1
34,1,23.781614035367966,24.281614035367966,24.281614035367966,24.470528942532837,23.88581579644233,31.369936045498207,27.80140982568264,27.755111787468195,0.5,0.5,0.18891490716487169,6.8994071029653696,35,0.31910805752818305,1,-3.88763427734375,-0.046298038214445114,-9.4369619674239402e-07,0,26,0,0,0,1
35,1,27.755111787468195,28.255111787468195,28.255111787468195,28.448890125975595,27.767488966297833,36.920313017810258,33.30712716281414,33.251661460846663,0.5,0.5,0.19377833850739989,8.4714228918346635,35,0.3330879487148195,1,-3.9462738037109375,-0.055465701967477798,-5.3856226145398978e-08,0,26,0,0,0,1
36,1,33.251661460846663,33.751661460846663,33.751661460846663,33.67397118282679,32.912531267723125,44.230793162547343,37.487692940980196,37.425265840895008,0.5,0.5,-0.077690278019872494,10.556821979720553,38,0.41194242674828274,2,-7.1550426483154297,-0.062427100085187703,3.5500581674341447e-07,0,43,0,0,0,1
37,1,37.425265840895008,37.925265840895008,37.925265840895008,37.977641457004211,37.284479298559745,49.590777498589887,40.213856980204582,40.146890470408835,0.5,0.5,0.052375616109202383,11.613136041585676,34,0.52834719706879696,2,-9.9052677154541016,-0.066966509795747697,7.6809516968978642e-07,0,43,0,0,0,1
38,1,40.146890470408835,40.646890470408835,40.646890470408835,40.924334813014866,40.335894456694405,52.927380308288022,43.433189183473587,43.360859163105488,0.5,0.5,0.27744434260603157,12.003045495273156,47,0.53180412970217183,2,-10.025995254516602,-0.072330020368099213,-1.657257584497529e-06,-5.3290705182007514e-15,43,0,0,0,1
39,1,43.360859163105488,43.860859163105488,43.860859163105488,44.332721417624271,43.597263809282595,57.519501470461002,47.825247474014759,47.745602518320084,0.5,0.5,0.47186225451878272,13.186780052836731,63,0.62011711256254642,2,-10.314371109008789,-0.079644955694675446,-2.59163666527229e-06,0,43,0,0,0,1
40,1,47.745602518320084,48.245602518320084,48.245602518320084,48.860384768224321,48.387460462341551,63.627282831478496,53.853873491287231,53.764189399778843,0.5,0.5,0.61478224990423769,14.766898063254175,63,0.76287224550209487,2,-10.536281585693359,-0.089684091508388519,-2.3851908679262124e-06,0,72,0,0,0,1
41,1,53.764189399778843,54.264189399778843,54.264189399778843,54.973181403009221,54.452293942129472,71.916773231034426,61.501459628343582,61.399042531847954,0.5,0.5,0.70899200323037803,16.943591828025205,63,0.84590732931599177,3,-11.261220932006836,-0.10241709649562836,-2.8178718025628768e-08,0,72,0,0,0,1
42,1,61.399042531847954,61.899042531847954,61.899042531847954,62.574646486609709,61.983183719625231,82.115233891886874,65.204277165234089,65.095692097442225,0.5,0.5,0.67560395476175472,19.540587405277165,58,0.84861434878666842,3,-17.759571075439453,-0.10858506779186428,-1.7764465383152128e-06,0,72,0,0,0,1
43,1,65.095692097442225,65.595692097442225,65.595692097442225,66.396243700883133,65.992201788869352,85.913319924636141,68.885316789150238,68.770601695403457,0.5,0.5,0.80055160344090837,19.517076223753008,58,0.91317041798092191,3,-17.941173553466797,-0.11471509374678135,-1.845666801614243e-06,-2.8421709430404007e-14,72,0,0,0,1
44,1,68.770601695403457,69.270601695403457,69.270601695403457,70.229875596560305,69.873598259764549,90.776651427459683,73.383973613381386,73.261767648160458,0.5,0.5,0.9592739011568483,20.546775830899378,83,0.97973963587289958,3,-18.372417449951172,-0.12220596522092819,-1.1999300255638445e-06,-2.4868995751603507e-14,72,0,0,0,1
45,1,73.261767648160458,73.761767648160458,73.761767648160458,75.105292013642611,74.659425694437232,97.437239448282071,80.280819028615952,80.147127881646156,0.5,0.5,1.3435243654821534,22.33194743463946,91,1.6076653499871938,3,-18.76408576965332,-0.13369114696979523,-1.2121832355660445e-06,7.1054273576010019e-15,72,0,0,0,1
46,1,80.147127881646156,80.647127881646156,80.647127881646156,82.013280929881148,81.922428119985852,107.19338075038473,89.814335316419601,89.664766799323843,0.5,0.5,1.3661530482349917,25.180099820503585,90,1.8464890051217928,3,-19.225534439086914,-0.14956851709575858,-2.6210743016008564e-06,-1.0658141036401503e-14,101,0,0,0,1
47,1,89.664766799323843,90.164766799323843,90.164766799323843,91.512027611427357,91.840327851433926,120.28780163607556,95.024803552776575,94.866558491718024,0.5,0.5,1.3472608121035137,28.7757740246482,86,1.5134854524676353,4,-26.776483535766602,-0.15824506105855107,-2.2834711757013793e-06,-1.4210854715202004e-14,101,0,0,0,1
48,1,94.866558491718024,95.366558491718024,95.366558491718024,97.112879502521537,97.149159894259355,126.08695457595392,100.1022282987833,99.935529205948114,0.5,0.5,1.7463210108035128,28.974075073432388,99,1.5381676284690766,4,-27.522893905639648,-0.16669909283518791,-9.8816732929662976e-07,-4.9737991503207013e-14,101,0,0,0,1
49,1,99.935529205948114,100.43552920594811,100.43552920594811,102.60678972926689,102.84120822785189,132.61296863177796,106.23419427871704,106.05728375911713,0.5,0.5,2.1712605233187787,30.006178902511067,111,1.6393950500152172,4,-28.018169403076172,-0.17691051959991455,-9.8283793192877056e-07,3.5527136788005009e-14,101,0,0,0,1
50,1,106.05728375911713,106.55728375911713,106.55728375911713,109.05357192573138,109.15821385080926,141.10263168040763,114.12349683046341,113.93344657123089,0.5,0.5,2.4962881666142493,32.04905975467625,119,1.6777293163155569,4,-28.656864166259766,-0.19005025923252106,-2.8352838370437894e-06,-7.1054273576010019e-15,126,0,0,0,1
51,1,113.93344657123089,114.43344657123089,114.43344657123089,117.1838127093506,117.65849673841149,152.04668351419366,124.09585289657116,123.88919707061723,0.5,0.5,2.7503661381197162,34.862870804843055,118,2.9944246619185315,5,-30.945255279541016,-0.20665582595393062,-1.6502520878702853e-06,-1.7763568394002505e-14,126,0,0,0,1
52,1,123.88919707061723,124.38919707061723,124.38919707061723,127.03876876201684,127.9421584238662,165.41434736192582,130.712068349123,130.49439410865307,0.5,0.5,2.6495716913996148,38.375578599908977,110,3.3900652712547945,5,-38.092344284057617,-0.21767424046993256,-2.22236079139293e-06,0,134,0,0,0,1
53,1,130.49439410865307,130.99439410865307,130.99439410865307,134.39312763366615,135.41511429200182,173.66884192549469,137.86899827420712,137.63940472900867,0.5,0.5,3.3987335250130855,39.275714291828535,135,2.8069335398745165,5,-38.606777191162109,-0.22959354519844055,-3.2444094415495783e-06,2.1316282072803006e-14,134,0,0,0,1
54,1,137.63940472900867,138.13940472900867,138.13940472900867,142.06541761918925,143.28557246271521,183.45797916724132,146.76881355047226,146.52439963817596,0.5,0.5,3.9260128901805729,41.392561548052072,126,2.6529497854526336,5,-39.34211540222168,-0.24441391229629517,-2.9390441227405972e-06,-1.4210854715202004e-14,151,0,0,0,1
55,1,146.52439963817596,147.02439963817596,147.02439963817596,151.01562810316682,152.55104872025549,195.05244940866075,157.66113799437881,157.39858576701954,0.5,0.5,3.9912284649908543,44.03682130549393,130,2.7691709923342671,5,-40.160482406616211,-0.26255222735926509,-2.4986459266074235e-06,0,151,0,0,0,1
56,1,157.39858576701954,157.89858576701954,157.89858576701954,162.30190409769421,164.40028255323705,209.73293581564155,164.57448770850897,164.30042326264083,0.5,0.5,4.403318330674665,47.431031717947349,134,3.3522235084679659,6,-48.510671615600586,-0.2740644458681345,-2.0634024338050949e-06,3.5527136788005009e-14,147,0,0,0,1
57,1,164.30042326264083,164.80042326264083,164.80042326264083,169.76403286948334,171.69000377209159,217.83328113751139,173.16202741861343,172.87366043031216,0.5,0.5,4.9636096068425104,48.069248268028048,147,5.8459047894028577,6,-50.517158508300781,-0.28836698830127716,-3.9592090104179078e-06,-3.5527136788005009e-14,147,0,0,0,1
58,1,172.87366043031216,173.37366043031216,173.37366043031216,178.75916994619183,181.04518737201579,230.03256526747882,183.7793093919754,183.47326046228409,0.5,0.5,5.3855095158796757,51.273395321286984,147,5.11931797703566,6,-51.372573852539062,-0.3060489296913147,-5.1674948338131799e-06,-1.4210854715202004e-14,164,0,0,0,1
59,1,183.47326046228409,183.97326046228409,183.97326046228409,190.04254468996078,192.87934010196477,244.91143312483752,197.16843397915363,196.84009277098812,0.5,0.5,6.0692842276766896,54.868888434876737,142,4.6297024992135984,6,-52.372701644897461,-0.32834120816551149,-8.225094347835693e-07,-2.1316282072803006e-14,164,0,0,0,1
60,1,196.84009277098812,197.34009277098812,197.34009277098812,204.04427897527057,207.52530411482348,262.70566474043318,206.12989720702171,205.78662837296724,0.5,0.5,6.7041862042824505,58.661385765162606,150,4.6065578297477359,7,-61.18232536315918,-0.34326883405447006,-5.1149169166819775e-06,-2.1316282072803006e-14,164,0,0,0,1
61,1,205.78662837296724,206.28662837296724,206.28662837296724,213.38964634091826,217.10845353262266,272.19329444668682,214.53765532374382,214.1803852468729,0.5,0.5,7.1030179679510184,58.803648105768559,183,5.8621373663149363,7,-63.517776489257812,-0.35727007687091827,-5.0975578460565885e-06,-1.2789769243681803e-13,164,0,0,0,1
62,1,214.1803852468729,214.6803852468729,214.6803852468729,222.4718512063846,226.72290529403836,283.52299325315425,227.63997992873192,227.26089534163475,0.5,0.5,7.7914659595116973,61.051142046769655,183,8.7927679255777331,7,-64.67578125,-0.37908458709716797,-5.8621469634090317e-07,-7.1054273576010019e-14,201,0,0,0,1
63,1,227.26089534163475,227.76089534163475,227.76089534163475,235.6090258685872,240.348035546951,301.43529688716626,242.76004109531641,242.35577290551737,0.5,0.5,7.8481305269524455,65.826271018579064,166,8.0312204196979131,8,-66.706476211547852,-0.40426818979904056,-5.073708365443963e-06,8.5265128291212022e-14,201,0,0,0,1
64,1,242.35577290551737,242.85577290551737,242.85577290551737,251.48271246082004,256.96747048661928,321.65290427648318,252.14382707700133,251.72393259033561,0.5,0.5,8.6269395553026698,70.170191815663145,158,7.4465330757867232,8,-76.955610275268555,-0.41989448666572571,-4.7520238695142325e-06,-1.4210854715202004e-14,189,0,0,0,1
65,1,251.72393259033561,252.22393259033561,252.22393259033561,261.97203833873573,267.86446006882761,332.30351654055585,261.8218609765172,261.38584960589651,0.5,0.5,9.7481057484001212,70.331478201820119,203,7.4037986138178358,8,-77.885454177856445,-0.43601137062069029,-5.0126490691582148e-06,-4.2632564145606011e-14,189,0,0,0,1
66,1,261.38584960589651,261.88584960589651,261.88584960589651,272.03417879152494,278.27012758974161,344.66030163364132,278.41882917098701,277.95517956872936,0.5,0.5,10.148329185628427,72.626122842116388,218,13.01030327892272,8,-79.251775741577148,-0.46364960225764662,-4.6673205247316218e-06,1.1368683772161603e-13,226,0,0,0,1
67,1,277.95517956872936,278.45517956872936,278.45517956872936,288.84138769269794,295.8187233796998,367.66057825187113,292.47810391709208,291.99104455392808,0.5,0.5,10.386208123968572,78.819190559173194,222,11.733285705503821,9,-86.915760040283203,-0.48705936316400766,-1.8180081156060623e-06,3.4106051316484809e-13,226,0,0,0,1
68,1,291.99104455392808,292.49104455392808,292.49104455392808,304.09189459831396,311.52617098813062,385.08910214457052,303.91025622934103,303.40415415912867,0.5,0.5,11.600850044385879,80.997207546256561,251,10.963507142631762,9,-92.142353057861328,-0.5061020702123642,-6.8057659063924802e-06,8.5265128291212022e-14,254,0,0,0,1
69,1,303.40415415912867,303.90415415912867,303.90415415912867,316.22349526936887,324.21882363510667,399.0156878309013,317.05491508543491,316.52692506089807,0.5,0.5,12.319341110240202,82.792192561532431,259,11.593443639421359,9,-93.554216384887695,-0.52799002453684807,-5.2401959464987158e-06,-5.6843418860808015e-14,254,0,0,0,1
70,1,316.52692506089807,317.02692506089807,317.02692506089807,329.92688856857421,338.64070946326819,416.17756471844859,335.31760431267321,334.75920005165972,0.5,0.5,12.899963507676148,86.25067614987438,262,17.231481702379128,10,-98.091442108154297,-0.55840426101349294,-7.0100167022246751e-06,-2.1316282072803006e-13,283,0,0,0,1
71,1,334.75920005165972,335.25920005165972,335.25920005165972,348.94916793068114,358.44778468267759,440.65857216551166,348.97687210142612,348.39571933634579,0.5,0.5,13.689967879021424,91.709404234830515,274,15.847890542603892,10,-107.52959060668945,-0.58115276508033276,-9.0269149950472638e-06,2.8421709430404007e-14,283,0,0,0,1
72,1,348.39571933634579,348.89571933634579,348.89571933634579,363.17284921881219,373.24467950427788,456.76665076270336,362.84594778344035,362.24169820343741,0.5,0.5,14.277129882466397,93.593801543891175,280,14.849064781967735,10,-108.76976776123047,-0.60424958000294282,-9.9660616115215817e-06,-2.8421709430404007e-13,307,0,0,0,1
73,1,362.24169820343741,362.74169820343741,362.74169820343741,378.34733409144872,389.44682161255076,474.98925335642201,382.20997880771756,381.57348967110738,0.5,0.5,15.605635888011307,96.641919264973296,298,19.302081499879428,11,-112.08135604858398,-0.63648913661018014,-3.015020297425508e-06,1.1368683772161603e-13,307,0,0,0,1
74,1,381.57348967110738,382.07348967110738,382.07348967110738,397.90841627157351,410.61856699755299,499.81559539165681,397.95360450656153,397.29089140790165,0.5,0.5,15.834926600466133,101.9071791200833,331,21.709380193395813,11,-123.57137107849121,-0.6627130986598786,-9.4531526428909274e-06,1.1368683772161603e-13,336,0,0,0,1
75,1,397.29089140790165,397.79089140790165,397.79089140790165,414.98054617360049,428.21129359959264,519.46266308139639,414.55803677346557,413.86768029321684,0.5,0.5,17.189654765698833,104.4821169077959,319,20.111265720877928,11,-125.01589202880859,-0.69035648024873808,-1.8280156837136019e-06,-1.4210854715202004e-13,336,0,0,0,1
76,1,413.86768029321684,414.36768029321684,414.36768029321684,432.52044845616365,447.05854444205397,540.324409610364,433.696577437222,432.97434878628701,0.5,0.5,18.152768162946813,107.80396115420035,362,22.41200661775191,12,-129.03983879089355,-0.72222865093499422,-2.9953386615488853e-06,-3.4106051316484809e-13,365,0,0,0,1
77,1,432.97434878628701,433.47434878628701,433.47434878628701,451.77071604182129,467.71805466942897,563.61363658208393,451.0555135642644,450.30437698231253,0.5,0.5,18.296367255534278,111.84292054026264,370,27.855001066652871,12,-140.41312408447266,-0.75113658195186872,-3.4604520351422252e-06,2.5579538487363607e-13,365,0,0,0,1
78,1,450.30437698231253,450.80437698231253,450.80437698231253,470.68954212554922,486.09594823804991,586.07760761032853,470.08701424300671,469.30418847757392,0.5,0.5,19.885165143236691,115.3880654847793,371,26.070552415149425,12,-142.0611457824707,-0.78282576543278992,1.0802716587932082e-07,-5.4001247917767614e-13,417,0,0,0,1
79,1,469.30418847757392,469.80418847757392,469.80418847757392,491.26938691322903,508.04590047339479,610.81811894383554,489.99034762755036,489.17436776589602,0.5,0.5,21.465198435655111,119.54873203060652,398,27.739233841185602,13,-148.5670051574707,-0.81597986165434122,-9.3918336574461136e-06,-8.5265128291212022e-14,417,0,0,0,1
80,1,489.17436776589602,489.67436776589602,489.67436776589602,511.66067372073303,529.68953103886452,634.95063244146422,510.52384165255353,509.67367117914546,0.5,0.5,21.986305954837007,123.28995872073119,382,33.749871656157453,13,-158.17666244506836,-0.85017047340807039,-6.0141593394291704e-06,2.2737367544323206e-13,441,0,0,0,1
81,1,509.67367117914546,510.17367117914546,510.17367117914546,533.22975035260492,552.43147450469166,661.51004593895777,532.62687460519373,531.73989929480013,0.5,0.5,23.056079173459466,128.28029558635285,398,31.124206290747665,13,-160.00737762451172,-0.88697531039360911,-3.1420336199516896e-06,0,442,0,0,0,1
82,1,531.73989929480013,532.23989929480013,532.23989929480013,556.32895176201055,576.93929947407742,688.4931188549092,553.04760909557808,552.12662411692872,0.5,0.5,24.089052467210422,132.16416709289865,434,35.003224524116092,14,-170.44873428344727,-0.9209849786493578,-6.5969078377747792e-06,5.6843418860808015e-14,447,0,0,0,1
83,1,552.12662411692872,552.62662411692872,552.62662411692872,576.85415002389732,597.94918958499329,712.4339570969928,576.56592940725386,575.60577753465623,0.5,0.5,24.227525906968594,135.57980707309548,455,40.692053792195168,14,-176.56008148193359,-0.96015187259763479,-8.933906883612508e-06,-5.1159076974727213e-13,447,0,0,0,1
84,1,575.60577753465623,576.10577753465623,576.10577753465623,602.93473718669156,624.84387223371868,744.81023306000441,603.10916199162602,602.10480895405635,0.5,0.5,26.828959652035337,141.87549587331284,510,37.510751441386802,15,-179.21182250976562,-1.0043530375696719,-8.2200723454661784e-06,4.5474735088646412e-13,520,0,0,0,1
85,1,602.10480895405635,602.60480895405635,602.60480895405635,629.83988603172475,654.15465935415705,778.84453362250622,627.255896135699,626.21133686050598,0.5,0.5,27.235077077668393,149.00464759078147,490,42.672901972421741,15,-194.26153945922852,-1.0445592751930235,-3.4166015439041075e-06,-4.5474735088646412e-13,520,0,0,0,1
86,1,626.21133686050598,626.71133686050598,626.71133686050598,654.44597149811898,680.17524366065163,806.74313047080318,657.67694115079939,656.58171308532474,0.5,0.5,27.734634637612999,152.2971589726842,526,47.083583324039438,15,-196.14977264404297,-1.0952280654746573,-1.2689785535258125e-05,-2.5579538487363607e-13,556,0,0,0,1
87,1,656.58171308532474,657.08171308532474,657.08171308532474,685.95774918105235,712.94774609667911,847.45485630845405,684.5141903986223,683.37426512138336,0.5,0.5,28.876036095727613,161.4971071274017,550,43.695099165851985,16,-206.63576507568359,-1.1399252772389445,-1.840306708800199e-05,-1.4210854715202004e-13,556,0,0,0,1
88,1,683.37426512138336,683.87426512138336,683.87426512138336,713.60323438676096,741.60592556210304,878.04880891523044,716.21100799518172,715.01830644288566,0.5,0.5,29.7289692653776,164.44557452846948,553,52.156061231469678,16,-213.99386215209961,-1.1927015522960573,-1.0644170629348082e-05,5.8122395785176195e-10,633,0,0,0,1
89,1,715.01830644288566,715.51830644288566,715.51830644288566,746.53521764242123,776.86232787251356,918.75716912017731,754.73118596395943,753.4743356785184,0.5,0.5,31.016911199535571,172.22195147775608,610,54.868910493398509,17,-218.89489364624023,-1.2568502854410326,-1.2546940411084506e-05,-3.3761580198188312e-09,633,0,0,0,1
90,1,753.4743356785184,753.9743356785184,753.9743356785184,785.77109522805381,817.65469036111551,968.20907912126086,786.28920747886878,784.97981220809743,0.5,0.5,31.796759549535409,182.43798389320705,586,50.972637801410727,17,-232.89250946044922,-1.309395270771347,-4.632469995158317e-06,1.6646424683131045e-08,690,0,0,0,1
91,1,784.97981220809743,785.47981220809743,785.47981220809743,818.46112306418217,852.82205751300035,1003.8033221902652,831.60876128158998,830.22389111900247,0.5,0.5,32.981310856084747,185.34219912608307,646,63.017337895035894,17,-235.21189880371094,-1.3848701625875037,-9.8384292641640059e-06,-2.2737367544323206e-13,690,0,0,0,1
92,1,830.22389111900247,830.72389111900247,830.72389111900247,863.76290602218728,900.51923042154317,1062.2383778930475,877.91068782610819,876.44870779203484,0.5,0.5,33.039014903184807,198.47547187086025,654,64.857292240316497,18,-249.18498229980469,-1.4619800340733491,-1.4099693885327724e-05,-7.4511490311124362e-09,731,0,0,0,1
93,1,876.44870779203484,876.94870779203484,876.94870779203484,912.04594354915389,950.34636103018181,1117.1413238739158,923.85204420145601,922.31355487729888,0.5,0.5,35.097235757119051,205.09538032476189,670,60.38909557168143,18,-253.67837524414062,-1.5384893241571262,-1.8229365309707646e-05,-5.6843418860808015e-13,731,0,0,0,1
94,1,922.31355487729888,922.81355487729888,922.81355487729888,958.18942834066911,998.77877362964034,1174.9233125866563,984.59122362639755,982.95158421009546,0.5,0.5,35.375873463370226,216.73388424598716,710,76.652015196236007,19,-266.98410415649414,-1.6396394163020886,-2.0662149381678319e-05,-5.6843418860808015e-13,764,0,0,0,1
95,1,982.95158421009546,983.45158421009546,983.45158421009546,1018.8128103731469,1062.514186317826,1245.0749014585106,1046.9367489620345,1045.1932929059806,0.5,0.5,35.361226163051469,226.26209108536364,671,76.068390472273961,19,-274.20654296875,-1.7434560560539012,-1.4628973531216616e-05,-5.6843418860808015e-14,764,0,0,0,1
96,1,1045.1932929059806,1045.6932929059806,1045.6932929059806,1083.5837848421427,1130.3726688723625,1326.6297967741752,1115.5161862175446,1113.6585121430981,0.5,0.5,37.890491936162107,243.04601193203257,742,73.129763314219076,20,-284.24337387084961,-1.8576740744465496,-2.8773946496585268e-05,-1.1368683772161603e-13,781,0,0,0,1
97,1,1113.6585121430981,1114.1585121430981,1114.1585121430981,1151.9865479506261,1202.2406478616103,1403.8534161638931,1203.8710443295422,1201.8662302185057,0.5,0.5,37.828035807528067,251.86686821326703,774,94.550365897583077,20,-294.53273773193359,-2.0048141110364668,-3.3350759167660726e-05,-4.5474735088646412e-13,781,0,0,0,1
98,1,1201.8662302185057,1202.3662302185057,1202.3662302185057,1242.438804364391,1296.6230268636066,1519.7430711988964,1304.9116678510327,1302.7386123028555,0.5,0.5,40.072574145885255,277.30426683450537,790,88.669580844032296,21,-303.50098419189453,-2.1730555481772171,-1.3993693301017629e-05,-1.4210854715202004e-12,901,0,0,0,1
99,1,1302.7386123028555,1303.2386123028555,1303.2386123028555,1343.8182242737662,1402.3919406162986,1643.8864960359788,1398.9550929709803,1396.625410631299,0.5,0.5,40.579611970910719,300.06827176221259,852,100.32265958805496,25,-345.25406265258789,-2.3296823396813124,-3.2276171396006248e-05,-4.6554760047001764e-10,901,0,0,0,1
100,1,1396.625410631299,1397.125410631299,1397.125410631299,1439.5498360904348,1501.2473054446746,1767.8938191549307,1526.0910751382471,1523.5496847296599,0.5,0.5,42.424425459135819,328.34398306449589,837,109.73724164238264,30,-351.53998565673828,-2.5413904085871764,-2.3506976049247896e-05,-2.3279653760255314e-09,998,0,0,0,1
101,1,1523.5496847296599,1524.0496847296599,1524.0496847296599,1570.1343286455904,1636.5492263078313,1931.7692349452425,1641.18644946313,1638.4533777336565,0.5,0.5,46.084643915930428,361.63490629965213,921,104.43625367066039,26,-395.01903915405273,-2.7330717294735223,-3.8957060496613849e-05,1.2798295756510925e-09,998,0,0,0,1
102,1,1638.4533777336565,1638.9533777336565,1638.9533777336565,1688.3236757930631,1761.0425403052707,2081.8905691030841,1777.1741259614937,1774.2146179126285,0.5,0.5,49.37029805940665,393.56689331002099,945,116.36756030695705,31,-421.08400344848633,-2.9595080488652457,-1.7900671537063317e-05,-6.1106675275368616e-11,1090,0,0,0,1
103,1,1774.2146179126285,1774.7146179126285,1774.7146179126285,1822.158352130707,1913.4627924919816,2248.0201314170813,1933.1771807471523,1929.9578874905856,0.5,0.5,47.443734218078589,425.86177928637426,992,123.47199836117488,31,-438.31494903564453,-3.2192932565667434,-1.4550244031852344e-05,4.5406522986013442e-09,1090,0,0,0,1
104,1,1929.9578874905856,1930.4578874905856,1930.4578874905856,1955.3583350411332,2078.0871717927007,2430.7331824840066,2081.5561983203515,2078.0897921295837,0.5,0.5,24.900447550547597,475.37484744287349,1005,121.09047189103484,32,-470.2674560546875,-3.4664061907678843,-3.5072795071755536e-05,-2.4442670110147446e-12,1166,0,0,0,1
105,1,2078.0897921295837,2078.5897921295837,2078.5897921295837,2061.1750937360557,2226.9633351055281,2580.0621750889909,2219.3735701423138,2215.6776595506817,0.5,0.5,-17.414698393527942,518.88708135293518,1046,128.06734215332577,32,-488.75594711303711,-3.6959105916321278,-3.5145297715644119e-05,1.3034309631620999e-08,1166,0,0,0,1
106,1,2215.6776595506817,2216.1776595506817,2216.1776595506817,2128.793226390233,2341.2261266295714,2696.7877730338919,2317.5041002500802,2313.6448001977406,0.5,0.5,-87.38443316044868,567.99454664365885,1033,141.51306490198613,40,-520.79673767089844,-3.8593000523396768,-9.9282597147976048e-06,-1.489934220444411e-08,1195,0,0,0,1
107,1,2313.6448001977406,2314.1448001977406,2314.1448001977406,2176.687864619731,2437.0782237983758,2778.4756760218474,2359.0637409463525,2355.1352153760381,0.5,0.5,-137.45693557800951,601.7878114021164,1065,147.6422488956465,37,-567.05418395996094,-3.9285255703143775,-2.7063442303187912e-05,-1.1180532055732328e-08,1195,0,0,0,1
108,1,2355.1352153760381,2355.6352153760381,2355.6352153760381,2163.7185445908763,2468.4318118352321,2783.8700592434689,2345.215335085988,2341.3098604949191,0.5,0.5,-191.91667078516184,620.1515146525926,1089,145.8360518896298,40,-584.49077606201172,-3.9054745910689235,-3.7538959531957516e-05,1.4901161193847656e-08,1190,0,0,0,1
109,1,2341.3098604949191,2341.8098604949191,2341.8098604949191,2099.3598078865616,2443.835546170525,2717.0778663970041,2293.5365421772003,2289.7171304346994,0.5,0.5,-242.45005260835751,617.71805851044246,1101,165.93475762834177,44,-589.47608184814453,-3.8194117425009608,-3.4281428725080332e-05,-1.0231815394945443e-12,1190,0,0,0,1
110,1,2289.7171304346994,2290.2171304346994,2290.2171304346994,2011.8860710786248,2382.7771639608918,2617.2375248545459,2227.0780636044219,2223.3693244988099,0.5,0.5,-278.33105935607455,605.35145377592107,1118,171.42945552750814,36,-561.58891677856445,-3.7087391056120396,-3.3530725431774044e-05,9.3234575615497306e-10,1190,0,0,0,1
111,1,2223.3693244988099,2223.8693244988099,2223.8693244988099,1913.3257846499,2284.214291990791,2508.170183384389,2103.5131870508194,2100.0102159976959,0.5,0.5,-310.54353984890986,594.844398734489,1121,157.73626843693643,40,-562.39326477050781,-3.5029710531234741,-3.5430365642241668e-05,1.8189894035458565e-12,1190,0,0,0,1
112,1,2100.0102159976959,2100.5102159976959,2100.5102159976959,1781.282215799205,2123.7750915908255,2335.5979165281569,2012.6737267971039,2009.3220474720001,0.5,0.5,-319.22800019849092,554.31570072895192,1125,188.33084948403427,39,-511.25503921508789,-3.3516793251037598,-1.6717049447834142e-05,5.6843418860808015e-13,1197,0,0,0,1
113,1,2009.3220474720001,2009.8220474720001,2009.8220474720001,1687.2765852566808,1996.5353060001507,2223.4747519634966,1893.2429594993591,1890.0901546478271,0.5,0.5,-322.54546221531928,536.19816670681575,1133,173.91286085617281,32,-504.1446533203125,-3.1528048515319824,-2.7751682182497461e-05,2.2168933355715126e-12,1198,0,0,0,1
114,1,1890.0901546478271,1890.5901546478271,1890.5901546478271,1594.616843495518,1866.9777009673417,2095.7422825706999,1770.6054723262787,1767.6568841636181,0.5,0.5,-295.97331115230918,501.12543907518193,1141,167.37946706881382,32,-492.51627731323242,-2.9485881626605988,-3.6653194001701195e-05,-2.6147972675971687e-12,1194,0,0,0,1
115,1,1767.6568841636181,1768.1568841636181,1768.1568841636181,1516.2481710955035,1754.7562334725944,1986.0778464451423,1687.4153575897217,1684.6053152084351,0.5,0.5,-251.90871306811459,469.82967534963882,1165,182.16848572343827,32,-480.83097457885742,-2.8100423812866211,-2.5594666794859222e-05,-1.4779288903810084e-12,1194,0,0,0,1
116,1,1684.6053152084351,1685.1053152084351,1685.1053152084351,1469.7748889774084,1688.7586342506111,1928.5424538158684,1630.0054440498352,1627.290997505188,0.5,0.5,-215.33042623102665,458.76756483845998,1165,167.21497769124468,32,-465.75198745727539,-2.7144465446472168,-3.3261953831242863e-05,-2.5011104298755527e-12,1210,0,0,0,1
117,1,1627.290997505188,1627.790997505188,1627.790997505188,1438.6580980122089,1637.2153296172619,1892.2311596008424,1585.8617917299271,1583.2208704426885,0.5,0.5,-189.13289949297905,453.57306158863344,1167,145.99999019182795,32,-452.36935806274414,-2.6409212872385979,-1.9486756400510785e-05,9.0949470177292824e-13,1210,0,0,0,1
118,1,1583.2208704426885,1583.7208704426885,1583.7208704426885,1412.9202126301825,1594.5461283549666,1864.511808899468,1561.5363140106201,1558.9359021186829,0.5,0.5,-170.80065781250596,451.59159626928545,1169,142.6375879968962,28,-445.61308288574219,-2.6004118919372559,-1.8790409967550659e-05,-1.8189894035458565e-12,1210,0,0,0,1
119,1,1558.9359021186829,1559.4359021186829,1559.4359021186829,1395.1539302971214,1567.675976313767,1853.0899671272161,1546.4284753799438,1543.8532218933105,0.5,0.5,-164.28197182156146,457.93603683009474,1173,136.08306086503435,28,-442.74455261230469,-2.5752534866333008,-1.9146386421198258e-05,-1.9326762412674725e-12,1210,0,0,0,1
120,1,1543.8532218933105,1544.3532218933105,1544.3532218933105,1387.6833331882954,1551.0256633069366,1851.3513914746366,1533.7640686035156,1531.2099108695984,0.5,0.5,-156.66988870501518,463.66805828634119,1173,126.37164624509109,24,-443.95896911621094,-2.5541577339172363,-1.3160024536773562e-05,-1.0800249583553523e-12,1210,0,0,0,1
121,1,1531.2099108695984,1531.7099108695984,1531.7099108695984,1382.9511433243752,1539.2876165080816,1850.9055529463055,1519.061906337738,1516.5322229862213,0.5,0.5,-148.75876754522324,467.95440962193038,1173,116.22042886140355,24,-448.0640754699707,-2.5296833515167236,-2.1974710989525192e-05,-3.4106051316484809e-13,1209,0,0,0,1
122,1,1516.5322229862213,1517.0322229862213,1517.0322229862213,1377.8210631012917,1526.9182286206633,1846.4824759516487,1505.1298713684082,1502.6233863830566,0.5,0.5,-139.21115988492966,468.66141285035701,1177,110.80326776173308,24,-452.1558723449707,-2.5064849853515625,-2.4329078996743192e-05,-2.8421709430404007e-12,1210,0,0,0,1
123,1,1502.6233863830566,1503.1233863830566,1503.1233863830566,1373.9882664680481,1516.3971296474338,1843.0280741221134,1501.6286582946777,1499.1280059814453,0.5,0.5,-129.13511991500854,469.03980765406527,1177,114.85668387349401,24,-456.25609970092773,-2.5006523132324219,-2.2152377823658753e-05,-1.9326762412674725e-12,1210,0,0,0,1
124,1,1499.1280059814453,1499.6280059814453,1499.6280059814453,1380.2553033530712,1516.9918941482902,1853.7498828883904,1501.1315498352051,1498.6317329406738,0.5,0.5,-119.3727026283741,473.49457953531919,1177,108.18166618387467,28,-460.79999923706055,-2.49981689453125,-1.4557786471414147e-05,5.6843418860808015e-13,1210,0,0,0,1
125,1,1498.6317329406738,1499.1317329406738,1499.1317329406738,1387.1222041547298,1520.9376375228167,1864.4238076207814,1502.9377880096436,1500.4349498748779,0.5,0.5,-112.00952878594398,477.30160346605157,1177,104.19653272650733,28,-465.68255233764648,-2.502838134765625,-2.7908132551601739e-05,1.3073986337985843e-12,1210,0,0,0,1
126,1,1500.4349498748779,1500.9349498748779,1500.9349498748779,1396.3633103370667,1525.8339613303542,1877.2404640394527,1506.6248359680176,1504.1158714294434,0.5,0.5,-104.57163953781128,480.87715370238607,1177,100.87811963974697,28,-471.49374771118164,-2.5089645385742188,-1.4349655657497351e-05,-4.5474735088646412e-13,1210,0,0,0,1
127,1,1504.1158714294434,1504.6158714294434,1504.6158714294434,1405.8149518966675,1531.9590973109007,1891.0286042180983,1511.7073612213135,1509.1899261474609,0.5,0.5,-98.800919532775879,485.2136523214308,1177,97.572838118939259,28,-476.89408111572266,-2.5174350738525391,-2.1064088059574715e-05,-1.4210854715202004e-12,1210,0,0,0,1
128,1,1509.1899261474609,1509.6899261474609,1509.6899261474609,1415.0833269953728,1537.2336200848222,1904.7378952364502,1517.7117328643799,1515.184289932251,0.5,0.5,-94.606599152088165,489.65456824107741,1177,95.229399456545977,28,-482.25556182861328,-2.5274429321289062,-2.9970396099088248e-05,-3.0127011996228248e-12,1210,0,0,0,1
129,1,1515.184289932251,1515.684289932251,1515.684289932251,1424.2729927897453,1546.1260295063257,1918.9884348729406,1524.650728225708,1522.1117362976074,0.5,0.5,-91.411297142505646,494.71544208319528,1177,92.783341326400063,28,-487.12104797363281,-2.5389919281005859,-2.3605466594744939e-05,1.1368683772161603e-13,1210,0,0,0,1
130,1,1522.1117362976074,1522.6117362976074,1522.6117362976074,1434.2122557163239,1554.1729463711381,1933.5511139266725,1532.1487293243408,1529.5972499847412,0.5,0.5,-88.399480581283569,499.33885821034869,1177,91.061349070765061,28,-492.4637336730957,-2.5514793395996094,-2.4755738650128478e-05,-1.0800249583553523e-12,1210,0,0,0,1
131,1,1529.5972499847412,1530.0972499847412,1530.0972499847412,1443.1932877600193,1561.8711697459221,1947.4643208885871,1539.7430362701416,1537.1788959503174,0.5,0.5,-86.903962224721909,504.27103312856775,1177,89.423448810512511,28,-497.14473342895508,-2.5641403198242188,-3.9098663364711683e-05,-2.8990143619012088e-12,1210,0,0,0,1
132,1,1537.1788959503174,1537.6788959503174,1537.6788959503174,1452.7307163774967,1568.845745280385,1961.960867902714,1547.9640674591064,1545.3862571716309,0.5,0.5,-84.948179572820663,509.23015152521725,1177,87.780589082758482,28,-501.77738952636719,-2.5778102874755859,-1.875850762189657e-05,1.1937117960769683e-12,1210,0,0,0,1
133,1,1545.3862571716309,1545.8862571716309,1545.8862571716309,1462.6365151107311,1579.2587142586708,1977.4779515619659,1556.8007106781006,1554.2081775665283,0.5,0.5,-83.249742060899734,514.84143645123481,1177,85.748284781419869,28,-506.4255256652832,-2.5925331115722656,-2.6109220016223844e-05,-2.0463630789890885e-12,1210,0,0,0,1
134,1,1554.2081775665283,1554.7081775665283,1554.7081775665283,1472.9319356679916,1590.2843821048737,1992.8515008650911,1566.0291423797607,1563.4212474822998,0.5,0.5,-81.776241898536682,519.91956519709947,1177,84.683949116599962,32,-511.50630760192871,-2.6078948974609375,-1.9984725213362253e-05,-1.5916157281026244e-12,1210,0,0,0,1
135,1,1563.4212474822998,1563.9212474822998,1563.9212474822998,1483.6133759915829,1599.8149843662977,2008.833435808345,1575.2421894073486,1572.6189403533936,0.5,0.5,-80.307871490716934,525.22005981676216,1177,83.537984098272219,32,-517.12923049926758,-2.6232490539550781,-3.1850604727878817e-05,-1.0231815394945443e-12,1210,0,0,0,1
136,1,1572.6189403533936,1573.1189403533936,1573.1189403533936,1493.6015199422836,1609.3175065144897,2024.0999820600873,1584.4398937225342,1581.8013477325439,0.5,0.5,-79.517420411109924,530.49846211780368,1177,82.462184153903593,32,-522.12227249145508,-2.6385459899902344,-1.2045916037095594e-05,-1.5916157281026244e-12,1210,0,0,0,1
137,1,1581.8013477325439,1582.3013477325439,1582.3013477325439,1503.7253594100475,1619.9006451666355,2039.375464409432,1593.6223163604736,1590.96848487854,0.5,0.5,-78.575988322496414,535.65010499938444,1177,81.445899039667182,32,-527.19904708862305,-2.6538314819335938,-6.2453882492263801e-06,-2.5011104298755527e-12,1210,0,0,0,1
138,1,1590.96848487854,1591.46848487854,1591.46848487854,1513.9828011095524,1629.7855712026358,2054.4984365944156,1602.7894458770752,1600.1203269958496,0.5,0.5,-77.485683768987656,540.5156354848632,1177,80.696143483710486,32,-532.4051342010498,-2.6691188812255859,-2.7819517072202871e-05,-1.0231815394945443e-12,1210,0,0,0,1
139,1,1600.1203269958496,1600.6203269958496,1600.6203269958496,1523.765174806118,1637.9825345650315,2069.2819366628869,1611.9412803649902,1609.2569313049316,0.5,0.5,-76.855152189731598,545.51676185676888,1177,80.333415967730573,32,-537.674072265625,-2.6843490600585938,-1.7643671753830859e-05,-2.2737367544323206e-12,1210,0,0,0,1
140,1,1609.2569313049316,1609.7569313049316,1609.7569313049316,1533.8305221199989,1646.936130784452,2085.34192907749,1621.0778846740723,1618.3783130645752,0.5,0.5,-75.926409184932709,551.51140695749109,1177,78.549180389064958,32,-542.81322479248047,-2.6995716094970703,-2.5200923801094177e-05,-2.2737367544323206e-12,1210,0,0,0,1
141,1,1618.3783130645752,1618.8783130645752,1618.8783130645752,1543.3587767630816,1655.7352204844356,2100.7805707287453,1630.1992816925049,1627.4845294952393,0.5,0.5,-75.519536301493645,557.42179396566371,1177,76.822143809830649,32,-547.40343284606934,-2.714752197265625,-1.6120882719405927e-05,-1.7053025658242404e-12,1210,0,0,0,1
142,1,1627.4845294952393,1627.9845294952393,1627.9845294952393,1553.3808854818344,1666.4427706599236,2116.1413401316304,1639.3055019378662,1636.575569152832,0.5,0.5,-74.603644013404846,562.76045464979597,1177,75.630270128380644,32,-552.46610832214355,-2.7299327850341797,-3.231439768569544e-05,-1.2505552149377763e-12,1210,0,0,0,1
143,1,1636.575569152832,1637.075569152832,1637.075569152832,1562.8792415112257,1675.9103686735034,2130.6568273699604,1648.3965263366699,1645.6514701843262,0.5,0.5,-74.196327641606331,567.77758585873471,1177,74.778057655065155,32,-557.03835868835449,-2.74505615234375,-1.6592772681178758e-05,-1.1368683772161603e-12,1210,0,0,0,1
144,1,1645.6514701843262,1646.1514701843262,1646.1514701843262,1572.8678543418646,1686.3017561584711,2145.3588201204298,1657.4724426269531,1654.7122745513916,0.5,0.5,-73.283615842461586,572.49096577856517,1177,74.177333672905007,32,-562.06371116638184,-2.7601680755615234,-1.4586265706384438e-05,2.2737367544323206e-13,1209,0,0,0,1
145,1,1654.7122745513916,1655.2122783660889,1655.2122783660889,1582.0532650351524,1694.9731045514345,2159.2831953582081,1667.0249767303467,1664.2488689422607,0.5,0.50000381469726562,-73.159013330936432,577.22993032305567,1177,73.599222320625529,32,-565.85744094848633,-2.7761077880859375,-4.6667592414451065e-05,-6.8212102632969618e-13,1210,0,0,0,1
146,1,1664.2488689422607,1664.7488689422607,1664.7488689422607,1591.9105693250895,1704.9328851550817,2174.0942806001071,1676.5615749359131,1673.7696266174316,0.5,0.5,-72.838299617171288,582.18371127501769,1177,72.880855203118912,32,-570.41356086730957,-2.7919483184814453,-6.104501608206192e-06,-3.4106051316484809e-12,1210,0,0,0,1
147,1,1673.7696266174316,1674.2696266174316,1674.2696266174316,1602.1036065816879,1715.5321035981178,2189.3988557275434,1686.0823211669922,1683.2744998931885,0.5,0.5,-72.166020035743713,587.29524914585545,1177,72.111468750607301,32,-575.42800331115723,-2.8078212738037109,-2.4364292357859085e-05,-1.2505552149377763e-12,1210,0,0,0,1
148,1,1683.2744998931885,1683.7744998931885,1683.7744998931885,1611.6428748071194,1725.4904029667377,2203.9713014380795,1695.5871906280518,1692.7635536193848,0.5,0.5,-72.131625086069107,592.32842663096017,1177,71.398304579987368,32,-579.78241539001465,-2.8236370086669922,-1.1842870208056411e-05,-4.5474735088646412e-13,1210,0,0,0,1
149,1,1692.7635536193848,1693.2635536193848,1693.2635536193848,1621.9621928185225,1737.0496235191822,2219.1062934176093,1705.0762405395508,1702.2367858886719,0.5,0.5,-71.301360800862312,597.14410059908687,1177,70.849992059076143,32,-584.88004493713379,-2.8394546508789062,-2.7572754561333568e-05,-9.0949470177292824e-13,1210,0,0,0,1
150,1,1702.2367858886719,1702.7367858886719,1702.7367858886719,1631.5611276775599,1746.9519354701042,2233.4287550869535,1714.5494842529297,1711.6942501068115,0.5,0.5,-71.175658211112022,601.86762740939366,1177,70.437982278771088,32,-589.31725311279297,-2.8552341461181641,-3.1477390848522191e-05,-1.9326762412674725e-12,1210,0,0,0,1
151,1,1711.6942501068115,1712.1942501068115,1712.1942501068115,1641.2423469722271,1757.38407766819,2247.8352614503847,1723.5201015472412,1720.649923324585,0.5,0.5,-70.951903134584427,606.59291447815758,1177,69.977282418635298,32,-594.29244232177734,-2.87017822265625,-3.6976376350139617e-05,-1.3642420526593924e-12,1210,0,0,0,1
152,1,1720.649923324585,1721.149923324585,1721.149923324585,1650.9062852039933,1766.5970842540264,2262.2134709446855,1732.4757747650146,1729.5906867980957,0.5,0.5,-70.24363812059164,611.30718574069215,1177,69.373599520403857,32,-599.11129570007324,-2.8850879669189453,-3.3029138194251573e-05,-1.4779288903810084e-12,1210,0,0,0,1
153,1,1729.5906867980957,1730.0906867980957,1730.0906867980957,1660.5975361913443,1777.0812402069569,2276.7398529227416,1741.4165382385254,1738.5165863037109,0.5,0.5,-69.493150606751442,616.14231673139739,1173,68.608047467882486,32,-603.93136215209961,-2.8999519348144531,-8.134411245919182e-06,9.0949470177292824e-13,1209,0,0,0,1
154,1,1738.5165863037109,1739.0165863037109,1739.0165863037109,1669.9271762743592,1786.7535348832607,2290.723638948095,1750.3424377441406,1747.4276008605957,0.5,0.5,-69.089410029351711,620.79646267373573,1165,68.074239317286327,32,-608.45544052124023,-2.9148368835449219,-2.8973167445656145e-05,-4.5474735088646412e-13,1210,0,0,0,1
155,1,1747.4276008605957,1747.9276008605957,1747.9276008605957,1679.6697549447417,1796.5938879847527,2305.2353624991993,1759.2534523010254,1756.3237953186035,0.5,0.5,-68.257845915853977,625.56560755445753,1165,67.380102664984875,32,-613.36201286315918,-2.929656982421875,-9.7496581474842969e-06,4.5474735088646412e-13,1210,0,0,0,1
156,1,1756.3237953186035,1756.8237953186035,1756.8237953186035,1688.7056051269174,1805.6482800543308,2318.9103876136987,1768.1496543884277,1765.2051620483398,0.5,0.5,-68.118190191686153,630.20478248678137,1165,66.857825658396791,32,-617.61855888366699,-2.9444923400878906,-3.0451826887656352e-05,-7.9580786405131221e-13,1198,0,0,0,1
157,1,1765.2051620483398,1765.7051620483398,1765.7051620483398,1697.9813210591674,1815.2728698551655,2332.7096195911377,1777.0310287475586,1774.0717487335205,0.5,0.5,-67.723840989172459,634.72829853197027,1165,66.443288734057916,32,-622.12187957763672,-2.9592800140380859,-2.8162580292701023e-05,-2.2737367544323206e-13,1198,0,0,0,1
158,1,1774.0717487335205,1774.5717487335205,1774.5717487335205,1707.2231619879603,1824.3097956478596,2346.6266892525955,1785.8976192474365,1782.9235649108887,0.5,0.5,-67.348586745560169,639.40352726463516,1165,65.871805849333882,32,-626.60087585449219,-2.9740543365478516,-3.7141138591323397e-05,-6.8212102632969618e-13,1198,0,0,0,1
159,1,1782.9235649108887,1783.4235649108887,1783.4235649108887,1716.5875514671206,1833.3335220515728,2360.7164834520436,1794.7494316101074,1791.7606468200684,0.5,0.5,-66.836013443768024,644.12893198492293,1165,65.247597358502688,32,-631.21464920043945,-2.9887847900390625,-2.6860393745664624e-05,5.6843418860808015e-13,1198,0,0,0,1
160,1,1791.7606468200684,1792.2606468200684,1792.2606468200684,1725.7933634892106,1843.0553142130375,2374.6665669156891,1803.5865287780762,1800.5830268859863,0.5,0.5,-66.467283330857754,648.87320342647854,1165,64.599994592489594,32,-635.68003273010254,-3.0035018920898438,-2.7733109163818881e-05,0,1198,0,0,0,1
161,1,1800.5830268859863,1801.0830268859863,1801.0830268859863,1735.0139073655009,1852.4421493411064,2388.5473117295987,1812.4088821411133,1809.3906841278076,0.5,0.5,-66.069119520485401,653.53340436409781,1161,64.029218726944322,32,-640.16764831542969,-3.0181980133056641,-3.217753237549914e-05,-1.1368683772161603e-13,1198,0,0,0,1
162,1,1809.3906841278076,1809.8906841278076,1809.8906841278076,1744.2235311642289,1861.892490029335,2402.2529082234855,1821.2165470123291,1818.1836833953857,0.5,0.5,-65.667152963578701,658.0293770592566,1161,63.619396692895265,32,-644.65575790405273,-3.0328636169433594,-3.0564810231226147e-05,1.0231815394945443e-12,1198,0,0,0,1
163,1,1818.1836833953857,1818.6836833953857,1818.6836833953857,1752.836470939219,1870.708290874958,2415.333772787822,1830.0095386505127,1826.9620208740234,0.5,0.5,-65.847212456166744,662.497301848603,1153,63.253642907367748,32,-648.57787704467773,-3.0475177764892578,-4.194301754978369e-05,6.8212102632969618e-13,1198,0,0,0,1
164,1,1826.9620208740234,1827.4620208740234,1827.4620208740234,1762.0003897994757,1880.3999283909798,2428.9817028493517,1838.7878761291504,1835.7257404327393,0.5,0.5,-65.461631074547768,666.98131304987601,1153,62.845094636000368,32,-653.03892135620117,-3.0621356964111328,-4.1484860730633955e-05,-4.5474735088646412e-13,1194,0,0,0,1
165,1,1835.7257404327393,1836.2257404327393,1836.2257404327393,1771.0741859450936,1889.6938586235046,2442.5068723324734,1847.5515956878662,1844.4748725891113,0.5,0.5,-65.151554487645626,671.43268638737982,1149,62.464805447677371,32,-657.42008209228516,-3.0767230987548828,-3.4852035241783597e-05,5.6843418860808015e-13,1194,0,0,0,1
166,1,1844.4748725891113,1844.9748725891113,1844.9748725891113,1780.0039901062846,1899.5382510721684,2455.75121945821,1856.3007164001465,1853.209415435791,0.5,0.5,-64.97088248282671,675.7472293519254,1149,62.137481027018985,32,-661.58798408508301,-3.0913009643554688,-4.2993614442821126e-05,4.5474735088646412e-13,1186,0,0,0,1
167,1,1853.209415435791,1853.709415435791,1853.709415435791,1789.1169716864824,1908.9048229157925,2469.2993475785188,1865.0352592468262,1861.9294376373291,0.5,0.5,-64.592443749308586,680.18237589203636,1149,61.765429795749235,32,-666.02951812744141,-3.1058216094970703,-1.8190943364970735e-05,-4.5474735088646412e-13,1186,0,0,0,1
168,1,1861.9294376373291,1862.4294376373291,1862.4294376373291,1797.968758508563,1917.9381273090839,2482.622283711185,1873.7552814483643,1870.6349277496338,0.5,0.5,-64.46067912876606,684.65352520262195,1145,61.352178797969586,32,-670.21918106079102,-3.1203536987304688,-2.9013284574830323e-05,6.8212102632969618e-13,1182,0,0,0,1
169,1,1870.6349277496338,1871.1349277496338,1871.1349277496338,1806.67286644876,1926.7276438772678,2495.7452889790802,1882.4607715606689,1879.3259315490723,0.5,0.5,-64.462061300873756,689.07242253032018,1145,60.988244880173447,32,-674.27276229858398,-3.1348400115966797,-1.8259236640005838e-05,-6.8212102632969618e-13,1182,0,0,0,1
170,1,1879.3259315490723,1879.8259315490723,1879.8259315490723,1816.103719457984,1936.750624448061,2509.5745126993293,1891.1517753601074,1888.0024642944336,0.5,0.5,-63.722212091088295,693.47079324134529,1137,60.635524532116058,32,-679.05826187133789,-3.1493110656738281,-1.6370146795452456e-05,0,1178,0,0,0,1
171,1,1888.0024642944336,1888.5024642944336,1888.5024642944336,1824.9003556370735,1945.7397116422653,2522.8474290127938,1899.8283081054688,1896.6645374298096,0.5,0.5,-63.602108657360077,697.94707337572027,1137,60.204481387595457,32,-683.22360229492188,-3.1637706756591797,-2.7135302616443369e-05,1.3642420526593924e-12,1178,0,0,0,1
172,1,1896.6645374298096,1897.1645374298096,1897.1645374298096,1833.5635016709566,1954.4670176506042,2535.9268123406705,1908.4903812408447,1905.3121814727783,0.5,0.5,-63.601035758852959,702.36331066971388,1125,59.828205893582542,32,-687.2646369934082,-3.1781997680664062,-3.1462161132367328e-05,-1.1368683772161603e-13,1170,0,0,0,1
173,1,1905.3121814727783,1905.8121814727783,1905.8121814727783,1842.9382636770606,1964.4229967594147,2549.6439698197464,1917.1380176544189,1913.9454231262207,0.5,0.5,-62.873917795717716,706.70570614268581,1121,59.518786146438778,32,-692.02473831176758,-3.1925945281982422,-2.5497908382021706e-05,1.3642420526593924e-12,1170,0,0,0,1
174,1,1913.9454231262207,1914.4454231262207,1914.4454231262207,1851.6896254196763,1973.3716393709183,2562.8141840489052,1925.7712669372559,1922.5643043518066,0.5,0.5,-62.755797706544399,711.12455862922889,1117,59.129951616989146,32,-696.1728687286377,-3.2069625854492188,-1.678935677773552e-05,-7.9580786405131221e-13,1158,0,0,0,1
175,1,1922.5643043518066,1923.0643043518066,1923.0643043518066,1860.3081989139318,1981.7768879532814,2575.8328464790802,1934.3901557922363,1931.1688327789307,0.5,0.5,-62.756105437874794,715.52464756514837,1117,58.755841417648597,32,-700.19853210449219,-3.2213230133056641,-2.4365524950553663e-05,-3.4106051316484809e-13,1158,0,0,0,1
176,1,1931.1688327789307,1931.6688327789307,1931.6688327789307,1869.7584731504321,1991.5407151579857,2589.6715526496178,1942.9946689605713,1939.7590160369873,0.5,0.5,-61.910359628498554,719.91307949918564,1109,58.377759941934819,32,-705.05464363098145,-3.2356529235839844,-2.536363808758324e-05,1.1368683772161603e-13,1149,0,0,0,1
177,1,1939.7590160369873,1940.2590160369873,1940.2590160369873,1878.3507832959294,2000.5826391279697,2602.562131455396,1951.5848598480225,1948.3349018096924,0.5,0.5,-61.908232741057873,724.21134815946652,1109,58.09495777800155,32,-709.07222938537598,-3.2499580383300781,-2.5416809194211964e-05,9.0949470177292824e-13,1150,0,0,0,1
178,1,1948.3349018096924,1948.8349018096924,1948.8349018096924,1886.9268823266029,2009.0426136255264,2615.4986792381592,1960.1607456207275,1956.896484375,0.5,0.5,-61.908019483089447,728.57179691155625,1109,57.746235770386143,32,-713.08416938781738,-3.2642612457275391,-4.7384633262481657e-05,-4.5474735088646412e-13,1142,0,0,0,1
179,1,1956.896484375,1957.396484375,1957.396484375,1896.3228508085012,2018.9432817101479,2629.3341792107644,1968.7223205566406,1965.4438247680664,0.5,0.5,-61.073633566498756,733.01132840226319,1089,57.311099719900753,32,-717.92295837402344,-3.2784957885742188,-2.4519437602066319e-05,-1.1368683772161603e-12,1142,0,0,0,1
180,1,1965.4438247680664,1965.9438247680664,1965.9438247680664,1904.8652230128646,2027.7194091081619,2642.2368791247709,1977.2696762084961,1973.9769439697266,0.5,0.5,-61.078601755201817,737.3716561119063,1089,56.952560648789891,32,-721.91976356506348,-3.2927322387695312,-2.724066121118085e-05,-1.2505552149377763e-12,1142,0,0,0,1
181,1,1973.9769439697266,1974.4769439697266,1974.4769439697266,1913.3952789157629,2036.1496429145336,2655.0503258010426,1985.8027954101562,1982.4958400726318,0.5,0.5,-61.081665053963661,741.65504688527972,1073,56.665416310164048,32,-725.9129467010498,-3.3069553375244141,-4.031810067317565e-05,-5.6843418860808015e-13,1142,0,0,0,1
182,1,1982.4958400726318,1982.9958400726318,1982.9958400726318,1922.7449448481202,2045.9026616811752,2668.7462332394498,1994.3216609954834,1991.0005378723145,0.5,0.5,-60.250895224511623,746.00128839132958,1073,56.30850957366107,32,-730.73308181762695,-3.3211231231689453,-2.1818672848894494e-05,-4.5474735088646412e-13,1122,0,0,0,1
183,1,1991.0005378723145,1991.5005378723145,1991.5005378723145,1931.2451763302088,2054.8382284939289,2681.6269814063271,2002.826358795166,1999.4910697937012,0.5,0.5,-60.255361542105675,750.38180507611833,1061,55.914289803389963,32,-734.71491241455078,-3.3352890014648438,-2.5005207817230257e-05,-2.2737367544323206e-13,1122,0,0,0,1
184,1,1999.4910697937012,1999.9910697937012,1999.9910697937012,1939.8156777918339,2063.590036213398,2694.46584083981,2011.3168983459473,2007.9674739837646,0.5,0.5,-60.175392001867294,754.65016304797609,1055,55.61765716128879,32,-738.76659965515137,-3.3494243621826172,-2.1251594489513081e-05,-1.1368683772161603e-13,1106,0,0,0,1
185,1,2007.9674739837646,2008.4674739837646,2008.4674739837646,1949.2912346869707,2073.3047781288624,2708.1735703791637,2019.7933177947998,2016.4297523498535,0.5,0.5,-59.176239296793938,758.88233569219301,1037,55.340189233873438,32,-743.7204418182373,-3.3635654449462891,-4.6733932094866759e-05,0,1105,0,0,0,1
186,1,2016.4297523498535,2016.9297523498535,2016.9297523498535,1957.8327356949449,2082.2008789777756,2720.9932800980605,2028.2556037902832,2024.8779773712158,0.5,0.5,-59.097016654908657,763.16054440311564,1037,55.023804023643621,32,-747.7614803314209,-3.3776264190673828,-1.5643764072592603e-05,0,1086,0,0,0,1
187,1,2024.8779773712158,2025.3779773712158,2025.3779773712158,1966.3564958870411,2091.0695684254169,2733.8060302559752,2036.7038059234619,2033.3120975494385,0.5,0.5,-59.021481484174728,767.44953436893411,1033,54.694036501226947,32,-751.79626083374023,-3.3917083740234375,-2.8987986752326833e-05,0,1086,0,0,0,1
188,1,2033.3120975494385,2033.8120975494385,2033.8120975494385,1975.870085529983,2100.558069050312,2747.6001782825188,2045.1379337310791,2041.7321872711182,0.5,0.5,-57.942012019455433,771.73009275253571,1025,54.344293076734175,32,-756.80653762817383,-3.4057464599609375,-2.1900865476709441e-05,0,1070,0,0,0,1
189,1,2041.7321872711182,2042.2321872711182,2042.2321872711182,1984.2838935703039,2109.3145849108696,2760.2525749374618,2053.5580310821533,2050.1382389068604,0.5,0.5,-57.948293700814247,775.96868136715784,1001,54.063041670204257,32,-760.7575855255127,-3.4197921752929688,-4.5807758397131693e-05,0,1070,0,0,0,1
190,1,2050.1382389068604,2050.6382389068604,2050.6382389068604,1992.6797795891762,2118.142171561718,2772.8748543739785,2061.964075088501,2058.5303020477295,0.5,0.5,-57.958459317684174,780.19507478480227,993,53.790188503218815,32,-764.70096778869629,-3.4337730407714844,-2.8267532343306812e-05,0,1058,0,0,0,1
191,1,2058.5303020477295,2059.0303020477295,2059.0303020477295,2001.5963883772492,2127.5829674005508,2786.0350803565525,2070.3561153411865,2066.9083633422852,0.5,0.5,-57.433913670480251,784.43869197930326,989,53.493093090102775,32,-769.17205810546875,-3.4477519989013672,-3.2140110761247342e-05,0,1058,0,0,0,1
192,1,2066.9083633422852,2067.4083633422852,2067.4083633422852,2010.2516020834446,2136.1432589590549,2799.0159798155219,2078.7341918945312,2075.2724723815918,0.5,0.5,-57.156761258840561,788.76437773207726,981,53.109783123931265,32,-773.39157104492188,-3.4617195129394531,-4.7822047690715408e-05,0,1026,0,0,0,1
193,1,2075.2724723815918,2075.7724723815918,2075.7724723815918,2018.604263946414,2144.5487871468067,2811.5819451639836,2087.0983085632324,2083.6226940155029,0.5,0.5,-57.168208435177803,792.97768121756963,981,52.834379451494897,32,-777.31801605224609,-3.4756145477294922,-1.4271834515966475e-05,0,1026,0,0,0,1
194,1,2083.6226940155029,2084.1226940155029,2084.1226940155029,2027.3035438805819,2153.4212783575058,2824.6043637327384,2095.4485607147217,2091.9590225219727,0.5,0.5,-56.819150134921074,797.30081985215656,969,52.44373197038658,32,-781.59953498840332,-3.4895381927490234,-3.2420135084976209e-05,0,1014,0,0,0,1
195,1,2091.9590225219727,2092.4590225219727,2092.4590225219727,2036.0820468664169,2162.3895192146301,2837.6905172978004,2103.7849044799805,2100.2814960479736,0.5,0.5,-56.376975655555725,801.60847043138347,954,52.063642629567767,32,-785.9692554473877,-3.5034084320068359,-2.032401243923232e-05,0,1014,0,0,0,1
196,1,2100.2814960479736,2100.7814960479736,2100.7814960479736,2044.3955777212977,2170.4818475842476,2850.2295315592928,2112.1073627471924,2108.5900897979736,0.5,0.5,-56.385918326675892,805.83395383799507,953,51.761530605013832,32,-789.88369941711426,-3.51727294921875,-2.5629068204580108e-05,0,1002,0,0,0,1
197,1,2108.5900897979736,2109.0900897979736,2109.0900897979736,2052.9296814128757,2178.8594896793365,2863.0151481311186,2120.4159717559814,2116.8848667144775,0.5,0.5,-56.16040838509798,810.08546671824297,936,51.428487809433136,32,-794.02766418457031,-3.5311050415039062,-2.1572071091213729e-05,0,1002,0,0,0,1
198,1,2116.8848667144775,2117.3848667144775,2117.3848667144775,2061.781565964222,2187.9151935279369,2876.0670706236124,2128.7107410430908,2125.1657943725586,0.5,0.5,-55.603300750255585,814.28550465939043,921,51.141509393477463,32,-798.49783897399902,-3.5449466705322266,-5.0098810788767878e-05,0,978,0,0,0,1
199,1,2125.1657943725586,2125.6657943725586,2125.6657943725586,2070.0484584793448,2196.2379315793514,2888.5351131044736,2136.9916687011719,2133.4329357147217,0.5,0.5,-55.617335893213749,818.48665462512872,913,50.849025002826238,32,-802.39246940612793,-3.5587329864501953,-4.6362609737116145e-05,0,978,0,0,0,1
200,1,2133.4329357147217,2133.9329357147217,2133.9329357147217,2078.2996758073568,2204.3150246441364,2901.0167159093689,2145.2587947845459,2141.6863136291504,0.5,0.5,-55.633259907364845,822.71704010201211,905,50.523103808038286,32,-806.28102493286133,-3.5724811553955078,-2.7462903290143004e-05,0,954,0,0,0,1
201,1,2141.6863136291504,2142.1863136291504,2142.1863136291504,2087.2616812586784,2214.1208535730839,2914.1262328734592,2153.5121421813965,2149.9258899688721,0.5,0.5,-54.924632370471954,826.86455161478079,897,50.273219336013426,32,-810.88731002807617,-3.5862522125244141,-5.4396733503381256e-05,0,954,0,0,0,1
202,1,2149.9258899688721,2150.4258899688721,2150.4258899688721,2095.5711706951261,2222.86280554533,2926.5630477101122,2161.7517337799072,2158.1517753601074,0.5,0.5,-54.854719273746014,830.99187701498613,865,50.039056476899532,32,-814.85037040710449,-3.5999584197998047,-3.9387948163494002e-05,0,938,0,0,0,1
203,1,2158.1517753601074,2158.6517753601074,2158.6517753601074,2103.7798733264208,2230.9377969503403,2938.9528336290105,2169.9776420593262,2166.3639717102051,0.5,0.5,-54.871902033686638,835.17296030258967,857,49.747289204241497,32,-818.72248077392578,-3.6136703491210938,-5.2887747187924106e-05,0,938,0,0,0,1
204,1,2166.3639717102051,2166.8639717102051,2166.8639717102051,2112.3313373476267,2239.9640139639378,2951.6482394676086,2178.1898384094238,2174.5625190734863,0.5,0.5,-54.532634362578392,839.31690211998193,848,49.479810382855248,32,-822.93821144104004,-3.6273193359375,-2.6279225494363345e-05,0,894,0,0,0,1
205,1,2174.5625190734863,2175.0625190734863,2175.0625190734863,2120.9607254862785,2249.4906969070435,2964.3598908274225,2186.3883476257324,2182.7473564147949,0.5,0.5,-54.101793587207794,843.399165341144,837,49.269253841156569,32,-827.24079704284668,-3.6409912109375,-4.5351777771429624e-05,0,894,0,0,0,1
206,1,2182.7473564147949,2183.2473564147949,2183.2473564147949,2129.1271003261209,2258.1667677760124,2976.6953134380983,2195.0657539367676,2191.4103145599365,0.5,0.5,-54.120256088674068,847.56821311197746,813,48.968081489880205,32,-830.59764099121094,-3.6554393768310547,-4.3218111841270002e-05,0,881,0,0,0,1
207,1,2191.4103145599365,2191.9103145599365,2191.9103145599365,2138.027037024498,2266.7475490868092,2989.9285502394241,2203.7287349700928,2200.0588569641113,0.5,0.5,-53.883277535438538,851.90151321492613,785,48.667198661943075,32,-834.86701393127441,-3.6698780059814453,-5.5569809774169698e-05,0,881,0,0,0,1
208,1,2200.0588569641113,2200.5588569641113,2200.5588569641113,2147.1251180246472,2275.9163494706154,3003.3462034564882,2212.3772850036621,2208.6930313110352,0.5,0.5,-53.433738939464092,856.22108543184095,781,48.380277027520606,32,-839.34919548034668,-3.6842536926269531,-2.9010639082116541e-05,0,841,0,0,0,1
209,1,2208.6930313110352,2209.1930313110352,2209.1930313110352,2155.8684964179993,2285.7350344657898,3016.2796318815754,2221.0114364624023,2217.3127784729004,0.5,0.5,-53.324534893035889,860.4111354635761,773,48.219408722062326,32,-843.48760414123535,-3.6986579895019531,-5.5039336984918918e-05,0,842,0,0,0,1
210,1,2217.3127784729004,2217.8127784729004,2217.8127784729004,2164.4857698380947,2294.4296816289425,3029.2075397503895,2229.6311531066895,2225.9181480407715,0.5,0.5,-53.327008634805679,864.7217699122948,757,47.93325118894154,32,-847.5096378326416,-3.7130050659179688,-4.7885564981697826e-05,0,814,0,0,0,1
211,1,2225.9181480407715,2226.4181480407715,2226.4181480407715,2173.2906952276826,2303.6758264601231,3042.2589467468943,2238.2365531921387,2234.509220123291,0.5,0.5,-53.127452813088894,868.96825151921166,741,47.705822616509067,32,-851.72821617126465,-3.7273330688476562,-4.5499365569412475e-05,0,814,0,0,0,1
212,1,2234.509220123291,2235.009220123291,2235.009220123291,2182.3539398536086,2313.216717928648,3055.5458680394672,2246.8276329040527,2243.0860023498535,0.5,0.5,-52.655280269682407,873.19192818585861,717,47.454856753013246,32,-856.17309188842773,-3.7416305541992188,-3.6443000681174453e-05,0,778,0,0,0,1
213,1,2243.0860023498535,2243.5860023498535,2243.5860023498535,2190.5357694476843,2321.7364115417004,3068.0788729624992,2254.917537689209,2251.1624488830566,0.5,0.5,-53.050232902169228,877.5431035148149,689,47.186261848902177,32,-860.34759712219238,-3.7550888061523438,-2.2749149138689972e-05,0,778,0,0,0,1
214,1,2251.1624488830566,2251.6624488830566,2251.6624488830566,2198.5913605466485,2330.2027006447315,3080.2096420007574,2262.9939765930176,2259.2254314422607,0.5,0.5,-53.071088336408138,881.61828145410891,673,46.945505551732822,32,-864.16117095947266,-3.7685451507568359,-2.95723939416348e-05,0,750,0,0,0,1
215,1,2259.2254314422607,2259.7254314422607,2259.7254314422607,2207.0794251561165,2338.9028818011284,3092.779165409127,2271.0569667816162,2267.2749996185303,0.5,0.5,-52.646006286144257,885.69974025301053,657,46.692117549857358,32,-868.41431617736816,-3.7819671630859375,-2.4459220639982959e-05,0,750,0,0,0,1
216,1,2267.2749996185303,2267.7749996185303,2267.7749996185303,2215.4502806589007,2347.4573235213757,3105.2593803232403,2279.1065349578857,2275.3111362457275,0.5,0.5,-52.324718959629536,889.80909966433956,641,46.406209963014589,32,-872.55905532836914,-3.7953987121582031,-5.1234181228210218e-05,0,702,0,0,0,1
217,1,2275.3111362457275,2275.8111362457275,2275.8111362457275,2223.4643735960126,2355.7894867658615,3117.3067542039771,2287.1426792144775,2283.3339099884033,0.5,0.5,-52.346762649714947,893.84238060796451,617,46.192101386843206,32,-876.35617637634277,-3.8087692260742188,-3.9328552702500019e-05,0,701,0,0,0,1
218,1,2283.3339099884033,2283.8339099884033,2283.8339099884033,2231.465101107955,2364.2001744508743,3129.3565384616695,2295.1654224395752,2291.3432960510254,0.5,0.5,-52.368808880448341,897.89143735371454,585,45.957140279785563,32,-880.14825630187988,-3.8221263885498047,-3.6387935779202962e-05,0,674,0,0,0,1
219,1,2291.3432960510254,2291.8432960510254,2291.8432960510254,2239.8954678103328,2372.566615998745,3141.8360905190207,2303.1748924255371,2299.3394203186035,0.5,0.5,-51.947828240692616,901.9406227086879,573,45.715920970847492,32,-884.37711906433105,-3.8354721069335938,-4.4106869154347805e-05,0,674,0,0,0,1
220,1,2299.3394203186035,2299.8394203186035,2299.8394203186035,2248.2074847891927,2381.2746179401875,3154.2063125842801,2311.170970916748,2307.3222026824951,0.5,0.5,-51.631935529410839,905.99882779508744,559,45.461093497873208,32,-888.49643516540527,-3.8487682342529297,-2.4535309421480633e-05,0,618,0,0,0,1
221,1,2307.3222026824951,2307.8222026824951,2307.8222026824951,2256.1670994013548,2389.2710373401642,3166.19079092727,2319.1537990570068,2315.2917041778564,0.5,0.5,-51.655103281140327,910.02369152591518,529,45.234969341895066,32,-892.2719612121582,-3.8620948791503906,-5.7546852531231707e-05,0,618,0,0,0,1
222,1,2315.2917041778564,2315.7917041778564,2315.7917041778564,2264.1134305894375,2397.622594833374,3178.158099357468,2327.1232852935791,2323.2479629516602,0.5,0.5,-51.678273588418961,914.04466876803053,505,45.007975395339599,32,-896.04278945922852,-3.8753223419189453,-1.3594255506177433e-05,0,590,0,0,0,1
223,1,2323.2479629516602,2323.7479629516602,2323.7479629516602,2272.4398499503732,2405.458373889327,3190.5868969575877,2335.0795211791992,2331.1909332275391,0.5,0.5,-51.308113001286983,918.1470470072145,501,44.693683563042214,32,-900.20105934143066,-3.8885879516601562,-2.9854156764486106e-05,0,590,0,0,0,1
224,1,2331.1909332275391,2331.6909332275391,2331.6909332275391,2280.7420052736998,2413.9546344876289,3202.9216842674095,2343.0224914550781,2339.120662689209,0.5,0.5,-50.948927953839302,922.17967899370979,485,44.444278714768188,32,-904.34347152709961,-3.9018287658691406,-4.3409463614807464e-05,0,538,0,0,0,1
225,1,2339.120662689209,2339.620662689209,2339.620662689209,2288.6473951935768,2421.7843426167965,3214.8018922699812,2350.9522514343262,2347.0372352600098,0.5,0.5,-50.973267495632172,926.15449707640437,469,44.248057376014913,32,-908.09769821166992,-3.9150161743164062,-2.5557832941558445e-05,0,538,0,0,0,1
226,1,2347.0372352600098,2347.5372352600098,2347.5372352600098,2296.5396371111274,2429.9207271635532,3226.6737200825719,2358.3762245178223,2354.4488410949707,0.5,0.5,-50.997598148882389,930.13408297144451,457,44.04226998395643,32,-912.33976554870605,-3.9273834228515625,-2.9822415399394231e-05,0,506,0,0,0,1
227,1,2354.4488410949707,2354.9488410949707,2354.9488410949707,2304.2470524758101,2438.0791917741299,3238.2087485859365,2365.7878532409668,2361.8481216430664,0.5,0.5,-50.701788619160652,933.96169611012647,445,43.813384287598637,32,-916.23427963256836,-3.9397315979003906,-3.5570310956245521e-05,0,506,0,0,0,1
228,1,2361.8481216430664,2362.3481216430664,2362.3481216430664,2311.7141202837229,2445.970988124609,3249.4811125836186,2373.1871185302734,2369.2350463867188,0.5,0.5,-50.634001359343529,937.76699229989572,437,43.601204768676325,32,-919.89519882202148,-3.9520721435546875,-5.4277374601952033e-05,0,486,0,0,0,1
229,1,2369.2350463867188,2369.7350463867188,2369.7350463867188,2319.2224700823426,2452.8519864976406,3260.8843698190858,2380.5740356445312,2376.6096668243408,0.5,0.5,-50.512576304376125,941.66189973674318,425,43.294207604009898,32,-923.60454177856445,-3.9643688201904297,-4.9678571485856082e-05,0,486,0,0,0,1
230,1,2376.6096668243408,2377.1096668243408,2377.1096668243408,2326.7160258293152,2460.134541451931,3272.2163916082109,2387.9486789703369,2383.9720230102539,0.5,0.5,-50.393640995025635,945.50036577889568,421,43.038628533390693,32,-927.30634117126465,-3.9766559600830078,-5.5982305639190599e-05,0,466,0,0,0,1
231,1,2383.9720230102539,2384.4720230102539,2384.4720230102539,2334.3709178194404,2467.8818621635437,3283.7160188636626,2395.3110656738281,2391.3221797943115,0.5,0.5,-50.101105190813541,949.34510104422225,405,42.772109798446763,32,-931.17706298828125,-3.9888858795166016,-2.5476269456703449e-05,0,466,0,0,0,1
232,1,2391.3221797943115,2391.8221797943115,2391.8221797943115,2341.7928207963705,2475.4462578594685,3294.9341882790523,2402.6611843109131,2398.6600475311279,0.5,0.5,-50.029358997941017,953.14136748268174,389,42.588934508423336,32,-934.8619384765625,-4.0011367797851562,-3.6380818528414238e-05,0,452,0,0,0,1
233,1,2398.6600475311279,2399.1600475311279,2399.1600475311279,2349.5914835780859,2484.3525306582451,3306.3524598998456,2410.4858913421631,2406.4717273712158,0.5,0.5,-49.56856395304203,956.7609763217597,385,42.46396542364073,32,-938.33053398132324,-4.0141639709472656,-3.3254335903620813e-05,0,452,0,0,0,1
234,1,2406.4717273712158,2406.9717273712158,2406.9717273712158,2357.6958326548338,2492.8935195803642,3318.3982843503391,2418.297571182251,2414.2704010009766,0.5,0.5,-49.275894716382027,960.70245169550526,373,42.254999722536922,32,-942.355712890625,-4.0271701812744141,-3.0840922136121662e-05,0,422,0,0,0,1
235,1,2414.2704010009766,2414.7704010009766,2414.7704010009766,2365.8027826920152,2501.5244157314301,3330.4156180586656,2426.0962295532227,2422.0560741424561,0.5,0.5,-48.967618308961391,964.61283536665042,373,42.072655561939882,32,-946.39204406738281,-4.0401554107666016,-2.913104799517896e-05,0,422,0,0,0,1
236,1,2422.0560741424561,2422.5560741424561,2422.5560741424561,2373.6698352694511,2509.4497040510178,3342.2310139387373,2433.8819332122803,2429.828784942627,0.5,0.5,-48.886238873004913,968.56117866928616,373,41.846927955793944,32,-950.19600868225098,-4.0531482696533203,-5.6623771797603695e-05,0,406,0,0,0,1
237,1,2429.828784942627,2430.328784942627,2430.328784942627,2381.413496978581,2517.5888803005219,3353.8903376571893,2441.6546516418457,2437.5885791778564,0.5,0.5,-48.915287964046001,972.47684067860837,365,41.649689961218883,32,-953.8853759765625,-4.0660724639892578,-3.7075973523315042e-05,0,406,0,0,0,1
238,1,2437.5885791778564,2438.0885791778564,2438.0885791778564,2389.2267266511917,2525.8112326562405,3365.5827112646493,2449.4144306182861,2445.3354339599609,0.5,0.5,-48.861852526664734,976.35598461345762,353,41.482748940428792,32,-957.65102958679199,-4.0789966583251953,-3.9075967379176291e-05,0,406,0,0,0,1
239,1,2445.3354339599609,2445.8354339599609,2445.8354339599609,2397.5125756561756,2534.5688596963882,3377.7887360529699,2457.1612854003906,2453.0693759918213,0.5,0.5,-48.322858303785324,980.27616039679424,353,41.269762329598507,32,-961.89721298217773,-4.0919094085693359,-5.1154256652807817e-05,0,406,0,0,0,1
240,1,2453.0693759918213,2453.5693759918213,2453.5693759918213,2405.3260862529278,2542.5140033960342,3389.4980539180251,2464.895227432251,2460.7904434204102,0.5,0.5,-48.243289738893509,984.17196766509733,353,41.064554800846963,32,-965.66738128662109,-4.1047840118408203,-4.6588899294874864e-05,0,385,0,0,0,1
241,0,2460.7904434204102,2460.7904434204102,2460.7904434204102,2412.4544784501195,2549.7056793272495,3400.357712855845,2471.6163177490234,2467.5003299713135,0,0,-48.335964970290661,987.90323440572547,353,40.847107777089604,32,-969.58850288391113,-4.1159877777099609,-5.7866487622959539e-05,0,386,0,0,0,1
242,0,2467.5003299713135,2467.5003299713135,2467.5003299713135,2419.0153841599822,2556.701470553875,3410.4763921263993,2477.8270282745361,2473.7007083892822,0,0,-48.484945811331272,991.46100796641713,353,40.6296888825118,32,-973.279052734375,-4.1263198852539062,-4.7410325350938365e-05,0,386,0,0,0,1
243,0,2473.7007083892822,2473.7007083892822,2473.7007083892822,2425.6760683134198,2563.7993574142456,3420.5321255787203,2483.5290622711182,2479.3932723999023,0,0,-48.024640075862408,994.85605726530048,353,40.412748231094156,32,-977.41581153869629,-4.1357898712158203,-2.1920751805737382e-05,0,386,0,0,0,1
244,0,2479.3932723999023,2479.3932723999023,2479.3932723999023,2431.638122394681,2570.21677967906,3429.665680498807,2488.72412109375,2484.5796585083008,0,0,-47.755150005221367,998.027558104126,353,40.214322476656889,32,-981.15588188171387,-4.1444625854492188,-4.3414387164375512e-05,0,386,0,0,0,1
245,0,2484.5796585083008,2484.5796585083008,2484.5796585083008,2436.8884590491652,2575.7350110113621,3437.9508416549602,2493.4138488769531,2489.2615661621094,0,0,-47.691199459135532,1001.0623826057949,353,39.676800022896259,32,-984.21379280090332,-4.15228271484375,-5.3840180044062436e-05,0,386,0,0,0,1
246,0,2489.2615661621094,2489.2615661621094,2489.2615661621094,2441.1731613650918,2579.7081423699856,3444.9720334865333,2497.5999145507812,2493.4406852722168,0,0,-48.088404797017574,1003.7988721214415,353,39.703366293740146,32,-987.07548522949219,-4.1592292785644531,-2.9438061574182939e-05,0,386,0,0,0,1
247,0,2493.4406852722168,2493.4406852722168,2493.4406852722168,2445.7401523143053,2584.7297585308552,3452.2053746266838,2501.2839775085449,2497.1186466217041,0,0,-47.700532957911491,1006.4652223123785,353,39.702166648340608,32,-990.62356376647949,-4.1653308868408203,3.9450897020287812e-06,0,386,0,0,0,1
248,0,2497.1186466217041,2497.1186466217041,2497.1186466217041,2449.2930373027921,2588.3008961677551,3458.4747989930702,2504.467737197876,2500.2970676422119,0,0,-47.825609318912029,1009.1817616902781,353,39.293444796602671,32,-993.30050659179688,-4.1706695556640625,-3.2876661862246692e-05,0,386,0,0,0,1
249,0,2500.2970676422119,2500.2970676422119,2500.2970676422119,2452.2227353826165,2590.9580460786819,3463.8519422382028,2507.1527729034424,2502.977653503418,0,0,-48.074332259595394,1011.6292068555863,353,38.85881215632844,32,-995.55798149108887,-4.1751194000244141,-1.1388358871045057e-05,0,386,0,0,0,1
250,0,2502.977653503418,2502.977653503418,2502.977653503418,2455.0063576251268,2593.8574390113354,3468.7347331147821,2509.3408126831055,2505.162015914917,0,0,-47.97129587829113,1013.7283754896553,353,38.581089486536257,32,-997.97500991821289,-4.1787967681884766,-4.5060570300847758e-05,0,386,0,0,0,1
251,0,2505.162015914917,2505.162015914917,2505.162015914917,2456.9558699131012,2595.8326915204525,3472.6573474367165,2510.5417079925537,2506.3608722686768,0,0,-48.206146001815796,1015.7014775236153,353,38.276765112111661,32,-1000.3924045562744,-4.1808357238769531,-8.4190925463190069e-05,0,386,0,0,0,1
252,0,2506.3608722686768,2506.3608722686768,2506.3608722686768,2458.1440154835582,2596.5455711483955,3475.4870557742593,2510.7587299346924,2506.5776195526123,0,0,-48.21685678511858,1017.3430402907011,353,38.177250866365739,32,-1002.9055767059326,-4.1811103820800781,2.5528806872898713e-06,0,386,0,0,0,1
253,0,2506.5776195526123,2506.5776195526123,2506.5776195526123,2458.3515782654285,2596.9905804991722,3477.0322849269328,2509.995267868042,2505.8153762817383,0,0,-48.226041287183762,1018.6807066615042,353,37.898815918404125,32,-1004.9358329772949,-4.1798915863037109,-5.0028430905513233e-05,0,386,0,0,0,1
254,0,2505.8153762817383,2505.8153762817383,2505.8153762817383,2457.0684531480074,2597.2032605707645,3476.6583990529789,2508.2544555664062,2504.0774326324463,0,0,-48.746923133730888,1019.5899459049715,353,37.727005533813099,32,-1006.1309490203857,-4.1770229339599609,-8.0313664966524811e-05,0,386,0,0,0,1
255,0,2504.0774326324463,2504.0774326324463,2504.0774326324463,2455.122261621058,2594.3258791863918,3475.3994447000068,2505.5395832061768,2501.3670539855957,0,0,-48.955171011388302,1020.2771830789488,353,37.510736345525402,32,-1007.3705978393555,-4.1725292205810547,-0.00010761929297586903,0,386,0,0,0,1
256,0,2501.3670539855957,2501.3670539855957,2501.3670539855957,2452.4957509338856,2591.7259026765823,3473.1179876227361,2501.8538932800293,2497.6874828338623,0,0,-48.871303051710129,1020.6222366888505,353,37.097508440496313,32,-1008.3616027832031,-4.1664104461669922,-0.00012654566307901405,0,386,0,0,0,1
257,0,2497.6874828338623,2497.6874828338623,2497.6874828338623,2448.7291108220816,2587.5981616973877,3469.3307261606528,2497.6874828338623,2493.5281829833984,0,0,-48.958372011780739,1020.6016153385713,353,36.660801396720217,32,-1008.3040447235107,-4.1592998504638672,4.5815632347512292e-05,0,386,0,0,0,1
258,0,2493.5281829833984,2493.5281829833984,2493.5281829833984,2445.0265742689371,2584.0042352676392,3465.2398546953527,2493.5281829833984,2489.3756370544434,0,0,-48.501608714461327,1020.2132804264156,353,36.532125590291798,32,-1008.2437973022461,-4.1525459289550781,-0.00012665614258366986,0,386,0,0,0,1
259,0,2489.3756370544434,2489.3756370544434,2489.3756370544434,2440.9548003077507,2580.2212895154953,3460.6536959712107,2489.3756370544434,2485.2300186157227,0,0,-48.420836746692657,1019.69889566346,352,36.535581677715072,32,-1007.8136405944824,-4.1456184387207031,-0.00011431203211031971,0,386,0,0,0,1
260,0,2485.2300186157227,2485.2300186157227,2485.2300186157227,2437.7851817309856,2576.9115055501461,3456.6847027656613,2485.2300186157227,2481.0913276672363,0,0,-47.444836884737015,1018.8995210346757,348,36.795121300500796,32,-1008.2498054504395,-4.1386909484863281,-9.0431718490435742e-05,0,386,0,0,0,1
261,0,2481.0913276672363,2481.0913276672363,2481.0913276672363,2433.9359810203314,2572.5676570236683,3452.1175575702428,2481.0913276672363,2476.959566116333,0,0,-47.155346646904945,1018.1815765499114,345,36.988971665597091,32,-1008.0152015686035,-4.1317615509033203,-5.3107855819689576e-05,0,386,0,0,0,1
262,0,2476.959566116333,2476.959566116333,2476.959566116333,2429.8827516883612,2567.6883949935436,3447.5843968562212,2476.959566116333,2472.8347339630127,0,0,-47.07681442797184,1017.7016451678601,345,36.928897363749456,32,-1007.5537281036377,-4.1248321533203125,-4.2446149564057123e-06,0,381,0,0,0,1
263,0,2472.8347339630127,2472.8347339630127,2472.8347339630127,2426.2084309756756,2562.6397581100464,3443.2297508954548,2472.8347339630127,2468.7168273925781,0,0,-46.626302987337112,1017.0213199197792,345,37.042517399833287,32,-1007.4375343322754,-4.1179065704345703,5.2343308652780252e-05,0,381,0,0,0,1
264,0,2468.7168273925781,2468.7168273925781,2468.7168273925781,2422.2759548872709,2558.2024821639061,3438.640699506002,2468.7168273925781,2464.6056613922119,0,0,-46.440872505307198,1016.364744618731,345,37.141607165140613,32,-1007.0654792785645,-4.1111660003662109,-6.4548562022537226e-05,0,378,0,0,0,1
265,0,2464.6056613922119,2464.6056613922119,2464.6056613922119,2419.0533905923367,2553.975959956646,3434.7929905667179,2464.6056613922119,2460.5014209747314,0,0,-45.552270799875259,1015.7395999743812,345,37.184395907891485,32,-1007.3717250823975,-4.1042404174804688,1.4797312360315118e-05,0,378,0,0,0,1
266,0,2460.5014209747314,2460.5014209747314,2460.5014209747314,2415.2028627246618,2548.9126337766647,3430.5092557646813,2460.5014209747314,2456.4039249420166,0,0,-45.298558250069618,1015.3063930400194,345,37.044922473233783,32,-1007.0527572631836,-4.0974960327148438,-7.552190527349012e-05,0,378,0,0,0,1
267,0,2456.4039249420166,2456.4039249420166,2456.4039249420166,2411.5504554212093,2544.7993935644627,3426.4002504893888,2456.4039249420166,2452.3133506774902,0,0,-44.853469520807266,1014.8497950681794,345,36.906475966299695,32,-1006.9028015136719,-4.0905742645263672,2.2773575892642839e-05,0,378,0,0,0,1
268,0,2452.3133506774902,2452.3133506774902,2452.3133506774902,2407.6416379511356,2539.8252082467079,3422.1569224064733,2452.3133506774902,2448.2295169830322,0,0,-44.671712726354599,1014.5152844553377,345,36.652840548238601,32,-1006.4964122772217,-4.0838336944580078,-4.8602387778373668e-05,0,378,0,0,0,1
269,0,2448.2295169830322,2448.2295169830322,2448.2295169830322,2403.8434357047081,2535.7567999362946,3418.0089222189235,2448.2295169830322,2444.1524200439453,0,0,-44.386081278324127,1014.1654865142154,345,36.411655784006143,32,-1006.1910610198975,-4.0770969390869141,-0.0001125681205849105,0,378,0,0,0,1
270,0,2444.1524200439453,2444.1524200439453,2444.1524200439453,2400.3868457376957,2531.227107077837,3414.2253763998965,2444.1524200439453,2440.0822448730469,0,0,-43.765574306249619,1013.8385306622008,345,36.115426746465801,32,-1006.188383102417,-4.0701751708984375,1.9697538391483249e-05,0,378,0,0,0,1
271,0,2440.0822448730469,2440.0822448730469,2440.0822448730469,2396.4636882096529,2526.4611120522022,3409.9626731954431,2440.0822448730469,2436.0188026428223,0,0,-43.618556663393974,1013.4989849857902,345,35.850549689688705,32,-1005.730978012085,-4.0634422302246094,-2.533764472900657e-05,0,378,0,0,0,1
272,0,2436.0188026428223,2436.0188026428223,2436.0188026428223,2392.839471757412,2521.0481451153755,3406.0081650324637,2436.0188026428223,2431.9620990753174,0,0,-43.179330885410309,1013.1686932750517,345,35.542524664801931,32,-1005.5318870544434,-4.0567035675048828,-5.3438559461937984e-05,0,377,0,0,0,1
273,0,2431.9620990753174,2431.9620990753174,2431.9620990753174,2389.0662669986486,2516.0428679585457,3401.9200163067276,2431.9620990753174,2427.9121322631836,0,0,-42.895832076668739,1012.8537493080789,345,35.232287388951136,32,-1005.1902046203613,-4.0499668121337891,-7.2225072017317871e-05,0,378,0,0,0,1
274,0,2427.9121322631836,2427.9121322631836,2427.9121322631836,2385.191976994276,2510.3934359848499,3397.7279166548396,2427.9121322631836,2423.868896484375,0,0,-42.720155268907547,1012.5359396605636,345,34.912235322699416,32,-1004.7280197143555,-4.0432357788085938,-8.5515057435259223e-05,0,378,0,0,0,1
275,0,2423.868896484375,2423.868896484375,2423.868896484375,2381.8344262838364,2506.4045467078686,3393.9622645782874,2423.868896484375,2419.8323974609375,0,0,-42.034470200538635,1012.1278382944511,345,34.658861596639326,32,-1004.7522296905518,-4.0364990234375,-8.1873947692656657e-05,0,378,0,0,0,1
276,0,2419.8323974609375,2419.8323974609375,2419.8323974609375,2377.8679244220257,2501.5023063123226,3389.6353373850156,2419.8323974609375,2415.8026313781738,0,0,-41.964473038911819,1011.76741296299,345,34.369772401971659,32,-1004.1727123260498,-4.0297660827636719,-7.0828962634550408e-05,0,378,0,0,0,1
277,0,2415.8026313781738,2415.8026313781738,2415.8026313781738,2374.3470692485571,2496.3151670098305,3385.7557613880281,2415.8026313781738,2411.7795963287354,0,0,-41.455562129616737,1011.408692139471,345,34.051752802645751,32,-1004.0048828125,-4.0230350494384766,-5.0479100991651649e-05,0,378,0,0,0,1
278,0,2411.7795963287354,2411.7795963287354,2411.7795963287354,2370.6761919856071,2491.7684108018875,3381.6775033215686,2411.7795963287354,2407.7632942199707,0,0,-41.103404343128204,1011.0013113359614,345,33.788776661951943,32,-1003.6866836547852,-4.0163021087646484,-1.7012845546560129e-05,0,378,0,0,0,1
279,0,2407.7632942199707,2407.7632942199707,2407.7632942199707,2366.8755715340376,2487.560414493084,3377.4466225702367,2407.7632942199707,2403.7537174224854,0,0,-40.887722685933113,1010.5710510361992,345,33.545643131057204,32,-1003.2289714813232,-4.0095767974853516,2.0036236492160242e-05,0,378,0,0,0,1
280,0,2403.7537174224854,2403.7537174224854,2403.7537174224854,2363.3965323418379,2482.6642501950264,3373.577471469991,2403.7537174224854,2399.7506866455078,0,0,-40.357185080647469,1010.1809391281531,345,33.231080318339082,32,-1003.0548343658447,-4.0030307769775391,-0.0001110059356506099,0,378,0,0,0,1
281,0,2399.7506866455078,2399.7506866455078,2399.7506866455078,2359.6387269049883,2478.2778043448925,3369.3671361456195,2399.7506866455078,2395.7543849945068,0,0,-40.111959740519524,1009.7284092406312,343,32.991374825449839,32,-1002.6078243255615,-3.9963016510009766,-4.8041687932709465e-05,0,378,0,0,0,1
282,0,2395.7543849945068,2395.7543849945068,2395.7543849945068,2356.1425395160913,2473.8569474369287,3365.4213015109613,2395.7543849945068,2391.7648143768311,0,0,-39.611845478415489,1009.2787619948699,342,32.721650454370774,32,-1002.3885669708252,-3.9895706176757812,2.8035775358148385e-05,0,376,0,0,0,1
283,0,2391.7648143768311,2391.7648143768311,2391.7648143768311,2352.4270322173834,2469.9034988880157,3361.228902416211,2391.7648143768311,2387.7817859649658,0,0,-39.33778215944767,1008.8018701988276,341,32.495199604052914,32,-1001.9592876434326,-3.9830284118652344,-7.35052281015669e-05,-2.2737367544323206e-13,376,0,0,0,1
284,0,2387.7817859649658,2387.7817859649658,2387.7817859649658,2348.8581031262875,2465.902518004179,3357.1815319398711,2387.7817859649658,2383.8054828643799,0,0,-38.92368283867836,1008.3234288135836,341,32.258281674020964,32,-1001.6580276489258,-3.9763031005859375,1.8953832295665052e-05,-4.5474735088646412e-13,374,0,0,0,1
285,0,2383.8054828643799,2383.8054828643799,2383.8054828643799,2345.305337280035,2460.8269567489624,3353.1744743329191,2383.8054828643799,2379.8357219696045,0,0,-38.500145584344864,1007.8691370528841,338,31.976280595669778,32,-1001.345272064209,-3.9697608947753906,-6.049305920896586e-05,0,374,0,0,0,1
286,0,2379.8357219696045,2379.8357219696045,2379.8357219696045,2341.3996951431036,2456.1283031702042,3348.8115055294165,2379.8357219696045,2375.8726844787598,0,0,-38.436026826500893,1007.4118103863129,337,31.704312112795378,32,-1000.6800956726074,-3.9630374908447266,5.2152766329527367e-05,0,371,0,0,0,1
287,0,2375.8726844787598,2375.8726844787598,2375.8726844787598,2337.5749001502991,2451.9914577752352,3344.5077134243011,2375.8726844787598,2371.916187286377,0,0,-38.297784328460693,1006.932813274002,337,31.450900925064161,32,-1000.0859298706055,-3.9564971923828125,-7.1105368988355622e-06,0,371,0,0,0,1
288,0,2371.916187286377,2371.916187286377,2371.916187286377,2334.4194017648697,2448.6740328371525,3340.8213068044424,2371.916187286377,2367.9662303924561,0,0,-37.496785521507263,1006.4019050395727,337,31.219764133667923,32,-1000.1248836517334,-3.9499568939208984,-5.5482420066255145e-05,0,370,0,0,0,1
289,0,2367.9662303924561,2367.9662303924561,2367.9662303924561,2330.7759105265141,2443.4379240721464,3336.7536237212717,2367.9662303924561,2364.0228118896484,0,0,-37.190319865942001,1005.9777131947576,337,30.896801236003739,32,-999.68419456481934,-3.9434185028076172,-9.4870232260291232e-05,0,370,0,0,0,1
290,0,2364.0228118896484,2364.0228118896484,2364.0228118896484,2327.2501755207777,2438.7970975041389,3332.7283793347815,2364.0228118896484,2360.0859317779541,0,0,-36.772636368870735,1005.4782038140038,337,30.621683989193116,32,-999.32725143432617,-3.9368801116943359,-0.00012336980307736667,0,370,0,0,0,1
291,0,2360.0859317779541,2360.0859317779541,2360.0859317779541,2323.3745282143354,2434.6788572669029,3328.3487061933292,2360.0859317779541,2356.1557693481445,0,0,-36.71140356361866,1004.9741779789938,337,30.366086058257679,32,-998.62886047363281,-3.9301624298095703,3.8309643514367053e-05,0,370,0,0,0,1
292,0,2356.1557693481445,2356.1557693481445,2356.1557693481445,2319.8600682318211,2431.1476218551397,3324.2921996555106,2356.1557693481445,2352.232141494751,0,0,-36.295701116323471,1004.4321314236895,337,30.1199421444162,32,-998.25637245178223,-3.9236278533935547,2.8070431199012091e-05,0,370,0,0,0,1
293,0,2352.232141494751,2352.232141494751,2352.232141494751,2316.2750348001719,2426.2422015666962,3320.2340134467395,2352.232141494751,2348.3150501251221,0,0,-35.957106694579124,1003.9589786465676,337,29.819899669715596,32,-997.8217716217041,-3.9170913696289062,3.0620459710917203e-05,0,370,0,0,0,1
294,0,2348.3150501251221,2348.3150501251221,2348.3150501251221,2312.5900013148785,2422.2631907165051,3315.9929705438972,2348.3150501251221,2344.4044952392578,0,0,-35.725048810243607,1003.4029692290187,337,29.592524451220015,32,-997.27044486999512,-3.9105548858642578,4.4055554099031724e-05,0,370,0,0,0,1
295,0,2344.4044952392578,2344.4044952392578,2344.4044952392578,2309.2615641653538,2417.8176338076591,3312.1307846226609,2344.4044952392578,2340.5002880096436,0,0,-35.142931073904037,1002.8692204573072,337,29.322067626484568,32,-997.0483570098877,-3.9042072296142578,-0.00012045179710185039,0,370,0,0,0,1
296,0,2340.5002880096436,2340.5002880096436,2340.5002880096436,2305.4875306338072,2412.9254385083914,3307.8279262949472,2340.5002880096436,2336.6026172637939,0,0,-35.012757375836372,1002.3403956611401,337,29.054935796117206,32,-996.3825740814209,-3.8976707458496094,-8.5561020114255371e-05,0,370,0,0,0,1
297,0,2336.6026172637939,2336.6026172637939,2336.6026172637939,2301.9997923821211,2408.9878122210503,3303.7448355646266,2336.6026172637939,2332.7114753723145,0,0,-34.602824881672859,1001.7450431825055,337,28.833346655832429,32,-995.97556495666504,-3.8911418914794922,-4.7414567234227434e-05,0,370,0,0,0,1
298,0,2332.7114753723145,2332.7114753723145,2332.7114753723145,2298.2681150436401,2405.0004460513592,3299.4308700884212,2332.7114753723145,2328.826868057251,0,0,-34.443360328674316,1001.1627550447811,337,28.607223478473315,32,-995.32661819458008,-3.8846073150634766,7.3262904152215924e-06,0,370,0,0,0,1
299,0,2328.826868057251,2328.826868057251,2328.826868057251,2294.7145653367043,2400.9448609054089,3295.3034973319654,2328.826868057251,2324.9486045837402,0,0,-34.112302720546722,1000.5889319952612,337,28.369340879094125,32,-994.84597015380859,-3.8782634735107422,-0.00011778582438637386,0,370,0,0,0,1
300,0,2324.9486045837402,2324.9486045837402,2324.9486045837402,2291.31362003088,2396.249780356884,3291.3530657085639,2324.9486045837402,2321.0768699645996,0,0,-33.63498455286026,1000.0394456776839,337,28.080859920098192,32,-994.48532104492188,-3.871734619140625,-4.7320857902377611e-05,0,370,0,0,0,1
301,0,2321.0768699645996,2321.0768699645996,2321.0768699645996,2287.6660481840372,2392.2012637704611,3287.1019752453249,2321.0768699645996,2317.2116680145264,0,0,-33.410821780562401,999.43592706128766,337,27.860375600012048,32,-993.8854808807373,-3.8652019500732422,3.7831169265700737e-05,0,370,0,0,0,1
302,0,2317.2116680145264,2317.2116680145264,2317.2116680145264,2284.2761127203703,2388.2849128842354,3283.0962164495604,2317.2116680145264,2313.3528099060059,0,0,-32.935555294156075,998.82010372919012,337,27.626706829248178,32,-993.51125526428223,-3.8588581085205078,-5.4965602885204135e-05,0,370,0,0,0,1
303,0,2313.3528099060059,2313.3528099060059,2313.3528099060059,2280.4721083939075,2383.5585781633854,3278.711796099903,2313.3528099060059,2309.5004749298096,0,0,-32.880701512098312,998.23968770599549,337,27.371675198314733,32,-992.73066139221191,-3.8523349761962891,4.2092658077308442e-05,0,370,0,0,0,1
304,0,2309.5004749298096,2309.5004749298096,2309.5004749298096,2276.6745244860649,2377.7239107787609,3274.3602029424428,2309.5004749298096,2305.6544857025146,0,0,-32.825950443744659,997.6856784563779,337,27.081661071229064,32,-991.9413890838623,-3.8459892272949219,-2.736967053351691e-05,0,369,0,0,0,1
305,0,2305.6544857025146,2305.6544857025146,2305.6544857025146,2273.4028684198856,2374.0188423842192,3270.43986597818,2305.6544857025146,2301.8148384094238,0,0,-32.251617282629013,997.03699755829439,337,26.865841953338531,32,-991.65122222900391,-3.8396472930908203,-9.0079254732700065e-05,0,370,0,0,0,1
306,0,2301.8148384094238,2301.8148384094238,2301.8148384094238,2269.8854765295982,2369.6591665968299,3266.3268924719141,2301.8148384094238,2297.9817161560059,0,0,-31.929361879825592,996.44141594231587,337,26.605411910410112,32,-991.11746597290039,-3.8331222534179688,4.087771640115534e-05,0,370,0,0,0,1
307,0,2297.9817161560059,2297.9817161560059,2297.9817161560059,2266.6881532967091,2366.2346448600292,3262.4608537759641,2297.9817161560059,2294.1549377441406,0,0,-31.293562859296799,995.77270047925504,337,26.398944655432388,32,-990.87808227539062,-3.8267784118652344,1.502575287304353e-06,0,370,0,0,0,1
308,0,2294.1549377441406,2294.1549377441406,2294.1549377441406,2262.9134844988585,2361.5707521662116,3258.0507633742682,2294.1549377441406,2290.3344993591309,0,0,-31.241453245282173,995.13727887540972,337,26.167742485106828,32,-990.06356811523438,-3.8204383850097656,-3.1122997825150378e-05,0,370,0,0,0,1
309,0,2290.3344993591309,2290.3344993591309,2290.3344993591309,2259.4897309541702,2356.833619505167,3253.99195658801,2290.3344993591309,2286.5203990936279,0,0,-30.844768404960632,994.50222563383977,337,25.917217377444103,32,-989.57467460632324,-3.8141002655029297,-5.5098006669140887e-05,0,370,0,0,0,1
310,0,2286.5203990936279,2286.5203990936279,2286.5203990936279,2255.7269950956106,2351.4474895223975,3249.594357055299,2286.5203990936279,2282.7126369476318,0,0,-30.793403998017311,993.86736195968842,337,25.674674469359161,32,-988.74863243103027,-3.8077621459960938,-6.8518281295837369e-05,0,370,0,0,0,1
311,0,2282.7126369476318,2282.7126369476318,2282.7126369476318,2252.0701783895493,2347.4665713459253,3245.2560200811067,2282.7126369476318,2278.9112110137939,0,0,-30.642458558082581,993.18584169155747,337,25.473317611154016,32,-988.01670074462891,-3.8014259338378906,-7.3291168973810272e-05,0,370,0,0,0,1
312,0,2278.9112110137939,2278.9112110137939,2278.9112110137939,2248.9289535731077,2344.1358406245708,3241.4064995501758,2278.9112110137939,2275.1161251068115,0,0,-29.982257440686226,992.47754597706808,337,25.2797969128369,32,-987.77508544921875,-3.7950859069824219,-6.3697802488604793e-05,0,370,0,0,0,1
313,0,2275.1161251068115,2275.1161251068115,2275.1161251068115,2245.3245217949152,2340.0603188723326,3237.1068952105643,2275.1161251068115,2271.32737159729,0,0,-29.791603311896324,991.78237341564909,337,25.081524131476726,32,-987.07229423522949,-3.7887535095214844,-5.117591672387789e-05,0,370,0,0,0,1
314,0,2271.32737159729,2271.32737159729,2271.32737159729,2242.0913623571396,2336.1174933761358,3233.1584378039643,2271.32737159729,2267.5449562072754,0,0,-29.236009240150452,991.06707544682467,337,24.885017319937106,32,-986.71608352661133,-3.7824153900146484,-2.2386780528904637e-05,0,370,0,0,0,1
315,0,2267.5449562072754,2267.5449562072754,2267.5449562072754,2238.3576357513666,2331.0577960312366,3228.7615095088895,2267.5449562072754,2263.7688732147217,0,0,-29.187320455908775,990.40387375752289,337,24.644950299460106,32,-985.86150360107422,-3.7760829925537109,1.1235047168156598e-05,0,370,0,0,0,1
316,0,2263.7688732147217,2263.7688732147217,2263.7688732147217,2234.6301550120115,2326.7898468077183,3224.336864482284,2263.7688732147217,2259.9989433288574,0,0,-29.138718202710152,989.70670947027247,337,24.436115254044125,32,-985.00410652160645,-3.7699298858642578,-0.00012388869208734832,0,370,0,0,0,1
317,0,2259.9989433288574,2259.9989433288574,2259.9989433288574,2231.2488468587399,2321.5148792415857,3220.2973741174865,2259.9989433288574,2256.2353439331055,0,0,-28.750096470117569,989.04852725874662,337,24.165413510687358,32,-984.46384429931641,-3.7635993957519531,-7.1382371970685199e-05,0,370,0,0,0,1
318,0,2256.2353439331055,2256.2353439331055,2256.2353439331055,2227.7294307053089,2316.2449251562357,3216.1517986892241,2256.2353439331055,2252.4780788421631,0,0,-28.505913227796555,988.42236798391514,337,23.875445878647042,32,-983.79190063476562,-3.7572650909423828,-4.5193237383500673e-06,0,370,0,0,0,1
319,0,2252.4780788421631,2252.4780788421631,2252.4780788421631,2224.5256876945496,2311.5159231722355,3212.2619995811538,2252.4780788421631,2248.7269630432129,0,0,-27.952391147613525,987.7363118866042,337,23.623033072654835,32,-983.40695381164551,-3.7511157989501953,-0.00011212070785404649,0,370,0,0,0,1
320,0,2248.7269630432129,2248.7269630432129,2248.7269630432129,2221.0525090247393,2307.3639170229435,3208.0655336577374,2248.7269630432129,2244.982177734375,0,0,-27.674454018473625,987.01302463299817,337,23.420615176491083,32,-982.75918579101562,-3.7447853088378906,-2.8283690426178509e-05,0,370,0,0,0,1
321,0,2244.982177734375,2244.982177734375,2244.982177734375,2217.7602054178715,2303.5034152120352,3204.0308985742959,2244.982177734375,2241.2435340881348,0,0,-27.221972316503525,986.27069315642439,337,23.215803619918006,32,-982.26452445983887,-3.7386436462402344,-0.00012273215497771162,0,370,0,0,0,1
322,0,2241.2435340881348,2241.2435340881348,2241.2435340881348,2214.06689915061,2297.6421864032745,3199.6983456228709,2241.2435340881348,2237.5112228393555,0,0,-27.176634937524796,985.6314464722609,337,22.920461216118383,32,-981.37527275085449,-3.7323112487792969,-1.6218179098359542e-05,0,370,0,0,0,1
323,0,2237.5112228393555,2237.5112228393555,2237.5112228393555,2210.3798444569111,2293.1425325721502,3195.3026687955189,2237.5112228393555,2233.7850532531738,0,0,-27.131378382444382,984.92282433860782,337,22.687706723279916,32,-980.47915267944336,-3.7261695861816406,-8.9893858330469811e-05,0,370,0,0,0,1
324,0,2233.7850532531738,2233.7850532531738,2233.7850532531738,2207.2293624430895,2288.480165719986,3191.4467108390054,2233.7850532531738,2230.0652160644531,0,0,-26.555690810084343,984.21734839591591,337,22.434383139876445,32,-980.09604072570801,-3.7198371887207031,3.7392906051536556e-05,0,370,0,0,0,1
325,0,2230.0652160644531,2230.0652160644531,2230.0652160644531,2203.6494983434677,2284.436886921525,3187.1126223717411,2230.0652160644531,2226.3515205383301,0,0,-26.415717720985413,983.46312402827334,337,22.238457569054844,32,-979.28586387634277,-3.7136955261230469,-1.5509988770645577e-05,0,370,0,0,0,1
326,0,2226.3515205383301,2226.3515205383301,2226.3515205383301,2200.4081039726734,2279.9963201880455,3183.1481505375668,2226.3515205383301,2222.6439666748047,0,0,-25.943416565656662,982.74004656489342,337,21.993853475494689,32,-978.79048347473145,-3.7075538635253906,-5.8185302350466372e-05,0,370,0,0,0,1
327,0,2222.6439666748047,2222.6439666748047,2222.6439666748047,2196.7437552511692,2275.1715498864651,3178.7481347152643,2222.6439666748047,2218.942554473877,0,0,-25.900211423635483,982.00437946409511,337,21.770765202338225,32,-977.87493324279785,-3.7014122009277344,-9.0633036961662583e-05,0,370,0,0,0,1
328,0,2218.942554473877,2218.942554473877,2218.942554473877,2193.5564880371094,2271.6777850985527,3174.7694939996145,2218.942554473877,2215.2472839355469,0,0,-25.386066436767578,981.21300596250512,337,21.585812625751714,32,-977.41275215148926,-3.6952705383300781,-0.00011285319260423421,0,370,0,0,0,1
329,0,2215.2472839355469,2215.2472839355469,2215.2472839355469,2190.0386164933443,2268.0170375108719,3170.475043866084,2215.2472839355469,2211.5581569671631,0,0,-25.208667442202568,980.43642737273967,337,21.394834902836919,32,-976.62259483337402,-3.6891269683837891,-0.00012293841791688465,0,370,0,0,0,1
330,0,2211.5581569671631,2211.5581569671631,2211.5581569671631,2186.5838889032602,2264.4116270691156,3166.2381255610244,2211.5581569671631,2207.8753471374512,0,0,-24.974268063902855,979.65423665776416,337,21.206935168956079,32,-975.88690376281738,-3.6828098297119141,5.077583591628354e-05,0,370,0,0,0,1
331,0,2207.8753471374512,2207.8753471374512,2207.8753471374512,2183.369718208909,2259.7770376354456,3162.2753574261219,2207.8753471374512,2204.1984958648682,0,0,-24.505628928542137,978.90563921721287,337,20.965485393091967,32,-975.3654956817627,-3.6768512725830078,-0.00012357165542198345,0,370,0,0,0,1
332,0,2204.1984958648682,2204.1984958648682,2204.1984958648682,2179.826026558876,2254.4192943274975,3158.0052497708352,2204.1984958648682,2200.5277824401855,0,0,-24.372469305992126,978.1792232119592,337,20.713526932045625,32,-974.5202808380127,-3.6707134246826172,-0.00010870571759369341,0,370,0,0,0,1
333,0,2200.5277824401855,2200.5277824401855,2200.5277824401855,2176.5270526856184,2250.9920418709517,3153.8869601116794,2200.5277824401855,2196.8632049560547,0,0,-24.000729754567146,977.359907426061,337,20.534954942641889,32,-973.89413261413574,-3.6645774841308594,-8.5525901340588462e-05,0,370,0,0,0,1
334,0,2196.8632049560547,2196.8632049560547,2196.8632049560547,2172.9024430960417,2247.2111411690712,3149.4454575994287,2196.8632049560547,2193.2047653198242,0,0,-23.960761860013008,976.54301450338698,337,20.365741588803758,32,-972.94799423217773,-3.6584396362304688,-5.0220684443047503e-05,0,370,0,0,0,1
335,0,2193.2047653198242,2193.2047653198242,2193.2047653198242,2169.682473897934,2241.9834810942411,3145.4741030805062,2193.2047653198242,2189.5524597167969,0,0,-23.522291421890259,975.79162918257225,337,20.111433876280898,32,-972.38077163696289,-3.6523056030273438,-8.5089391177461948e-06,0,370,0,0,0,1
336,0,2189.5524597167969,2189.5524597167969,2189.5524597167969,2166.298827663064,2237.246473968029,3141.3073560623457,2189.5524597167969,2185.9062900543213,0,0,-23.253632053732872,975.00852839928166,337,19.900184449739299,32,-971.65508079528809,-3.6461696624755859,4.5325029077503132e-05,0,369,0,0,0,1
337,0,2185.9062900543213,2185.9062900543213,2185.9062900543213,2163.2753491103649,2234.0391097068787,3137.4487601330247,2185.9062900543213,2182.2660713195801,0,0,-22.630940943956375,974.17341102265982,337,19.722081084016281,32,-971.26455116271973,-3.6402187347412109,-7.5635767643689178e-05,0,370,0,0,0,1
338,0,2182.2660713195801,2182.2660713195801,2182.2660713195801,2159.6728216409683,2228.4073542207479,3133.1033515933523,2182.2660713195801,2178.6319847106934,0,0,-22.593249678611755,973.43052995238395,337,19.463268279694603,32,-970.3005485534668,-3.6340866088867188,-5.48849175174837e-06,0,370,0,0,0,1
339,0,2178.6319847106934,2178.6319847106934,2178.6319847106934,2156.4954967051744,2222.8513925075531,3129.1850522465861,2178.6319847106934,2175.003849029541,0,0,-22.136488005518913,972.68955554141166,337,19.185373931392405,32,-969.73844146728516,-3.6281356811523438,-0.00010632763996909489,0,370,0,0,0,1
340,0,2175.003849029541,2175.003849029541,2175.003849029541,2152.9042219817638,2219.1488695293665,3124.7640261466454,2175.003849029541,2171.3818492889404,0,0,-22.099627047777176,971.85980416488155,337,19.004639167075311,32,-968.76481628417969,-3.6219997406005859,-1.2244016033946536e-05,0,370,0,0,0,1
341,0,2171.3818492889404,2171.3818492889404,2171.3818492889404,2149.6457854956388,2215.7482062876225,3120.6401197194596,2171.3818492889404,2167.7657985687256,0,0,-21.736063793301582,970.99433422382072,337,18.844184708641023,32,-968.10245513916016,-3.6160507202148438,-9.4862507467041723e-05,0,370,0,0,0,1
342,0,2167.7657985687256,2167.7657985687256,2167.7657985687256,2146.1336613297462,2211.1531077623367,3116.3047420801067,2167.7657985687256,2164.1558742523193,0,0,-21.63213723897934,970.17108075036049,337,18.649805801973343,32,-967.18874931335449,-3.60992431640625,9.8092032203567214e-06,0,370,0,0,0,1
343,0,2164.1558742523193,2164.1558742523193,2164.1558742523193,2143.2060681432486,2207.0981888324022,3112.5300119255253,2164.1558742523193,2160.5518951416016,0,0,-20.949806109070778,969.32394378227673,337,18.46343442457237,32,-966.83757209777832,-3.6039791107177734,-5.6515039887017338e-05,0,370,0,0,0,1
344,0,2160.5518951416016,2160.5518951416016,2160.5518951416016,2139.8610404133797,2203.482822701335,3108.3040155108279,2160.5518951416016,2156.9538650512695,0,0,-20.690854728221893,968.4429750974482,337,18.317301398962172,32,-966.06942176818848,-3.5980300903320312,-0.00010912416018982185,0,370,0,0,0,1
345,0,2156.9538650512695,2156.9538650512695,2156.9538650512695,2136.8213536143303,2199.9115705788136,3104.3753762420592,2156.9538650512695,2153.3619613647461,0,0,-20.13251143693924,967.55402262772895,337,18.159177285772785,32,-965.5806884765625,-3.5919036865234375,2.5556919354130514e-05,0,370,0,0,0,1
346,0,2153.3619613647461,2153.3619613647461,2153.3619613647461,2133.3532011210918,2195.5880025923252,3100.05697389238,2153.3619613647461,2149.7760047912598,0,0,-20.008760243654251,966.70377277128819,337,17.978380721877784,32,-964.67339324951172,-3.5859565734863281,-8.8506035353930201e-06,0,370,0,0,0,1
347,0,2149.7760047912598,2149.7760047912598,2149.7760047912598,2130.1897229254246,2192.1560793071985,3096.0088404035578,2149.7760047912598,2146.1959915161133,0,0,-19.58628186583519,965.81911747813319,337,17.814439930914887,32,-964.04727554321289,-3.5800132751464844,-3.716922356034047e-05,0,370,0,0,0,1
348,0,2146.1959915161133,2146.1959915161133,2146.1959915161133,2126.7080237865448,2187.8709847927094,3091.6653717925028,2146.1959915161133,2142.6219177246094,0,0,-19.487967729568481,964.95734800595801,337,17.636166674904416,32,-963.10554695129395,-3.5740737915039062,-5.940529445069842e-05,0,370,0,0,0,1
349,0,2142.6219177246094,2142.6219177246094,2142.6219177246094,2123.5557830184698,2184.8471553772688,3087.6103040467469,2142.6219177246094,2139.0537872314453,0,0,-19.066134706139565,964.05452102827712,337,17.486707519415177,32,-962.47509384155273,-3.5681304931640625,-6.7935771767224651e-05,0,370,0,0,0,1
350,0,2139.0537872314453,2139.0537872314453,2139.0537872314453,2120.3470324128866,2181.6435244083405,3083.5064755272738,2139.0537872314453,2135.4915981292725,0,0,-18.706754818558693,963.15944311438716,337,17.332975308907862,32,-961.78566360473633,-3.5621891021728516,-6.8476347678370075e-05,0,370,0,0,0,1
351,0,2135.4915981292725,2135.4915981292725,2135.4915981292725,2117.2305909395218,2177.7055388987064,3079.5016780187461,2135.4915981292725,2131.9353504180908,0,0,-18.261007189750671,962.27108707922434,337,17.162510366263632,32,-961.1725902557373,-3.5562477111816406,-5.9122853599546943e-05,0,370,0,0,0,1
352,0,2131.9353504180908,2131.9353504180908,2131.9353504180908,2114.1635203659534,2173.7485053539276,3075.5309468255714,2131.9353504180908,2128.3850421905518,0,0,-17.771830052137375,961.36742645961795,337,17.010206128530172,32,-960.60580253601074,-3.5503082275390625,-4.1782635889830999e-05,0,370,0,0,0,1
353,0,2128.3850421905518,2128.3850421905518,2128.3850421905518,2110.9630995541811,2170.1271456480026,3071.4236885080672,2128.3850421905518,2124.840669631958,0,0,-17.421942636370659,960.46058895388614,337,16.851257704701311,32,-959.8899040222168,-3.54437255859375,-1.8366222775512142e-05,0,370,0,0,0,1
354,0,2124.840669631958,2124.840669631958,2124.840669631958,2107.5389687865973,2166.5921710878611,3067.0888652832459,2124.840669631958,2121.3022365570068,0,0,-17.301700845360756,959.54989649664867,337,16.704568859820483,32,-958.9527645111084,-3.5384330749511719,1.8749432911135955e-05,0,370,0,0,0,1
355,0,2121.3022365570068,2121.3022365570068,2121.3022365570068,2104.437453776598,2163.0980467498302,3063.0727176807768,2121.3022365570068,2117.7695579528809,0,0,-16.864782780408859,958.63526390417883,337,16.5478706218355,32,-958.31835174560547,-3.5326786041259766,-0.00011925683202207438,0,370,0,0,0,1
356,0,2117.7695579528809,2117.7695579528809,2117.7695579528809,2100.932862713933,2158.5883369296789,3058.6747002953384,2117.7695579528809,2114.2428188323975,0,0,-16.836695238947868,957.74183758140543,337,16.380229437937942,32,-957.28537178039551,-3.5267391204833984,-6.2667484598932788e-05,0,370,0,0,0,1
357,0,2114.2428188323975,2114.2428188323975,2114.2428188323975,2097.7523245811462,2153.7706991136074,3054.6186217884397,2114.2428188323975,2110.7220153808594,0,0,-16.490494251251221,956.86629720729343,335,16.179513969006621,32,-956.55531692504883,-3.5208034515380859,-1.9372237147763371e-09,0,370,0,0,0,1
358,0,2110.7220153808594,2110.7220153808594,2110.7220153808594,2094.6425606310368,2148.2644951939583,3050.659243091045,2110.7220153808594,2107.2069664001465,0,0,-16.079454749822617,956.01668246000827,333,15.949449078144426,32,-955.88667678833008,-3.5150489807128906,-0.00010864996784221148,0,368,0,0,0,1
359,0,2107.2069664001465,2107.2069664001465,2107.2069664001465,2091.1542910933495,2143.7349044829607,3046.2764174702402,2107.2069664001465,2103.6978511810303,0,0,-16.052675306797028,955.12212637689072,333,15.774268412328183,32,-954.84371948242188,-3.5091152191162109,-2.8424430183804361e-05,0,368,0,0,0,1
360,0,2103.6978511810303,2103.6978511810303,2103.6978511810303,2088.2728961259127,2137.919658228755,3042.557461016218,2103.6978511810303,2100.1944847106934,0,0,-15.424955055117607,954.28456489030532,333,15.527375943620882,32,-954.38698577880859,-3.5033664703369141,-0.00012333034374023555,0,366,0,0,0,1
361,0,2100.1944847106934,2100.1944847106934,2100.1944847106934,2084.976424023509,2132.6555502414703,3038.3937031360083,2100.1944847106934,2096.6970520019531,0,0,-15.218060687184334,953.41727911249927,333,15.318764057595217,32,-953.51798248291016,-3.4974327087402344,-2.3650171442568535e-05,0,366,0,0,0,1
362,0,2096.6970520019531,2096.6970520019531,2096.6970520019531,2081.8198493719101,2127.5252220034599,3034.3466570123705,2096.6970520019531,2093.2053699493408,0,0,-14.87720263004303,952.52680764046045,333,15.119556213947817,32,-952.76916122436523,-3.4916820526123047,-9.7194099453190574e-05,0,366,0,0,0,1
363,0,2093.2053699493408,2093.2053699493408,2093.2053699493408,2078.7556448727846,2124.3784177154303,3030.3181920040065,2093.2053699493408,2089.7196197509766,0,0,-14.449725076556206,951.56254713122189,329,14.991668225485682,32,-952.10449028015137,-3.4857501983642578,2.0036536170664476e-05,0,366,0,0,0,1
364,0,2089.7196197509766,2089.7196197509766,2089.7196197509766,2075.2939633131027,2120.756658449769,3025.9003823266403,2089.7196197509766,2086.239616394043,0,0,-14.42565643787384,950.60641901353756,328,14.864414884053076,32,-951.0451774597168,-3.4800033569335938,-3.7867455375817372e-05,0,362,0,0,0,1
365,0,2086.239616394043,2086.239616394043,2086.239616394043,2072.1519239097834,2117.3631531149149,3021.7860820377209,2086.239616394043,2082.7653617858887,0,0,-14.087692484259605,949.63415812793755,328,14.739472619261733,32,-950.28593826293945,-3.4742546081542969,-8.4294004864204908e-05,-2.2737367544323206e-13,362,0,0,0,1
366,0,2082.7653617858887,2082.7653617858887,2082.7653617858887,2069.0145499706268,2113.8375905156136,3017.6887950215541,2082.7653617858887,2079.2970314025879,0,0,-13.750811815261841,948.67424505092731,328,14.599971839407317,32,-949.52340507507324,-3.4683303833007812,5.4328789246937959e-05,4.5474735088646412e-13,361,0,0,0,1
367,0,2079.2970314025879,2079.2970314025879,2079.2970314025879,2065.6599014103413,2109.9803818278015,3013.3815842448685,2079.2970314025879,2075.834451675415,0,0,-13.637129992246628,947.7216828345272,328,14.46168319592789,32,-948.54623603820801,-3.4625797271728516,2.9248341434140457e-05,-4.5474735088646412e-13,361,0,0,0,1
368,0,2075.834451675415,2075.834451675415,2075.834451675415,2062.6223963946104,2106.7499806657434,3009.376718384065,2075.834451675415,2072.377613067627,0,0,-13.212055280804634,946.75432198945464,328,14.324833053312886,32,-947.86709976196289,-3.4568386077880859,4.2075953388120979e-06,0,360,0,0,0,1
369,0,2072.377613067627,2072.377613067627,2072.377613067627,2059.5884000062943,2103.2782354578376,3005.3751571700541,2072.377613067627,2068.9265213012695,0,0,-12.789213061332703,945.78675716375983,328,14.185805506947418,32,-947.183349609375,-3.4510917663574219,-5.5505406635347754e-06,4.5474735088646412e-13,361,0,0,0,1
370,0,2068.9265213012695,2068.9265213012695,2068.9265213012695,2056.4699510782957,2100.0845991671085,3001.2647715304092,2068.9265213012695,2065.4811725616455,0,0,-12.456570222973824,944.79482045211353,326,14.06883137486443,32,-946.40708160400391,-3.4453487396240234,-9.553280960972188e-06,-2.2737367544323206e-13,361,0,0,0,1
371,0,2065.4811725616455,2065.4811725616455,2065.4811725616455,2053.1964166462421,2096.5733233690262,2997.0090184466685,2065.4811725616455,2062.0415649414062,0,0,-12.284755915403366,943.81260180042636,326,13.950890992418408,32,-945.47873687744141,-3.4396076202392578,-5.8996306506742258e-06,0,361,0,0,0,1
372,0,2062.0415649414062,2062.0415649414062,2062.0415649414062,2050.2136728316545,2091.9923913925886,2993.0863777850318,2062.0415649414062,2058.607702255249,0,0,-11.827892109751701,942.87270495337725,325,13.777355506594631,32,-944.82216835021973,-3.4338626861572266,1.1129279300803319e-05,-4.5474735088646412e-13,359,0,0,0,1
373,0,2058.607702255249,2058.607702255249,2058.607702255249,2047.1718489676714,2088.8810239732265,2989.0577094072983,2058.607702255249,2055.1795768737793,0,0,-11.435853287577629,941.88586043962687,325,13.648656178028659,32,-944.09866333007812,-3.4281253814697266,3.0095713100308785e-05,2.2737367544323206e-13,359,0,0,0,1
374,0,2055.1795768737793,2055.1795768737793,2055.1795768737793,2044.072037935257,2085.2362515628338,2984.9807604818552,2055.1795768737793,2051.7570123672485,0,0,-11.107538938522339,940.90872254659826,321,13.508308503130138,32,-943.30949211120605,-3.4225645065307617,-0.000117813392989774,0,358,0,0,0,1
375,0,2051.7570123672485,2051.7570123672485,2051.7570123672485,2041.1552418321371,2082.179118566215,2981.0628642244228,2051.7570123672485,2048.3401870727539,0,0,-10.601770535111427,939.9076223922857,318,13.38961799908725,32,-942.69546985626221,-3.4168252944946289,-7.8124994615791366e-05,6.8212102632969618e-13,358,0,0,0,1
376,0,2048.3401870727539,2048.3401870727539,2048.3401870727539,2037.844023257494,2078.4156654626131,2976.7689398671141,2048.3401870727539,2044.929102897644,0,0,-10.496163815259933,938.92491660962014,317,13.272302732373191,32,-941.7010555267334,-3.4110841751098633,-2.6971858915203484e-05,0,351,0,0,0,1
377,0,2044.929102897644,2044.929102897644,2044.929102897644,2034.45041680336,2074.3390308097005,2972.4035676943413,2044.929102897644,2041.523756980896,0,0,-10.478686094284058,937.95315089098131,316,13.142187692010566,32,-940.6166524887085,-3.4053459167480469,3.0880817348588607e-05,6.8212102632969618e-13,351,0,0,0,1
378,0,2041.523756980896,2041.523756980896,2041.523756980896,2031.1480636745691,2070.66805306077,2968.1211250402812,2041.523756980896,2038.1239652633667,0,0,-10.375693306326866,936.97306136571206,316,13.017716588747135,32,-939.61508464813232,-3.3997917175292969,-8.5769852603334584e-05,0,349,0,0,0,1
379,0,2038.1239652633667,2038.1239652633667,2038.1239652633667,2028.0722525268793,2067.2245137186255,2964.045318210297,2038.4200625121593,2035.0255169272423,0,0,-10.051712736487389,935.97306568341764,317,12.900351410932217,32,-938.52560710906982,-3.3945455849170685,-8.1534085438761394e-06,0,349,0,0,0,1
380,0,2035.0255169272423,2035.0255169272423,2035.0255169272423,2024.9893882274628,2063.7183489690069,2959.955641207056,2035.3175333738327,2031.9280517101288,0,0,-10.03612869977951,934.96625297959326,317,12.793102684659289,32,-937.4312105178833,-3.3894816637039185,-0.00011080776130256709,6.8212102632969618e-13,351,0,0,0,1
381,0,2031.9280517101288,2031.9280517101288,2031.9280517101288,2021.9801339320838,2060.2939285312314,2955.8628271602361,2032.1488307267427,2028.7647194159217,0,0,-9.947917778044939,933.88269322815222,317,12.681147075417812,32,-936.39514350891113,-3.3841113108210266,-1.7227779153472511e-05,0,351,0,0,0,1
382,0,2028.7647194159217,2028.7647194159217,2028.7647194159217,2020.3570740651339,2058.5039329007268,2953.0247512981059,2030.0181073327549,2026.6374613640364,0,0,-8.4076453507877886,932.66767723297198,313,12.576554582012022,32,-935.58319854736328,-3.3806459687184542,-0.00010013387736762525,2.2737367544323206e-13,355,0,0,0,1
383,0,2026.6374613640364,2026.6374613640364,2026.6374613640364,2018.3931284190621,2055.8766408746551,2949.8430476017238,2027.6802996993065,2024.303658246994,0,0,-8.2443329449743032,931.44991918266169,314,12.461609321093192,32,-934.62435722351074,-3.3766414523124695,1.1281365004833788e-05,2.2737367544323206e-13,355,0,0,0,1
384,0,2024.303658246994,2024.303658246994,2024.303658246994,2015.7681523244828,2050.8652807497419,2945.1894317250853,2024.5516646504402,2021.1801700294018,0,0,-8.53550592251122,929.42127940060254,313,12.878176452576099,32,-933.51594352722168,-3.3714946210384369,-5.1936543968622573e-05,4.5474735088646412e-13,352,0,0,0,1
385,0,2021.1801700294018,2021.1801700294018,2021.1801700294018,2012.732776355464,2047.5137015482178,2940.1327395988228,2021.3928008079529,2018.0265080332756,0,0,-8.4473936739377677,927.3999632433588,314,13.75169271700338,32,-932.49163150787354,-3.3662927746772766,-0.00011047873204006464,2.2737367544323206e-13,352,0,0,0,1
386,0,2018.0265080332756,2018.0265080332756,2018.0265080332756,2009.5943470848724,2043.3036695346236,2935.1982406777042,2017.6513887047768,2014.291467666626,0,0,-8.4321609484031796,925.60389359283181,310,13.857967515597693,32,-931.40481948852539,-3.3599210381507874,3.0764057100896025e-05,2.2737367544323206e-13,351,0,0,0,1
387,0,2014.291467666626,2014.291467666626,2014.291467666626,2006.1729084998369,2039.3840323346667,2929.794062610049,2013.2184001803398,2009.8658206425607,0,0,-8.1185591667890549,923.62115411021205,308,13.730797950845272,32,-930.3064603805542,-3.3525795377790928,-9.8967620942858048e-06,-2.2737367544323206e-13,351,0,0,0,1
388,0,2009.8658206425607,2009.8658206425607,2009.8658206425607,2002.957079884538,2035.7879299628548,2924.4700857309499,2009.3622225224972,2006.0160358175635,0,0,-6.9087407580227591,921.51300584641194,305,14.087747791608081,32,-929.19561100006104,-3.3461867049336433,-3.8674283587170066e-05,2.2737367544323206e-13,346,0,0,0,1
389,0,2006.0160358175635,2006.0160358175635,2006.0160358175635,1999.5124273918336,2031.7162614012573,2919.2281272089349,2005.4858799576759,2002.1461271047592,0,0,-6.503608425729908,919.71569981710127,309,14.435442301047942,32,-928.17768955230713,-3.3397528529167175,-6.0012819858457078e-05,2.2737367544323206e-13,346,0,0,0,1
390,0,2002.1461271047592,2002.1461271047592,2002.1461271047592,1995.8977691950276,2027.7823449196567,2913.984590047372,2001.8220683336258,1998.4884017109871,0,0,-6.2483579097315669,918.08682085234432,317,15.12522185467401,32,-927.28774356842041,-3.3336666226387024,-7.5049857287012856e-05,2.2737367544323206e-13,347,0,0,0,1
391,0,1998.4884017109871,1998.4884017109871,1998.4884017109871,1992.3798382179812,2023.9007739961926,2909.1874752952754,1998.6882493495941,1995.3597995042801,0,0,-6.1085634930059314,916.8076370772942,321,15.77806630590544,32,-926.27729225158691,-3.3284498453140259,-7.6954413316343562e-05,2.2737367544323206e-13,347,0,0,0,1
392,0,1995.3597995042801,1995.3597995042801,1995.3597995042801,1989.3235694784671,2020.5126603947356,2905.106965786732,1995.3900237679482,1992.0670717358589,0,0,-6.0362300258129835,915.78339630826486,325,15.483289533340667,32,-925.20023155212402,-3.3229520320892334,-7.1605866878599045e-05,-4.5474735088646412e-13,355,0,0,0,1
393,0,1992.0670717358589,1992.0670717358589,1992.0670717358589,1986.1393906865269,2016.6616317883763,2900.5755915249697,1991.8787291049957,1988.5616379976273,0,0,-5.9276810493320227,914.4362008384428,326,15.448049346077596,32,-924.14491176605225,-3.3170911073684692,-5.7965218957178877e-05,6.8212102632969618e-13,355,0,0,0,1
394,0,1988.5616379976273,1988.5616379976273,1988.5616379976273,1982.3432605452836,2011.7935246321649,2895.3288012244175,1987.9800887107849,1984.6695099938661,0,0,-6.2183774523437023,912.98554067913392,323,15.657389094643577,32,-923.00610160827637,-3.3105787169188261,-3.7897424135735491e-05,2.2737367544323206e-13,360,0,0,0,1
395,0,1984.6695099938661,1984.6695099938661,1984.6695099938661,1980.232877274706,2008.9195942681024,2892.0166444010956,1986.5829217731953,1983.274698972702,0,0,-4.4366327191601158,911.78376712638965,327,16.457884656646115,32,-921.8916072845459,-3.3082228004932404,-8.6532852492382517e-06,-5.6843418860808015e-13,360,0,0,0,1
396,0,1983.274698972702,1983.274698972702,1983.274698972702,1979.5197463871446,2007.4522124668583,2890.7021162350256,1985.8937284167041,1982.5866936712118,0,0,-3.7549525855574757,911.18236984788109,312,16.081170020117725,32,-920.88955783843994,-3.3070347454922739,3.1702725436844048e-05,6.8212102632969618e-13,366,0,0,0,1
397,0,1982.5866936712118,1982.5866936712118,1982.5866936712118,1979.2921621437295,2006.8502256218392,2889.1784587790626,1984.9548073960468,1981.6492007789493,0,0,-3.294531527482377,909.88629663533311,298,15.728175666239508,32,-919.95182704925537,-3.30560661709751,-0.00010373401892138645,1.1368683772161603e-13,366,0,0,0,1
398,0,1981.6492007789493,1981.6492007789493,1981.6492007789493,1978.6870126426802,2005.5944968084607,2886.4212850157783,1983.4972987687215,1980.1941741129849,0,0,-2.9621881362691056,907.73427237309807,308,15.963806340222895,32,-918.88779258728027,-3.3031246557366103,-4.8930671027846984e-05,6.8212102632969618e-13,348,0,0,0,1
399,0,1980.1941741129849,1980.1941741129849,1980.1941741129849,1977.2053035901117,2003.4686641107935,2882.3023922344928,1980.8173221079633,1977.5187232234748,0,0,-2.9888705228731851,905.09708864438107,310,16.259875399593408,32,-917.74494552612305,-3.298598884488456,1.3932632327851024e-05,1.1368683772161603e-13,348,0,0,0,1
400,0,1977.5187232234748,1977.5187232234748,1977.5187232234748,1975.0921896812652,2001.3470297648716,2877.1928745631831,1976.9438343048096,1973.6515749692917,0,0,-2.4265335422096541,902.10068488191791,331,16.597191202197713,32,-916.84623146057129,-3.2922593355178833,-9.6954978971552919e-05,1.1368683772161603e-13,354,0,0,0,1
401,0,1973.6515749692917,1973.6515749692917,1973.6515749692917,1971.5239568566903,1998.1421621293266,2870.550584579415,1971.5940448641777,1968.3107776492834,0,0,-2.1276181126013398,899.0266277227247,321,16.709607516817687,32,-915.66614723205566,-3.2832672148942947,-1.372454835291137e-05,6.8212102632969618e-13,355,0,0,0,1
402,0,1968.3107776492834,1968.3107776492834,1968.3107776492834,1966.2859290320193,1991.5195214867126,2862.5016455045884,1965.4157964587212,1962.1427220851183,0,0,-2.0248486172640696,896.21571647256906,335,17.386574507598588,32,-914.4724235534668,-3.2730743736028671,-0.00010938848640762444,1.0231815394945443e-12,363,0,0,0,1
403,0,1962.1427220851183,1962.1427220851183,1962.1427220851183,1959.8730416481849,1984.7786328021321,2854.3391161016298,1959.507856965065,1956.2447194298729,0,0,-2.2696804369334131,894.46607445344489,337,18.45836126291195,32,-913.2896203994751,-3.2631375351920724,-1.0915644224951393e-05,-1.5916157281026244e-12,363,0,0,0,1
404,0,1956.2447194298729,1956.2447194298729,1956.2447194298729,1955.2688638530672,1979.6531154160693,2849.1484190476294,1956.4909624159336,1953.2327742278576,0,0,-0.9758555768057704,893.87955519456227,334,19.574315791093813,32,-912.23177242279053,-3.2581881880760193,-8.553864086024987e-05,9.0949470177292824e-13,375,0,0,0,1
405,0,1953.2327742278576,1953.2327742278576,1953.2327742278576,1952.0229612966068,1975.7925811964487,2846.471808807969,1953.6225844670553,1950.3692855807894,0,0,-1.2098129312507808,894.44884751136215,322,18.328240144253773,32,-911.17746448516846,-3.2532988862658385,2.7114579779663472e-05,1.0231815394945443e-12,375,0,0,0,1
406,0,1950.3692855807894,1950.3692855807894,1950.3692855807894,1949.5056404324425,1972.9232025142828,2844.0004089442618,1951.2468665455235,1947.9974626851035,0,0,-0.86364514834690453,894.4947685118193,323,17.426709676457193,32,-910.18025207519531,-3.2494038604199886,-3.409193163861346e-05,-2.2737367544323206e-13,367,0,0,0,1
407,0,1947.9974626851035,1947.9974626851035,1947.9974626851035,1947.4927866270068,1970.6409435492574,2841.506883128397,1948.8683736543171,1945.6228782198741,0,0,-0.50467605809672023,894.01409650139021,330,16.507377900797614,32,-909.14588737487793,-3.2454954344430007,-8.6519411979679717e-05,4.5474735088646412e-13,367,0,0,0,1
408,0,1945.6228782198741,1945.6228782198741,1945.6228782198741,1945.4246948892317,1967.8917961612067,2838.2856684523144,1946.6220678091049,1943.3804537951946,0,0,-0.19818333064245053,892.86097356308278,337,16.345221797891156,32,-908.00882244110107,-3.2416140139102936,5.4175931836653035e-05,4.5474735088646412e-13,379,0,0,0,1
409,0,1943.3804537951946,1943.3804537951946,1943.3804537951946,1943.6847379528917,1965.591161774566,2835.1839700845585,1944.4600674510002,1941.2220184803009,0,0,0.30428415769711137,891.49923213166676,340,16.321997711289825,32,-907.04590034484863,-3.2380489706993103,1.8886082671087934e-05,5.6843418860808015e-13,379,0,0,0,1
410,0,1941.2220184803009,1941.2220184803009,1941.2220184803009,1941.8951642229222,1962.1133810211177,2831.8793366205218,1942.2529757320881,1939.0185771286488,0,0,0.6731457426212728,889.98417239759965,344,16.279916768120895,32,-905.90627765655518,-3.2343986034393311,-6.1694011037616292e-06,5.6843418860808015e-13,382,0,0,0,1
411,0,1939.0185771286488,1939.0185771286488,1939.0185771286488,1940.0085287021939,1960.0521028178991,2828.6186759875495,1939.9635041058064,1936.7328948825598,0,0,0.98995157354511321,888.61014728535565,338,16.024098862581113,32,-904.67927074432373,-3.2306092232465744,-2.93974514988804e-05,-5.6843418860808015e-13,382,0,0,0,1
412,0,1936.7328948825598,1936.7328948825598,1936.7328948825598,1937.9022731637815,1957.5017281910814,2825.7142111736844,1938.0530248880386,1934.8255860805511,0,0,1.169378281221725,887.81193800990286,341,15.948834351867811,32,-903.61002063751221,-3.2274388074874878,-4.0461964999849442e-05,-1.3642420526593924e-12,380,0,0,0,1
413,0,1934.8255860805511,1934.8255860805511,1934.8255860805511,1937.3035155385733,1956.6106885579647,2824.7089919625237,1938.5987913459539,1935.3704441338778,0,0,2.4779294580221176,887.4054764239504,341,16.428741720466178,32,-902.53894233703613,-3.2283472120761871,-4.0013316265685717e-05,2.2737367544323206e-13,380,0,0,0,1
414,0,1935.3704441338778,1935.3704441338778,1935.3704441338778,1937.7106013712473,1957.3049206151616,2825.6650707432591,1940.8405042614322,1937.6084287477279,0,0,2.3401572373695672,887.95446937201177,334,16.641279579878798,32,-901.46584606170654,-3.2320755137043307,-3.5238262626080541e-05,9.0949470177292824e-13,382,0,0,0,1
415,0,1937.6084287477279,1937.6084287477279,1937.6084287477279,1940.7501435268916,1961.1470988832612,2829.9925771532212,1945.2786758114235,1942.0392255080806,0,0,3.141714779163749,889.24243362632956,329,15.595256983398025,32,-900.30915832519531,-3.2394503033428919,-1.9235528498029453e-05,-4.5474735088646412e-13,382,0,0,0,1
416,0,1942.0392255080806,1942.0392255080806,1942.0392255080806,1945.910330508867,1966.7297659257922,2837.0006209889507,1953.1419600613881,1949.889436647296,0,0,3.8711050007864287,891.0902904800837,336,15.292864569874041,32,-899.15152549743652,-3.2525234140921384,2.2131873720354633e-06,-1.1368683772161603e-13,383,0,0,0,1
417,0,1949.889436647296,1949.889436647296,1949.889436647296,1954.8043344813591,1975.6328479536373,2849.2807192345122,1966.3315215534531,1963.0570654660696,0,0,4.9148978340631402,894.47638475315307,341,15.183594791780884,32,-898.13279247283936,-3.2744560873834416,3.3835190606623655e-05,-6.8212102632969618e-13,383,0,0,0,1
418,0,1963.0570654660696,1963.0570654660696,1963.0570654660696,1969.3201712050013,1992.9133454869343,2869.8676389190136,1987.7901313900948,1984.4797966480255,0,0,6.2631057389316993,900.54746771401233,349,15.012417283396537,32,-897.08992481231689,-3.3103347420692444,-0.00011025444564438658,1.4779288903810084e-12,388,0,0,0,1
419,0,1984.4797966480255,1984.4797966480255,1984.4797966480255,1989.8204682534561,2015.2586053777868,2900.0280975552191,1993.7834394574165,1990.4631685316563,0,0,5.3406716054305434,910.20762930176306,349,15.799660101355151,33,-922.04431819915771,-3.3202709257602692,-6.5910105831790133e-05,0,388,0,0,0,1
420,0,1990.4631685316563,1990.4631685316563,1990.4631685316563,1995.824416663032,2020.2446696186144,2907.6813426173294,1993.6868663728237,1990.366812646389,0,0,5.3612481313757598,911.85692595429737,354,15.913506581726663,33,-929.90798282623291,-3.3200537264347076,-9.5318775947816903e-06,5.6843418860808015e-13,395,0,0,0,1
421,0,1990.366812646389,1990.366812646389,1990.366812646389,1997.2389969860669,2020.4597965780513,2910.9405317870974,1997.6001757830381,1994.2736721485853,0,0,6.872184339677915,913.70153480103045,357,15.477377760587663,33,-928.81773376464844,-3.3265036344528198,5.7310758165840525e-05,1.5916157281026244e-12,395,0,0,0,1
422,0,1994.2736721485853,1994.2736721485853,1994.2736721485853,2000.4821371119469,2023.2939970550178,2917.5738408697853,2005.1310775317834,2001.7919158273726,0,0,6.2084649633616209,917.09170375783833,352,15.185019483653559,33,-927.62778282165527,-3.3391617044107988,-5.9709224160542362e-05,-2.2737367544323206e-13,403,0,0,0,1
423,0,2001.7919158273726,2001.7919158273726,2001.7919158273726,2009.0805147871292,2029.0412286698693,2930.2297702834876,2019.1503594180103,2015.7879328241397,0,0,7.2885989597566549,921.14925549635836,337,15.324079201050031,33,-926.40349006652832,-3.362426593870623,2.1412280602817191e-05,1.0231815394945443e-12,403,0,0,0,1
424,0,2015.7879328241397,2015.7879328241397,2015.7879328241397,2024.2715119952106,2042.2095939346138,2951.5827005785336,2041.5404112562537,2038.1406021267176,0,0,8.4835791710709145,927.31118858332297,377,15.086781913376679,33,-925.12907123565674,-3.3998091295361519,-7.5447848303156206e-05,2.2737367544323206e-13,396,0,0,0,1
425,0,2038.1406021267176,2038.1406021267176,2038.1406021267176,2046.5763745867298,2062.1213146209561,2982.2083721931776,2073.6202520877123,2070.1671159565449,0,0,8.435772460012231,935.63199760644784,397,15.190435764589312,33,-923.77855587005615,-3.4531361311674118,1.9424891434027813e-05,1.4779288903810084e-12,396,0,0,0,1
426,0,2070.1671159565449,2070.1671159565449,2070.1671159565449,2080.3822842522641,2092.7584824036371,3029.1490998196045,2122.0665501058102,2118.5326560139656,0,0,10.215168295719195,948.76681556734047,393,15.395193435009508,33,-922.47774314880371,-3.5338940918445587,-6.1949508562975097e-05,-2.2737367544323206e-13,448,0,0,0,1
427,0,2118.5326560139656,2118.5326560139656,2118.5326560139656,2130.8171746996231,2141.1383533250209,3102.5256129425484,2196.2681894302368,2192.6108422540128,0,0,12.284518685657531,971.70843824292524,395,15.20565689387788,33,-921.46308040618896,-3.6573471762239933,5.1372662255744217e-05,-4.5474735088646412e-13,448,0,0,0,1
428,0,2192.6108422540128,2192.6108422540128,2192.6108422540128,2208.0346837630495,2214.4140683376881,3214.8130660933398,2310.7572431564331,2306.9091728925705,0,0,15.42384150903672,1006.7783823302902,386,16.274603279218422,33,-920.33042621612549,-3.8480702638626099,-1.5536929822701495e-05,3.4106051316484809e-13,450,0,0,0,1
429,0,2306.9091728925705,2306.9091728925705,2306.9091728925705,2326.6508505743113,2328.6318834037866,3387.1712962442616,2406.7602738557616,2402.7522702571259,0,0,19.741677681740839,1060.5204456699503,366,16.484272754627497,37,-996.89529514312744,-4.0080035986356961,-7.7073322245269082e-05,0,450,0,0,0,1
430,0,2402.7522702571259,2402.7522702571259,2402.7522702571259,2426.6764137496475,2431.3755872863421,3529.7949732027073,2510.3447389720241,2506.1641775524768,0,0,23.92414349252158,1103.1185594530598,368,15.306374732329692,37,-1034.7566089630127,-4.1805614195473026,-0.00013789490276394645,-2.2737367544323206e-13,436,0,0,0,1
431,0,2506.1641775524768,2506.1641775524768,2506.1641775524768,2534.211721548254,2543.4458819746624,3686.9431080329728,2635.7251013666391,2631.3359265783165,0,0,28.047543995777232,1152.7313864847188,414,15.11848491844427,38,-1066.3364915847778,-4.3891747883226344,4.1978280023613479e-05,0,436,0,0,0,1
432,0,2631.3359265783165,2631.3359265783165,2631.3359265783165,2664.0667447849705,2673.9145138401896,3875.9188759375902,2711.4421984376386,2706.9268920051527,0,0,32.730818206654021,1211.8521311526197,420,15.846669591721994,42,-1180.3233470916748,-4.515306432485886,4.0011536839301698e-07,1.1368683772161603e-12,482,0,0,0,1
433,0,2706.9268920051527,2706.9268920051527,2706.9268920051527,2743.5728988675264,2753.8702490965647,3987.9192158189653,2800.7600574390963,2796.0959785169398,0,0,36.646006862373724,1244.3463169514389,433,17.031773893997066,42,-1204.1909322738647,-4.6640789221564773,-3.2964947422442492e-05,-1.3642420526593924e-12,483,0,0,0,1
434,0,2796.0959785169398,2796.0959785169398,2796.0959785169398,2837.1136513864185,2850.2646743914838,4123.0355755281398,2936.0962690114975,2931.2067897883244,0,0,41.017672869478702,1285.9219241417213,436,18.469021539691777,42,-1205.4083280563354,-4.8894792231731117,-6.0760821270378074e-05,1.3642420526593924e-12,502,0,0,0,1
435,0,2931.2067897883244,2931.2067897883244,2931.2067897883244,2978.5205344494643,2989.2059546323562,4330.3838131821576,3043.3144314601086,3038.2463929592923,0,0,47.313744661139935,1351.8632787326933,417,20.674341193603649,46,-1307.7437229156494,-5.0680385008163285,-7.1920504979061661e-05,-3.1832314562052488e-12,502,0,0,0,1
436,0,3038.2463929592923,3038.2463929592923,3038.2463929592923,3088.1326400362746,3100.9402114256718,4488.6835996361924,3170.0254027563788,3164.7463482670364,0,0,49.886247076982272,1400.5509595999179,396,21.150013493109864,46,-1339.8082103729248,-5.279054489342343,-7.8832464168954175e-05,1.3642420526593924e-12,501,0,0,0,1
437,0,3164.7463482670364,3164.7463482670364,3164.7463482670364,3218.3846792752511,3232.9514883169827,4678.1895733892006,3358.1051324300061,3352.5128845809472,0,0,53.638331008214664,1459.8048941139496,414,22.030489193698788,47,-1342.1149301528931,-5.5922478490588219,-6.7031859998678556e-05,-2.2737367544323206e-13,501,0,0,0,1
438,0,3352.5128845809472,3352.5128845809472,3352.5128845809472,3409.3491973285654,3424.4715567779431,4956.9771541031841,3494.8877549254103,3489.0677549127504,0,0,56.836312747618194,1547.6279567746187,458,23.626759689107619,51,-1485.7161588668823,-5.8200000126598752,-3.8013072753528832e-05,9.0949470177292824e-13,529,0,0,0,1
439,0,3489.0677549127504,3489.0677549127504,3489.0677549127504,3546.250691299696,3559.4332388857715,5151.9286197871315,3672.2423917157575,3666.1270939915994,0,0,57.182936386945585,1605.6779284874356,479,25.592906678988733,51,-1505.2791347503662,-6.1152977241581539,9.1674437499023043e-06,3.4106051316484809e-12,529,0,0,0,1
440,0,3666.1270939915994,3666.1270939915994,3666.1270939915994,3724.1048784721957,3733.5098723050287,5412.5728447298034,3889.3806723244488,3882.9038534015417,0,0,57.977784480596256,1688.4679662576077,489,27.450640323530283,59,-1550.6428127288818,-6.476818922907114,8.3713797266682377e-05,-2.9558577807620168e-12,586,0,0,0,1
441,0,3882.9038534015417,3882.9038534015417,3882.9038534015417,3946.0822494421445,3953.7713452323587,5736.3049836435539,3996.5303371898044,3989.8747753229618,0,0,63.17839604060282,1790.2227342014094,496,29.098782844651691,59,-1768.8734292984009,-6.6555618668426177,-0.00022517974593938561,-2.2737367544323206e-13,586,0,0,0,1
442,0,3989.8747753229618,3989.8747753229618,3989.8747753229618,4052.1279993600619,4058.9768391545804,5887.572318190576,4154.583059635188,4147.6643932937532,0,0,62.253224037100154,1835.444318830514,497,32.273982243921836,59,-1765.263240814209,-6.9186663414348004,-0.00012782839621650055,1.4899114830768667e-08,611,0,0,0,1
443,0,4147.6643932937532,4147.6643932937532,4147.6643932937532,4211.7150765301631,4215.8942835779953,6119.271708784242,4370.6820492942352,4363.4036418355463,0,0,64.050683236409895,1907.556632254079,486,35.478079043012151,63,-1784.06773853302,-7.2784074586888892,-3.9095848478609696e-06,9.0949470177292824e-13,611,0,0,0,1
444,0,4363.4036418355463,4363.4036418355463,4363.4036418355463,4428.4937171577903,4433.4727080180592,6434.2674577080807,4557.3041940880939,4549.7151500049513,0,0,65.090075322244047,2005.7737405502903,545,36.916431318675563,64,-1913.8796949386597,-7.5890440831426531,0.00013734128060605144,-2.7284841053187847e-12,616,0,0,0,1
445,0,4549.7151500049513,4549.7151500049513,4549.7151500049513,4617.1682232864405,4616.5017281441287,6705.0495452264959,4749.4107080642134,4741.5014922965784,0,0,67.453073281489196,2087.8813219400554,561,40.139053043102074,68,-1995.7778902053833,-7.9092157676350325,-0.00012346490530035226,-1.1368683772161603e-12,616,0,0,0,1
446,0,4741.5014922965784,4741.5014922965784,4741.5014922965784,4811.1787470681911,4806.9000068113401,6987.8413206829409,4950.8260098323226,4942.5815882072784,0,0,69.677254771612752,2176.6625736147498,550,42.005227479462327,72,-2079.0205383300781,-8.2444216250441968,8.3281643128430005e-05,-2.7284841053187847e-12,688,0,0,0,1
447,0,4942.5815882072784,4942.5815882072784,4942.5815882072784,5012.6661886781694,5007.2937514878213,7281.5007821538584,5144.3196177121717,5135.7527107146161,0,0,70.084600470891019,2268.834593475689,515,44.850714029686642,72,-2182.0318784713745,-8.566906997555634,-0.00018131469641957665,1.3642420526593924e-12,688,0,0,0,1
448,0,5135.7527107146161,5135.7527107146161,5135.7527107146161,5209.456589329282,5200.586615646911,7563.5839469000621,5433.3487151829759,5424.3007490663585,0,0,73.703878614665882,2354.1273575707801,503,48.567433993362926,72,-2178.8026657104492,-9.0479661166173173,7.3554555456212256e-05,0,672,0,0,0,1
449,0,5424.3007490663585,5424.3007490663585,5424.3007490663585,5504.7903328127832,5498.6697609008997,7988.9334502435413,5738.6362820004579,5729.079702323259,0,0,80.489583746424614,2484.1431174307581,579,49.732418548906892,85,-2300.0295867919922,-9.5565796771988971,-0.00015113563858903944,1.8189894035458565e-12,672,0,0,0,1
450,0,5729.079702323259,5729.079702323259,5729.079702323259,5811.0295507991877,5803.4433595437058,8437.9093833782536,5939.8072774113098,5929.9160200132683,0,0,81.949848475928775,2626.8798325790658,562,52.18015588153488,89,-2550.2822618484497,-9.8912573980414891,0.00017690931053948589,-2.9103830456733704e-11,736,0,0,0,1
451,0,5929.9160200132683,5929.9160200132683,5929.9160200132683,6014.0628281467798,6004.2562850309378,8737.7489955795863,6233.5358758762013,6223.1552778615624,0,0,84.146808133511513,2723.6861674328065,552,52.677890581043656,89,-2556.8910102844238,-10.380598014638963,-2.3740247343084775e-05,-5.0022208597511053e-12,736,0,0,0,1
452,0,6223.1552778615624,6223.1552778615624,6223.1552778615624,6313.0035480492834,6301.3727834952069,9177.2574073805263,6615.5843119064812,6604.5673126713664,0,0,89.848270187721027,2864.2538593312429,586,53.956967582905598,97,-2615.6300630569458,-11.016999235114781,-0.00020785286778846057,-5.0022208597511053e-12,736,0,0,0,1
453,0,6604.5673126713664,6604.5673126713664,6604.5673126713664,6700.039566805066,6685.6374663768001,9743.997748537231,7051.4132765186951,7039.6703103178443,0,0,95.472254133699607,3043.958181732165,593,54.347621601761951,101,-2746.9320936203003,-11.742966200850788,-0.0003981441650466877,2.2737367544323206e-12,736,0,0,0,1
454,0,7039.6703103178443,7039.6703103178443,7039.6703103178443,7140.7317658396923,7130.6605947038697,10392.937422139479,7481.2774631385691,7468.8191479591187,0,0,101.06145552184807,3252.2056562997868,607,53.73185141626783,110,-2965.3918104171753,-12.458315179450437,9.6534208751108963e-05,-2.7284841053187847e-12,801,0,0,0,1
455,0,7468.8191479591187,7468.8191479591187,7468.8191479591187,7574.7679534461622,7561.5488148768909,11037.195631847742,7928.2447355268523,7915.04196014646,0,0,105.9488054870435,3462.4276784015801,650,54.373527469093467,114,-3163.324423789978,-13.202775380392268,-3.8606041925959289e-05,-5.4569682106375694e-12,801,0,0,0,1
456,0,7915.04196014646,7915.04196014646,7915.04196014646,8026.9446892672695,8008.1200214398032,11701.849155238824,8374.2930231390055,8360.3473475630162,0,0,111.90272912080945,3674.9044659715546,627,54.290052630704793,119,-3381.8461847305298,-13.945675575989299,-0.0001441066779079847,6.3664629124104977e-12,855,0,0,0,1
457,0,8360.3473475630162,8360.3473475630162,8360.3473475630162,8483.3269587183822,8460.8034323692118,12361.13308964888,8912.2550883940421,8897.413458102732,0,0,122.979611155366,3877.8061309304976,656,56.043364483080886,122,-3504.921365737915,-14.841630291310139,-0.00024207449678215198,-3.637978807091713e-12,855,0,0,0,1
458,0,8897.413458102732,8897.413458102732,8897.413458102732,9027.1849912546659,9006.2207889985912,13160.558417138298,9525.1202527843416,9509.2579779755324,0,0,129.77153315193391,4133.3734258836321,697,57.173837065106525,131,-3692.6120014190674,-15.862274808809161,-0.00029531187647080515,4.5474735088646412e-12,881,0,0,0,1
459,0,9509.2579779755324,9509.2579779755324,9509.2579779755324,9647.469214121913,9627.3206482392525,14072.763538385509,10098.979798171436,10082.161830226956,0,0,138.21123614638054,4425.2943242635956,686,63.135583707126941,142,-4036.9193239212036,-16.817967944480188,-0.00035239238968642894,4.5474735088646412e-12,881,0,0,0,1
460,0,10082.161830226956,10082.161830226956,10082.161830226956,10228.415216593658,10208.067084853694,14919.979461001672,10649.73912882898,10632.00399805943,0,0,146.25338636670131,4691.5642444080149,670,71.363533450786932,143,-4341.6038656234741,-17.735130769549869,-0.00034745698394544888,-5.4569682106375694e-12,927,0,0,0,1
461,0,10632.00399805943,10632.00399805943,10632.00399805943,10785.669690710167,10765.610614607242,15725.782316891955,11280.907451401697,11262.121289582989,0,0,153.66569265073667,4940.1126261817881,674,83.599170726479016,151,-4528.4740362167358,-18.786161818708933,-0.00030736729058844503,-9.0949470177292824e-13,927,0,0,0,1
462,0,11262.121289582989,11262.121289582989,11262.121289582989,11423.515286764754,11405.262014465436,16657.597846782472,11819.850260187872,11800.166727738317,0,0,161.39399718176537,5234.0825600177177,754,94.480973853100693,168,-4932.2285604476929,-19.683532449555059,-0.00018803935017785989,-7.2759576141834259e-12,941,0,0,0,1
463,0,11800.166727738317,11800.166727738317,11800.166727738317,11965.574845163243,11956.528563630211,17451.297485626576,12349.397003463935,12328.831779912813,0,0,165.40811742492588,5485.7226404633329,778,99.514091506320696,168,-5201.4145736694336,-20.565223551122472,-3.6249590266379528e-05,4.7293724492192268e-10,941,0,0,0,1
464,0,12328.831779912813,12328.831779912813,12328.831779912813,12502.511257491444,12495.732918244687,18222.697957517783,13020.951902003959,12999.268591863831,0,0,173.67947757863112,5720.1867000263392,766,107.19905385356056,173,-5308.9451093673706,-21.683310140128015,0.00020320339172030799,-1.3642420526593924e-11,1058,0,0,0,1
465,0,12999.268591863831,12999.268591863831,12999.268591863831,13179.112875973164,13161.535740216532,19214.978676444098,13667.999519444071,13645.237663911976,0,0,179.84428410933288,6035.8658004709341,770,116.93025729135199,192,-5663.9094142913818,-22.761855532095069,-0.00082759887663996778,2.7284841053187847e-12,1059,0,0,0,1
466,0,13645.237663911976,13645.237663911976,13645.237663911976,13831.856195110118,13808.798132699461,20171.493351138935,14267.754340925254,14243.994088589425,0,0,186.61853119814259,6339.6371560288171,796,127.27150881404367,204,-6031.01051902771,-23.760252335829136,-0.00046549672515538987,-1.546140993013978e-11,1089,0,0,0,1
467,0,14243.994088589425,14243.994088589425,14243.994088589425,14436.312872992272,14398.016517187572,21055.664716250718,15041.837478986476,15016.788594064157,0,0,192.31878440284709,6619.351843258446,791,131.32057939379447,210,-6145.14781665802,-25.048884922318393,-3.3951811929000542e-05,-1.6370904631912708e-11,1089,0,0,0,1
468,0,15016.788594064157,15016.788594064157,15016.788594064157,15218.752517541221,15159.051438592371,22206.067383573645,15894.523785687983,15868.055510993174,0,0,201.96392347706387,6987.3148660324241,779,135.17229585975502,223,-6446.7158937454224,-26.468274694809224,0.00053658635988540482,5.4569682106375694e-12,1133,0,0,0,1
469,0,15868.055510993174,15868.055510993174,15868.055510993174,16075.236043835546,16013.140987861143,23467.038855589533,16860.066689718282,16831.98953954973,0,0,207.18053284237249,7391.802811753987,798,136.5258705133549,232,-6743.4980363845825,-28.07715016855218,-0.00044089336370234378,-2.3646862246096134e-11,1133,0,0,0,1
470,0,16831.98953954973,16831.98953954973,16831.98953954973,17047.403084653291,16964.207244708145,24891.608638421869,17911.443645739462,17881.616406716959,0,0,215.41354510356177,7844.2055537685774,817,144.45854819587154,248,-7124.6235408782959,-29.827239022502908,0.00030586191132897511,1.8189894035458565e-11,1181,0,0,0,1
471,0,17881.616406716959,17881.616406716959,17881.616406716959,18106.288269132714,18006.264191621358,26456.998751015079,18652.284126444254,18621.222213232773,0,0,224.67186241575473,8350.7104818823645,800,152.87802393534983,260,-7957.5926485061646,-31.061913211480714,-0.000662483671476366,-1.0004441719502211e-11,1181,0,0,0,1
472,0,18621.222213232773,18621.222213232773,18621.222213232773,18853.410476913243,18754.525534969322,27552.776167860124,19642.07679123804,19609.367578209843,0,0,232.18826368046939,8699.3656909468809,800,160.18285032188282,265,-8070.8822269439697,-32.709213028196245,0.00031830274383537471,2.7284841053187847e-12,1217,0,0,0,1
473,0,19609.367578209843,19609.367578209843,19609.367578209843,19861.089341898631,19751.545124342876,29027.470342810262,20637.459470168687,20603.091772082727,0,0,251.72176368878718,9166.3810009116314,798,161.60436077974521,288,-8551.6152334213257,-34.367698085960001,-0.00057722054407349788,5.4569682106375694e-12,1217,0,0,0,1
474,0,20603.091772082727,20603.091772082727,20603.091772082727,20861.853000494899,20755.074514860546,30499.948230469789,21582.412585474085,21546.47257888793,0,0,258.76122841217148,9638.0952299748897,788,171.09159899997684,300,-9088.6272439956665,-35.940006586155505,0.00072453745451639406,-1.4551915228366852e-11,1243,0,0,0,1
475,0,21546.47257888793,21546.47257888793,21546.47257888793,21814.791279134974,21701.811332722136,31901.314163406791,22643.579816983081,22605.871873088181,0,0,268.31870024704403,10086.522884271817,825,177.15588852350888,312,-9434.8902349472046,-37.707943894900382,-7.3625244112918153e-05,-1.2732925824820995e-11,1243,0,0,0,1
476,0,22605.871873088181,22605.871873088181,22605.871873088181,22881.415703263439,22779.32800023719,33468.055792179308,23844.68182670977,23804.972907389747,0,0,275.54383017525834,10586.640088915869,832,176.72028807050668,335,-9800.0942535400391,-39.708919320022687,-0.00087950449233176187,-5.4569682106375694e-12,1314,0,0,0,1
477,0,23804.972907389747,23804.972907389747,23804.972907389747,24092.386808492571,23987.223190526453,35253.902496331095,24876.790611086413,24835.362174167065,0,0,287.41390110282373,11161.515687838524,855,178.87115365759828,348,-10555.983038902283,-41.428436919348314,-0.0016483695071656257,3.637978807091713e-12,1314,0,0,0,1
478,0,24835.362174167065,24835.362174167065,24835.362174167065,25124.047906306158,25021.037328935847,36775.784447630685,26104.08987150481,26060.619626389103,0,0,288.68573213909258,11651.736541324528,831,183.19976248193359,364,-10854.894338607788,-43.470245115706348,0.00033870275728986599,-2.1827872842550278e-11,1392,0,0,0,1
479,0,26060.619626389103,26060.619626389103,26060.619626389103,26353.114203618916,26248.576909070907,38587.940025149874,27437.325572793372,27391.63456469588,0,0,292.49457722981242,12234.825821530958,856,187.29795170387422,376,-11337.912404060364,-45.691008097492158,-0.00021531634047278203,-1.2732925824820995e-11,1392,0,0,0,1
480,0,27391.63456469588,27391.63456469588,27391.63456469588,27682.50094633668,27578.614866355667,40550.446879541807,28905.199196991045,28857.063291119703,0,0,290.86638164080068,12867.945933205126,912,188.71264555137228,396,-11833.960328102112,-48.135905871342402,-0.00069446725683519617,-2.1827872842550278e-11,1469,0,0,0,1
