step,emitter,before_source,after_source,before_advection,forward,reverse,corrected,limited,final,expected_injection,measured_injection,forward_delta,correction_delta,lower_changed_cells,lower_delta,upper_changed_cells,upper_delta,damping_and_positivity_delta,damping_residual,limiter_residual,pattern_errors,injection_errors,untouched_errors,nonfinite,readback_match,audit_failed
1,1,0,0.5,0.5,0.5,0.5,0.5,0.5,0.49916735291481018,0.5,0.5,0,0,0,0,0,0,-0.00083264708518981934,-7.7548728549814427e-09,0,0,0,0,0,1,0
2,1,0.49916735291481018,0.99916738271713257,0.99916738271713257,0.99916738271713257,0.99916738271713257,0.99916738271713257,0.99916738271713257,0.99750345945358276,0.5,0.50000002980232239,0,0,0,0,0,0,-0.0016639232635498047,-3.1142709522313794e-08,0,0,0,0,0,1,0
3,1,0.99750345945358276,1.4975035190582275,1.4975035190582275,1.4975035190582275,1.4975035190582275,1.4975035190582275,1.4975035190582275,1.4950097799301147,0.5,0.50000005960464478,0,0,0,0,0,0,-0.002493739128112793,2.1526399107685279e-08,0,0,0,0,0,1,0
4,1,1.4950097799301147,1.9950097799301147,1.9950097799301147,1.9872168302536011,1.9794542789459229,1.9949946403503418,1.9949946403503418,1.9916723966598511,0.5,0.5,-0.0077929496765136719,0.0077778100967407227,0,0,0,0,-0.0033222436904907227,-2.1687836193606813e-08,0,0,0,0,0,1,0
5,1,1.9916723966598511,2.4916725158691406,2.4916725158691406,2.4916724115610123,2.4916723221540451,2.4916723892092705,2.4965199269354343,2.492362592369318,0.5,0.50000011920928955,-1.0430812835693359e-07,-2.2351741790771484e-08,1,0.0048475377261638641,0,0,-0.004157334566116333,6.6794056508001631e-08,0,0,0,0,0,1,0
6,1,2.492362592369318,2.992362592369318,2.992362592369318,2.9923435263335705,2.9923435170203447,2.9923530640080571,2.9981652032583952,2.9931724844500422,0.5,0.5,-1.9066035747528076e-05,9.5376744866371155e-06,1,0.0058121392503380775,0,0,-0.0049927188083529472,6.1725688116354149e-08,0,0,0,0,0,1,0
7,1,2.9931724844500422,3.4931724844500422,3.4931724844500422,3.479527298361063,3.4661250775679946,3.4930508830584586,3.4997994154691696,3.4939711429178715,0.5,0.5,-0.013645186088979244,0.013523584697395563,1,0.00674853241071105,0,0,-0.0058282725512981415,-1.3126821807318834e-07,0,0,0,0,0,1,0
8,1,3.4939711429178715,3.9939711429178715,3.9939711429178715,3.978369802236557,3.9630869077518582,3.9938119198195636,4.0015177577733994,3.9948540050536394,0.5,0.5,-0.015601340681314468,0.01544211758300662,1,0.0077058379538357258,0,0,-0.0066637527197599411,-1.1058759241677762e-07,0,0,0,0,0,1,0
9,1,3.9948540050536394,4.4948542434722185,4.4948542434722185,4.4771977327764034,4.4601773135364056,4.4945364370942116,4.5117911472916603,4.504277765750885,0.5,0.5000002384185791,-0.017656510695815086,0.017338704317808151,1,0.01725471019744873,0,0,-0.0075133815407752991,7.9780466677448203e-09,0,0,0,0,0,1,0
10,1,4.504277765750885,5.004277765750885,5.004277765750885,4.965181790292263,4.9276604615151882,5.0034904424101114,5.0225684121251106,5.0142043717205524,0.5,0.5,-0.039095975458621979,0.038308652117848396,1,0.019077969714999199,0,0,-0.0083640404045581818,-6.4406272315409296e-08,0,0,0,0,0,1,0
11,1,5.0142043717205524,5.5142043717205524,5.5142043717205524,5.4933934484288329,5.4729170986247482,5.5140370831140899,5.5454831525930786,5.5362481106858468,0.5,0.5,-0.020810923291719519,0.020643634685256984,1,0.031446069478988647,0,0,-0.0092350419072317891,-2.6715031431479019e-07,0,0,0,0,0,1,0
12,1,5.5362481106858468,6.0362481106858468,6.0362481106858468,5.9905669650179334,5.9463261515193153,6.0355281829833984,6.0696603395044804,6.0595523832016625,0.5,0.5,-0.04568114566791337,0.044961217965465039,1,0.034132156521081924,0,0,-0.010107956302817911,-2.8046214595178753e-07,0,0,0,0,0,1,0
13,1,6.0595523832016625,6.5595523832016625,6.5595523832016625,6.5098278910736553,6.4380345160025172,6.5705865786876529,6.6073715963866562,6.5963682673755102,0.5,0.5,-0.049724492128007114,0.060758687613997608,1,0.03678501769900322,0,0,-0.011003329011145979,-2.1408880446216472e-07,0,0,0,0,0,1,0
14,1,6.5963682673755102,7.0963682673755102,7.0963682673755102,7.0160427504451945,6.9405782732646912,7.0939375089947134,7.1464724505785853,7.1345714345225133,0.5,0.5,-0.080325516930315644,0.077894758549518883,1,0.052534941583871841,0,0,-0.011901016056071967,-1.4798531644544255e-07,0,0,0,0,0,1,0
15,1,7.1345714345225133,7.6345714345225133,7.6345714345225133,7.5478874335531145,7.4403306137537584,7.6450078290654346,7.7009798352373764,7.6881553931161761,0.5,0.5,-0.086684000969398767,0.097120395512320101,1,0.055972006171941757,0,0,-0.012824442121200264,-1.6473560737750859e-07,0,0,0,0,0,1,0
16,1,7.6881553931161761,8.1881553931161761,8.1881553931161761,8.0958794341286193,8.0118281758177545,8.1840430574461607,8.2585324274346021,8.2447794810964297,0.5,0.5,-0.092275958987556805,0.088163623317541351,1,0.074489369988441467,0,0,-0.013752946338172478,-1.8851861227631161e-07,0,0,0,0,0,1,0
17,1,8.2447794810964297,8.7447794810964297,8.7447794810964297,8.6454186289793142,8.5577256776905415,8.7389452773622907,8.8333535063557065,8.8186429822353603,0.5,0.5,-0.099360852117115428,0.093526648382976418,1,0.094408228993415833,0,0,-0.014710524120346236,-5.290243780819992e-07,0,0,0,0,0,1,0
18,1,8.8186429822353603,9.3186429822353603,9.3186429822353603,9.2133623778863694,9.0893260227385326,9.3280213498383091,9.4273502328305767,9.4116512915952626,0.5,0.5,-0.10528060434899089,0.11465897195193975,1,0.099328882992267609,0,0,-0.015698941235314123,2.2393373733109456e-07,0,0,0,0,0,1,0
19,1,9.4116512915952626,9.9116512915952626,9.9116512915952626,9.7980599049587909,9.6417385388158436,9.9330163104496023,10.054509307261469,10.037765874982142,0.5,0.5,-0.11359138663647173,0.13495640549081145,1,0.12149299681186676,0,0,-0.016743432279326953,1.2751319822257301e-07,0,0,0,0,0,1,0
20,1,10.037765874982142,10.537765874982142,10.537765874982142,10.352932695393974,10.156182524144242,10.543724370578275,10.670360860804067,10.65259117138703,0.5,0.5,-0.1848331795881677,0.1907916751843004,1,0.12663649022579193,0,0,-0.017769689417036716,-5.6517427360347483e-07,0,0,0,0,0,1,0
21,1,10.65259117138703,11.15259117138703,11.15259117138703,10.956856363867701,10.754923963937472,11.155690383891852,11.306394544224531,11.287565915859886,0.5,0.5,-0.19573480751932948,0.19883402002415096,1,0.15070416033267975,0,0,-0.018828628364644828,-3.3080144135055889e-07,0,0,0,0,0,1,0
22,1,11.287565915859886,11.787565915859886,11.787565915859886,11.584000110742636,11.33887753480667,11.808343823962787,11.964810024910548,11.944884656437353,0.5,0.5,-0.20356580511725042,0.22434371322015068,1,0.15646620094776154,0,0,-0.019925368473195704,-6.2566017078324876e-07,0,0,0,0,0,1,0
23,1,11.944884656437353,12.444884656437353,12.444884656437353,12.228811562497867,11.979271122210776,12.46161827279866,12.643854005473258,12.622798508011329,0.5,0.5,-0.21607309393948526,0.23280671030079247,1,0.18223573267459869,0,0,-0.021055497461929917,4.2801554300808675e-08,0,0,0,0,0,1,0
24,1,12.622798508011329,13.122798508011329,13.122798508011329,12.892726249279804,12.639925757830497,13.134162147558527,13.343210686958628,13.320989944870234,0.5,0.5,-0.23007225873152493,0.24143589827872347,1,0.20904853940010071,0,0,-0.022220742088393308,-5.7806705733298713e-07,0,0,0,0,0,1,0
25,1,13.320989944870234,13.820989944870234,13.820989944870234,13.582492462985101,13.456837915829965,13.764568598206097,14.065143768872076,14.041721320136276,0.5,0.5,-0.23849748188513331,0.18207613522099564,5,0.30057517066597939,0,0,-0.023422448735800572,-6.4958751266885884e-08,0,0,0,0,0,1,0
26,1,14.041721320136276,14.541721320136276,14.541721320136276,14.325960504997056,14.204019888158655,14.494810851145303,14.826055856276071,14.801366068830248,0.5,0.5,-0.21576081513921963,0.1688503461482469,5,0.33124500513076782,0,0,-0.024689787445822731,-2.7300700367050013e-07,0,0,0,0,0,1,0
27,1,14.801366068830248,15.301366068830248,15.301366068830248,15.077066074998584,14.881320927874185,15.287088771408889,15.626192015653942,15.600169577199267,0.5,0.5,-0.22429999383166432,0.2100226964103058,5,0.33910324424505234,0,0,-0.026022438454674557,-4.7434403782631307e-07,0,0,0,0,0,1,0
28,1,15.600169577199267,16.100169577199267,16.100169577199267,15.865899144866944,15.675516056189281,16.078226026836774,16.447969999853512,16.420579617065528,0.5,0.5,-0.23427043233232325,0.21232688196982963,5,0.36974397301673889,0,0,-0.02739038278798489,7.066351415119243e-08,0,0,0,0,0,1,0
29,1,16.420579617065528,16.920579617065528,16.920579617065528,16.66441881724586,16.434396326101705,16.907510097154272,17.284320893713129,17.255537376767506,0.5,0.5,-0.25616079981966777,0.24309127990841262,5,0.37681079655885696,0,0,-0.028783516945622978,-3.061977800200566e-07,0,0,0,0,0,1,0
30,1,17.255537376767506,17.755537376767506,17.755537376767506,17.528909501796079,17.291352424242632,17.761001511523546,18.167814499745191,18.137559262282593,0.5,0.5,-0.22662787497142745,0.23209200972746657,5,0.40681298822164536,0,0,-0.030255237462597506,-7.6366580969988718e-07,0,0,0,0,0,1,0
31,1,18.137559262282593,18.637559262282593,18.637559262282593,18.39833200922385,18.121646617490569,18.656288553041804,19.068283535552609,19.036529445500264,0.5,0.5,-0.23922725305874337,0.2579565438179543,5,0.41199498251080513,0,0,-0.031754090052345418,-8.4385664678165995e-08,0,0,0,0,0,1,0
32,1,19.036529445500264,19.536529445500264,19.536529445500264,19.319536222189527,19.054950681305854,19.560325619534524,20.000700291947396,19.96739305637584,0.5,0.5,-0.21699322331073745,0.24078939734499727,5,0.44037467241287231,0,0,-0.033307235571555793,-4.9617763764331357e-07,0,0,0,0,0,1,0
33,1,19.96739305637584,20.46739305637584,20.46739305637584,20.234726291215338,20.110259170440258,20.413293458052067,20.954876340456394,20.91997997716453,0.5,0.5,-0.23266676516050211,0.17856716683672857,5,0.54158288240432739,0,0,-0.034896363291863963,-6.5488587708273371e-07,0,0,0,0,0,1,0
34,1,20.91997997716453,21.41997997716453,21.41997997716453,21.203651790198819,21.046360602978893,21.390461488936126,21.93325105992335,21.896726246168328,0.5,0.5,-0.21632818696571121,0.18680969873730646,5,0.54278957098722458,0,0,-0.036524813755022478,1.6119339818487788e-07,0,0,0,0,0,1,0
35,1,21.896726246168328,22.396726246168328,22.396726246168328,22.213158941618531,22.05037172397715,22.386336720644977,22.952883823871161,22.914660399323111,0.5,0.5,-0.18356730454979697,0.17317777902644593,5,0.56654710322618484,0,0,-0.038223424548050389,-4.7691613858091841e-07,0,0,0,0,0,1,0
36,1,22.914660399323111,23.414660399323111,23.414660399323111,23.217223317999014,22.998440922761802,23.425332821315351,23.988555177455964,23.948607134513622,0.5,0.5,-0.19743708132409665,0.20810950331633649,5,0.56322235614061356,0,0,-0.039948042942341999,-4.1390588734202538e-07,0,0,0,0,0,1,0
37,1,23.948607134513622,24.448607134513622,24.448607134513622,24.279051020230781,24.03128181739396,24.487713730707753,25.045194468274701,25.003487440996594,0.5,0.5,-0.16955611428284101,0.20866271047697182,5,0.55748073756694794,0,0,-0.041707027278107489,2.0062132222165019e-07,0,0,0,0,0,1,0
38,1,25.003487440996594,25.503487440996594,25.503487440996594,25.383430324491769,25.13104670106668,25.569650667570272,26.145364637337366,26.101825101808714,0.5,0.5,-0.12005711650482453,0.18622034307850299,5,0.57571396976709366,0,0,-0.043539535528651641,-2.1772360270233548e-07,0,0,0,0,0,1,0
39,1,26.101825101808714,26.601825101808714,26.601825101808714,26.481483361970618,26.17353170806939,26.695629981038792,27.261234295246823,27.215836022210283,0.5,0.5,-0.12034173983809637,0.214146619068174,5,0.5656043142080307,0,0,-0.045398273036539649,-7.2130211847820647e-07,0,0,0,0,0,1,0
40,1,27.215836022210283,27.715836022210283,27.715836022210283,27.453027551811346,27.298023958961622,27.66193310839073,28.307248882175845,28.260108842785296,0.5,0.5,-0.26280847039893729,0.20890555657938492,5,0.64531577378511429,0,0,-0.047140039390548338,-5.8188579643569938e-07,0,0,0,0,0,1,0
41,1,28.260108842785296,28.760108842785296,28.760108842785296,28.57946002494165,28.40040594785258,28.759312398841431,29.389397807529022,29.340455662275861,0.5,0.5,-0.18064881784364673,0.17985237389978082,5,0.63008540868759155,0,0,-0.048942145253160874,-6.0823539627108403e-07,0,0,0,0,0,1,0
42,1,29.340455662275861,29.840455662275861,29.840455662275861,29.658303938287602,29.429060477916813,29.864001229159655,30.477276937746325,30.426524052672651,0.5,0.5,-0.18215172398825885,0.20569729087205246,9,0.6132757085866718,0,0,-0.050752885073674037,2.738449822459188e-07,-1.7763568394002505e-15,0,0,0,0,1,0
43,1,30.426524052672651,30.926524052672651,30.926524052672651,30.790420327233591,30.508684343437146,30.999339875586227,30.975945911600181,30.924362024534492,0.5,0.5,-0.13610372543906024,0.20891954835263604,9,0.59338345605789833,1,-0.61677742004394531,-0.051583887065689282,-3.0534615902411133e-07,1.7763568394002505e-15,0,0,0,0,1,0
44,1,30.924362024534492,31.424362024534492,31.424362024534492,31.205087059072127,30.928960243525665,31.452789136494701,31.492583923955451,31.440139754877329,0.5,0.5,-0.21927496546236469,0.24770207742257355,9,0.57201333243753494,9,-0.53221854497678578,-0.052444169078121661,-2.4110132557098041e-07,4.4408920985006262e-16,0,0,0,0,1,0
45,1,31.440139754877329,31.940139754877329,31.940139754877329,31.776026811257715,31.462846184463672,32.014673390878983,32.109386352215694,32.055914685247295,0.5,0.5,-0.16411294361961382,0.23864657962126756,17,0.55088924533884442,9,-0.45617628400214016,-0.053471666968398779,-5.9107001959546324e-07,6.7723604502134549e-15,0,0,0,0,1,0
46,1,32.055914685247295,32.555914685247295,32.555914685247295,32.41046889719793,32.088149882759275,32.644350806069404,32.812268693316966,32.757626872296477,0.5,0.5,-0.14544578804936492,0.23388190887147431,17,0.52780694983473131,9,-0.35988906258717179,-0.05464182102048909,-2.5015852145315876e-07,2.2204460492503131e-15,0,0,0,0,1,0
47,1,32.757626872296477,33.257626872296477,33.257626872296477,33.164916919748947,32.992230397542151,33.297615209764103,33.548369167847909,33.492502036561135,0.5,0.5,-0.092709952547529895,0.13269829001515632,17,0.5064431788196051,9,-0.25568922073580325,-0.055867131286774452,2.5198750819299676e-07,3.7747582837255322e-15,0,0,0,0,1,0
48,1,33.492502036561135,33.992502036561135,33.992502036561135,34.009552085224499,33.826798356447163,34.092403407649975,34.43628444055053,34.37893702815979,0.5,0.5,0.017050048663364237,0.082851322425476326,17,0.48776001786407946,5,-0.14387898496352136,-0.05734741239074026,-1.402760368307554e-06,-3.2751579226442118e-15,0,0,0,0,1,0
49,1,34.37893702815979,34.87893702815979,34.87893702815979,34.844088316231819,34.678612451230194,34.944251376302482,35.377459383755848,35.318544924931658,0.5,0.5,-0.03484871192797101,0.10016306007066333,17,0.47125198328344481,1,-0.038043975830078125,-0.058914458824190774,-1.1306449891890225e-06,-2.7755575615628914e-16,0,0,0,0,1,0
50,1,35.318544924931658,35.818544924931658,35.818544924931658,35.81506132067048,35.756503732037018,35.846081834092402,36.362351237631607,36.301798165845383,0.5,0.5,-0.00348360426117722,0.031020513421921692,17,0.51626940353920747,0,0,-0.060553071786223711,3.757802602422089e-07,-2.4424906541753444e-15,0,0,0,0,1,0
51,1,36.301798165845383,36.801798165845383,36.801798165845383,36.865929077726555,36.941396198160135,36.796130122102262,37.293345754125156,37.231241717882085,0.5,0.5,0.064130911881171926,-0.069798955624293058,25,0.49721563202288832,0,0,-0.062104036243070482,-2.2337508198688738e-07,4.9960036108132044e-15,0,0,0,0,1,0
52,1,37.231241717882085,37.731241717882085,37.731241717882085,37.856774269915306,37.891437533566567,37.776675859463126,38.255102831895378,38.191396298583854,0.5,0.5,0.12553255203322067,-0.080098410452180246,26,0.47842697243225674,0,0,-0.063706533311524538,-1.126905203818751e-06,-3.9968028886505635e-15,0,0,0,0,1,0
53,1,38.191396298583854,38.691396298583854,38.691396298583854,38.758461096226931,38.793123117158736,38.707597917840161,38.718688802238461,38.654210144553041,0.5,0.5,0.067064797643077156,-0.050863178386769903,29,0.4613081314075772,1,-0.45021724700927734,-0.06447865768542016,-1.2514553304754372e-06,-1.1102230246251565e-16,0,0,0,0,1,0
54,1,38.654210144553041,39.154210144553041,39.154210144553041,39.302714169726777,39.303164195369853,39.22823690815374,39.022797884805371,38.957813500362072,0.5,0.5,0.14850402517373595,-0.074477261573036913,29,0.4433561045202864,1,-0.64879512786865234,-0.064984384443299348,-5.5184757030701803e-07,-2.7755575615628914e-15,0,0,0,0,1,0
55,1,38.957813500362072,39.457813500362072,39.457813500362072,39.509823676193051,39.635215092110187,39.421122541710957,39.29150365024919,39.226072259688834,0.5,0.5,0.052010175830979222,-0.08870113448209338,29,0.41342233778628734,1,-0.54304122924804688,-0.065431390560355851,-8.7987331198746688e-08,-7.7715611723760958e-15,0,0,0,0,1,0
56,1,39.226072259688834,39.726072259688834,39.726072259688834,39.83753914703103,39.923491009882788,39.738829599049438,39.712292791279467,39.646159831132898,0.5,0.5,0.11146688734219623,-0.098709547981592038,29,0.39857973123149359,1,-0.42511653900146484,-0.066132960146568109,-9.2639641025016317e-07,-6.6613381477509392e-16,0,0,0,0,1,0
57,1,39.646159831132898,40.146159831132898,40.146159831132898,40.363853263469068,40.431129952708126,40.22136777697299,40.536505356781753,40.469000311019563,0.5,0.5,0.21769343233616922,-0.14248548649607784,25,0.60108824051431831,1,-0.28595066070556641,-0.067505045762189297,-4.6841486067705773e-07,1.0880185641326534e-14,0,0,0,0,1,0
58,1,40.469000311019563,40.969000311019563,40.969000311019563,41.098582065824097,41.16521022643667,41.000476926494827,41.466055389971494,41.397002247908517,0.5,0.5,0.12958175480453349,-0.09810513932927023,25,0.61161937991954674,1,-0.14604091644287109,-0.069053142062976747,-6.048813929737662e-07,-8.1046280797636427e-15,0,0,0,0,1,0
59,1,41.397002247908517,41.897002247908517,41.897002247908517,42.074556262753994,42.132251153509849,41.956931256280271,42.551806272186148,42.480945217196755,0.5,0.5,0.17755401484547662,-0.1176250064737232,29,0.5950609628398037,8,-0.00018594693392515182,-0.070861054989393324,-4.4003289190186479e-07,-9.9920072216264089e-16,0,0,0,0,1,0
60,1,42.480945217196755,42.980945217196755,42.980945217196755,43.14927737613845,43.345781218602575,42.966860718030226,43.548084207834101,43.47556401512292,0.5,0.5,0.16833215894169484,-0.18241665810822383,29,0.58147022980838758,16,-0.00024674000451341271,-0.072520192711181153,-4.973683900288961e-07,1.1102230246251565e-15,0,0,0,0,1,0
61,1,43.47556401512292,43.97556401512292,43.97556401512292,44.201033338149919,44.246525612636994,44.065552375968473,44.574915866867578,44.500685712088938,0.5,0.5,0.22546932302699929,-0.13548096218144678,33,0.50968188401033987,8,-0.00031839311122894287,-0.074230154778639701,-4.9858599737717668e-07,-5.9952043329758453e-15,0,0,0,0,1,0
62,1,44.500685712088938,45.000685712088938,45.000685712088938,45.169551067751854,45.259961398429688,45.039913050348318,45.346738608265575,45.271223312775213,0.5,0.5,0.16886535566291627,-0.12963801740353631,41,0.49918357488502718,1,-0.19235801696777344,-0.075515295490362178,-3.393566601062048e-07,3.4416913763379853e-15,0,0,0,0,1,0
63,1,45.271223312775213,45.771223312775213,45.771223312775213,46.055641886132889,46.260797059607093,45.810855091290058,45.610147799961673,45.534193223276141,0.5,0.5,0.28441857335767651,-0.24478679484283106,41,0.49158301476290883,1,-0.69229030609130859,-0.075954576685532516,-9.7084586769824455e-07,1.4876988529977098e-14,0,0,0,0,1,0
64,1,45.534193223276141,46.034193223276141,46.034193223276141,46.414675021490218,46.593513491712358,46.135015061354807,46.065441547199868,45.988729590113103,0.5,0.5,0.38048179821407757,-0.27965996013541172,41,0.48958671838901324,1,-0.55916023254394531,-0.076711957086764926,-1.6028551641511513e-07,-7.1054273576010019e-15,0,0,0,0,1,0
65,1,45.988729590113103,46.488729590113103,46.488729590113103,46.841650036760853,47.01031298515511,46.580858772185046,46.656399664730252,46.578702882598172,0.5,0.5,0.35292044664775091,-0.2607912645758077,41,0.48460613912723555,1,-0.40906524658203125,-0.077696782132079534,-8.753883875556312e-07,1.609823385706477e-15,0,0,0,0,1,0
66,1,46.578702882598172,47.078702882598172,47.078702882598172,47.514533926222256,47.658597922654806,47.224586432434329,47.463113648070419,47.3840734467299,0.5,0.5,0.4358310436240842,-0.28994749378792761,45,0.48136226049692737,1,-0.24283504486083984,-0.079040201340518479,-8.9101516209666443e-07,2.2759572004815709e-15,0,0,0,0,1,0
67,1,47.3840734467299,47.8840734467299,47.8840734467299,48.291964975797434,48.438245227442806,48.014879368152883,48.426589348815391,48.345944900191427,0.5,0.5,0.40789152906753401,-0.27708560764455115,49,0.48114223926845912,1,-0.069432258605957031,-0.080644448623964138,-6.8277412168527007e-07,5.6621374255882984e-15,0,0,0,0,1,0
68,1,48.345944900191427,48.845944900191427,48.845944900191427,49.223054290183931,49.35575103963729,48.968150760108088,49.449868756753936,49.367519646100554,0.5,0.5,0.37710938999250487,-0.25490353007584332,41,0.48171799664584991,0,0,-0.08234911065338224,-1.2994416422884569e-06,-1.6653345369377348e-15,0,0,0,0,1,0
69,1,49.367519646100554,49.867519646100554,49.867519646100554,50.146919790113451,50.399009306348873,49.881175040704598,50.364709607260771,50.280837019241602,0.5,0.5,0.27940014401289659,-0.26574474940885295,41,0.48353456655617838,0,0,-0.083872588019168859,-1.3118611406071068e-06,-5.1625370645069779e-15,0,0,0,0,1,0
70,1,50.280837019241602,50.780837019241602,50.780837019241602,51.168378832588402,51.408525132093999,50.85453471218797,51.340639802738288,51.255142030883981,0.5,0.5,0.38754181334680027,-0.3138441204004323,45,0.48610509055031709,0,0,-0.085497771854306848,-1.2999674936509109e-06,6.106226635438361e-16,0,0,0,0,1,0
71,1,51.255142030883981,51.755142030883981,51.755142030883981,52.100427464912158,52.469400364138345,51.743298242541726,51.555689470329114,51.469834289044307,0.5,0.5,0.34528543402817746,-0.35712922237043188,49,0.49046485007371221,9,-0.67807362228631973,-0.085855181284806292,-5.9177559563750037e-07,-5.440092820663267e-15,0,0,0,0,1,0
72,1,51.469834289044307,51.969834289044307,51.969834289044307,52.447364744385361,52.773349971901283,52.045606332538483,51.92750267148611,51.841028170740621,0.5,0.5,0.47753045534105354,-0.40175841184687755,53,0.49682200128700948,21,-0.61492566233937396,-0.086474500745488569,-7.386466691627902e-07,-8.8817841970012523e-15,0,0,0,0,1,0
73,1,51.841028170740621,52.341028170740621,52.341028170740621,52.809290553919723,53.112025716832278,52.423790899100467,52.463343958791668,52.375977531215071,0.5,0.5,0.46826238317910196,-0.38549965481925597,53,0.5007218834549112,9,-0.46116882376372814,-0.087366427576597516,-3.4041648433458249e-07,1.7985612998927536e-14,0,0,0,0,1,0
74,1,52.375977531215071,52.875977531215071,52.875977531215071,53.424841460178563,53.739404538252465,52.99312826237017,53.21273291508485,53.124117921445922,0.5,0.5,0.54886392896349179,-0.43171319780839212,53,0.50490872223372429,1,-0.28530406951904297,-0.088614993638927331,-9.650414085626835e-07,-2.2204460492503131e-15,0,0,0,0,1,0
75,1,53.124117921445922,53.624117921445922,53.624117921445922,54.120441068856714,54.538998845670292,53.663000885762578,54.08042875542872,53.990369384997081,0.5,0.5,0.49632314741079142,-0.45744018309413548,54,0.50920662485412815,1,-0.091778755187988281,-0.090059370431639252,-3.8646726352453697e-07,1.8873791418627661e-15,0,0,0,0,1,0
76,1,53.990369384997081,54.490369384997081,54.490369384997081,54.919989193713093,55.310983229056021,54.50968287752606,55.089020540677581,54.997281014196645,0.5,0.5,0.42961980871601213,-0.41030631618703239,61,0.57933766315153878,0,0,-0.091739526480935751,-9.5613938100314044e-07,-1.865174681370263e-14,0,0,0,0,1,0
77,1,54.997281014196645,55.497281014196645,55.497281014196645,56.055923079358024,56.455200934093931,55.576963576884026,56.272234660675316,56.17852400654251,0.5,0.5,0.55864206516137926,-0.4789595024739981,53,0.69527108379129532,0,0,-0.093710654132806326,-1.7025661662728453e-06,-4.9960036108132044e-15,0,0,0,0,1,0
78,1,56.17852400654251,56.67852400654251,56.67852400654251,57.239361198069368,57.641689754142206,56.757778180124966,57.458248303663574,57.362563468810897,0.5,0.5,0.56083719152685774,-0.48158301794440206,53,0.70047012353859361,0,0,-0.095684834852676204,-8.4007518097450884e-07,1.4321877017664519e-14,0,0,0,0,1,0
79,1,57.362563468810897,57.862563468810897,57.862563468810897,58.354099745005243,58.73385777869602,57.918452653527623,58.127236767889578,58.030437824600547,0.5,0.5,0.49153627619434559,-0.4356470914776196,57,0.70614774498600852,3,-0.49736363062402233,-0.096798943289030603,-8.9629785549050212e-07,-3.1974423109204508e-14,0,0,0,0,1,0
80,1,58.030437824600547,58.530437824600547,58.530437824600547,59.021687924619492,59.404192658644554,58.584810424036164,58.715010106400783,58.617231293383369,0.5,0.5,0.49125010001894509,-0.43687750058332853,61,0.71227819186299757,3,-0.58207850949838758,-0.097778813017413313,-1.9596283067357945e-06,9.2148511043887993e-15,0,0,0,0,1,0
81,1,58.617231293383369,59.117231293383369,59.117231293383369,59.766860404955139,60.10001620414068,59.275467486703313,59.574323733136488,59.475114496050551,0.5,0.5,0.64962911157176961,-0.49139291825182596,61,0.71844091560593726,5,-0.41958466917276382,-0.099209237085936763,-1.3870514123937028e-06,1.5543122344752192e-15,0,0,0,0,1,0
82,1,59.475114496050551,59.975114496050551,59.975114496050551,60.615049109460109,61.057550726348076,60.073830986590316,60.565308791892555,60.464449351148879,0.5,0.5,0.63993461340955804,-0.54121812286979321,61,0.72431604482302048,9,-0.23283823952078819,-0.10085944074367603,-1.3244377825571974e-06,6.5503158452884236e-15,0,0,0,0,1,0
83,1,60.464449351148879,60.964449351148879,60.964449351148879,61.726788581017026,62.151058549021812,61.133483943619545,61.820600618687145,61.71765161589542,0.5,0.5,0.76233922986814662,-0.59330463739748041,61,0.72978553660832757,21,-0.042668861540732905,-0.10294900279172481,-4.7579386830420844e-07,4.9960036108132044e-15,0,0,0,0,1,0
84,1,61.71765161589542,62.21765161589542,62.21765161589542,62.877310052640311,63.335976653121755,62.318146880433765,63.052756966753456,62.947756098222641,0.5,0.5,0.65965843674489122,-0.55916317220654577,70,0.7347922766475985,8,-0.00018219032790511847,-0.10500086853081569,-4.578599899218716e-07,-2.4424906541753444e-15,0,0,0,0,1,0
85,1,62.947756098222641,63.447756098222641,63.447756098222641,64.205865737235854,64.551566393505908,63.653960076380763,64.335766205934959,64.228628939306802,0.5,0.5,0.75810963901321315,-0.55190566085509118,81,0.68180612955427788,0,0,-0.10713726662815759,-2.8804987550756778e-07,-8.1268325402561459e-14,0,0,0,0,1,0
86,1,64.228628939306802,64.728628939306802,64.728628939306802,65.461709567062883,65.789084153349634,64.931481461920285,65.60848769088922,65.499229859190564,0.5,0.5,0.73308062775608107,-0.53022810514259788,69,0.68369911532147432,1,-0.0066928863525390625,-0.1092578316986561,-1.4171906457249861e-06,-3.3306690738754696e-16,0,0,0,0,1,0
87,1,65.499229859190564,65.999229859190564,65.999229859190564,66.75423016861005,67.157395575431806,66.175147145263992,66.270644195383738,66.160284396299616,0.5,0.5,0.75500030941948637,-0.57908302334605821,69,0.68224040491709714,2,-0.58674335479736328,-0.1103597990841223,-7.0947915276065032e-07,1.2656542480726785e-14,0,0,0,0,1,0
88,1,66.160284396299616,66.660284396299616,66.660284396299616,67.47982166468168,67.837216288884292,66.891355382824088,67.055868937483197,66.944201628938174,0.5,0.5,0.81953726838206364,-0.58846628185759187,69,0.68250366696381115,2,-0.5179901123046875,-0.11166730854502305,-6.0093323384080577e-07,-1.4432899320127035e-14,0,0,0,0,1,0
89,1,66.944201628938174,67.444201628938174,67.444201628938174,68.24252409709969,68.577231976966402,67.676008525415284,67.928131103396197,67.815010042761614,0.5,0.5,0.79832246816151553,-0.56651557168440547,69,0.68231981690302079,2,-0.43019723892211914,-0.11312106063458316,-1.7934513323325518e-06,1.1213252548714081e-14,0,0,0,0,1,0
90,1,67.815010042761614,68.315010042761642,68.315010042761642,69.193806542969924,69.50602658139438,68.598297880787328,69.003811274442057,68.888899976503097,0.5,0.50000000000002842,0.87879650020828137,-0.59550866218259557,73,0.68068467356194495,2,-0.27517127990722656,-0.11491129793895993,-7.2352121094354516e-07,1.0880185641326534e-14,0,0,0,0,1,0
91,1,68.888899976503097,69.388899976503097,69.388899976503097,70.2732394277255,70.596718231200256,69.669329871966681,70.273536875471081,70.15651096624525,0.5,0.5,0.88433945122240232,-0.60390955575881833,73,0.67840144971047145,6,-0.074194446206092834,-0.11702590922583056,-8.8785988339168398e-07,2.0539125955565396e-14,0,0,0,0,1,0
92,1,70.15651096624525,70.65651096624525,70.65651096624525,71.646673590921623,72.015181238870312,70.96733777184032,71.60813403801599,71.488885436365905,0.5,0.5,0.99016262467637262,-0.67933581908130236,73,0.6761401255204007,9,-0.03534385934472084,-0.11924860165008511,-1.1041086338536843e-06,-9.9920072216264089e-15,0,0,0,0,1,0
93,1,71.488885436365905,71.988885436365905,71.988885436365905,73.003703380368918,73.372122745135627,72.31208501414055,72.951108314893375,72.829623479015353,0.5,0.5,1.0148179440030134,-0.69161836622836859,73,0.67395084144437545,18,-0.034927540691569448,-0.12148483587802161,-9.1193179230231181e-07,1.9206858326015208e-14,0,0,0,0,1,0
94,1,72.829623479015353,73.329623479015353,73.329623479015353,74.332937430533718,74.692696734152477,73.651400951660492,74.297775456851213,74.17404763447405,0.5,0.5,1.0033139515183649,-0.68153647887322677,77,0.81629971461658191,9,-0.16992520942585543,-0.12372782237716251,-1.3223763204450734e-06,-5.440092820663267e-15,0,0,0,0,1,0
95,1,74.17404763447405,74.67404763447405,74.67404763447405,75.700631879203002,76.121782597716901,74.976764034158521,75.105475821813059,74.980403223805453,0.5,0.5,1.0265842447289515,-0.72386784504448087,77,0.83203946818502916,10,-0.70332768053049222,-0.12507259800760551,-1.0518246824631206e-06,1.1102230246251565e-15,0,0,0,0,1,0
96,1,74.980403223805453,75.480403223805453,75.480403223805453,76.549220585997986,76.927762811948,75.825541981209781,76.105024739587165,75.978286703831074,0.5,0.5,1.068817362192533,-0.72367860478820489,77,0.8282199755838956,10,-0.54873721720650792,-0.12673803575609099,-1.9620901667849466e-06,-3.8857805861880479e-15,0,0,0,0,1,0
97,1,75.978286703831074,76.478286703831074,76.478286703831074,77.588865231391765,77.924575326239207,76.865721400753912,77.309786492107875,77.181042638752942,0.5,0.5,1.1105785275606905,-0.72314383063785215,77,0.82436704371605773,2,-0.38030195236206055,-0.12874385335493344,-1.5156515900116574e-06,-3.4416913763379853e-14,0,0,0,0,1,0
98,1,77.181042638752942,77.681042638752942,77.681042638752942,78.768009183114302,79.108100724885318,78.054480795245198,78.657377890750652,78.526389448176388,0.5,0.5,1.0869665443613599,-0.71352838786910411,81,0.82063763124155809,2,-0.21774053573608398,-0.13098844257426379,-1.9896714320566389e-06,-1.9428902930940239e-14,0,0,0,0,1,0
99,1,78.526389448176388,79.026389925013547,79.026389925013547,80.163927503124555,80.487416639326909,79.43341272946283,80.096915958918416,79.963531035017709,0.5,0.5000004768371582,1.137537578111008,-0.73051477366172435,81,0.81694751961673429,3,-0.15344429016113281,-0.13338492390070655,-1.2389716346206114e-06,-1.5876189252139739e-14,0,0,0,0,1,0
100,1,79.963531035017709,80.463531511854868,80.463531511854868,81.620949097884136,82.019461071421773,80.842983938068642,81.483377630892136,81.347684298994352,0.5,0.5000004768371582,1.1574175860292684,-0.77796515981549419,88,0.81349464116623904,1,-0.17310094833374023,-0.13569333189778376,-8.019327708552737e-07,-9.0046858858272572e-12,0,0,0,0,1,0
101,1,81.347684298994352,81.84768477583151,81.84768477583151,83.105163603766741,83.474057238308518,82.291977362685088,82.966604829531406,82.828440911109851,0.5,0.5000004768371582,1.2574788279352305,-0.81318624108165238,97,0.810125036886718,1,-0.1354975700378418,-0.1381639184215544,-1.4018535523518949e-06,-2.5589530494585233e-12,0,0,0,0,1,0
102,1,82.828440911109851,83.328441387947009,83.328441387947009,84.568482921057367,85.003073521132663,83.731166216968901,84.437334044298709,84.296720775330385,0.5,0.5000004768371582,1.2400415331103574,-0.83731670408846526,97,0.8056589467172145,1,-0.099491119384765625,-0.14061326896832327,-1.5784234932425534e-06,-2.64177568709556e-12,0,0,0,0,1,0
103,1,84.296720775330385,84.796720775330385,84.796720775330385,86.047982686903282,86.480727798411607,85.205978842117418,85.39686484829258,85.254653792655049,0.5,0.5,1.2512619115728967,-0.84200384478586443,97,0.80241047538248156,10,-0.61152446921914816,-0.14221105563753156,-1.4789208648835483e-06,1.1829093260473655e-11,0,0,0,0,1,0
104,1,85.254653792655049,85.754653792655049,85.754653792655049,87.065347294665216,87.529250241853006,86.178049251051277,86.488591461312552,86.344562709854472,0.5,0.5,1.3106935020101673,-0.8872980436139386,105,0.79966810288585133,14,-0.48912589263636619,-0.14402875145808025,-1.1457092767841459e-06,1.1789791365401925e-11,0,0,0,0,1,0
105,1,86.344562709854472,86.84456318669163,86.84456318669163,88.204981035759985,88.634068872534328,87.310228171167097,87.664083461616485,87.518096861866809,0.5,0.5000004768371582,1.3604178490683552,-0.89475286459288839,109,0.79703728201490209,3,-0.44318199157714844,-0.14598659974967632,-1.4722571393122053e-06,1.163469320886179e-11,0,0,0,0,1,0
106,1,87.518096861866809,88.018097338703967,88.018097338703967,89.328471656054532,89.710162363074218,88.482439129952638,89.013333665832249,88.865101189003141,0.5,0.5000004768371582,1.3103743173505649,-0.84603252610189372,113,0.94402863392105996,2,-0.41313409805297852,-0.1482324768291079,-4.7176365569612244e-07,1.1529444066127326e-11,0,0,0,0,1,0
107,1,88.865101189003141,89.365101665840299,89.365101665840299,90.761257553934101,91.155477896281013,89.866069079200201,90.530746149734512,90.37998609206636,0.5,0.5000004768371582,1.3961558880938014,-0.8951884747338994,115,0.9536532629970873,2,-0.28897619247436523,-0.15076005766815115,-1.137973583809071e-06,1.1588063841827534e-11,0,0,0,0,1,0
108,1,90.37998609206636,90.879986568903519,90.879986568903519,92.255287681675853,92.614807893350459,91.387877307651223,92.157159424192656,92.003690747509566,0.5,0.5000004768371582,1.375301112772334,-0.8674103740246295,121,0.94883133375410489,2,-0.17954921722412109,-0.15346867668309017,-1.3256695012842101e-06,1.1449174941446927e-11,0,0,0,0,1,0
109,1,92.003690747509566,92.503690747509566,92.503690747509566,93.940221594479624,94.390565780575002,92.996784288074338,93.852663777285329,93.696371419848035,0.5,0.5,1.436530846970058,-0.94343730640528634,121,0.94426840904137677,2,-0.088388919830322266,-0.15629235743729453,-1.5192053410828521e-06,-6.2949645496246376e-14,0,0,0,0,1,0
110,1,93.696371419848035,94.196371896685193,94.196371896685193,95.646233125896359,96.087962258162747,94.700437338636192,95.595326986028368,95.436131789067844,0.5,0.5000004768371582,1.4498612292111659,-0.94579578726016678,129,0.9397981709517208,2,-0.044908523559570312,-0.15919519696052475,-2.3388744097019298e-06,2.5868196473766147e-14,0,0,0,0,1,0
111,1,95.436131789067844,95.936132265905002,95.936132265905002,97.396012271283539,97.932273199300539,96.397942306930204,96.761875702570578,96.600738785712238,0.5,0.5000004768371582,1.4598800053785368,-0.99806996435333417,137,0.93566671228594489,12,-0.57173331663943827,-0.16113691685833942,-1.430087891662879e-06,-6.1334270995416773e-12,0,0,0,0,1,0
112,1,96.600738785712238,97.100738785712238,97.100738785712238,98.579332617794705,99.07957253464599,97.589914803011482,97.943558332763047,97.780453700508488,0.5,0.5,1.478593832082467,-0.98941781478322355,137,0.93214909872800267,15,-0.57850556896300986,-0.16310463225455862,-1.3146165116495467e-06,-1.3427592371328956e-11,0,0,0,0,1,0
113,1,97.780453700508488,98.280454177345646,98.280454177345646,99.800468877597609,100.35636116731551,98.762514819847027,99.184760789316854,99.019589263334709,0.5,0.5000004768371582,1.5200147002519628,-1.0379540577505821,141,0.92752613808204498,28,-0.50528016861426295,-0.16517152598214579,-1.2603794061760709e-06,2.0452528559644634e-12,0,0,0,0,1,0
114,1,99.019589263334709,99.519589740171867,99.519589740171867,101.16418713808454,101.67451156448567,100.0867265313359,100.59434208718676,100.4268233600702,0.5,0.5000004768371582,1.6445973979126762,-1.0774606067486445,145,0.92395917526915461,12,-0.41634361943579279,-0.16751872711655835,-1.1158582537973416e-06,1.749989042565403e-11,0,0,0,0,1,0
115,1,100.4268233600702,100.9268233600702,100.9268233600702,102.51060803514058,103.03976512079225,101.45413757333813,102.14796557890028,101.97785955835201,0.5,0.5,1.5837846750703761,-1.0564704618024479,153,0.92094286610871756,4,-0.22711486055050045,-0.17010602054827473,-1.1932424968108535e-06,3.93618471150603e-12,0,0,0,0,1,0
116,1,101.97785955835201,102.47785955835201,102.47785955835201,104.04166146690817,104.53682084861236,103.01218028004325,103.97296063727626,103.79981520498602,0.5,0.5,1.5638019085561581,-1.0294811868649134,157,1.0716287840518208,2,-0.11084842681884766,-0.17314543229024082,-1.4796581382370277e-06,3.2418512319054571e-14,0,0,0,0,1,0
117,1,103.79981520498602,104.29981568182318,104.29981568182318,105.89729867984616,106.4788348069582,104.80778976798992,105.8635205496159,105.68722632400264,0.5,0.5000004768371582,1.5974829980229828,-1.0895089118562424,165,1.0750031090490617,2,-0.019272327423095703,-0.1762942256132618,-1.9639025339301952e-06,1.6209256159527285e-14,0,0,0,0,1,0
118,1,105.68722632400264,106.18722632400264,106.18722632400264,107.84526820879906,108.44515124370515,106.71630576888622,107.51401651116122,107.33497421096251,0.5,0.5,1.6580418847964182,-1.12896243991284,161,1.0693486588399967,2,-0.27163791656494141,-0.17904230019870226,-1.5027835189584948e-06,-5.440092820663267e-14,0,0,0,0,1,0
119,1,107.33497421096251,107.83497421096251,107.83497421096251,109.52399419188907,110.22075302559254,108.33110315591635,108.85718514181228,108.67590620187232,0.5,0.5,1.6890199809265596,-1.1928910359727212,161,1.0640392877249456,10,-0.53795730182901025,-0.1812789399399577,-1.3924665580589135e-06,-7.3274719625260332e-15,0,0,0,0,1,0
120,1,108.67590620187232,109.17590620187232,109.17590620187232,110.92034768133774,111.64416640220465,109.68621765685239,110.25854827049901,110.07493582991486,0.5,0.5,1.7444414794654222,-1.2341300244853528,161,1.0589074234273592,13,-0.48657680978067219,-0.18361244058414172,-1.2329967944424425e-06,-7.3496764230185363e-14,0,0,0,0,1,0
121,1,110.07493582991486,110.57493630675202,110.57493630675202,112.32728252674073,113.01387877485202,111.10781157260499,111.78224477042939,111.59609418159405,0.5,0.5000004768371582,1.7523462199887092,-1.219470954135744,161,1.0540245352877671,15,-0.37959133746335283,-0.18615058883533209,-2.0019813717908619e-06,-1.5099033134902129e-14,0,0,0,0,1,0
122,1,111.59609418159405,112.09609418159405,112.09609418159405,113.82964920921664,114.50201811309968,112.62668778131432,113.40779564442012,113.21893798457884,0.5,0.5,1.733555027622586,-1.2029614279023235,162,1.0486424988352088,6,-0.26753463572822511,-0.18885765984127545,-2.0778050071612597e-06,-1.1812772982011666e-12,0,0,0,0,1,0
123,1,113.21893798457884,113.718938461416,113.718938461416,115.39175791699708,116.07527109206166,114.21359242794115,115.0978093533755,114.90613781584071,0.5,0.5000004768371582,1.6728194555810774,-1.1781654890559281,179,1.045079371265176,1,-0.16086244583129883,-0.19167153753478772,-1.6117329550979775e-06,4.674038933671909e-13,0,0,0,0,1,0
124,1,114.90613781584071,115.40613829267787,115.40613829267787,117.19319439435161,117.98896383511985,115.90178159218871,116.97631953552525,116.7815196471246,0.5,0.5000004768371582,1.7870561016737412,-1.2914128021628954,193,1.1516768440934086,2,-0.077138900756835938,-0.19479988840065232,-1.7196787922557633e-06,-3.5527136788005009e-14,0,0,0,0,1,0
125,1,116.7815196471246,117.2815196471246,117.2815196471246,119.01796579837064,119.80703170510591,117.75520958170665,118.44803103021565,118.25078125675438,0.5,0.5,1.7364461512460423,-1.2627562166639876,193,1.2073993141096544,2,-0.51457786560058594,-0.19724977346126593,-7.9499251626202749e-07,-7.460698725481052e-14,0,0,0,0,1,0
126,1,118.25078125675438,118.75078173359154,118.75078173359154,120.54806362231595,121.39917910177481,119.22386561519544,119.84723504064912,119.64765378098934,0.5,0.5000004768371582,1.7972818887244131,-1.3241980071205148,193,1.197583407082131,2,-0.57421398162841797,-0.19958125965978013,-2.2166108522014838e-06,-2.4424906541753444e-14,0,0,0,0,1,0
127,1,119.64765378098934,120.14765378098934,120.14765378098934,122.00740101877696,122.9145820662886,120.62393775120125,121.32627497032965,121.12423067301931,0.5,0.5,1.8597472377876159,-1.3834632675757064,193,1.1912607361842047,12,-0.4889235170558095,-0.20204429731033713,-2.24062820564086e-06,2.2204460492503131e-16,0,0,0,0,1,0
128,1,121.12423067301931,121.62423067301931,121.62423067301931,123.54144483578102,124.42935117993675,122.13888382874998,122.9526625618598,122.74791032854584,0.5,0.5,1.9172141627617094,-1.4025610070310393,193,1.1852165935116044,21,-0.37143786040178384,-0.20475223331395398,-1.7880815050830279e-06,-6.6613381477509392e-15,0,0,0,0,1,0
129,1,122.74791032854584,123.24791032854584,123.24791032854584,125.12569555494356,126.03064098263032,123.73432973098099,124.66196537462059,124.45436683055102,0.5,0.5,1.8777852263977195,-1.3913658239625732,193,1.1794488892494046,19,-0.25181324560981011,-0.2075985440695689,-1.6333385985944915e-06,9.7699626167013776e-15,0,0,0,0,1,0
130,1,124.45436683055102,124.95436730738818,124.95436730738818,126.77236050425047,127.64338252729767,125.42785347480286,126.46689217208178,126.25628762986784,0.5,0.5000004768371582,1.8179931968622896,-1.3445070294476125,200,1.1731620119168864,5,-0.13412331463769078,-0.21060454221394309,-1.9254031116133774e-06,-2.6978419498391304e-13,0,0,0,0,1,0
131,1,126.25628762986784,126.75628762986784,126.75628762986784,128.7013907132901,129.68922845625727,127.23492045401768,127.95867727025576,127.74558860537798,0.5,0.5,1.9451030834222536,-1.4664702592724126,201,1.1697054170133261,2,-0.44594860076904297,-0.21308866487778744,-1.8101767693678994e-06,-6.2034821723955247e-12,0,0,0,0,1,0
132,1,127.74558860537798,128.24558908221505,128.24558908221505,130.19053270100525,131.26446756103314,128.68109336788203,129.30477927920688,129.08944844487738,0.5,0.50000047683707294,1.9449436187902052,-1.5094393331232254,225,1.2476082593582372,1,-0.62392234802246094,-0.21533083432950662,-2.3446778243396693e-06,-1.092059775942289e-11,0,0,0,0,1,0
133,1,129.08944844487738,129.58944892171453,129.58944892171453,131.53493723948324,132.57922862906503,130.04004835507791,130.8332586820222,130.61538290059366,0.5,0.5000004768371582,1.9454883177687066,-1.4948888844053272,225,1.3262284391267902,1,-0.53301811218261719,-0.21787578142854613,-1.9476439945265156e-06,1.1746159600534156e-13,0,0,0,0,1,0
134,1,130.61538290059366,131.11538337743082,131.11538337743082,133.15467413478191,134.22726594975299,131.5987327671732,132.50881298663603,132.28814547734572,0.5,0.5000004768371582,2.0392907573510968,-1.5559413676087104,225,1.3183335790711095,9,-0.40825335960835218,-0.22066750929030832,-3.410677777537785e-06,6.9944050551384862e-14,0,0,0,0,1,0
135,1,132.28814547734572,132.78814547734572,132.78814547734572,134.69783065894399,135.76746066788181,133.20817320713641,134.24069118217247,134.0171412610832,0.5,0.5,1.9096851815982632,-1.4896574518075738,225,1.3110936055744993,17,-0.2785756305383984,-0.22354992108927263,-1.7626746569021634e-06,-4.3298697960381105e-14,0,0,0,0,1,0
136,1,134.0171412610832,134.51714173792035,134.51714173792035,136.55070287639302,137.62859403372798,134.99497793427446,136.14509569678211,135.91837511493998,0.5,0.5000004768371582,2.0335611384726633,-1.5557249421185588,225,1.3032111005202622,1,-0.15309333801269531,-0.22672058184213029,-1.0592275998533296e-06,8.1046280797636427e-14,0,0,0,0,1,0
137,1,135.91837511493998,136.41837511493998,136.41837511493998,138.43601764007079,139.54467304998676,136.8728691860656,137.71231738703108,137.48298653283746,0.5,0.5,2.0176425251308103,-1.5631484540051872,225,1.2967293136364735,2,-0.45728111267089844,-0.22933085419361987,-1.4707424611515307e-06,-9.7033492352238682e-14,0,0,0,0,1,0
138,1,137.48298653283746,137.98298653283746,137.98298653283746,139.93942179166262,141.09531166961713,138.38325911711578,139.02736696432655,138.79584629451324,0.5,0.5,1.9564352588251666,-1.5561626745468402,225,1.2910366344422437,1,-0.64692878723144531,-0.23152066981330677,-1.3623635766180087e-06,-3.6415315207705135e-14,0,0,0,0,1,0
139,1,138.79584629451324,139.29584629451324,139.29584629451324,141.35651279442686,142.6124058796311,139.69823346412883,140.52908635337255,140.29506416634172,0.5,0.5,2.0606664999136228,-1.6582793302980292,229,1.3723162643353524,1,-0.54146337509155273,-0.23402218703083122,-2.0983284230169374e-06,-8.4376949871511897e-14,0,0,0,0,1,0
140,1,140.29506416634172,140.79506416634172,140.79506416634172,142.93728318276231,144.11124293879061,141.27919295738195,142.28325976081811,142.04631584264436,0.5,0.5,2.1422190164205972,-1.6580902253803629,235,1.4190633338254768,9,-0.41499653039500117,-0.23694391817375049,-2.6419282619372098e-06,5.6845639306857265e-12,0,0,0,0,1,0
141,1,142.04631584264436,142.54631584264436,142.54631584264436,144.80566768657479,145.9552483075814,143.10120246589219,144.20117144471169,143.96103380435045,0.5,0.5,2.2593518439304319,-1.7044652206826072,241,1.3795437215833533,12,-0.27957474277354777,-0.2401376403612403,-2.5067159299396735e-06,9.6986862985204425e-12,0,0,0,0,1,0
142,1,143.96103380435045,144.46103380435045,144.46103380435045,146.57981325874403,147.74483335573694,144.93791447415558,146.16161658943858,145.91821445378173,0.5,0.5,2.1187794543935752,-1.6418987845884487,249,1.3714877972690318,9,-0.14778568196925335,-0.24340213565685076,-2.3145468048824114e-06,-1.6774581723666415e-11,0,0,0,0,1,0
143,1,145.91821445378173,146.41821445378173,146.41821445378173,148.48157634542594,149.64914290892705,146.86611196027366,147.70089404148462,147.45492838520983,0.5,0.5,2.063361891644206,-1.6154643851522792,253,1.36251016195157,2,-0.52772808074951172,-0.24596565627479094,-2.5092710984608857e-06,8.9019902560494302e-12,0,0,0,0,1,0
144,1,147.45492838520983,147.95492838520983,147.95492838520983,150.07029326431854,151.3034307727809,148.39604099111207,149.1073509414808,148.85904374737788,0.5,0.5,2.1153648791087107,-1.6742522732064629,257,1.3555961060706514,1,-0.64428615570068359,-0.2483071941029209,-1.9044360612952005e-06,-1.2383427616668996e-12,0,0,0,0,1,0
145,1,148.85904374737788,149.35904422421504,149.35904422421504,151.66979982709546,152.98099017600055,149.85882739435806,150.67353123757988,150.42261391319215,0.5,0.5000004768371582,2.3107556028804197,-1.810972432737401,257,1.3491046015408152,4,-0.53440075831895228,-0.25091732438772851,-3.9080962039861333e-06,-4.1966430330830917e-14,0,0,0,0,1,0
146,1,150.42261391319215,150.92261391319215,150.92261391319215,153.12490432272557,154.41475166201377,151.37883465091127,152.44483683948911,152.19097048988536,0.5,0.5,2.2022904095334184,-1.746069671814297,261,1.4639514441877348,3,-0.39794925561000127,-0.25386634960375432,-3.2158908140900166e-06,1.0702549957386509e-13,0,0,0,0,1,0
147,1,152.19097048988536,152.69097048988536,152.69097048988536,154.97342839207982,156.31397548267725,153.16192480222961,154.41204966783189,154.15490793611829,0.5,0.5,2.2824579021944658,-1.8115035898502185,263,1.504211499746547,9,-0.25408663414418697,-0.25714173171360244,-2.6404570121485449e-06,-7.1942451995710144e-14,0,0,0,0,1,0
148,1,154.15490793611829,154.65490793611829,154.65490793611829,156.82966849199514,158.17510285835519,155.06957071232486,156.4455462263999,156.18501853125019,0.5,0.5,2.1747605558768441,-1.760097779670275,265,1.4942882601868961,9,-0.11831274611176923,-0.26052769514970464,-2.265467486495254e-06,-8.9706020389712648e-14,0,0,0,0,1,0
149,1,156.18501853125019,156.68501900808735,156.68501900808735,158.92478642075562,160.29564830544444,157.11947178124638,157.9170034001443,157.65402502883555,0.5,0.5000004768371582,2.2397674126682716,-1.8053146395092483,275,1.4844872380398035,5,-0.68695561913773417,-0.26297837130874768,-2.5553950706580508e-06,-4.148681398419285e-12,0,0,0,0,1,0
150,1,157.65402502883555,158.15402502883555,158.15402502883555,160.48498871334851,161.91398899313765,158.60500613933951,159.46018829489904,159.19464005328788,0.5,0.5,2.330963684512966,-1.8799825740090057,277,1.4773364810049789,5,-0.62215432544326177,-0.26554824161115675,-2.5928231934813084e-06,-2.184696867857383e-12,0,0,0,0,1,0
151,1,159.19464005328788,159.69464005328788,159.69464005328788,162.09287435251272,163.61158485221097,160.13440208332005,161.10787133190905,160.83957861603125,0.5,0.5,2.3982342992248391,-1.9584722691926686,281,1.4698513267431492,3,-0.49638207815587521,-0.26829271587780568,-3.2156885652057099e-06,1.7239543126379431e-12,0,0,0,0,1,0
152,1,160.83957861603125,161.33957861603125,161.33957861603125,163.73394328592232,165.21968359660397,161.79389039790391,163.03927783149516,162.76776966608276,0.5,0.5,2.3943646698910754,-1.940052888018414,285,1.5950311408908422,1,-0.34964370727539062,-0.27150816541239919,-2.3351944662408641e-06,-2.4204194204457963e-11,0,0,0,0,1,0
153,1,162.76776966608276,163.26776966608276,163.26776966608276,165.63979969133058,167.18194115699174,163.68271418664978,165.10795090184229,164.83299722807845,0.5,0.5,2.3720300252478239,-1.9570855046808049,285,1.628286579809044,9,-0.20304986461997032,-0.27495367376383228,-2.9264259922001656e-06,3.4376945734493347e-12,0,0,0,0,1,0
154,1,164.83299722807845,165.33299722807845,165.33299722807845,167.61961432461794,169.13446601539485,165.71887943594402,166.97922918755785,166.70115941299511,0.5,0.5,2.2866170965394872,-1.9007348886739237,287,1.6151717310853486,10,-0.35482197947567329,-0.27806977456273785,-2.8274274939121824e-06,4.1551206919621109e-12,0,0,0,0,1,0
155,1,166.70115941299511,167.20115941299511,167.20115941299511,169.64727295634097,171.17975600112541,167.65797437196571,168.5736839620437,168.29295903799766,0.5,0.5,2.4461135433458594,-1.9892985843752626,290,1.6049405089603281,1,-0.68923091888427734,-0.28072492404604077,-2.765399642612465e-06,1.9442225607235741e-12,0,0,0,0,1,0
156,1,168.29295903799766,168.79295903799766,168.79295903799766,171.10372383764886,172.70379802607289,169.14830317815955,170.16743882235369,169.88405947752091,0.5,0.5,2.3107647996511957,-1.955420659489306,300,1.5970336697096448,1,-0.57789802551269531,-0.28337934483278104,-3.1402271361002931e-06,-2.8128610551902966e-12,0,0,0,0,1,0
157,1,169.88405947752091,170.38405947752091,170.38405947752091,172.8102121908212,174.47899194884229,170.76274765748687,171.9182280146108,171.63193328760298,0.5,0.5,2.4261527133002971,-2.0474645333343346,308,1.588939639037235,1,-0.43345928192138672,-0.28629472700782799,-2.9705207680308376e-06,8.0864204221597902e-12,0,0,0,0,1,0
158,1,171.63193328760298,172.13193328760298,172.13193328760298,174.55758915958134,176.20327545613725,172.52191871383027,173.99321264039273,173.70346348750095,0.5,0.5,2.4256558719783641,-2.0356704457510659,320,1.7496323588745275,1,-0.27833843231201172,-0.28974915289177261,-1.9687865346895705e-06,-6.3060667798708891e-14,0,0,0,0,1,0
159,1,173.70346348750095,174.20346348750095,174.20346348750095,176.64962120965518,178.37441902784676,174.56414394809457,176.18375990215935,175.89036198164183,0.5,0.5,2.4461577221542257,-2.0854772615606123,319,1.7496070346751464,9,-0.1299910806119442,-0.29339792051752056,-2.8648021839217108e-06,1.581845765485923e-12,0,0,0,0,1,0
160,1,175.89036198164183,176.39036245847899,176.39036245847899,178.9165532806249,180.66736941484524,176.77804927445675,177.83223008451861,177.53608749960867,0.5,0.5000004768371582,2.5261908221459066,-2.138504006168148,328,1.7350673021386134,16,-0.6808864920749329,-0.29614258490994416,-2.3669775828238926e-06,-1.8152146452621309e-12,0,0,0,0,1,0
161,1,177.53608749960867,178.03608797644583,178.03608797644583,180.54488588604161,182.25714962732349,178.43435382747785,179.52257039502322,179.2236127256962,0.5,0.5000004768371582,2.5087979095957849,-2.1105320585637628,327,1.7237489940331783,17,-0.63553242648777086,-0.29895766932702372,-2.5637458804794733e-06,-3.397282455352979e-14,0,0,0,0,1,0
162,1,179.2236127256962,179.7236127256962,179.7236127256962,182.22556408906644,183.91830236864968,180.12821888032843,181.30029609827713,180.99837717021356,0.5,0.5,2.5019513633702388,-2.0973452087380053,333,1.6685761515009268,5,-0.496498933552175,-0.30191892806357146,-3.4138047055876086e-06,-5.4622972811557702e-14,0,0,0,0,1,0
163,1,180.99837717021356,181.49837717021356,181.49837717021356,184.01902626843807,185.64755753302271,181.94443554239879,183.24412732619359,182.93897176066665,0.5,0.5,2.52064909822451,-2.0745907260392755,337,1.6401477927059822,1,-0.34045600891113281,-0.30515556552694534,-3.0306044891403872e-06,-5.0404125317982107e-14,0,0,0,0,1,0
164,1,182.93897176066665,183.43897176066665,183.43897176066665,186.01063942753123,187.65837702578594,183.90093741623127,185.48061987885956,185.17173989425606,0.5,0.5,2.5716676668645846,-2.1097020112999587,344,1.7634240321471755,1,-0.18374156951904297,-0.30887998460349309,-3.0663580048440053e-06,1.5165646516379638e-13,0,0,0,0,1,0
165,1,185.17173989425606,185.67174037109322,185.67174037109322,188.32062698438131,189.75861333726681,186.27718980218071,187.39390650462468,187.08184098727617,0.5,0.5000004768371582,2.6488866132880844,-2.0434371822005915,345,1.626793934007599,10,-0.51007723156362772,-0.31206551734851473,-2.4437133845367498e-06,-4.8849813083506888e-15,0,0,0,0,1,0
166,1,187.08184098727617,187.58184146411332,187.58184146411332,190.23111614209148,191.67028428187362,188.18689499560875,189.12256252928992,188.80761778343751,0.5,0.5000004768371582,2.6492746779781555,-2.0442211464827267,349,1.6137889258314537,9,-0.6781213921494782,-0.31494474585241505,-2.9782281387724652e-06,-8.0646600508771371e-13,0,0,0,0,1,0
167,1,188.80761778343751,189.30761826027467,189.30761826027467,191.95746912372783,193.46814634417331,189.87720394408572,190.94047842408301,190.62250604907848,0.5,0.5000004768371582,2.6498508634531674,-2.0802651796421117,367,1.6020014983748099,5,-0.53872701837099157,-0.31797237500452979,-3.2708335879760853e-06,-6.5285554740057705e-12,0,0,0,0,1,0
168,1,190.62250604907848,191.12250652591564,191.12250652591564,193.74702781477325,195.22102371165755,191.69777098111518,192.85621014904331,192.53504801567061,0.5,0.5000004768371582,2.6245212888576077,-2.0492568336580632,367,1.5346045579427361,1,-0.37616539001464844,-0.32116213337269528,-2.8020405125062098e-06,3.4861002973229915e-14,0,0,0,0,1,0
169,1,192.53504801567061,193.03504801567061,193.03504801567061,195.64940824694551,197.12236376271574,193.60575019149084,195.05836036173741,194.73353079260843,0.5,0.5,2.614360231274901,-2.0436580554546708,375,1.6654655092968798,1,-0.21285533905029297,-0.32482956912897976,-3.0440405680565163e-06,-1.4432899320127035e-14,0,0,0,0,1,0
170,1,194.73353079260843,195.23353126944559,195.23353126944559,197.87550851490798,199.40682149089719,195.7888633730407,197.0656765748017,196.73750485079631,0.5,0.5000004768371582,2.6419772454623853,-2.0866451418672796,381,1.6962150178986022,12,-0.4194018161375368,-0.32817172400538652,-2.4580621698078176e-06,-6.3948846218409017e-14,0,0,0,0,1,0
171,1,196.73750485079631,197.23750532763347,197.23750532763347,199.9236798251078,201.43677574251441,197.82404443450167,198.80366775841213,198.47260103119874,0.5,0.5000004768371582,2.686174497474326,-2.0996353906061245,385,1.6801453849269019,17,-0.70052206101651393,-0.33106672721339692,-3.2216396732565045e-06,7.1498362785860081e-14,0,0,0,0,1,0
172,1,198.47260103119874,198.97260150803589,198.97260150803589,201.77624045856925,203.20087076569723,199.66210473179297,200.71229780074844,200.37805218934611,0.5,0.5000004768371582,2.8036389505333545,-2.1141357267762828,389,1.6063001344657666,16,-0.55610706551033218,-0.33424561140233777,-3.7049479999495816e-06,4.5297099404706387e-14,0,0,0,0,1,0
173,1,200.37805218934611,200.87805266618327,200.87805266618327,203.58570586782182,205.08199529380562,201.48373500816891,202.68428288887236,202.3467529805979,0.5,0.5000004768371582,2.7076532016385499,-2.1019708596529085,394,1.5938918934455597,5,-0.39334401274465236,-0.33752990827446183,-4.0971335124595498e-06,2.546185484675334e-12,0,0,0,0,1,0
174,1,202.3467529805979,202.84675345743506,202.84675345743506,205.60813339519913,207.15432505409356,203.45434886114245,204.96108585656989,204.61976525829951,0.5,0.5000004768371582,2.761379937764076,-2.1537845340566832,410,1.7307994382512666,3,-0.22406244282386467,-0.34132059827038574,-3.2757330075128266e-06,4.3520742565306136e-14,0,0,0,0,1,0
175,1,204.61976525829951,205.11976573513667,205.11976573513667,207.82201172448674,209.43880988288549,205.66248837050301,207.02300452875059,206.67825062727314,0.5,0.5000004768371582,2.7022459893500752,-2.1595233539837295,419,1.7711057100086731,15,-0.41058955176108825,-0.34475390147744633,-2.9097755884777143e-06,-7.5495165674510645e-15,0,0,0,0,1,0
176,1,206.67825062727314,207.1782511041103,207.1782511041103,209.9719022610814,211.42206233901999,207.84999808448808,208.83150896584667,208.4837434187956,0.5,0.5000004768371582,2.7936511569710945,-2.1219041765933184,421,1.6925461158359876,16,-0.71103523447760963,-0.34776554705106832,-2.8915023904119153e-06,2.1005419625907962e-13,0,0,0,0,1,0
177,1,208.4837434187956,208.98374389563276,208.98374389563276,211.81263862525012,213.26325403365345,209.67288414394406,210.7862605411095,210.4352392948505,0.5,0.5000004768371582,2.8288947296173603,-2.1397544813060563,423,1.6762564633166099,27,-0.56288006615126562,-0.35102124625899478,-3.3846251028535335e-06,9.4591001698063337e-14,0,0,0,0,1,0
178,1,210.4352392948505,210.93523977168766,210.93523977168766,213.72057251178524,215.2134746727595,211.58145521982112,212.8372452132889,212.48280983682338,0.5,0.5000004768371582,2.7853327400975729,-2.1391172919641122,417,1.6459029768632885,19,-0.39011298339544709,-0.35443537646551704,-2.0538241187750828e-06,-6.9277916736609768e-14,0,0,0,0,1,0
179,1,212.48280983682338,212.98281031366054,212.98281031366054,215.81211627175423,217.35889236552089,213.62407578638684,215.06847697082395,214.71032466457279,0.5,0.5000004768371582,2.8293059580936983,-2.1880404853673951,431,1.6593121684990144,3,-0.21491098406187348,-0.35815230625115646,-3.3609765068831621e-06,-2.9087843245179101e-14,0,0,0,0,1,0
180,1,214.71032466457279,215.21032514140995,215.21032514140995,218.01105176546406,219.60236770596003,215.81502971987581,217.16749027766608,216.80584309144217,0.5,0.5000004768371582,2.8007266240541071,-2.1960220455882506,443,1.811411079029345,7,-0.458950521239057,-0.36164718622390524,-2.7988814395030204e-06,-2.1760371282653068e-14,0,0,0,0,1,0
181,1,216.80584309144217,217.30584356827933,217.30584356827933,220.11984700769239,221.54457102305673,218.00048035984159,219.02282258882263,218.65808460022328,0.5,0.5000004768371582,2.8140034394130566,-2.1193666478507964,443,1.7016922307578666,22,-0.67935000177677829,-0.36473798859935869,-3.9559502056363272e-06,-4.2521541843143495e-14,0,0,0,0,1,0
182,1,218.65808460022328,219.15808507706043,219.15808507706043,222.20356735335204,223.68930139107491,219.93795950270163,221.09902111702246,220.73082524350366,0.5,0.5000004768371582,3.0454822762916081,-2.2656078506504116,443,1.683694558327286,36,-0.52263294400656746,-0.36819587351880045,-4.391765713762652e-06,1.1046719095020308e-13,0,0,0,0,1,0
183,1,220.73082524350366,221.23082572034082,221.23082572034082,224.01007900410016,225.73370688411546,221.75863739091955,223.08423466695461,222.71273377293559,0.5,0.5000004768371582,2.7792532837593455,-2.2514416131806172,448,1.6664676262317899,42,-0.3408703501967999,-0.37150089401902164,-3.4785041691520746e-06,7.8714812445923599e-14,0,0,0,0,1,0
184,1,222.71273377293559,223.21273377293559,223.21273377293559,226.05086121156938,228.0289359481952,223.64275960624909,225.12924724819001,224.75434014979149,0.5,0.5,2.8381274386337907,-2.4081016053202973,457,1.6519645753103478,33,-0.16547693336919414,-0.37490709839852343,-4.1670708696983638e-06,-2.2801205368239152e-13,0,0,0,0,1,0
185,1,224.75434014979149,225.25434014979149,225.25434014979149,228.06731285977008,230.40265780247719,225.49315335099436,226.66238185842593,226.28492092254015,0.5,0.5,2.8129727099785953,-2.5741595087757219,463,1.8347694978603515,20,-0.66554099042872394,-0.37746093588577878,-4.9082086661655921e-06,-5.8397731095283234e-14,0,0,0,0,1,0
186,1,226.28492092254015,226.78492139937731,226.78492139937731,229.34023191990451,231.88888340274448,226.78824991526093,227.87958026685723,227.50009375966386,0.5,0.5000004768371582,2.5553105205272004,-2.5519820046435768,465,1.7649573724553684,23,-0.67362702085915771,-0.37948650719337707,-3.5049803557285486e-06,8.7263529735537304e-14,0,0,0,0,1,0
187,1,227.50009375966386,228.00009423650101,228.00009423650101,230.14853413752641,233.01751728766138,227.6398232156584,228.83750464278677,228.4564221900057,0.5,0.5000004768371582,2.1484399010253981,-2.5087109218680155,469,1.7430203537098954,35,-0.54533892658139393,-0.38108245278107233,-4.2395469108669204e-06,-1.2856382625159313e-13,0,0,0,0,1,0
188,1,228.4564221900057,228.95642266684285,228.95642266684285,230.67640279390525,233.96330259296451,228.17296304877149,229.4764758254947,229.09433002040811,0.5,0.5000004768371582,1.7199801270623993,-2.5034397451337611,473,1.7253048106565572,38,-0.42179203393334319,-0.38214580508659424,-3.5267767657387594e-06,-4.2188474935755949e-15,0,0,0,0,1,0
189,1,229.09433002040811,229.59433002040811,229.59433002040811,230.90756606127036,234.61098202951149,228.39924010388853,229.79658591014959,229.41390657992338,0.5,0.5,1.3132360408622503,-2.5083259573818282,493,1.7115107389496853,28,-0.31416493268864087,-0.38267933022621037,-3.9794234965029318e-06,1.3100631690576847e-14,0,0,0,0,1,0
190,1,229.41390657992338,229.91390705676054,229.91390705676054,230.66251008932693,234.5048961348034,228.36701490565423,229.95797651211575,229.5750289432637,0.5,0.5000004768371582,0.74860303256639327,-2.2954951836726991,487,1.8211248496000891,12,-0.23016324313863379,-0.38294756885204606,-3.457724119471095e-06,6.3948846218409017e-14,0,0,0,0,1,0
191,1,229.5750289432637,230.07502942010086,230.07502942010086,230.41751318172118,234.52022978246404,228.19491256238399,229.85349755005404,229.47072304781659,0.5,0.5000004768371582,0.34248376162031491,-2.2226006193371859,489,1.8254262090334508,10,-0.16684122136359747,-0.38277450223745291,-4.3776953191354551e-06,2.0028423364237824e-13,0,0,0,0,1,0
192,1,229.47072304781659,229.97072352465375,229.97072352465375,229.89020434697144,234.20676093158667,227.77218562204845,229.45432081892585,229.07221209212506,0.5,0.5000004768371582,-0.080519177682305099,-2.1180187249229903,500,1.8029478880561376,12,-0.12081269117874172,-0.38210872680079433,-3.3427506878069835e-06,8.8817841970012523e-16,0,0,0,0,1,0
193,1,229.07221209212506,229.57221256896221,229.57221256896221,229.12340948205278,233.71173814465797,227.05364574005566,228.75640828873807,228.37546214734664,0.5,0.5000004768371582,-0.44880308690943593,-2.0697637419971215,510,1.7890462500458471,20,-0.086283701363242926,-0.38094614139143346,-2.9761849589249323e-06,-1.8918200339612667e-13,0,0,0,0,1,0
194,1,228.37546214734664,228.87546214734664,228.87546214734664,228.20806955934202,233.03119677220994,226.13020345076015,227.85084600885156,227.47140832990556,0.5,0.5,-0.66739258800461698,-2.0778661085818726,514,1.7831824948289796,16,-0.062539936737493917,-0.37943767894600455,-2.5272802588460763e-06,-7.2830630415410269e-14,0,0,0,0,1,0
195,1,227.47140832990556,227.97140832990556,227.97140832990556,227.00059755996506,231.83166208829323,225.07047053958479,226.93903326803087,226.56111245323376,0.5,0.5,-0.97081076994049909,-1.9301270203802687,520,1.9130053436796064,16,-0.044442615233720062,-0.3779208147971076,-4.0854309872884187e-06,1.9295676167985221e-13,0,0,0,0,1,0
196,1,226.56111245323376,227.06111293007092,227.06111293007092,225.86482795392411,230.82106174291263,223.98485323296148,225.83736323848547,225.46127663345132,0.5,0.5000004768371582,-1.1962849761468135,-1.8799747209626219,532,1.8843393405656463,8,-0.031829335041493323,-0.37608660503414626,-4.4632589890625241e-06,-1.7119639039719914e-13,0,0,0,0,1,0
197,1,225.46127663345132,225.96127711028848,225.96127711028848,224.69241190554689,229.79151848229381,222.77729198185747,224.61847310292623,224.24441777580228,0.5,0.5000004768371582,-1.2688652047415871,-1.9151199236894172,533,1.8638304103545602,4,-0.022649289285993746,-0.37405532712395484,-2.9770815217489144e-06,1.9095836023552692e-13,0,0,0,0,1,0
198,1,224.24441777580228,224.74441825263943,224.74441825263943,223.29716939263204,228.46007043173381,221.43934377956066,223.26964657836186,222.89783677543539,0.5,0.5000004768371582,-1.4472488600073916,-1.8578256130713839,539,1.8463388352039813,8,-0.016036036402681475,-0.37180980292646382,-3.6249123240850167e-06,-1.0080825063596421e-13,0,0,0,0,1,0
199,1,222.89783677543539,223.39783725227255,223.39783725227255,221.74515976441623,226.87477101985638,220.00669333545741,221.84358372403614,221.47414929047613,0.5,0.5000004768371582,-1.6526774878563231,-1.7384664289588159,552,1.8480164424526673,12,-0.011126053874136232,-0.36943443356000216,-3.0475859773559932e-06,1.9229062786507711e-13,0,0,0,0,1,0
200,1,221.47414929047613,221.97414976731329,221.97414976731329,220.19258777411022,225.47108366315109,218.44411967653525,220.41083652776024,220.0437863638362,0.5,0.5000004768371582,-1.78156199320307,-1.7484680975749711,553,1.9785583906447459,20,-0.011841539420345271,-0.36705016392403422,-4.7012827053549699e-06,5.8664184621193272e-13,0,0,0,0,1,0
201,1,220.0437863638362,220.54378684067336,220.54378684067336,218.718606121639,224.09526303716947,216.94286713789063,218.87633076009763,218.51183764242523,0.5,0.5000004768371582,-1.8251807190343641,-1.7757389837483686,557,1.948891835163171,32,-0.015428212956464904,-0.36449311767239578,-3.0347399047059298e-06,2.9420910152566648e-13,0,0,0,0,1,0
202,1,218.51183764242523,219.01183811926239,219.01183811926239,217.14650525752722,222.53797875130482,215.3834345009208,217.29802470683194,216.93616042939811,0.5,0.5000004768371582,-1.865332861735169,-1.7630707566064245,562,1.9247993564152106,32,-0.010209150504124409,-0.3618642774338241,-2.5138908483768319e-06,5.3068660577082483e-14,0,0,0,0,1,0
203,1,216.93616042939811,217.43616090623527,217.43616090623527,215.47825047780748,220.75145213581817,213.82060438672008,215.66366903266285,215.30452568913302,0.5,0.5000004768371582,-1.9579104284277946,-1.6576460910874005,577,1.8498871420072631,31,-0.006822496064387451,-0.35914334352983701,-3.2376158287661383e-06,-1.0080825063596421e-13,0,0,0,0,1,0
204,1,215.30452568913302,215.80452616597017,215.80452616597017,213.84460771839522,219.11862421337204,212.18756030311107,214.01694856556492,213.66054745282969,0.5,0.5000004768371582,-1.9599184475749496,-1.6570474152841541,599,1.8340828139771406,32,-0.0046945515234142476,-0.35640111273522734,-3.2552748052694369e-06,1.20570220474292e-13,0,0,0,0,1,0
205,1,213.66054745282969,214.16054792966685,214.16054792966685,212.21859348303309,217.48113890168702,210.55829740151643,212.50912654560756,212.15523596689115,0.5,0.5000004768371582,-1.9419544466337584,-1.6602960815166625,601,1.9508712877066345,28,-4.2143615587519889e-05,-0.35389057871640262,-3.6650896220180584e-06,8.3710816056736803e-14,0,0,0,0,1,0
206,1,212.15523596689115,212.65523644372831,212.65523644372831,210.7274861812696,215.93545875965555,209.08737492676008,211.05384985516892,210.70238416855153,0.5,0.5000004768371582,-1.9277502624587157,-1.6401112545095202,594,1.9664759402564886,33,-1.0118476438947255e-06,-0.35146568661738797,-2.2142096156585467e-06,-1.7763568394002505e-15,0,0,0,0,1,0
207,1,210.70238416855153,211.20238416855153,211.20238416855153,209.26738681798304,214.31365498265777,207.71175068071082,209.991917884804,209.64221911525686,0.5,0.5,-1.9349973505684943,-1.5556361372722165,594,2.280168593712065,33,-1.3896185464545852e-06,-0.34969876954713186,-3.7097880749570322e-06,-3.4372504842394846e-13,0,0,0,0,1,0
208,1,209.64221911525686,210.14221911525686,210.14221911525686,208.25400108196814,213.24178736264275,206.70421680502554,208.95481957800936,208.60684809595236,0.5,0.5,-1.8882180332887231,-1.5497842769426029,591,2.2506040978486599,30,-1.3248646837382694e-06,-0.34797148205700523,-3.4799771242433053e-06,-1.5099033134902129e-13,0,0,0,0,1,0
209,1,208.60684809595236,209.10684809595236,209.10684809595236,207.27622632690822,212.18506807733084,205.73711462787952,207.9397521897215,207.59347022995149,0.5,0.5,-1.8306217690441429,-1.5391116990286946,582,2.2026390512867997,30,-1.4894451965119515e-06,-0.34628195977001042,-4.3277511281303305e-06,3.7880809600210341e-13,0,0,0,0,1,0
210,1,207.59347022995149,208.09347070678865,208.09347070678865,206.32782798805678,211.0454622755183,204.85183260890912,206.95929272112031,206.61464312944429,0.5,0.5000004768371582,-1.7656427187318684,-1.4759953791476619,588,2.1074617816835768,35,-1.6694727946742205e-06,-0.34464959167601705,-4.6978874763681233e-06,4.0367709175370692e-13,0,0,0,0,1,0
211,1,206.61464312944429,207.11464360628145,207.11464360628145,205.38859642740991,210.07416344457337,203.90883606870878,205.98210620863162,205.63908487529287,0.5,0.5000004768371582,-1.7260471788715392,-1.4797603587011281,574,2.0732724480551914,40,-2.3081322524376446e-06,-0.34302133333875418,-3.7273969155648956e-06,-9.8587804586713901e-14,0,0,0,0,1,0
212,1,205.63908487529287,206.13908535213002,206.13908535213002,204.48882417319743,209.16453443412888,202.97610103745518,205.01816713533981,204.67675027531482,0.5,0.5000004768371582,-1.6502611789325954,-1.5127231357422488,570,2.0420689832745658,44,-2.8853901312686503e-06,-0.34141686002499227,-4.4812524038206902e-06,1.9406698470447736e-13,0,0,0,0,1,0
213,1,204.67675027531482,205.17675075215197,205.17675075215197,203.60999999984239,208.09508940739158,202.15083101071571,204.10668873445621,203.76679054572554,0.5,0.5000004768371582,-1.5667507523095878,-1.459168989126681,573,1.9558607685612661,44,-3.044821141884313e-06,-0.33989818873067179,-3.6754889549683867e-06,3.8324898810060404e-13,0,0,0,0,1,0
214,1,203.76679054572554,204.2667910225627,204.2667910225627,202.76713770739963,207.17623067474653,201.31241778340458,203.24165436178521,202.90319674554581,0.5,0.5000004768371582,-1.4996533151630729,-1.454719923995043,556,1.9300553745765838,48,-0.00081879619631308742,-0.33845761623939552,-3.6262788114527211e-06,3.5393910025049991e-13,0,0,0,0,1,0
215,1,202.90319674554581,203.40319722238297,203.40319722238297,201.98602555048458,206.34324733905635,200.51599966470849,202.42581303766679,202.08871409249753,0.5,0.5000004768371582,-1.4171716718983873,-1.4700258857760957,561,1.9111999277554037,48,-0.0013865547972500281,-0.33709894516925942,-3.558355842869787e-06,1.4321877017664519e-13,0,0,0,0,1,0
216,1,202.08871409249753,202.58871456933468,202.58871456933468,201.246935449516,205.54906553205672,199.76676018067658,201.92694270990401,201.59067403525691,0.5,0.5000004768371582,-1.3417791198186819,-1.4801752688394174,563,2.162114808006923,48,-0.0019322787795772456,-0.33626867464710131,-4.0459451042806904e-06,8.1268325402561459e-14,0,0,0,0,1,0
217,1,201.59067403525691,202.09067451209407,202.09067451209407,200.81011107719814,205.05093520952866,199.32998028509988,201.49819980103345,201.16264504246817,0.5,0.5000004768371582,-1.2805634348959245,-1.4801307920982651,557,2.1702582787299667,48,-0.002038762796530591,-0.33555475856528005,-4.1062808691094688e-06,1.3589129821411916e-13,0,0,0,0,1,0
218,1,201.16264504246817,201.66264551930533,201.66264551930533,200.4569174934405,204.66027407482892,198.95810304336311,201.10590786620705,200.77100675757242,0.5,0.5000004768371582,-1.2057280258648291,-1.4988144500773899,565,2.1498710336193732,48,-0.002066210775296895,-0.33490110863462519,-3.7317377348244918e-06,-1.3855583347321954e-13,0,0,0,0,1,0
219,1,200.77100675757242,201.27100723440958,201.27100723440958,200.11782501205937,204.27184587304941,198.61740508082494,200.74010390178336,200.4058127340123,0.5,0.5000004768371582,-1.1531822223502104,-1.5004199312344326,551,2.1250839614537793,52,-0.0023851404956758415,-0.33429116777105605,-2.9564099577328307e-06,3.1574742820339452e-13,0,0,0,0,1,0
220,1,200.4058127340123,200.90581321084946,200.90581321084946,199.80894662899257,203.93109396796686,198.29630726106225,200.40213047100528,200.06840183440445,0.5,0.5000004768371582,-1.0968665818568866,-1.5126393679303192,548,2.1078269860784546,48,-0.0020037761353250971,-0.3337286366008243,-3.2451822846724099e-06,-1.0391687510491465e-13,0,0,0,0,1,0
221,1,200.06840183440445,200.56840231124161,200.56840231124161,199.52179839470219,203.60390584338555,198.00404674212021,200.09071669196825,199.75750713647432,0.5,0.5000004768371582,-1.046603916539425,-1.5177516525819783,545,2.0885975393692697,49,-0.0019275895413102262,-0.33320955549393716,-2.7547954175588529e-06,2.0084822693888782e-11,0,0,0,0,1,0
222,1,199.75750713647432,200.25750761331147,200.25750761331147,199.24670057431427,203.30024639053198,197.72533039316727,199.79842644550092,199.46570331190566,0.5,0.5000004768371582,-1.0108070389971999,-1.521370181147006,541,2.0750167720993429,48,-0.0019207197684636412,-0.33272313359526606,-3.0776075732319441e-06,2.7742252939333412e-12,0,0,0,0,1,0
223,1,199.46570331190566,199.96570378874281,199.96570378874281,198.99576814068831,203.01799822180072,197.46962265177177,199.52685079190633,199.19457992378702,0.5,0.5000004768371582,-0.96993564805450205,-1.5261454889165407,534,2.0591355745365911,43,-0.0019074344010618915,-0.33227086811930917,-3.061271968363144e-06,-9.7433172641103738e-13,0,0,0,0,1,0
224,1,199.19457992378702,199.69458040062418,199.69458040062418,198.75385046634162,202.75218021900164,197.22505009038733,199.27012454630332,198.93828138961729,0.5,0.5000004768371582,-0.94072993428255813,-1.5288003759542903,519,2.0469628885420472,39,-0.001888432634586934,-0.33184315668603404,-2.8705768500003614e-06,8.5340623456886533e-12,0,0,0,0,1,0
225,1,198.93828138961729,199.43828186645445,199.43828186645445,198.5313904151563,202.49835957478518,197.00135034461843,199.03066132488101,198.69921698489475,0.5,0.5000004768371582,-0.90689145129815074,-1.5300400705378649,514,2.0311751797674971,37,-0.0018641995073380713,-0.33144433998626255,-2.8268701157685427e-06,2.4202861936828413e-12,0,0,0,0,1,0
226,1,198.69921698489475,199.19921746173191,199.19921746173191,198.31646144769246,202.26336248325771,196.78438804493112,198.80347372685395,198.4724075046085,0.5,0.5000004768371582,-0.88275601403944393,-1.5320734027613412,513,2.0209209600193025,37,-0.0018352781050907652,-0.3310662222454539,-3.0397888224342751e-06,8.6197715631897154e-12,0,0,0,0,1,0
227,1,198.4724075046085,198.97240798144566,198.97240798144566,198.11754207261464,202.0433090359399,196.58209135256851,198.59044821289598,198.25973593347658,0.5,0.5000004768371582,-0.85486590883101599,-1.5354507200461285,509,2.0101588367405023,37,-0.0018019763829784097,-0.33071227941940151,-3.8438040803612239e-06,-3.0056845901071938e-11,0,0,0,0,1,0
228,1,198.25973593347658,198.75973641031374,198.75973641031374,197.92485107601038,201.83328404424049,196.38807688817809,198.38768798017134,198.05731405996366,0.5,0.5000004768371582,-0.8348853343033511,-1.5367741878322931,501,2.0013758925626348,37,-0.001764800570697389,-0.33037392020767697,-3.1368815598398214e-06,1.3073986337985843e-12,0,0,0,0,1,0
229,1,198.05731405996366,198.55731453680082,198.55731453680082,197.74567901264643,201.63610288108302,196.20628536111261,198.19684618676681,197.86678989032754,0.5,0.5000004768371582,-0.81163552415438289,-1.5393936515338282,497,1.9922847548116511,37,-0.0017239291442479043,-0.33005629643926682,-3.3178794183186255e-06,-1.3203660387262062e-11,0,0,0,0,1,0
230,1,197.86678989032754,198.3667903671647,198.3667903671647,197.57190006721805,201.44774987225691,196.03141938153129,198.01477820666798,197.68502481638325,0.5,0.5000004768371582,-0.79489029994664406,-1.5404806856867594,493,1.9850387239599128,37,-0.0016798988368691425,-0.32975339028473627,-3.6056466399259079e-06,1.3646861418692424e-11,0,0,0,0,1,0
231,1,197.68502481638325,198.18502529322041,198.18502529322041,197.40574438454365,201.26920210949805,195.86365446342296,197.84087616350382,197.51141266319442,0.5,0.5000004768371582,-0.77928090867675337,-1.5420899211206915,486,1.9788545348225604,38,-0.0016328347356306949,-0.32946350030940152,-3.311033339059577e-06,-6.0687010972060307e-12,0,0,0,0,1,0
232,1,197.51141266319442,198.01141314003158,198.01141314003158,197.24970307113134,201.09775803375115,195.70653062708161,197.67595834275429,197.34676978377667,0.5,0.5000004768371582,-0.76171006890024273,-1.5431724440497305,485,1.9710106581689677,37,-0.00158294251116331,-0.32918855897762,-3.0038284535294224e-06,1.4875434217742622e-11,0,0,0,0,1,0
233,1,197.34676978377667,197.84677026061382,197.84677026061382,197.09775896365056,200.93982506535596,195.55123109735399,197.51342654890658,197.18450848609174,0.5,0.5000004768371582,-0.74901129696326052,-1.5465278662965716,474,1.9637260347904035,37,-0.0015305832267813457,-0.32891806281483582,-3.1683941017490724e-06,-1.1033618463329731e-11,0,0,0,0,1,0
234,1,197.18450848609174,197.6845089629289,197.6845089629289,196.95030731144058,200.78114202081699,195.40199081335092,197.36132068350426,197.03265575185068,0.5,0.5000004768371582,-0.73420165148831984,-1.5483164980896618,474,1.9608057842540165,37,-0.0014759141035369794,-0.32866493165357724,-3.3358844859776582e-06,2.8603786006442533e-12,0,0,0,0,1,0
235,1,197.03265575185068,197.53265622868784,197.53265622868784,196.80928259432946,200.62695236678766,195.26213547418646,197.21588221899972,196.8874593115452,0.5,0.5000004768371582,-0.72337363435838142,-1.5471471201429949,461,1.955165948725283,37,-0.0014192038815963315,-0.32842290745452374,-3.5072576167749503e-06,-3.0427882435901665e-11,0,0,0,0,1,0
236,1,196.8874593115452,197.38745978838236,197.38745978838236,196.67426877984929,200.48244066206684,195.12677948032234,197.07571946149676,196.7475307752872,0.5,0.5000004768371582,-0.71319100853307305,-1.5474892995269443,449,1.9503005672091551,37,-0.0013605860110033063,-0.32818868620955755,-2.6960611307913496e-06,-2.3732571463597196e-11,0,0,0,0,1,0
237,1,196.7475307752872,197.24753125212436,197.24753125212436,196.54484055773344,200.34535979768867,194.99592677719528,196.94086974306651,196.61290542859189,0.5,0.5000004768371582,-0.70269069439092391,-1.5489137805381574,449,1.9462432055475545,38,-0.0013002396691502863,-0.32796431447462737,-2.8866851380371372e-06,-7.1694724809723276e-12,0,0,0,0,1,0
238,1,196.61290542859189,197.11290590542905,197.11290590542905,196.4191979644126,200.21180958930944,194.86974561210559,196.8108327451036,196.48308475753734,0.5,0.5000004768371582,-0.69370794101644151,-1.5494523523070143,441,1.9423254171437505,38,-0.0012382841362080915,-0.32774798756625501,-3.1076143898189912e-06,-9.5355817426173717e-12,0,0,0,0,1,0
239,1,196.48308475753734,196.9830852343745,196.9830852343745,196.29814218074773,200.0846325187766,194.74736818438089,196.68523844861866,196.35769939396297,0.5,0.5000004768371582,-0.68494305362676755,-1.5507739963668428,437,1.9390451624348009,41,-0.0011748981950226447,-0.32753905465568778,-3.3242047550174902e-06,-2.005007054481367e-12,0,0,0,0,1,0
240,1,196.35769939396297,196.85769987080013,196.85769987080013,196.18036624769886,199.961186892325,194.62862343351421,196.57508977594793,196.24773407752355,0.5,0.5000004768371582,-0.67733362310127632,-1.5517428141846494,436,1.9475765583600511,41,-0.0011102159121541477,-0.32735569842438395,-3.3962082852667663e-06,-1.4173725561283934e-11,0,0,0,0,1,0
241,0,196.24773407752355,196.24773407752355,196.24773407752355,195.54832281581054,199.33405166521857,194.00516274443066,195.96925527383638,195.64290872906719,0,0,-0.69941126171300994,-1.543160071379873,418,1.9651368859200573,41,-0.0010443564974074561,-0.32634654476919422,-3.1258217632057494e-06,-1.6931528228070203e-11,0,0,0,0,1,0
242,0,195.64290872906719,195.64290872906719,195.64290872906719,194.91499248186352,198.71092503542974,193.38098430288125,195.32066584626875,194.99539993271171,0,0,-0.72791624720366599,-1.5340081789822761,416,1.9406592837915582,41,-0.00097774042257506646,-0.32526591355704682,-2.5767425881895178e-06,1.8524546480103155e-11,0,0,0,0,1,0
243,0,194.99539993271171,194.99539993271171,194.99539993271171,194.2369061969961,198.0430362111521,192.71308757051349,194.62794576512204,194.30383367419998,0,0,-0.75849373571560363,-1.5238186264826084,406,1.9157697098163402,41,-0.00091151521269730107,-0.32411209092205695,-2.3260762986865302e-06,4.8985490143371724e-12,0,0,0,0,1,0
244,0,194.30383367419998,194.30383367419998,194.30383367419998,193.5134070276961,197.33110845877334,191.99976965693745,193.8894437607772,193.56656127420595,0,0,-0.79042664650387451,-1.5136373707586586,405,1.8905198682518316,41,-0.00084576444107177604,-0.32288248657124541,-2.5333542907901574e-06,2.8992378810210884e-11,0,0,0,0,1,0
245,0,193.56656127420595,193.56656127420595,193.56656127420595,192.76433270714253,196.5858655321035,191.25467971479716,193.11905329402609,192.79745378703223,0,0,-0.80222856706342327,-1.5096529923453659,405,1.8660595686592925,42,-0.0016859894338430226,-0.32159950699386286,-2.4685813855285232e-06,3.4754488783400594e-12,0,0,0,0,1,0
246,0,192.79745378703223,192.79745378703223,192.79745378703223,191.96842198099921,195.78399737228659,190.47514995616496,192.30649796205694,191.98625081245115,0,0,-0.82903180603301507,-1.4932720248342548,405,1.8318986989730537,41,-0.00055069312293687237,-0.32024714960579104,-3.2422483400296187e-06,4.1865398517706987e-11,0,0,0,0,1,0
247,0,191.98625081245115,191.98625081245115,191.98625081245115,191.12025441135614,194.93815190592107,189.64430320659741,191.45121724895242,191.13239537462945,0,0,-0.86599640109500342,-1.4759512047587293,405,1.8072376061834359,40,-0.00032356380240149558,-0.31882187432296405,-2.247685927159182e-06,-2.6030520783575789e-11,0,0,0,0,1,0
248,0,191.13239537462945,191.13239537462945,191.13239537462945,190.2488111191561,194.08082009719223,188.77459887447478,190.55452550640408,190.23719794739253,0,0,-0.88358425547335173,-1.4742122446813255,405,1.7834224467840405,41,-0.0034958148269246081,-0.31732755901154519,-1.1739984131509118e-06,-2.7816211573689076e-11,0,0,0,0,1,0
249,0,190.23719794739253,190.23719794739253,190.23719794739253,189.32334300967864,193.1629147148945,187.86048499169561,189.61899588376303,189.30322519026876,0,0,-0.91385493771389292,-1.4628580179830237,405,1.7589798523402835,37,-0.00046896030915408355,-0.31577069349427234,-2.2259981733441236e-06,3.629072227191027e-11,0,0,0,0,1,0
250,0,189.30322519026876,189.30322519026876,189.30322519026876,188.36526009813295,192.19552761675229,186.91910829312152,188.64721539024183,188.33306340299117,0,0,-0.93796509213581203,-1.446151805011425,405,1.7285208494389441,33,-0.00041375236827919596,-0.31415198725065352,-1.8050733672225761e-06,4.96358170494135e-11,0,0,0,0,1,0
251,0,188.33306340299117,188.33306340299117,188.33306340299117,187.36772878944771,191.24834936117577,185.91008617245041,187.63331624336058,187.32085314729977,0,0,-0.96533461354346173,-1.4576426169973047,405,1.7264552662869648,33,-0.0032251953886137242,-0.31246309606081013,-1.3384967303409212e-06,1.18253874574481e-11,0,0,0,0,1,0
252,0,187.32085314729977,187.32085314729977,187.32085314729977,186.33458918524741,190.2531368947337,184.86844758432397,186.59056902677412,186.27984177739202,0,0,-0.98626396205236233,-1.4661416009234358,405,1.7224259329251415,31,-0.00030449051428633182,-0.31072724938209717,-1.9565064235393947e-06,3.929029871634418e-11,0,0,0,0,1,0
253,0,186.27984177739202,186.27984177739202,186.27984177739202,185.25849636055588,189.17334710236199,183.81174284458089,185.508129634661,185.19920477444347,0,0,-1.0213454168361409,-1.44675351597499,405,1.6966372334052964,31,-0.00025044334029672162,-0.30892486021753029,-2.1305629900325584e-06,1.5112297589540968e-11,0,0,0,0,1,0
254,0,185.19920477444347,185.19920477444347,185.19920477444347,184.16020498720181,188.03393839101042,182.74283729117317,184.389960771727,184.0828975749678,0,0,-1.0389997872416643,-1.4173676960286343,405,1.6490516445594932,30,-0.0019281639743033321,-0.30706319675920213,-2.5298506898252526e-06,-3.1359647951340053e-11,0,0,0,0,1,0
255,0,184.0828975749678,184.0828975749678,184.0828975749678,183.0113789024642,186.84310141661078,181.63127712916614,183.2394569203864,182.93431012080936,0,0,-1.0715186725036006,-1.3801017732980654,405,1.6083232723385879,29,-0.00014348116281352253,-0.30514679957704516,-2.0421815918325592e-06,4.4491669354794483e-11,0,0,0,0,1,0
256,0,182.93431012080936,182.93431012080936,182.93431012080936,181.83559098752494,185.64198639714144,180.48175231721595,182.05264587303705,181.74947550149804,0,0,-1.0987191332844191,-1.3538386703089884,405,1.5709946427232468,27,-0.00010108688338075869,-0.30317037153901083,-1.9852546699894447e-06,-1.8765071798949179e-11,0,0,0,0,1,0
257,0,181.74947550149804,181.74947550149804,181.74947550149804,180.6221663865484,184.54673862604838,179.2235362987357,180.83144704362221,180.53030915281045,0,0,-1.1273091149496395,-1.3986300878127054,403,1.6083691906697444,27,-0.00045844576505284918,-0.30113789081175923,-3.1408786753672757e-06,-1.8181324555697348e-11,0,0,0,0,1,0
258,0,180.53030915281045,180.53030915281045,180.53030915281045,179.38561393374346,183.29778461808303,178.00187646487376,179.58578321686457,179.2867208064595,0,0,-1.144695219066989,-1.3837374688696968,403,1.5839558773017308,26,-4.9125354626324252e-05,-0.29906241040507098,-2.0378609804083681e-06,4.3705385393676827e-11,0,0,0,0,1,0
259,0,179.2867208064595,179.2867208064595,179.2867208064595,178.11366970971724,182.02945555957152,176.74230243478937,178.30368404537072,178.0067568187653,0,0,-1.173051096742256,-1.3713672749278771,401,1.5627949361604594,25,-0.0014133255471099385,-0.29692722660541904,-1.9064524678924499e-06,-3.199962040137394e-11,0,0,0,0,1,0
260,0,178.0067568187653,178.0067568187653,178.0067568187653,176.80186324205212,180.71495554717339,175.44776441315756,176.98981992221084,176.69508063428583,0,0,-1.2048935767131752,-1.3540988288945641,407,1.5420576496729312,22,-2.1406335738406116e-06,-0.29473928792501169,-1.917658408956413e-06,1.3926967435198834e-11,0,0,0,0,1,0
261,0,176.69508063428583,176.69508063428583,176.69508063428583,175.45933771244597,179.3719183218227,174.12091975576175,175.64476483585503,175.35226523375962,0,0,-1.2357429218398579,-1.3384179566842249,405,1.5238471472601294,18,-2.0671905124225887e-06,-0.29249960209540404,-2.1233626341654599e-06,2.3664059644115665e-11,0,0,0,0,1,0
262,0,175.35226523375962,175.35226523375962,175.35226523375962,174.09732727923262,178.00220988867784,172.77235435359989,174.27199470936409,173.98178044053901,0,0,-1.2549379545270085,-1.3249729256327214,401,1.5005207423666478,19,-0.00088038662216170273,-0.29021426882508194,-2.8348897558316821e-06,1.9713656054798356e-11,0,0,0,0,1,0
263,0,173.98178044053901,173.98178044053901,173.98178044053901,172.69786752742056,176.65620501401821,171.36065552235328,172.86806325824102,172.58018763686547,0,0,-1.2839129131184563,-1.337212005067272,401,1.5074097177141468,16,-1.9818107877830698e-06,-0.28787562137554801,-2.1245257073587709e-06,-1.5620087742782701e-11,0,0,0,0,1,0
264,0,172.58018763686547,172.58018763686547,172.58018763686547,171.26900308002419,175.27113717118229,169.92352867947815,171.43536906661538,171.14987946379287,0,0,-1.3111845568412832,-1.3454744005460384,401,1.5134316520140791,17,-0.0015912648814312075,-0.28548960282250846,-1.9410379366036068e-06,4.5786358645466541e-12,0,0,0,0,1,0
265,0,171.14987946379287,171.14987946379287,171.14987946379287,169.81318703773078,173.8080081116766,168.48412205299857,169.97560259683669,169.69254381060767,0,0,-1.3366924260620863,-1.3290649847322129,401,1.4914824939185554,16,-1.9501021644846833e-06,-0.28305878622902014,-2.0423966589078191e-06,2.1731351744144756e-11,0,0,0,0,1,0
266,0,169.69254381060767,169.69254381060767,169.69254381060767,168.33466465338688,172.31543922989289,167.02321742124224,168.49286470660223,168.21227440878928,0,0,-1.3578791572207933,-1.3114472321446442,401,1.4696492215725772,16,-1.9362196373489066e-06,-0.28059029781294953,-2.7257480041953386e-06,7.0573040683932775e-12,0,0,0,0,1,0
267,0,168.21227440878928,168.21227440878928,168.21227440878928,166.82619154519287,170.79959371261313,165.5325326193483,166.97893474073217,166.70086559793685,0,0,-1.386082863596414,-1.2936589258445679,401,1.4464350381016613,17,-3.2916708737670678e-05,-0.27806914279531725,-2.6859960087222134e-06,-9.0544823158275611e-12,0,0,0,0,1,0
268,0,166.70086559793685,166.70086559793685,166.70086559793685,165.28613972861189,169.24791565499123,164.0126139456458,165.437274785326,165.1617732678485,0,0,-1.4147258693249682,-1.2735257829660895,401,1.4246627481995742,16,-1.9085127907383752e-06,-0.27550151747749396,-2.3541039979591005e-06,-6.5831337776878218e-12,0,0,0,0,1,0
269,0,165.1617732678485,165.1617732678485,165.1617732678485,163.72718813899735,167.67897559249491,162.46858611797091,163.87061396774038,163.59772149762543,0,0,-1.434585128851154,-1.2586020210264337,401,1.4031355298640162,17,-0.001107680087448141,-0.27289247011495377,-2.2335694609409984e-06,-7.1005055134187867e-12,0,0,0,0,1,0
270,0,163.59772149762543,163.59772149762543,163.59772149762543,162.13529946648171,166.18036260719381,160.84397914216052,162.27709684835705,162.0068563737571,0,0,-1.462422031143717,-1.291320324321191,401,1.433119587115125,16,-1.8809369113650075e-06,-0.27024047459994449,-3.8881088073594583e-06,1.831271375860033e-11,0,0,0,0,1,0
271,0,162.0068563737571,162.0068563737571,162.0068563737571,160.52398217430112,164.55903673467662,159.24789355827625,160.65680135131487,160.3892610307505,0,0,-1.4828741994559778,-1.2760886160248788,399,1.4105981406331056,17,-0.0016903475771006472,-0.26754032056436472,-1.977587771762046e-06,-1.738251860158857e-11,0,0,0,0,1,0
272,0,160.3892610307505,160.3892610307505,160.3892610307505,158.88401763721726,162.90334225617937,157.62697776677911,159.01419073707132,158.74938572682484,0,0,-1.5052433935332488,-1.2570398704381489,397,1.3872148238554038,16,-1.8535356549743802e-06,-0.26480501024647651,-2.0716742312743008e-06,-2.7537958458695444e-11,0,0,0,0,1,0
273,0,158.74938572682484,158.74938572682484,158.74938572682484,157.21331461439465,161.22128468755713,155.97736507316179,157.34112989607141,157.07911054030532,0,0,-1.5360711124301929,-1.2359495412328556,393,1.3647546694571449,17,-0.00098984650685918782,-0.26201935576608548,-2.5297103718457947e-06,-4.0669906244822362e-11,0,0,0,0,1,0
274,0,157.07911054030532,157.07911054030532,157.07911054030532,155.52201354217348,159.51338021737556,154.30487755216504,155.64738057133499,155.38818184888558,0,0,-1.5570969981318399,-1.217135990008444,389,1.3425048454343376,16,-1.8262653658208082e-06,-0.25919872244941189,-2.460999894537963e-06,9.8165702996921844e-13,0,0,0,0,1,0
275,0,155.38818184888558,155.38818184888558,155.38818184888558,153.80665167422168,157.78045102273333,152.61051683197272,153.93048904730014,153.6741497814628,0,0,-1.5815301746638966,-1.1961348422489664,387,1.3203411926903081,17,-0.00036897734390105698,-0.25633926583734024,-2.1072057734272676e-06,-1.8981937007465921e-11,0,0,0,0,1,0
276,0,153.6741497814628,153.6741497814628,153.6741497814628,152.0670395319562,156.0737862641883,150.867221006221,152.18938374153706,151.93594264993854,0,0,-1.6071102495066043,-1.1998185257351963,387,1.322164534513667,16,-1.7992133553958243e-06,-0.25344109159851769,-3.3584787217932899e-06,1.5744055093924042e-11,0,0,0,0,1,0
277,0,151.93594264993854,151.93594264993854,151.93594264993854,150.30298577138868,154.34478655697447,149.09856332542589,150.42140464601343,150.17090756023117,0,0,-1.6329568785498623,-1.2044224459627912,385,1.3228431062643897,16,-1.7856946261409195e-06,-0.25049708578225705,-3.5305228607285244e-06,1.7779086146016421e-11,0,0,0,0,1,0
278,0,150.17090756023117,150.17090756023117,150.17090756023117,148.51528642156728,152.53158472690882,147.33494938245406,148.63221171958673,148.38469473474663,0,0,-1.6556211386638893,-1.1803370391132262,389,1.2972641093941939,16,-1.7722923122077874e-06,-0.24751698484010376,-2.9343806318138377e-06,3.0797331481910439e-11,0,0,0,0,1,0
279,0,148.38469473474663,148.38469473474663,148.38469473474663,146.70676925387369,150.70530713224707,145.54646275972561,146.82107986816925,146.57658021780148,0,0,-1.6779254808729434,-1.1603064941480739,389,1.27461886732259,16,-1.7588754463596437e-06,-0.24449965036777144,-1.6391322503750416e-06,-3.5081234792122551e-12,0,0,0,0,1,0
280,0,146.57658021780148,146.57658021780148,146.57658021780148,144.87487849744494,148.85937527067452,143.73348062535368,144.98556136733143,144.744118699344,0,0,-1.7017017203565388,-1.141397872091261,389,1.2520824874777652,16,-1.7455167881722509e-06,-0.24144266798742819,-1.3065421455848991e-06,1.6772756848779796e-11,0,0,0,0,1,0
281,0,144.744118699344,144.744118699344,144.744118699344,143.02165483935661,146.98740856857339,141.90001065322699,143.12968311615239,142.8913304830707,0,0,-1.7224638599873856,-1.1216441861296289,389,1.2296741951084584,16,-1.7321872338153148e-06,-0.23835263308168919,-1.8260847980400285e-06,4.1825979528800628e-12,0,0,0,0,1,0
282,0,142.8913304830707,142.8913304830707,142.8913304830707,141.14719784001517,145.09226983578543,140.04672829521735,141.254155357044,141.01892517294587,0,0,-1.7441326430555364,-1.1004695447978179,389,1.2074287807694901,16,-1.718930439034629e-06,-0.23523018409812835,-2.6534562493907288e-06,-1.2401477143385992e-11,0,0,0,0,1,0
283,0,141.01892517294587,141.01892517294587,141.01892517294587,139.25155924718493,143.18069161331292,138.17067634270828,139.35601547057601,139.12394606707116,0,0,-1.7673659257609415,-1.0808829044766526,382,1.1853408335596647,16,-1.7056881961691715e-06,-0.23206940350485183,-2.8047109594808717e-06,-3.7335295445528605e-12,0,0,0,0,1,0
284,0,139.12394606707116,139.12394606707116,139.12394606707116,137.33766430675584,141.23772621751331,136.2807744888124,137.43966401357406,137.21078618819536,0,0,-1.7862817603153189,-1.0568898179434427,369,1.1588912172689689,16,-1.6925041609646275e-06,-0.22887782537870294,-2.4857718585735711e-06,-3.1460071635465436e-12,0,0,0,0,1,0
285,0,137.21078618819536,137.21078618819536,137.21078618819536,135.39736250221665,139.28577843827344,134.35986584596685,135.49677314715166,135.27113143827799,0,0,-1.8134236859787052,-1.0374966562498003,365,1.1373109542116315,17,-0.00040365301538716406,-0.22564170887366686,-1.8239669827835314e-06,-1.143849256849197e-11,0,0,0,0,1,0
286,0,135.27113143827799,135.27113143827799,135.27113143827799,133.43917796043738,137.30230602660336,132.4235911641666,133.53898092285445,133.31659969105911,0,0,-1.8319534778406137,-1.0155867962707816,365,1.1158944881149866,17,-0.00050472942530634395,-0.22238123179533886,-1.6165017484581767e-06,-1.8259671118875387e-12,0,0,0,0,1,0
287,0,133.31659969105911,133.31659969105911,133.31659969105911,131.46661523812313,135.2947253088262,130.47755301825194,131.56266986076909,131.34357882641422,0,0,-1.8499844529359848,-0.9890622198711867,365,1.0868618125650982,18,-0.0017449700385486855,-0.21909103435487509,-2.5276999906509445e-06,-9.3972518568768981e-12,0,0,0,0,1,0
288,0,131.34357882641422,131.34357882641422,131.34357882641422,129.47234369427417,133.28375134863194,128.50225746075625,129.56594263439268,129.35017771747312,0,0,-1.8712351321400433,-0.97008623351791812,362,1.0661210676557751,18,-0.0024358940272622988,-0.2157649169195679,-1.5175052965332725e-06,7.9164465781322857e-12,0,0,0,0,1,0
289,0,129.35017771747312,129.35017771747312,129.35017771747312,127.45959648373695,131.2499704816903,126.5097003212684,127.55236319239128,127.33995068467082,0,0,-1.8905812337361709,-0.9498961624685478,361,1.0454783144972841,18,-0.0028154433953250175,-0.21241250772045817,-2.2791825671220067e-06,2.0926698741929872e-11,0,0,0,0,1,0
290,0,127.33995068467082,127.33995068467082,127.33995068467082,125.4318124012121,129.17877225299591,124.51240132803009,125.52647709316291,125.31743829173639,0,0,-1.9081382834587259,-0.91941107318200466,361,1.0146090528494232,18,-0.00053328771719406164,-0.20903880142651587,-2.2377785313665299e-06,5.8673920756702191e-13,0,0,0,0,1,0
291,0,125.31743829173639,125.31743829173639,125.31743829173639,123.38751126568901,127.05468846451679,122.51888545859346,123.48425629809135,123.27861886016679,0,0,-1.9299270260473804,-0.86862580709555459,361,0.96537244082717,17,-1.6013341382689747e-06,-0.20563743792456535,-1.7409873152018918e-06,4.861756288353225e-12,0,0,0,0,1,0
292,0,123.27861886016679,123.27861886016679,123.27861886016679,121.33329537878815,124.89138641682526,120.5269117809985,121.43117712239088,121.22895856694194,0,0,-1.9453234813786366,-0.80638359778964741,361,0.90426692977015699,17,-1.5883824789607879e-06,-0.20221855544893685,-1.8074512126986519e-06,4.6964364905713318e-12,0,0,0,0,1,0
293,0,121.22895856694194,121.22895856694194,121.22895856694194,119.26882202059628,122.74257510802323,118.51201312702452,119.36711965676494,119.16833880497757,0,0,-1.9601365463456659,-0.75680889357175829,359,0.85510810525855152,17,-1.5755181311441339e-06,-0.19878085178737592,-1.3346416380954906e-06,4.6265617205387688e-15,0,0,0,0,1,0
294,0,119.16833880497757,119.16833880497757,119.16833880497757,117.19859234400421,120.65668654194945,116.45441916827541,117.29355303581804,117.09822440154481,0,0,-1.9697464609733544,-0.74417317572880393,357,0.83913543011836278,17,-1.5625810237511755e-06,-0.19532863427322411,-2.1833727004150205e-06,5.2892805695210765e-12,0,0,0,0,1,0
295,0,117.09822440154481,117.09822440154481,117.09822440154481,115.11577564173335,118.54709728252321,114.39133866164535,115.21440355863025,115.0225384877901,0,0,-1.9824487598114615,-0.72443698008800084,359,0.82306646289697194,17,-1.5659179598044993e-06,-0.19186507084015147,-9.8319635810639738e-07,5.8906809009655337e-12,0,0,0,0,1,0
296,0,115.0225384877901,115.0225384877901,115.0225384877901,113.02966235479509,116.43599114701932,112.32293638991105,113.1299069255149,112.94151225231731,0,0,-1.9928761329950078,-0.70672596488404338,359,0.80697207231335111,16,-1.5366968045237559e-06,-0.18839467319759251,-1.8533148136157251e-06,-1.2694015923044727e-11,0,0,0,0,1,0
297,0,112.94151225231731,112.94151225231731,112.94151225231731,110.94579899264257,114.32613864854899,110.25348709404547,111.04438284873918,110.85946124029699,0,0,-1.9957132596747442,-0.6923118985970973,360,0.79089728349533606,17,-1.5288237636303776e-06,-0.1849216084421812,-1.767300773281022e-06,2.2135005146080994e-11,0,0,0,0,1,0
298,0,110.85946124029699,110.85946124029699,110.85946124029699,108.8576988030665,112.20268229730208,108.18608821739464,108.96087711326932,108.77942496183601,0,0,-2.0017624372304965,-0.67161058567185705,358,0.77479040699532709,16,-1.511114537537325e-06,-0.18145215143330518,-1.9279326721743928e-06,-6.111074482822304e-12,0,0,0,0,1,0
299,0,108.77942496183601,108.77942496183601,108.77942496183601,106.78128156148773,110.09163914868742,106.12517429439353,106.88388710870126,106.70589430337387,0,0,-1.9981434003482832,-0.65610726709419964,357,0.75877849105480577,20,-6.5676751551032209e-05,-0.17799280532739203,-1.3489595716009717e-06,4.4732291872365271e-12,0,0,0,0,1,0
300,0,106.70589430337387,106.70589430337387,106.70589430337387,104.7111146417966,107.98662722123626,104.07074794987666,104.81343514779995,104.63888967914914,0,0,-1.9947796615772688,-0.64036669191993667,357,0.74275275395664631,20,-6.5556043414205587e-05,-0.17454546865080545,-1.8917516655392319e-06,1.0056422437409313e-11,0,0,0,0,1,0
301,0,104.63888967914914,104.63888967914914,104.63888967914914,102.64764577439543,105.88099623131531,102.02659368116781,102.75330892560311,102.58219502572918,0,0,-1.9912439047537163,-0.62105209322761823,355,0.72684462899537439,24,-0.00012938457075952012,-0.17111389987393011,-1.0072104004166249e-06,1.068246966579034e-11,0,0,0,0,1,0
302,0,102.58219502572918,102.58219502572918,102.58219502572918,100.60321911371132,103.78934307760311,99.999645520359579,100.71058579489166,100.54287180734205,0,0,-1.9789759120178587,-0.6035735933517401,349,0.7110694340949324,24,-0.0001291595690462518,-0.16771398754960387,-2.7981258199361037e-06,6.1917212351193796e-12,0,0,0,0,1,0
303,0,100.54287180734205,100.54287180734205,100.54287180734205,98.576303424908147,101.71685852335112,97.989310375539716,98.684638376031401,98.52029952636218,0,0,-1.9665683824339055,-0.58699304936843077,347,0.69545693417470311,24,-0.00012893367966615432,-0.16433884966922108,-1.4272490176381325e-06,-3.3520964866709524e-12,0,0,0,0,1,0
304,0,98.52029952636218,98.52029952636218,98.52029952636218,96.569902248955444,99.65916356180297,96.000469463924659,96.680347683796498,96.519346320543235,0,0,-1.9503972774067364,-0.56943278503078432,347,0.68000692865524892,24,-0.00012870879436820782,-0.16100136325326275,-1.6433528884363113e-06,1.0957782803962951e-11,0,0,0,0,1,0
305,0,96.519346320543235,96.519346320543235,96.519346320543235,94.588241695165465,97.626757372086018,94.034535673150486,94.699157462710673,94.541456158436873,0,0,-1.9311046253777704,-0.55370602201497832,345,0.66475027343461768,24,-0.00012848387996643087,-0.15770130427380025,-8.1817113084525772e-07,5.5352241887240972e-12,0,0,0,0,1,0
306,0,94.541456158436873,94.541456158436873,94.541456158436873,92.634734120148821,95.617331989462755,92.096796432478882,92.746382177112864,92.59193298503007,0,0,-1.9067220382880521,-0.53793768766993821,345,0.64971400456523121,24,-0.00012825992599105888,-0.15444919208279373,-6.2099235265122843e-07,-5.2589265949788688e-12,0,0,0,0,1,0
307,0,92.59193298503007,92.59193298503007,92.59193298503007,90.710170359947611,93.628311190187304,90.191982197931964,90.826758543222994,90.675504909945303,0,0,-1.8817626250824588,-0.51818816201564744,345,0.6349043812844134,24,-0.00012803598656760217,-0.15125363327769037,-1.7704610826285716e-06,-6.8157997149854987e-12,0,0,0,0,1,0
308,0,90.675504909945303,90.675504909945303,90.675504909945303,88.82139381259266,91.683650386870553,88.317320991622623,88.937566502674358,88.789458623266341,0,0,-1.8541110973526429,-0.50407282097003758,345,0.62037332321451966,24,-0.00012781214900755211,-0.14810787940801617,-2.0477823454712052e-06,-1.3777238464657282e-11,0,0,0,0,1,0
309,0,88.789458623266341,88.789458623266341,88.789458623266341,86.963863706105627,89.767395595222752,86.47489527259475,87.080854955985274,86.935840426465404,0,0,-1.8255949171607142,-0.48896843351087682,345,0.6060872744639435,24,-0.00012759107631139539,-0.14501452951986948,-6.4001210375863593e-07,2.8910875429777327e-12,0,0,0,0,1,0
310,0,86.935840426465404,86.935840426465404,86.935840426465404,85.142079726531989,87.885657965520949,84.667171009586582,85.259096103991681,85.117114268852475,0,0,-1.793760699933415,-0.47490871694540715,341,0.59205246260482569,24,-0.00012736819917775046,-0.14198183513920526,-1.681772232586809e-06,-5.49278829885258e-13,0,0,0,0,1,0
311,0,85.117114268852475,85.117114268852475,85.117114268852475,83.358520105279112,86.03757913877223,82.898287231527107,83.476465439193248,83.337452253227198,0,0,-1.7585941635733633,-0.46023287375200539,335,0.5783053511205779,24,-0.00012714345939895629,-0.13901318596604995,-1.6094050039328067e-06,4.9625271340142385e-12,0,0,0,0,1,0
312,0,83.337452253227198,83.337452253227198,83.337452253227198,81.616983407520721,84.233542321404258,81.168938186965249,81.733725672975524,81.597615207929906,0,0,-1.7204688457064776,-0.44804522055547125,333,0.56491440850856234,24,-0.00012692248856620612,-0.13611046504561841,-1.0358283333289364e-06,-9.7215120610678885e-12,0,0,0,0,1,0
313,0,81.597615207929906,81.597615207929906,81.597615207929906,79.907758995689861,82.461390039029979,79.475871465100582,80.028086451297284,79.894816194332236,0,0,-1.6898562122400449,-0.43188753058927887,334,0.55234168780273685,24,-0.00012670159049303224,-0.13327025696504791,-1.1923462182039657e-06,-1.554153046491244e-11,0,0,0,0,1,0
314,0,79.894816194332236,79.894816194332236,79.894816194332236,78.243161229662604,80.731462757356269,77.824838432252392,78.365101590604212,78.234601030524473,0,0,-1.6516549646696319,-0.41832279741021239,329,0.54038963895495551,24,-0.00012648060510836695,-0.13050056007973865,-8.2866250750157633e-07,1.9728965639995155e-12,0,0,0,0,1,0
315,0,78.234601030524473,78.234601030524473,78.234601030524473,76.616863641734355,79.043522543009416,76.212402292176066,76.740117880627182,76.612322672004694,0,0,-1.6177373887901183,-0.40446134955828938,329,0.52784184811545432,24,-0.00012625966337944744,-0.12779520862248717,-1.5279012188784691e-06,-9.5887658707258239e-13,0,0,0,0,1,0
316,0,76.612322672004694,76.612322672004694,76.612322672004694,75.033853716221671,77.400604232882245,74.63971343309106,75.155116579072967,75.029961046123447,0,0,-1.5784689557830234,-0.39414028313061067,323,0.51552918487342625,24,-0.00012603889627351062,-0.12515553294952042,-1.3210730855917063e-06,4.7538797442840675e-12,0,0,0,0,1,0
317,0,75.029961046123447,75.029961046123447,75.029961046123447,73.488957571164761,75.792080206438101,73.107897751742883,73.611294017738501,73.488709533994196,0,0,-1.5410034749586856,-0.38105981942187839,317,0.50352208500784634,24,-0.00012581901683440285,-0.12258448374430486,-1.1666349308825374e-06,4.6068790600893583e-12,0,0,0,0,1,0
318,0,73.488709533994196,73.488709533994196,73.488709533994196,71.989501368035249,74.232299854000999,71.617705764249891,72.109554399571451,71.989471084672687,0,0,-1.4992081659589473,-0.37179560378535825,317,0.49197423632312443,24,-0.00012560100004044424,-0.12008331489876412,-8.1272916929719941e-07,-1.5241127587425907e-12,0,0,0,0,1,0
319,0,71.989471084672687,71.989471084672687,71.989471084672687,70.528822495856616,72.713308653717775,70.166904427136956,70.647514094829177,70.529865621576803,0,0,-1.4606485888160705,-0.36191806871966037,317,0.48073504789521998,24,-0.00012538020383067691,-0.11764847325237326,-6.7560353045337251e-07,8.3160664769363346e-13,0,0,0,0,1,0
320,0,70.529865621576803,70.529865621576803,70.529865621576803,69.105463776490765,71.237739723191012,68.751526967936812,69.221058263789857,69.105785204203471,0,0,-1.4244018450860381,-0.3539368085539536,317,0.46965645805758277,24,-0.00012516220158863365,-0.11527305958638578,-7.0839307397818629e-07,-2.9490429195866419e-12,0,0,0,0,1,0
321,0,69.105785204203471,69.105785204203471,69.105785204203471,67.717515449250527,69.793102529641928,67.373857508727852,67.832686065780464,67.719724595530124,0,0,-1.3882697549529439,-0.34365794052267518,314,0.45895350133761703,24,-0.00012494428665808577,-0.11296147025034031,-1.1456517512442588e-06,1.6535500724744467e-12,0,0,0,0,1,0
322,0,67.719724595530124,67.719724595530124,67.719724595530124,66.369387681208437,68.39176223169288,66.033368646698037,66.481733106777639,66.371021073057349,0,0,-1.3503369143216872,-0.33601903451040016,308,0.44848918554908285,24,-0.00012472546950879811,-0.11071203372029004,-1.422255749616852e-06,2.8573443524443354e-14,0,0,0,0,1,0
323,0,66.371021073057349,66.371021073057349,66.371021073057349,65.058641593084999,67.027491587874138,64.730406960778055,65.168554043068482,65.060029922939449,0,0,-1.3123794799723498,-0.32823463230694472,301,0.43827158899418572,24,-0.00012450669601525192,-0.10852412012903301,-3.1773646469446248e-07,-7.7428241227438244e-12,0,0,0,0,1,0
324,0,65.060029922939449,65.060029922939449,65.060029922939449,63.782695222756878,65.699506591630822,63.462957092657398,63.891321481000453,63.784924252142702,0,0,-1.2773347001825712,-0.3197381300994806,301,0.42848867906712185,24,-0.00012429071648942524,-0.10639722885775171,-3.7459579260712417e-07,-7.5767420224144566e-12,0,0,0,0,1,0
325,0,63.784924252142702,63.784924252142702,63.784924252142702,62.541923027283119,64.409427081004196,62.229671893889005,62.648528672200911,62.544200899746713,0,0,-1.243001224859583,-0.31225113339411337,301,0.41898085213119202,24,-0.00012407382019293938,-0.104327772454198,-5.1453626070951941e-07,9.0640955028101211e-13,0,0,0,0,1,0
326,0,62.544200899746713,62.544200899746713,62.544200899746713,61.335424955008861,63.153201803495065,61.030924244153454,61.440541446063634,61.338225092085729,0,0,-1.2087759447378517,-0.30450071085540742,301,0.40974107304114055,21,-0.00012387113384167381,-0.10231635397790484,-7.3141001877274903e-07,2.8811559800272224e-12,0,0,0,0,1,0
327,0,61.338225092085729,61.338225092085729,61.338225092085729,60.162749738737411,61.931922979036408,59.865901472987375,60.266260295271479,60.165899008591438,0,0,-1.1754753533483182,-0.29684826575003598,295,0.40048351648317371,17,-0.0001246941974429408,-0.10036128668004096,-1.169454115768076e-06,-1.6261900138113405e-12,0,0,0,0,1,0
328,0,60.165899008591438,60.165899008591438,60.165899008591438,59.022110741764891,60.743106225366972,58.733506646024424,59.124944912941416,59.026484272019268,0,0,-1.1437882668265473,-0.28860409574046741,291,0.39156145635724743,15,-0.00012318944209576283,-0.098460640922148457,-1.1318474477661766e-06,1.8407956907905143e-12,0,0,0,0,1,0
329,0,59.026484272019268,59.026484272019268,59.026484272019268,57.915167927253471,59.593153699371477,57.63183285763494,58.014739572330676,57.918127913318287,0,0,-1.1113163447657968,-0.28333506961853061,289,0.38302969284152388,12,-0.00012297814828343689,-0.096611659012388884,-9.512002279166154e-07,2.4952262478450393e-12,0,0,0,0,1,0
330,0,57.918127913318287,57.918127913318287,57.918127913318287,56.839082744817304,58.473840990562735,56.56122604293715,56.93591395571859,56.841098802959259,0,0,-1.0790451685009828,-0.27785670188015388,289,0.37481068251131638,12,-0.00012276973575353622,-0.094815152759331056,-9.9022532396020324e-07,5.8766880250971099e-12,0,0,0,0,1,0
331,0,56.841098802959259,56.841098802959259,56.841098802959259,55.791222323587483,57.383781014721116,55.519881486253176,55.886178167892716,55.793111307930246,0,0,-1.0498764793717754,-0.27134083733430714,282,0.36641924123602826,12,-0.00012255960609763861,-0.09306685996246955,-8.0003498226233205e-07,9.6090357892819611e-12,0,0,0,0,1,0
332,0,55.793111307930246,55.793111307930246,55.793111307930246,54.773642915832227,56.324881836425646,54.507758417130759,54.86601259716025,54.774644584575213,0,0,-1.0194683920980196,-0.26588449870146746,277,0.3583765307874156,12,-0.00012235075701028109,-0.09136801258503624,-8.1261278950250926e-07,-9.1482377229112899e-13,0,0,0,0,1,0
333,0,54.774644584575213,54.774644584575213,54.774644584575213,53.784317704679069,55.296253354562552,53.523513765157688,53.873983793979519,53.784267994926267,0,0,-0.99032687989614487,-0.26080393952138081,273,0.35059217173044971,12,-0.00012214289745315909,-0.089715799053251999,-6.0347790764581077e-07,-1.1164902335991655e-11,0,0,0,0,1,0
334,0,53.784267994926267,53.784267994926267,53.784267994926267,52.820938365469559,54.2927023969266,52.566721310597501,52.909548384634689,52.821438724655479,0,0,-0.96332962945670886,-0.2542170548720577,269,0.34299776006402038,13,-0.00017068602028302848,-0.088109659979210164,-5.1811051804406816e-07,-6.5487615330539484e-12,0,0,0,0,1,0
335,0,52.821438724655479,52.821438724655479,52.821438724655479,51.885333634626761,53.320561920625849,51.635771921254332,51.971364300866668,51.884816416127549,0,0,-0.93610509002871822,-0.24956171337242949,267,0.33571324479500819,8,-0.00012086518108844757,-0.086547884739118786,-1.0808048074295584e-06,-1.5834000777203983e-12,0,0,0,0,1,0
336,0,51.884816416127549,51.884816416127549,51.884816416127549,50.978030823571828,52.379441133276146,50.730718354419196,51.059297714920078,50.974268475214217,0,0,-0.90678559255572111,-0.24731246915263227,265,0.32870002451263441,8,-0.00012066401541233063,-0.085029239705860959,-1.2807943292614254e-06,3.6599057118280598e-12,0,0,0,0,1,0
337,0,50.974268475214217,50.974268475214217,50.974268475214217,50.085822717598262,51.450192910223279,49.847860742767011,50.169385931137086,50.085839394036199,0,0,-0.88844575761595479,-0.2379619748312507,261,0.3216191108455298,5,-9.3922484666109085e-05,-0.083546537100886553,-5.2929264171552859e-07,9.2107987903489175e-12,0,0,0,0,1,0
338,0,50.085839394036199,50.085839394036199,50.085839394036199,49.22475953918736,50.556632236489349,48.989362898945956,49.304141570009577,49.222035902237593,0,0,-0.86107985484883898,-0.2353966402414045,257,0.31477867106308921,0,0,-0.082105667771983804,-5.3293451429681227e-07,5.319078510979125e-13,0,0,0,0,1,0
339,0,49.222035902237593,49.222035902237593,49.222035902237593,48.385567174326638,49.680711161684741,48.156229244857045,48.464121055924579,48.383413956942917,0,0,-0.83646872791095461,-0.22933792946959386,248,0.30789181106085228,0,0,-0.080707098981662284,-8.323808842192193e-07,6.6823213629163547e-12,0,0,0,0,1,0
340,0,48.383413956942917,48.383413956942917,48.383413956942917,47.570909499617542,48.83428520079714,47.345473988120887,47.646561561518524,47.567215865121561,0,0,-0.81250445732537457,-0.22543551149665575,234,0.30108757339900938,0,0,-0.079345696396963206,-8.9417596171870173e-07,-1.3716805469243809e-12,0,0,0,0,1,0
341,0,47.567215865121561,47.567215865121561,47.567215865121561,46.77795227805813,48.010648058206037,46.556236311353153,46.85070706049283,46.7726866275436,0,0,-0.7892635870634308,-0.22171596670497706,227,0.29447074913428062,0,0,-0.078020432949230667,-9.5024584823022451e-07,5.3963500334930359e-12,0,0,0,0,1,0
342,0,46.7726866275436,46.7726866275436,46.7726866275436,46.005760789812662,47.208571226617359,45.787818176048155,46.076183346175902,45.999452887626404,0,0,-0.76692583773093759,-0.21794261376450663,225,0.28843584633740788,1,-7.0676207542419434e-05,-0.076730458549498337,-7.7365952932950677e-07,-2.1182500198335674e-12,0,0,0,0,1,0
343,0,45.999452887626404,45.999452887626404,45.999452887626404,45.254639382671456,46.429288997479517,45.039720931254422,45.321844481619024,45.246370069441461,0,0,-0.7448135049549478,-0.21491845141703436,215,0.2821235503738721,0,0,-0.075474412177563011,-9.1170190330558398e-07,-9.2698626552589758e-12,0,0,0,0,1,0
344,0,45.246370069441461,45.246370069441461,45.246370069441461,44.526609798391341,45.674361850373479,44.312613779490157,44.587570016207174,44.513318580943249,0,0,-0.71976027105012008,-0.21399601890118447,206,0.27495623673316316,0,0,-0.074251435263924748,-7.063863449729979e-07,-1.6146084469426114e-11,0,0,0,0,1,0
345,0,44.513318580943249,44.513318580943249,44.513318580943249,43.816566753145921,44.937422723293167,43.6045144650721,43.872250131294678,43.799189722271166,0,0,-0.69675182779732836,-0.2120522880738207,203,0.26773566622048373,0,0,-0.073060409023511852,-8.8708586787333843e-07,2.0938806244430452e-12,0,0,0,0,1,0
346,0,43.799189722271166,43.799189722271166,43.799189722271166,43.12801307464062,44.226573240910625,42.914320963886098,43.175703906380363,43.103803282053768,0,0,-0.67117664763054563,-0.21369211075452199,191,0.2613829424942693,0,0,-0.071900624326595164,-1.0459535317863811e-06,-4.2188474935755949e-15,0,0,0,0,1,0
347,0,43.103803282053768,43.103803282053768,43.103803282053768,42.453995416475671,43.527041493283711,42.242375927116463,42.497601937737251,42.426831055539132,0,0,-0.64980786557809722,-0.21161948935920805,182,0.25522601062078198,0,0,-0.070770882198118557,-5.325630567654116e-07,6.2172489379008766e-15,0,0,0,0,1,0
348,0,42.426831055539132,42.426831055539132,42.426831055539132,41.795963622995863,42.842803378607719,41.587977558037018,41.835876778647098,41.766207823084301,0,0,-0.63086743254326905,-0.20798606495884542,172,0.24790382506888275,1,-4.6044588088989258e-06,-0.069668955562796953,-5.6271418458209155e-07,5.9952043329758453e-15,0,0,0,0,1,0
349,0,41.766207823084301,41.766207823084301,41.766207823084301,41.153376163323699,42.173560359484583,40.949699782188034,41.190616451453607,41.122022218002435,0,0,-0.61283165976060161,-0.203676381135665,156,0.24092133332902765,1,-4.6640634536743164e-06,-0.068594233451172215,-3.7885625658873323e-07,-8.8817841970012523e-16,0,0,0,0,1,0
350,0,41.122022218002435,41.122022218002435,41.122022218002435,40.526906264201479,41.518923129092123,40.328455795717396,40.562471236998768,40.494922851883985,0,0,-0.59511595380095628,-0.19845046848408288,140,0.2340339783258969,2,-1.8537044525146484e-05,-0.067548385114783116,-5.6734132414248961e-07,0,0,0,0,0,1,0
351,0,40.494922851883985,40.494922851883985,40.494922851883985,39.916954021132625,40.884249540559253,39.722290867890024,39.949581452490293,39.883053878510701,0,0,-0.57796883075135952,-0.19466315324260108,129,0.22732400790482643,3,-3.3423304557800293e-05,-0.066527573979591637,-3.8848541095148903e-07,0,0,0,0,0,1,0
352,0,39.883053878510701,39.883053878510701,39.883053878510701,39.321257062759862,40.265341358412307,39.130113261012603,39.352374811135824,39.286841379881956,0,0,-0.56179681575083862,-0.19114380174725909,125,0.22229358761978801,3,-3.2037496566772461e-05,-0.065533431253868457,-7.6123564696217727e-07,0,0,0,0,0,1,0
353,0,39.286841379881956,39.286841379881956,39.286841379881956,38.738899173167873,39.65937707342848,38.552630850821082,38.769435147825355,38.704872720642442,0,0,-0.54794220671408311,-0.18626832234679114,118,0.21683485928588198,3,-3.0562281608581543e-05,-0.064562427182913495,-5.1414633617241634e-07,0,0,0,0,0,1,0
354,0,38.704872720642442,38.704872720642442,38.704872720642442,38.171075993230119,39.06932981142333,37.988847173528001,38.20052885582615,38.136913500634961,0,0,-0.53379672741232298,-0.18222881970211802,113,0.21171069485899352,3,-2.9012560844421387e-05,-0.063615355191188883,-8.2966261061301338e-07,0,0,0,0,0,1,0
355,0,38.136913500634961,38.136913500634961,38.136913500634961,37.616372874702478,38.492345648758288,37.438656829202642,37.645476358322099,37.582785527248831,0,0,-0.52054062593248318,-0.17771604549983522,109,0.20684691745373129,3,-2.7388334274291992e-05,-0.062690831073268782,-6.2262443378813259e-07,0,0,0,0,0,1,0
356,0,37.582785527248831,37.582785527248831,37.582785527248831,37.075874579443592,37.930919977760965,36.901807361856214,37.104044181551131,37.042255168768428,0,0,-0.50691094780523827,-0.17406721758737831,106,0.20226252419797675,3,-2.5704503059387207e-05,-0.061789012782703878,-4.3978388930554502e-07,0,0,0,0,0,1,0
357,0,37.042255168768428,37.042255168768428,37.042255168768428,36.548465659387738,37.381824578055777,36.378680477500673,36.575741909318602,36.514832883160778,0,0,-0.49378950938069011,-0.1697851818870646,100,0.19708531837932242,3,-2.3886561393737793e-05,-0.060909026157823121,-2.2365947671687536e-07,0,0,0,0,0,1,0
358,0,36.514832883160778,36.514832883160778,36.514832883160778,36.032440423781253,36.844991304374815,35.867360914999367,36.059146146311576,35.999096980749869,0,0,-0.48239245937952546,-0.16507950878188637,93,0.19180727012962961,3,-2.2038817405700684e-05,-0.060049165561707696,-6.3896353452719268e-07,-1.4210854715202004e-14,0,0,0,0,1,0
359,0,35.999096980749869,35.999096980749869,35.999096980749869,35.531067681518479,36.327428061921964,35.36690231056707,35.555025279290362,35.495815782791936,0,0,-0.46802929923138947,-0.16416537095140882,93,0.18813067262362893,2,-7.7039003372192383e-06,-0.059209496498425551,-4.7162252769794577e-07,0,0,0,0,0,1,0
360,0,35.495815782791936,35.495815782791936,35.495815782791936,35.041775911762628,35.8227878777694,34.878289777778818,35.062834959084839,35.004445157728249,0,0,-0.45403987102930898,-0.16348613398380962,93,0.1845471631604596,2,-1.9818544387817383e-06,-0.058389801356589999,-4.1051782773138257e-07,0,0,0,0,0,1,0
361,0,35.004445157728249,35.004445157728249,35.004445157728249,34.56093591488176,35.324284490153794,34.401016309056111,34.582061125794574,34.524471766823325,0,0,-0.44350924284648841,-0.15991960582564957,93,0.18104599393018361,1,-1.1771917343139648e-06,-0.057589358971249283,-5.9053762413441291e-07,1.4210854715202004e-14,0,0,0,0,1,0
362,0,34.524471766823325,34.524471766823325,34.524471766823325,34.090727476153361,34.837805646916834,33.934060319042572,34.111673113736728,34.054867143188616,0,0,-0.43374429066996356,-0.15666715711078893,89,0.17761315232201014,1,-3.5762786865234375e-07,-0.056805970548111873,-5.2923328297538319e-07,1.4210854715202004e-14,0,0,0,0,1,0
363,0,34.054867143188616,34.054867143188616,34.054867143188616,33.633647472153882,34.366060081991904,33.478051123495561,33.652351446461338,33.596310429369353,0,0,-0.42121967103473423,-0.15559634865832095,89,0.17430032296579157,0,0,-0.056041017091985168,-4.7434804173462908e-07,-1.4210854715202004e-14,0,0,0,0,1,0
364,0,33.596310429369353,33.596310429369353,33.596310429369353,33.185736412325781,33.900843714215355,33.033469663702533,33.204527975876488,33.149232681142252,0,0,-0.41057401704357233,-0.15226674862324785,89,0.17105831217395462,0,0,-0.055295294734236222,-5.0285962061025202e-07,0,0,0,0,0,1,0
365,0,33.149232681142252,33.149232681142252,33.149232681142252,32.745561416077393,33.445746232433606,32.597304612148605,32.765179395225559,32.710615740502725,0,0,-0.40367126506485818,-0.14825680392878837,89,0.16787478307696801,0,0,-0.054563654722834087,-5.0066412171645425e-07,-1.4210854715202004e-14,0,0,0,0,1,0
366,0,32.710615740502725,32.710615740502725,32.710615740502725,32.319987859593219,33.006921925899753,32.171834772616798,32.336640623864163,32.282790508850475,0,0,-0.39062788090950562,-0.14815308697642138,89,0.16480585124736535,0,0,-0.053850115013688082,-5.9742630753589765e-07,0,0,0,0,0,1,0
367,0,32.282790508850475,32.282790508850475,32.282790508850475,31.898186407672537,32.567314745521607,31.755924506915857,31.917689573031407,31.864537190376005,0,0,-0.38460410117793842,-0.14226190075667944,89,0.16176506611554942,0,0,-0.053152382655401453,-5.3531274346596547e-07,0,0,0,0,0,1,0
368,0,31.864537190376005,31.864537190376005,31.864537190376005,31.49058005495484,32.148249606227267,31.348724030250843,31.507817490176613,31.455347745384493,0,0,-0.37395713542116482,-0.14185602470399772,90,0.15909345992577073,0,0,-0.052469744792119855,-4.486825950777984e-07,0,0,0,0,0,1,0
369,0,31.455347745384493,31.455347745384493,31.455347745384493,31.089348456190912,31.732634905600058,30.950704650072872,31.106922308703211,31.055120238259168,0,0,-0.36599928919358149,-0.13864380611803995,89,0.15621765863033943,0,0,-0.051802070444043835,-3.7652531759135854e-07,0,0,0,0,0,1,0
370,0,31.055120238259168,31.055120238259168,31.055120238259168,30.697902700736496,31.328900717927116,30.561012355133006,30.714410084378631,30.663261681411392,0,0,-0.35721753752267205,-0.13689034560349,89,0.15339772924562567,0,0,-0.051148402967239548,-3.5127978392779369e-07,0,0,0,0,0,1,0
371,0,30.663261681411392,30.663261681411392,30.663261681411392,30.314911468125437,30.932522229873108,30.180281387428373,30.330922121485024,30.280412210067858,0,0,-0.34835021328595417,-0.13463008069706461,89,0.15064073405665113,0,0,-0.050509911417165654,-4.7405093894781203e-07,0,0,0,0,0,1,0
372,0,30.280412210067858,30.280412210067858,30.280412210067858,29.940337932162471,30.545590949215672,29.807748793544285,29.955545247496026,29.905660503717826,0,0,-0.34007427790538713,-0.13258913861818655,85,0.14779645395174157,0,0,-0.049884743778200402,-4.1350985924282213e-07,0,0,0,0,0,1,0
373,0,29.905660503717826,29.905660503717826,29.905660503717826,29.572805435296431,30.166211062046585,29.44253022027462,29.58769977797985,29.538427656703814,0,0,-0.33285506842139512,-0.13027521502181116,85,0.14516955770523055,0,0,-0.049272121276036529,-3.5621851068867727e-07,0,0,0,0,0,1,0
374,0,29.538427656703814,29.538427656703814,29.538427656703814,29.213024693828199,29.794145202738971,29.0851660733729,29.227768463022155,29.179095774491262,0,0,-0.32540296287561432,-0.12785862045529939,85,0.1426023896492552,0,0,-0.048672688530892572,-3.0941147599605756e-07,0,0,0,0,0,1,0
375,0,29.179095774491262,29.179095774491262,29.179095774491262,28.860821796482188,29.430828287651085,28.734955533069471,28.875049554877652,28.82696430468528,0,0,-0.3182739780090742,-0.12586626341271767,85,0.14009402180818142,0,0,-0.048085250192372087,-2.4634388395838869e-07,0,0,0,0,0,1,0
376,0,28.82696430468528,28.82696430468528,28.82696430468528,28.516567313575397,29.07521456887449,28.392442042336516,28.530087174397668,28.482576252285817,0,0,-0.31039699110988295,-0.1241252712388814,85,0.13764513206115225,0,0,-0.047510922111850817,-3.7675431840966667e-07,0,0,0,0,0,1,0
377,0,28.482576252285817,28.482576252285817,28.482576252285817,28.178461326301949,28.72668799380137,28.056405419494986,28.19164975187261,28.144702344968614,0,0,-0.30411492598386758,-0.12205590680696332,85,0.13524433237762423,0,0,-0.046947406903996125,-4.5416409477638808e-07,0,0,0,0,0,1,0
378,0,28.144702344968614,28.144702344968614,28.144702344968614,27.848074874560503,28.385106873039099,27.727872521077593,27.860774700965926,27.814378430227627,0,0,-0.29662747040811155,-0.12020235348290953,85,0.13290217988833319,0,0,-0.046396270738298995,-3.1716002979464974e-07,0,0,0,0,0,1,0
379,0,27.814378430227627,27.814378430227627,27.814378430227627,27.524515855089469,28.051621400422157,27.405894501749792,27.536507324406777,27.490650901614497,0,0,-0.28986257513815872,-0.11862135333967672,85,0.13061282265698537,0,0,-0.045856422792279972,-4.6475662784928318e-07,0,0,0,0,0,1,0
380,0,27.490650901614497,27.490650901614497,27.490650901614497,27.206968100175271,27.723620737897445,27.090483041824267,27.218486867281097,27.173160040155889,0,0,-0.28368280143922675,-0.11648505835100309,85,0.1280038254568252,0,0,-0.045326827125208524,-4.6177031975958016e-07,4.4408920985006262e-15,0,0,0,0,1,0
381,0,27.173160040155889,27.173160040155889,27.173160040155889,26.896169152282763,27.40220270758196,26.781647824834092,26.907449661339395,26.862640988375635,0,0,-0.27699088787312576,-0.11452132744867072,85,0.12580183650529886,0,0,-0.044808672963760898,-2.7123064683109988e-07,4.4408920985006262e-15,0,0,0,0,1,0
382,0,26.862640988375635,26.862640988375635,26.862640988375635,26.591524320400676,27.088554015453138,26.478567763397397,26.602237295489505,26.557937010433054,0,0,-0.27111666797495815,-0.11295655700327956,85,0.12366953209210685,0,0,-0.044300285056451116,-1.4696311723128019e-07,1.7763568394002505e-15,0,0,0,0,1,0
383,0,26.557937010433054,26.557937010433054,26.557937010433054,26.293970056564074,26.782566316839688,26.181655363003305,26.303186565119905,26.259384062582882,0,0,-0.26396695386898017,-0.11231469356076929,85,0.12158262416123744,1,-5.1422044634819031e-05,-0.043802502537023003,-3.6724344454341917e-07,-2.6645352591003757e-15,0,0,0,0,1,0
384,0,26.259384062582882,26.259384062582882,26.259384062582882,26.002129571717013,26.483001258615438,25.890320962904809,26.009863793863992,25.966549703599728,0,0,-0.25725449086586849,-0.11180860881220411,85,0.11954283095918417,0,0,-0.043314090264264138,-4.1912241144359541e-07,-8.8817841970012523e-16,0,0,0,0,1,0
385,0,25.966549703599728,25.966549703599728,25.966549703599728,25.714961480816232,26.186263396627307,25.605104533271675,25.722644490773124,25.679808502014502,0,0,-0.25158822278349646,-0.10985694754455722,85,0.11753995750144952,0,0,-0.042835988758621824,-6.17793062929195e-07,0,0,0,0,0,1,0
386,0,25.679808502014502,25.679808502014502,25.679808502014502,25.433697640241832,25.897057611674107,25.325073009408065,25.440655944108329,25.398289817511685,0,0,-0.24611086177267083,-0.10862463083376639,87,0.11558293470026831,0,0,-0.042366126596643738,-3.4514032876131751e-07,-4.6074255521943996e-15,0,0,0,0,1,0
387,0,25.398289817511685,25.398289817511685,25.398289817511685,25.159198400318427,25.612416615900027,25.052134878022787,25.165159001434983,25.123251686739408,0,0,-0.23909141719325788,-0.10706352229563976,83,0.11308195109350855,1,-5.7827681303024292e-05,-0.041907314695574627,-3.1241902576084613e-07,-1.0158540675320182e-14,0,0,0,0,1,0
388,0,25.123251686739408,25.123251686739408,25.123251686739408,24.887855501546873,25.332881014425773,24.783041088694873,24.894258044696862,24.852801734582734,0,0,-0.2353961851925348,-0.10481441285200077,83,0.111216956001987,0,0,-0.041456310114128314,-4.334199772415559e-07,2.3314683517128287e-15,0,0,0,0,1,0
389,0,24.852801734582734,24.852801734582734,24.852801734582734,24.623582010334829,25.062764456606445,24.518600594463265,24.628001472157301,24.586988484655631,0,0,-0.22921972424790482,-0.1049814158715634,83,0.10940087769403145,0,0,-0.04101298750167004,-5.0219603053847095e-07,4.163336342344337e-15,0,0,0,0,1,0
390,0,24.586988484655631,24.586988484655631,24.586988484655631,24.362621841780456,24.793128127492341,24.259551966961229,24.367164391502268,24.326585785463028,0,0,-0.22436664287517516,-0.10306987481922647,83,0.10761242454104469,0,0,-0.040578606039240128,-4.87157951312156e-07,-6.3282712403633923e-15,0,0,0,0,1,0
391,0,24.326585785463028,24.326585785463028,24.326585785463028,24.107312912729885,24.530812351807715,24.005199715623593,24.111067184064236,24.07091513131116,0,0,-0.21927287273314278,-0.10211319710629141,83,0.10586746844064088,0,0,-0.040152052753075651,-4.0708634685415745e-07,1.7763568394002505e-15,0,0,0,0,1,0
392,0,24.07091513131116,24.07091513131116,24.07091513131116,23.856536361673818,24.271773399465665,23.756107065807917,23.860262112071553,23.820527767551585,0,0,-0.21437876963734226,-0.10042929586590077,83,0.10415504626363492,0,0,-0.039734344519967379,-3.591876058806065e-07,2.2204460492503131e-16,0,0,0,0,1,0
393,0,23.820527767551585,23.820527767551585,23.820527767551585,23.610464888115434,24.018040378627258,23.511708494392426,23.613365608291485,23.574042416131075,0,0,-0.21006287943615121,-0.098756393723007818,80,0.10165711389905874,0,0,-0.039323192160409803,-3.5830713684958937e-07,-2.2204460492503131e-16,0,0,0,0,1,0
394,0,23.574042416131075,23.574042416131075,23.574042416131075,23.369152877117596,23.769467943375869,23.271440012799925,23.371477601200002,23.33255707948749,0,0,-0.20488953901347884,-0.097712864317671233,80,0.10003758840007093,0,0,-0.038920521712512368,-4.9879573538191835e-07,6.5503158452884236e-15,0,0,0,0,1,0
395,0,23.33255707948749,23.33255707948749,23.33255707948749,23.131288956801864,23.524398123415704,23.035368498356856,23.133811768237695,23.095287108083969,0,0,-0.20126812268562588,-0.095920458445007739,80,0.098443269880840012,0,0,-0.038524660153726131,-4.1707690812131659e-07,-9.4368957093138306e-16,0,0,0,0,1,0
396,0,23.095287108083969,23.095287108083969,23.095287108083969,22.898604634071699,23.284855986632277,22.803820172384857,22.900706619600445,22.86257028061577,0,0,-0.19668247401227035,-0.094784461686842292,80,0.096886447215589422,0,0,-0.038136338984674722,-2.8093761983427612e-07,-8.3266726846886741e-16,0,0,0,0,1,0
397,0,22.86257028061577,22.86257028061577,22.86257028061577,22.670894842762529,23.048782959948582,22.577788349774075,22.672033926707229,22.634278395794663,0,0,-0.1916754378532417,-0.093106492988454193,76,0.094245576933155273,0,0,-0.037755530912566115,-2.7662126100835849e-07,-7.7715611723760958e-16,0,0,0,0,1,0
398,0,22.634278395794663,22.634278395794663,22.634278395794663,22.447151950451559,22.818930240391143,22.354825801722892,22.447602727709661,22.410220869798003,0,0,-0.18712644534310385,-0.092326148728666624,76,0.092776925986761016,0,0,-0.037381857911658045,-3.4410684435215444e-07,7.7715611723760958e-15,0,0,0,0,1,0
399,0,22.410220869798003,22.410220869798003,22.410220869798003,22.226753144426418,22.590593192141604,22.136567032981013,22.227183505649592,22.190168686157122,0,0,-0.18346772537158529,-0.090186111445405004,74,0.090616472668573589,0,0,-0.037014819492469542,-3.6511447021325694e-07,5.1625370645069779e-15,0,0,0,0,1,0
400,0,22.190168686157122,22.190168686157122,22.190168686157122,22.010236162372472,22.366486424845938,21.922077216402229,22.010589881918079,21.973935959148669,0,0,-0.1799325237846503,-0.088158945970242542,72,0.088512665515845967,0,0,-0.036653922769410485,-1.5713112588855438e-07,4.163336342344337e-15,0,0,0,0,1,0
401,0,21.973935959148669,21.973935959148669,21.973935959148669,21.798608259861894,22.149417913381846,21.710867328736533,21.798022680717047,21.761722542746149,0,0,-0.17532769928677538,-0.087740931125360078,72,0.087155351980514495,0,0,-0.036300137970897595,-3.5595661884713081e-07,-1.2212453270876722e-15,0,0,0,0,1,0
402,0,21.761722542746149,21.761722542746149,21.761722542746149,21.589946118935465,21.935651439603248,21.502981546386366,21.588805180851729,21.552853441004565,0,0,-0.17177642381068381,-0.086964572549099728,72,0.085823634465360676,0,0,-0.035951739847163822,-3.6327091379462217e-07,2.6645352591003757e-15,0,0,0,0,1,0
403,0,21.552853441004565,21.552853441004565,21.552853441004565,21.384348151406748,21.720774202393471,21.300387599435915,21.383200955751875,21.347591438153255,0,0,-0.16850528959781741,-0.083960551970832853,68,0.082813356315958597,0,0,-0.035609517598619078,-5.2935095240513874e-07,1.0547118733938987e-15,0,0,0,0,1,0
404,0,21.347591438153255,21.347591438153255,21.347591438153255,21.182160115638478,21.512853835337328,21.099528945466194,21.181092601097365,21.145819617672231,0,0,-0.16543132251477743,-0.082631170172284385,68,0.081563655631163134,0,0,-0.035272983425134186,-5.6190768304986705e-07,8.4932061383824475e-15,0,0,0,0,1,0
405,0,21.145819617672231,21.145819617672231,21.145819617672231,20.984116993084157,21.307560135614246,20.9032468250915,20.982106760860574,20.947165482952474,0,0,-0.16170262458807372,-0.080870167992657116,64,0.078859935769077072,0,0,-0.034941277908099977,-2.2326405968442486e-07,-2.8310687127941492e-15,0,0,0,0,1,0
406,0,20.947165482952474,20.947165482952474,20.947165482952474,20.789182599165169,21.107064324300072,20.709233188269803,20.786367692932519,20.751752233318648,0,0,-0.15798288378730518,-0.079949410895366668,64,0.077134504662721648,0,0,-0.034615459613871025,-3.6506270717495681e-07,-5.5511151231257827e-15,0,0,0,0,1,0
407,0,20.751752233318648,20.751752233318648,20.751752233318648,20.596773647253578,20.902809329692353,20.52124505557105,20.594140905292726,20.559845540745279,0,0,-0.15497858606507009,-0.075528591682527235,59,0.072895849721681394,0,0,-0.034295364547446638,-3.8116376899210991e-07,-6.2172489379008766e-15,0,0,0,0,1,0
408,0,20.559845540745279,20.559845540745279,20.559845540745279,20.406506470734293,20.691223218333782,20.340817599909336,20.405533039906004,20.371551928915689,0,0,-0.15333907001098623,-0.06568887082495678,50,0.06471543999667323,0,0,-0.033981110990314534,-2.1226011526209732e-07,-5.1625370645069779e-15,0,0,0,0,1,0
409,0,20.371551928915689,20.371551928915689,20.371551928915689,20.221307679921221,20.488718969346454,20.16272416318024,20.220531825806322,20.186858705950758,0,0,-0.15024424899446842,-0.058583516740981167,46,0.057807662626078005,0,0,-0.033673119855563982,-2.9969939774332488e-07,4.3853809472693683e-15,0,0,0,0,1,0
410,0,20.186858705950758,20.186858705950758,20.186858705950758,20.039032472144303,20.295670398238894,19.984626716947989,20.038249316122933,20.004879730696409,0,0,-0.14782623380645532,-0.054405755196313521,43,0.05362259917494977,0,0,-0.033369585426523685,-3.1644388798213186e-07,-6.4948046940571658e-15,0,0,0,0,1,0
411,0,20.004879730696409,20.004879730696409,20.004879730696409,19.860242101005554,20.104279000816085,19.810542356859138,19.858686133782989,19.82561545706454,0,0,-0.14463762969085536,-0.049699744146415981,39,0.048143776923859183,0,0,-0.033070676718448766,-4.3047161923936983e-07,-8.1046280797636427e-15,0,0,0,0,1,0
412,0,19.82561545706454,19.82561545706454,19.82561545706454,19.683580049670685,19.921868955753116,19.635453217352893,19.681731121738519,19.648955290747175,0,0,-0.14203540739385545,-0.048126832317791468,38,0.046277904385612856,0,0,-0.032775830991344179,-2.6414997478241276e-07,1.2989609388114332e-14,0,0,0,0,1,0
413,0,19.648955290747175,19.648955290747175,19.648955290747175,19.509272250513781,19.733319677820568,19.467089863321995,19.507528911351798,19.47504317609237,0,0,-0.13968304023339329,-0.042182387191786574,34,0.040439048029803082,0,0,-0.032485735259427884,-2.6364162053482687e-07,2.7755575615628914e-16,0,0,0,0,1,0
414,0,19.47504317609237,19.47504317609237,19.47504317609237,19.339482343056297,19.559977704712345,19.297015050428371,19.336902659286885,19.304700943154018,0,0,-0.1355608330360738,-0.042467292627925701,34,0.039887608858511447,0,0,-0.032201716132867375,-3.8477154973293182e-07,2.6090241078691179e-15,0,0,0,0,1,0
415,0,19.304700943154018,19.304700943154018,19.304700943154018,19.170160311699298,19.374623035923953,19.135199399483163,19.169192490085209,19.137270117714543,0,0,-0.13454063145471906,-0.034960912216135398,31,0.033993090602050871,0,0,-0.031922372370665641,-3.2517536041609674e-07,-5.287437154777308e-15,0,0,0,0,1,0
416,0,19.137270117714543,19.137270117714543,19.137270117714543,19.00443158957188,19.206253227628764,18.969939940374779,19.003470022727321,18.971823747979947,0,0,-0.13283852814266339,-0.034491649197100571,31,0.033530082352546398,0,0,-0.031646274747373582,-2.0164055314353391e-07,-4.8849813083506888e-15,0,0,0,0,1,0
417,0,18.971823747979947,18.971823747979947,18.971823747979947,18.84233209509712,19.041747374063327,18.807370331569913,18.840490021491512,18.8091150298612,0,0,-0.12949165288282671,-0.034961763527206813,32,0.033119689921601553,0,0,-0.031374991630311655,-3.2564160079573412e-07,-3.3584246494910985e-15,0,0,0,0,1,0
418,0,18.8091150298612,18.8091150298612,18.8091150298612,18.6810502013081,18.864214096398502,18.653500613062331,18.68048922276871,18.649380734255647,0,0,-0.12806482855310009,-0.02754958824576903,27,0.02698860970638095,0,0,-0.031108488513062582,-2.6844018563565442e-07,-1.9984014443252818e-15,0,0,0,0,1,0
419,0,18.649380734255647,18.649380734255647,18.649380734255647,18.522928902195179,18.702922261052652,18.496158248106621,18.522781434468587,18.491935556940255,0,0,-0.12645183206046795,-0.026770654088558388,27,0.026623186361967199,0,0,-0.030845877528332011,-2.8486991254794702e-07,-6.106226635438361e-16,0,0,0,0,1,0
420,0,18.491935556940255,18.491935556940255,18.491935556940255,18.366185610977269,18.534100191087816,18.345103220876204,18.367277005405718,18.336690215413107,0,0,-0.12574994596298694,-0.021082390101064163,23,0.022173784529512838,0,0,-0.03058678999261133,-1.555416133669496e-07,9.5756735873919752e-16,0,0,0,0,1,0
421,0,18.336690215413107,18.336690215413107,18.336690215413107,18.213671012963751,18.376025206400435,18.194003491249006,18.214289462673058,18.183957330647367,0,0,-0.12301920244935616,-0.019667521714744396,23,0.020285971424048893,0,0,-0.030332132025691294,-2.6446486245390588e-07,2.8588242884097781e-15,0,0,0,0,1,0
422,0,18.183957330647367,18.183957330647367,18.183957330647367,18.062935528919667,18.221648205260415,18.044090157242188,18.064104754142953,18.034022644368481,0,0,-0.12102180172770005,-0.018845371677478795,23,0.020014596900758075,0,0,-0.030082109774472343,-3.416039717762942e-07,6.9388939039072284e-15,0,0,0,0,1,0
423,0,18.034022644368481,18.034022644368481,18.034022644368481,17.914034729980852,18.056647330004193,17.902722363528692,17.91625119693742,17.886415334645172,0,0,-0.11998791438762879,-0.011312366452159495,19,0.013528833408724253,0,0,-0.029835862292248549,-3.1149542678576836e-07,3.5388358909926865e-15,0,0,0,0,1,0
424,0,17.886415334645172,17.886415334645172,17.886415334645172,17.768671703718169,17.909357613621026,17.757200544150407,17.770550438973864,17.740957337231212,0,0,-0.11774363092700213,-0.011471159567761902,22,0.013349894823449976,0,0,-0.029593101742651839,-1.8330890227957752e-07,6.0784710598227321e-15,0,0,0,0,1,0
425,0,17.740957337231212,17.740957337231212,17.740957337231212,17.625185948446312,17.763527236322684,17.613900973289187,17.627074336106123,17.597720081188232,0,0,-0.1157713887848999,-0.011284975157124677,22,0.013173362816934375,0,0,-0.029354254917890898,-2.641765632915849e-07,1.3322676295501878e-15,0,0,0,0,1,0
426,0,17.597720081188232,17.597720081188232,17.597720081188232,17.482235363331956,17.608222944985148,17.476983824187233,17.485585321786896,17.45646666014224,0,0,-0.11548471785627612,-0.0052515391447229831,19,0.0086014975996666354,0,0,-0.02911866164465593,-2.8953963848721287e-07,-3.3029134982598407e-15,0,0,0,0,1,0
427,0,17.45646666014224,17.45646666014224,17.45646666014224,17.343094353953248,17.464003580571998,17.339325901852384,17.346133983424743,17.317247540804793,0,0,-0.11337230618899241,-0.0037684521008642946,19,0.0068080815723604304,0,0,-0.028886442619949548,-2.9585284266886447e-07,-1.4155343563970746e-15,0,0,0,0,1,0
428,0,17.317247540804793,17.317247540804793,17.317247540804793,17.20514872281921,17.316323665741308,17.205610614399035,17.208998082893693,17.180340020629878,0,0,-0.11209881798558285,0.00046189157982468032,15,0.0033874684946588463,0,0,-0.028658062263815509,-2.8498548942934576e-07,-6.3837823915946501e-16,0,0,0,0,1,0
429,0,17.180340020629878,17.180340020629878,17.180340020629878,17.069462332718494,17.178612962125655,17.070325855742944,17.073869731632541,17.045436747198448,0,0,-0.1108776879113833,0.00086352302444936413,14,0.0035438758895899869,0,0,-0.028432984434093811,-2.3351555711315086e-07,7.8270723236073536e-15,0,0,0,0,1,0
430,0,17.045436747198448,17.045436747198448,17.045436747198448,16.93610048870892,17.036552534026367,16.940542653735516,16.940606665326275,16.912395543792609,0,0,-0.10933625848952744,0.0044421650265960011,11,6.4011590758139558e-05,0,0,-0.028211121533665562,-2.9075568264147478e-07,4.9960036108132044e-16,0,0,0,0,1,0
431,0,16.912395543792609,16.912395543792609,16.912395543792609,16.80471612484207,16.903714421705413,16.809056684489153,16.809117646891391,16.781125486190277,0,0,-0.10767941895053923,0.004340559647083353,11,6.0962402230788082e-05,0,0,-0.027992160701113988,-2.9577968874150429e-07,6.6197047843274959e-15,0,0,0,0,1,0
432,0,16.781125486190277,16.781125486190277,16.781125486190277,16.675321399217886,16.772495753966808,16.67963618127358,16.67969418573832,16.651917604308977,0,0,-0.10580408697239108,0.0043147820556939109,11,5.8004464742189565e-05,0,0,-0.027776581429343139,-2.4263590958639725e-07,-1.4988010832439613e-15,0,0,0,0,1,0
433,0,16.651917604308977,16.651917604308977,16.651917604308977,16.54769173410908,16.643069400012848,16.552115691442502,16.55217082730428,16.524606586411704,0,0,-0.10422587019989749,0.0044239573334223792,11,5.5135861775468253e-05,0,0,-0.027564240892576919,-2.6402666009062159e-07,2.9420910152566648e-15,0,0,0,0,1,0
434,0,16.524606586411704,16.524606586411704,16.524606586411704,16.422195966662787,16.516386035541675,16.426306205311899,16.426358559996171,16.399003776408637,0,0,-0.10241061974891608,0.0041102386491118637,11,5.2354684272309937e-05,0,0,-0.027354783587533404,-3.1920563614562525e-07,-8.6042284408449632e-16,0,0,0,0,1,0
435,0,16.399003776408637,16.399003776408637,16.399003776408637,16.297939396292829,16.390886099473409,16.30199812741915,16.302047786474755,16.274900092090846,0,0,-0.10106438011580821,0.0040587311263209358,11,4.9659055603085145e-05,0,0,-0.027147694383909737,-2.4208046411899886e-07,2.3037127760971998e-15,0,0,0,0,1,0
436,0,16.274900092090846,16.274900092090846,16.274900092090846,16.175409321886725,16.266604320574757,16.17955722044848,16.179604267584203,16.152660497688586,0,0,-0.099490770204120338,0.0041478985617544595,11,4.7047135719402444e-05,0,0,-0.026943769895616754,-2.2017131584561866e-07,3.8302694349567901e-15,0,0,0,0,1,0
437,0,16.152660497688586,16.152660497688586,16.152660497688586,16.054756553295235,16.144834311893661,16.058669698346243,16.05871421544537,16.031971669559198,0,0,-0.097903944393351594,0.003913145051008371,11,4.4517099122606818e-05,0,0,-0.026742545886172309,-3.1178598547398906e-07,4.3992587350771828e-15,0,0,0,0,1,0
438,0,16.031971669559198,16.031971669559198,16.031971669559198,15.93581589712627,16.024208868202244,15.939697267304096,15.939739334446296,15.913195018066709,0,0,-0.096155772432927833,0.0038813701778259713,11,4.2067142199744834e-05,0,0,-0.026544316379586874,-2.0860982630210856e-07,1.5265566588595902e-16,0,0,0,0,1,0
439,0,15.913195018066709,15.913195018066709,15.913195018066709,15.81861660343824,15.90594183612324,15.822243235856554,15.822282931350575,15.795934090682609,0,0,-0.094578414628468721,0.0036266324183138465,11,3.9695494022606859e-05,0,0,-0.026348840667965945,-3.3053989234588244e-07,-1.8873791418627661e-15,0,0,0,0,1,0
440,0,15.795934090682609,15.795934090682609,15.795934090682609,15.702609139848326,15.788018127355473,15.706567190314123,15.706604734678015,15.680448589685447,0,0,-0.093324950834283271,0.0039580504657976689,11,3.7544363893873833e-05,0,0,-0.026156144992567576,-2.7129688717764111e-07,-2.2898349882893854e-15,0,0,0,0,1,0
441,0,15.680448589685447,15.680448589685447,15.680448589685447,15.589063460811769,15.673588135116614,15.592493804977384,15.592529192585985,15.566563005413595,0,0,-0.091385128873678667,0.0034303441656149403,11,3.5387608598780318e-05,0,0,-0.025966187172389965,-2.8104268068318561e-07,2.886579864025407e-15,0,0,0,0,1,0
442,0,15.566563005413595,15.566563005413595,15.566563005413595,15.476201441420724,15.559169426715165,15.479898210517511,15.479931743632218,15.454153122902165,0,0,-0.090361563992871652,0.0036967690967877331,11,3.3533114703387934e-05,0,0,-0.025778620730052992,-2.2072932814864998e-07,2.9420910152566648e-15,0,0,0,0,1,0
443,0,15.454153122902165,15.454153122902165,15.454153122902165,15.365110427059404,15.447139969990515,15.368616941002726,15.368648681288031,15.3430553962346,0,0,-0.089042695842760367,0.0035065139433214654,11,3.1740285302936377e-05,0,0,-0.025593285053430392,-2.0236171494047994e-07,2.0122792321330962e-15,0,0,0,0,1,0
444,0,15.3430553962346,15.3430553962346,15.3430553962346,15.255369614891041,15.335940325637178,15.25892710990454,15.258957117697875,15.233546446214801,0,0,-0.087685781343559199,0.0035574950134993344,11,3.000779333331427e-05,0,0,-0.02541067148307441,-2.5581143070496637e-07,1.3045120539345589e-15,0,0,0,0,1,0
445,0,15.233546446214801,15.233546446214801,15.233546446214801,15.146817832638193,15.226415174834967,15.150383428630333,15.150411762954787,15.125181929268726,0,0,-0.086728613576607216,0.0035655959921392366,11,2.8334324457757187e-05,0,0,-0.025229833686061909,-1.7627739268277764e-07,-3.0531133177191805e-15,0,0,0,0,1,0
446,0,15.125181929268726,15.125181929268726,15.125181929268726,15.040298335119745,15.118810796460702,15.043483900591534,15.043510619172332,15.018458806124444,0,0,-0.084883594148980279,0.0031855654717887205,11,2.6718580801526892e-05,0,0,-0.025051813047888061,-1.7583276168409157e-07,-3.0253577421035516e-15,0,0,0,0,1,0
447,0,15.018458806124444,15.018458806124444,15.018458806124444,14.934766781465724,15.011880346229114,14.938055979161293,14.938081138451077,14.913204841729705,0,0,-0.083692024658720499,0.0032891976955689017,11,2.5159289781889749e-05,0,0,-0.024876296721371816,-2.2897071083605169e-07,2.0816681711721685e-15,0,0,0,0,1,0
448,0,14.913204841729705,14.913204841729705,14.913204841729705,14.830687167251739,14.906462746249119,14.834058220695564,14.834081875883687,14.809378742497888,0,0,-0.082517674477966096,0.003371053443824934,11,2.3655188124790949e-05,0,0,-0.024703133385798992,-2.5338778719685706e-07,-1.8179902028236938e-15,0,0,0,0,1,0
449,0,14.809378742497888,14.809378742497888,14.809378742497888,14.728067691059493,14.802853168481743,14.731330435806822,14.731352465777526,14.706820543552761,0,0,-0.081311051438394344,0.0032627447473281279,10,2.2029970708617452e-05,0,0,-0.024531922224765523,-1.153211961479883e-07,-4.0661918276896358e-15,0,0,0,0,1,0
450,0,14.706820543552761,14.706820543552761,14.706820543552761,14.626801211265979,14.700611184744618,14.629905824080309,14.629925933358459,14.605562819478676,0,0,-0.080019332286781264,0.0031046128143294993,7,2.0109278148716658e-05,0,0,-0.024363113879783072,-2.1041631015350504e-07,1.4988010832439613e-15,0,0,0,0,1,0
451,0,14.605562819478676,14.605562819478676,14.605562819478676,14.526348033143654,14.599200135598368,14.529529330786579,14.529548090959176,14.505352138073354,0,0,-0.079214786335022325,0.0031812976429250739,7,1.8760172598566993e-05,0,0,-0.024195952885822436,-2.0650127829924259e-07,-9.5756735873919752e-16,0,0,0,0,1,0
452,0,14.505352138073354,14.505352138073354,14.505352138073354,14.427509326459402,14.499369546600319,14.430500591636614,14.430518050976749,14.406486852748483,0,0,-0.077842811613951568,0.0029912651772114884,7,1.7459340132336409e-05,0,0,-0.024031198228266604,-3.6445608486701531e-07,3.0808688933348094e-15,0,0,0,0,1,0
453,0,14.406486852748483,14.406486852748483,14.406486852748483,14.33012883978656,14.400516934884607,14.333113761468031,14.333129963662142,14.309261181359915,0,0,-0.076358012961922128,0.0029849216814703539,7,1.6202194108680401e-05,0,0,-0.023868782302226776,-1.2683365291366044e-07,2.1233015345956119e-15,0,0,0,0,1,0
454,0,14.309261181359915,14.309261181359915,14.309261181359915,14.234356765520499,14.303813260743944,14.23708075679728,14.237095744512093,14.213386760469451,0,0,-0.074904415839416316,0.0027239912767811347,7,1.4987714814826414e-05,0,0,-0.023708984042642101,-2.5230990097213635e-07,-1.5959455978986625e-15,0,0,0,0,1,0
455,0,14.213386760469451,14.213386760469451,14.213386760469451,14.139202413487919,14.207894889461553,14.141948358303644,14.141962173208288,14.118411680058715,0,0,-0.074184346981532201,0.0027459448157252098,7,1.3814904648329351e-05,0,0,-0.023550493149572915,-1.8532304224549989e-07,-4.0800696154974503e-15,0,0,0,0,1,0
456,0,14.118411680058715,14.118411680058715,14.118411680058715,14.045407095306695,14.113363123577669,14.047931371684639,14.047944054461192,14.024550153256993,0,0,-0.073004584752020207,0.0025242763779438349,7,1.2682776552391806e-05,0,0,-0.023393901204199707,-1.5974450739975055e-07,1.0269562977782698e-15,0,0,0,0,1,0
457,0,14.024550153256993,14.024550153256993,14.024550153256993,13.95231806954839,14.018154200472015,13.955516103915958,13.955527694276995,13.932287658128194,0,0,-0.072232083708602346,0.0031980343675677148,7,1.1590361032973173e-05,0,0,-0.023240036148800769,-1.9368163073352207e-07,4.1772141301521515e-15,0,0,0,0,1,0
458,0,13.932287658128194,13.932287658128194,13.932287658128194,13.860720505029386,13.925764347490672,13.86398221529838,13.863992751999623,13.840904999555768,0,0,-0.071567153098808234,0.0032617102689940225,7,1.0536701246899316e-05,0,0,-0.023087752443855081,-3.4116276204088081e-07,-3.8302694349567901e-15,0,0,0,0,1,0
459,0,13.840904999555768,13.840904999555768,13.840904999555768,13.771150198213032,13.835579256410224,13.773813113527847,13.773822634385507,13.750885170556534,0,0,-0.069754801342735817,0.0026629153148149953,7,9.5208576546962354e-06,0,0,-0.022937463828972326,-2.109205787803603e-07,4.8988590961585032e-15,0,0,0,0,1,0
460,0,13.750885170556534,13.750885170556534,13.750885170556534,13.682071557531033,13.745577951230123,13.684725074754772,13.684733616743779,13.661944462600983,0,0,-0.068813613025501041,0.0026535172237380777,7,8.54198900564207e-06,0,0,-0.022789154142795809,-2.5927432645289628e-07,2.0400348077487251e-15,0,0,0,0,1,0
461,0,13.661944462600983,13.661944462600983,13.661944462600983,13.593750022923311,13.656464040832935,13.596490246177799,13.596497845400636,13.573855726853754,0,0,-0.068194439677672136,0.0027402232544879723,7,7.5992228367738335e-06,0,0,-0.022642118546881917,-1.608255963958527e-07,0,0,0,0,0,1,0
462,0,13.573855726853754,13.573855726853754,13.573855726853754,13.506549588300299,13.568422615749878,13.509266129211117,13.509272822948063,13.486775962221685,0,0,-0.067306138553455241,0.0027165409108178551,7,6.6937369442021666e-06,0,0,-0.022496860726377577,-1.5697362165667528e-07,1.8596235662471372e-15,0,0,0,0,1,0
463,0,13.486775962221685,13.486775962221685,13.486775962221685,13.420167748384372,13.480918413592633,13.423096544116788,13.423102365871188,13.400748981039925,0,0,-0.066608213837312746,0.0029287957324157787,7,5.8217543947997052e-06,0,0,-0.022353384831262701,-1.7890187464786322e-07,4.649058915617843e-15,0,0,0,0,1,0
464,0,13.400748981039925,13.400748981039925,13.400748981039925,13.335442166697067,13.39551007503098,13.338061628795156,13.338066611871962,13.315854813722307,0,0,-0.065306814342857678,0.0026194620980888317,7,4.9830768060477038e-06,0,0,-0.022211798149655237,-2.0044679338582228e-07,2.4980018054066022e-16,0,0,0,0,1,0
465,0,13.315854813722307,13.315854813722307,13.315854813722307,13.251603271700681,13.310933125147709,13.254064082905064,13.254068260266934,13.231996401514452,0,0,-0.064251542021626307,0.0024608112043829067,7,4.1773618673773827e-06,0,0,-0.022071858752481077,-1.4171205009461119e-07,2.3731017151362721e-15,0,0,0,0,1,0
466,0,13.231996401514452,13.231996401514452,13.231996401514452,13.168602345857023,13.22713599417691,13.171032513196449,13.171035917049752,13.149102299115308,0,0,-0.063394055657429504,0.002430167339426248,7,3.4038533036073737e-06,0,0,-0.021933617934443816,-1.7288338227672284e-07,-1.27675647831893e-15,0,0,0,0,1,0
467,0,13.149102299115308,13.149102299115308,13.149102299115308,13.086472909493947,13.144248350700478,13.088899920250208,13.088902582056788,13.067105733411633,0,0,-0.062629389621360332,0.0024270107562607279,7,2.6618065814137948e-06,0,0,-0.021796848645154299,-1.7848413591536882e-07,-1.8179902028236938e-15,0,0,0,0,1,0
468,0,13.067105733411633,13.067105733411633,13.067105733411633,13.005072543168001,13.06196392497619,13.0076433626346,13.007645313121568,12.985983658176394,0,0,-0.062033190243631964,0.0025708194665980955,7,1.9504869716302498e-06,0,0,-0.021661654945173581,-3.0078012258627496e-07,-3.2474023470285829e-15,0,0,0,0,1,0
469,0,12.985983658176394,12.985983658176394,12.985983658176394,12.924991277236309,12.981194902326664,12.927385704528511,12.927400628797425,12.905872698232935,0,0,-0.060992380940085411,0.0023944272922022947,8,1.4924268914362493e-05,0,0,-0.021527930564490205,-2.0615991580541504e-07,-3.3306690738754696e-16,0,0,0,0,1,0
470,0,12.905872698232935,12.905872698232935,12.905872698232935,12.845792940754434,12.901196920217513,12.848130831859299,12.848196593188144,12.826800505663,0,0,-0.06007975747850125,0.002337891104865264,7,6.5761328842423028e-05,0,0,-0.02139608752514377,-2.5991088570265219e-07,2.1926904736346842e-15,0,0,0,0,1,0
471,0,12.826800505663,12.826800505663,12.826800505663,12.767620621901814,12.822318840084305,12.769861473087319,12.769924446208739,12.74865873845514,0,0,-0.059179883761185437,0.0022408511855047664,7,6.2973121418577471e-05,0,0,-0.021265707753599372,-2.2507541430627498e-07,1.0963452368173421e-15,0,0,0,0,1,0
472,0,12.74865873845514,12.74865873845514,12.74865873845514,12.690002218450791,12.743962979695604,12.692350136246811,12.692410396814507,12.671273776430647,0,0,-0.058656520004348067,0.0023479177960190611,7,6.0260567700740064e-05,0,0,-0.021136620383860105,-2.2019806245054951e-07,-4.0384362520740069e-15,0,0,0,0,1,0
473,0,12.671273776430647,12.671273776430647,12.671273776430647,12.613535114471516,12.666767887673862,12.615788096573128,12.615845718899228,12.594836641887198,0,0,-0.057738661959131576,0.0022529821016128437,7,5.7622326098877297e-05,0,0,-0.02100907701202992,-1.783505076957681e-07,1.0824674490095276e-15,0,0,0,0,1,0
474,0,12.594836641887198,12.594836641887198,12.594836641887198,12.537656684141201,12.590011916390239,12.540069015688687,12.540124072743481,12.519241044982412,0,0,-0.057179957745997712,0.0024123315474859908,7,5.5057054794804827e-05,0,0,-0.020883027761069428,-2.2674100463859759e-07,-4.4408920985006262e-16,0,0,0,0,1,0
475,0,12.519241044982412,12.519241044982412,12.519241044982412,12.462930302325447,12.514650818697223,12.465225379612122,12.465277943045979,12.444519515940383,0,0,-0.056310742656965118,0.0022950772866749958,7,5.25634338576636e-05,0,0,-0.020758427105596056,-2.6574818257074639e-07,2.9143354396410359e-16,0,0,0,0,1,0
476,0,12.444519515940383,12.444519515940383,12.444519515940383,12.389156687469788,12.440336724487279,12.391248014515016,12.391289917852459,12.370654745101659,0,0,-0.055362828470595815,0.0020913270452282973,7,4.1903337442389388e-05,0,0,-0.020635172750800734,-2.2207289163134192e-07,1.0824674490095276e-15,0,0,0,0,1,0
477,0,12.370654745101659,12.370654745101659,12.370654745101659,12.315842618025043,12.36626627989464,12.31803679242172,12.318076733093337,12.297563532629653,0,0,-0.05481212707661598,0.0021941743966777949,7,3.9940671618929335e-05,0,0,-0.0205132004636841,-1.7014002118287408e-07,-2.6506574712925612e-15,0,0,0,0,1,0
478,0,12.297563532629653,12.297563532629653,12.297563532629653,12.243430361018902,12.29330323305534,12.245560484497087,12.245598518959515,12.225205988497866,0,0,-0.054133171610750708,0.0021301234781851974,7,3.8034462428046534e-05,0,0,-0.020392530461649017,-1.9656135741286107e-07,-4.8572257327350599e-16,0,0,0,0,1,0
479,0,12.225205988497866,12.225205988497866,12.225205988497866,12.171606513148351,12.220741303422031,12.173838815175145,12.173874998838098,12.153601984203512,0,0,-0.053599475349514591,0.0022323020267940308,7,3.6183662956212892e-05,0,0,-0.020273014634586417,-1.2038179164619578e-07,-3.219646771412954e-15,0,0,0,0,1,0
480,0,12.153601984203512,12.153601984203512,12.153601984203512,12.100983908142027,12.149572647010814,12.102998600953924,12.103033123458427,12.082877977789106,0,0,-0.052618076061484942,0.0020146928118975893,7,3.4522504501893758e-05,0,0,-0.020155145669320973,-2.2287986389812886e-07,1.1934897514720433e-15,0,0,0,0,1,0
