step,emitter,before_source,after_source,before_advection,forward,reverse,corrected,limited,final,expected_injection,measured_injection,forward_delta,correction_delta,lower_changed_cells,lower_delta,upper_changed_cells,upper_delta,damping_and_positivity_delta,damping_residual,limiter_residual,pattern_errors,injection_errors,untouched_errors,nonfinite,readback_match,audit_failed
1,1,0,0.5,0.5,0.5,,0.5,0.5,0.49916735291481018,0.5,0.5,0,,0,0,0,0,-0.00083264708518981934,-7.7548728549814427e-09,0,0,0,0,0,1,0
2,1,0.49916735291481018,0.99916738271713257,0.99916738271713257,0.99916738271713257,,0.99916738271713257,0.99916738271713257,0.99750345945358276,0.5,0.50000002980232239,0,,0,0,0,0,-0.0016639232635498047,-3.1142709522313794e-08,0,0,0,0,0,1,0
3,1,0.99750345945358276,1.4975035190582275,1.4975035190582275,1.4975035190582275,,1.4975035190582275,1.4975035190582275,1.4950097799301147,0.5,0.50000005960464478,0,,0,0,0,0,-0.002493739128112793,2.1526399107685279e-08,0,0,0,0,0,1,0
4,1,1.4950097799301147,1.9950097799301147,1.9950097799301147,1.9872168302536011,,1.9872168302536011,1.9872168302536011,1.9839075803756714,0.5,0.5,-0.0077929496765136719,,0,0,0,0,-0.0033092498779296875,1.9903544146160357e-08,0,0,0,0,0,1,0
5,1,1.9839075803756714,2.4839076995849609,2.4839076995849609,2.4839077815413475,,2.4839077815413475,2.4839077815413475,2.4797712741419673,0.5,0.50000011920928955,8.1956386566162109e-08,,0,0,0,0,-0.0041365073993802071,-1.0877579725843134e-07,0,0,0,0,0,1,0
6,1,2.4797712741419673,2.9797712741419673,2.9797712741419673,2.9797334019094706,,2.9797334019094706,2.9797334019094706,2.9747713319957256,0.5,0.5,-3.7872232496738434e-05,,0,0,0,0,-0.0049620699137449265,1.6534833058301501e-08,0,0,0,0,0,1,0
7,1,2.9747713319957256,3.4747713319957256,3.4747713319957256,3.4611980244517326,,3.4611980244517326,3.4611980244517326,3.4554340578615665,0.5,0.5,-0.013573307543992996,,0,0,0,0,-0.0057639665901660919,-1.0737981837039001e-07,0,0,0,0,0,1,0
8,1,3.4554340578615665,3.9554340578615665,3.9554340578615665,3.9399831481277943,,3.9399831481277943,3.9399831481277943,3.9334219954907894,0.5,0.5,-0.015450909733772278,,0,0,0,0,-0.0065611526370048523,1.7222829384877514e-08,0,0,0,0,0,1,0
9,1,3.9334219954907894,4.4334222339093685,4.4334222339093685,4.4159102812409401,,4.4159102812409401,4.4159102812409401,4.4085566475987434,0.5,0.5000002384185791,-0.017511952668428421,,0,0,0,0,-0.0073536336421966553,8.7516427882405878e-08,0,0,0,0,0,1,0
10,1,4.4085566475987434,4.9085566475987434,4.9085566475987434,4.8702086582779884,,4.8702086582779884,4.8702086582779884,4.8620983362197876,0.5,0.5,-0.038347989320755005,,0,0,0,0,-0.0081103220582008362,-6.750673620103953e-08,0,0,0,0,0,1,0
11,1,4.8620983362197876,5.3620983362197876,5.3620983362197876,5.3425613702274859,,5.3425613702274859,5.3425613702274859,5.3336642082722392,0.5,0.5,-0.019536965992301702,,0,0,0,0,-0.0088971619552467018,-3.0851227794670422e-07,0,0,0,0,0,1,0
12,1,5.3336642082722392,5.8336642082722392,5.8336642082722392,5.7909096429357305,,5.7909096429357305,5.7909096429357305,5.781266181380488,0.5,0.5,-0.042754565336508676,,0,0,0,0,-0.0096434615552425385,1.6698797011827082e-08,0,0,0,0,0,1,0
13,1,5.781266181380488,6.281266181380488,6.281266181380488,6.2350721582770348,,6.2350721582770348,6.2350721582770348,6.2246891490649432,0.5,0.5,-0.046194023103453219,,0,0,0,0,-0.010383009212091565,1.2340059907245404e-07,0,0,0,0,0,1,0
14,1,6.2246891490649432,6.7246891490649432,6.7246891490649432,6.6761022862046957,,6.6761022862046957,6.6761022862046957,6.6649846872314811,0.5,0.5,-0.048586862860247493,,0,0,0,0,-0.011117598973214626,-2.8299789178731771e-08,0,0,0,0,0,1,0
15,1,6.6649846872314811,7.1649846872314811,7.1649846872314811,7.1124129821546376,,7.1124129821546376,7.1124129821546376,7.1005688617005944,0.5,0.5,-0.0525717050768435,,0,0,0,0,-0.01184412045404315,2.9110755583872105e-08,0,0,0,0,0,1,0
16,1,7.1005688617005944,7.6005688617005944,7.6005688617005944,7.5182129284439725,,7.5182129284439725,7.5182129284439725,7.5056927110708784,0.5,0.5,-0.082355933256621938,,0,0,0,0,-0.012520217373094056,-2.9781725441324625e-07,0,0,0,0,0,1,0
17,1,7.5056927110708784,8.0056927110708784,8.0056927110708784,7.9175394142366713,,7.9175394142366713,7.9175394142366713,7.9043542061699554,0.5,0.5,-0.08815329683420714,,0,0,0,0,-0.013185208066715859,-2.9863546124886398e-07,0,0,0,0,0,1,0
18,1,7.9043542061699554,8.4043542061699554,8.4043542061699554,8.3128347134625074,,8.3128347134625074,8.3128347134625074,8.2989914034260437,0.5,0.5,-0.09151949270744808,,0,0,0,0,-0.013843310036463663,-1.2377875791003135e-07,0,0,0,0,0,1,0
19,1,8.2989914034260437,8.7989914034260437,8.7989914034260437,8.674280614417512,,8.674280614417512,8.674280614417512,8.6598351448774338,0.5,0.5,-0.12471078900853172,,0,0,0,0,-0.014445469540078193,-3.7513653872167652e-07,0,0,0,0,0,1,0
20,1,8.6598351448774338,9.1598351448774338,9.1598351448774338,9.0272633753193077,,9.0272633753193077,9.0272633753193077,9.0122304052638356,0.5,0.5,-0.13257176955812611,,0,0,0,0,-0.015032970055472106,-6.099263316627912e-08,0,0,0,0,0,1,0
21,1,9.0122304052638356,9.5122304052638356,9.5122304052638356,9.3713066195778083,,9.3713066195778083,9.3713066195778083,9.355700571264606,0.5,0.5,-0.14092378568602726,,0,0,0,0,-0.015606048313202336,-2.1137736361254156e-07,0,0,0,0,0,1,0
22,1,9.355700571264606,9.8557010481017642,9.8557010481017642,9.7673277680878527,,9.7673277680878527,9.7673277680878527,9.7510621243272908,0.5,0.5000004768371582,-0.088373280013911426,,0,0,0,0,-0.016265643760561943,-3.2125694460205523e-07,0,0,0,0,0,1,0
23,1,9.7510621243272908,10.251062124327291,10.251062124327291,10.155373737914488,,10.155373737914488,10.155373737914488,10.138461980910506,0.5,0.5,-0.095688386412803084,,0,0,0,0,-0.01691175700398162,-2.2982747083233335e-07,0,0,0,0,0,1,0
24,1,10.138461980910506,10.638462457747664,10.638462457747664,10.518258425930981,,10.518258425930981,10.518258425930981,10.50074273138307,0.5,0.5000004768371582,-0.12020403181668371,,0,0,0,0,-0.017515694547910243,1.3675582266614583e-07,0,0,0,0,0,1,0
25,1,10.50074273138307,11.000743208220229,11.000743208220229,10.871912621310912,,10.871912621310912,10.871912621310912,10.853807341656648,0.5,0.5000004768371582,-0.12883058690931648,,0,0,0,0,-0.01810527965426445,-5.155657198940844e-07,0,0,0,0,0,1,0
26,1,10.853807341656648,11.353807818493806,11.353807818493806,11.214799960725941,,11.214799960725941,11.214799960725941,11.196123919449747,0.5,0.5000004768371582,-0.13900785776786506,,0,0,0,0,-0.018676041276194155,-2.7421832093921239e-07,0,0,0,0,0,1,0
27,1,11.196123919449747,11.696123919449747,11.696123919449747,11.587712438777089,,11.587712438777089,11.587712438777089,11.568415690911934,0.5,0.5,-0.10841148067265749,,0,0,0,0,-0.019296747865155339,2.2384705644640235e-08,0,0,0,0,0,1,0
28,1,11.568415690911934,12.068415690911934,12.068415690911934,11.958208380732685,,11.958208380732685,11.958208380732685,11.938294402556494,0.5,0.5,-0.11020731017924845,,0,0,0,0,-0.019913978176191449,-2.2894034401588215e-07,0,0,0,0,0,1,0
29,1,11.938294402556494,12.438294402556494,12.438294402556494,12.313598128501326,,12.313598128501326,12.313598128501326,12.293092268519104,0.5,0.5,-0.12469627405516803,,0,0,0,0,-0.020505859982222319,-2.8778320526612333e-07,0,0,0,0,0,1,0
30,1,12.293092268519104,12.793092268519104,12.793092268519104,12.697528689634055,,12.697528689634055,12.697528689634055,12.676383908372372,0.5,0.5,-0.095563578885048628,,0,0,0,0,-0.02114478126168251,1.4230795031267007e-07,0,0,0,0,0,1,0
31,1,12.676383908372372,13.176383908372372,13.176383908372372,13.084240035143011,,13.084240035143011,13.084240035143011,13.062450914865622,0.5,0.5,-0.092143873229360906,,0,0,0,0,-0.021789120277389884,-2.1455625365263131e-07,0,0,0,0,0,1,0
32,1,13.062450914865622,13.562450914865622,13.562450914865622,13.453289163022419,,13.453289163022419,13.453289163022419,13.430885566907818,0.5,0.5,-0.10916175184320309,,0,0,0,0,-0.022403596114600077,-1.2075607713768477e-07,0,0,0,0,0,1,0
33,1,13.430885566907818,13.930885566907818,13.930885566907818,13.85026665037833,,13.85026665037833,13.85026665037833,13.827202043309626,0.5,0.5,-0.08061891652948816,,0,0,0,0,-0.02306460706870439,-5.3571739044855349e-08,0,0,0,0,0,1,0
34,1,13.827202043309626,14.327202043309626,14.327202043309626,14.244950695578847,,14.244950695578847,14.244950695578847,14.221228802773254,0.5,0.5,-0.08225134773077869,,0,0,0,0,-0.023721892805593114,-8.0390469392455088e-08,0,0,0,0,0,1,0
35,1,14.221228802773254,14.721228802773254,14.721228802773254,14.663408751771858,,14.663408751771858,14.663408751771858,14.638990192012329,0.5,0.5,-0.057820051001396422,,0,0,0,0,-0.024418559759528335,1.0192695221178383e-07,0,0,0,0,0,1,0
36,1,14.638990192012329,15.138990192012329,15.138990192012329,15.102290225885838,,15.102290225885838,15.102290225885838,15.077140501234961,0.5,0.5,-0.03669996612649129,,0,0,0,0,-0.025149724650876948,-2.0301100711606068e-07,0,0,0,0,0,1,0
37,1,15.077140501234961,15.577140501234961,15.577140501234961,15.460410641949139,,15.460410641949139,15.460410641949139,15.434664628135103,0.5,0.5,-0.11672985928582236,,0,0,0,0,-0.025746013814035962,-1.218873624253547e-07,0,0,0,0,0,1,0
38,1,15.434664628135103,15.934664628135103,15.934664628135103,15.827326574223022,,15.827326574223022,15.827326574223022,15.800969234872809,0.5,0.5,-0.10733805391208051,,0,0,0,0,-0.026357339350212783,-4.3015127459966607e-07,0,0,0,0,0,1,0
39,1,15.800969234872809,16.300969234872809,16.300969234872809,16.213750657551671,,16.213750657551671,16.213750657551671,16.186749868959552,0.5,0.5,-0.087218577321138469,,0,0,0,0,-0.027000788592118852,-3.756132613830232e-07,0,0,0,0,0,1,0
40,1,16.186749868959552,16.686749868959552,16.686749868959552,16.615609233113247,,16.615609233113247,16.615609233113247,16.587939461356513,0.5,0.5,-0.071140635846305145,,0,0,0,0,-0.027669771756734463,-1.522673933607166e-07,0,0,0,0,0,1,0
41,1,16.587939461356513,17.087939461356513,17.087939461356513,17.038517024195698,,17.038517024195698,17.038517024195698,17.010143034211978,0.5,0.5,-0.04942243716081407,,0,0,0,0,-0.028373989983720094,-1.1117448295294707e-07,0,0,0,0,0,1,0
42,1,17.010143034211978,17.510143034211978,17.510143034211978,17.47208838022118,,17.47208838022118,17.47208838022118,17.442992184395621,0.5,0.5,-0.038054653990798215,,0,0,0,0,-0.029096195825559334,-2.9988926897317469e-07,0,0,0,0,0,1,0
43,1,17.442992184395621,17.942992184395621,17.942992184395621,17.942297862125088,,17.942297862125088,17.942297862125088,17.912418667221345,0.5,0.5,-0.0006943222705331209,,0,0,0,0,-0.029879194903742246,-2.6915121154047483e-07,0,0,0,0,0,1,0
44,1,17.912418667221345,18.412418667221345,18.412418667221345,18.347560577180616,,18.347560577180616,18.347560577180616,18.31700622185781,0.5,0.5,-0.064858090040729621,,0,0,0,0,-0.030554355322806259,-5.5421894273877115e-07,0,0,0,0,0,1,0
45,1,18.31700622185781,18.81700622185781,18.81700622185781,18.763119290044642,,18.763119290044642,18.763119290044642,18.731872946248814,0.5,0.5,-0.053886931813167394,,0,0,0,0,-0.031246343795828579,-5.2163518660108821e-07,0,0,0,0,0,1,0
46,1,18.731872946248814,19.231872946248814,19.231872946248814,19.185134233626059,,19.185134233626059,19.185134233626059,19.153185686763436,0.5,0.5,-0.046738712622754974,,0,0,0,0,-0.031948546862622607,4.7778023315458995e-08,0,0,0,0,0,1,0
47,1,19.153185686763436,19.653185686763436,19.653185686763436,19.63553083287934,,19.63553083287934,19.63553083287934,19.602831805334063,0.5,0.5,-0.017654853884096156,,0,0,0,0,-0.032699027545277204,-3.970590540802732e-07,0,0,0,0,0,1,0
48,1,19.602831805334063,20.102831805334063,20.102831805334063,20.07888927215663,,20.07888927215663,20.07888927215663,20.045451938464794,0.5,0.5,-0.023942533177432779,,0,0,0,0,-0.033437333691836102,-3.8785769262972281e-07,0,0,0,0,0,1,0
49,1,20.045451938464794,20.545451938464794,20.545451938464794,20.536576395893007,,20.536576395893007,20.536576395893007,20.502377042968419,0.5,0.5,-0.0088755425717863545,,0,0,0,0,-0.034199352924588311,-2.3049002706443389e-07,0,0,0,0,0,1,0
50,1,20.502377042968419,21.002377042968419,21.002377042968419,21.032953820181547,,21.032953820181547,21.032953820181547,20.997927906521909,0.5,0.5,0.030576777213127571,,0,0,0,0,-0.035025913659637808,-1.8449279792775997e-07,0,0,0,0,0,1,0
51,1,20.997927906521909,21.497927906521909,21.497927906521909,21.481992530936623,,21.481992530936623,21.481992530936623,21.446218769766347,0.5,0.5,-0.015935375585286238,,0,0,0,0,-0.035773761170275975,-2.5742061282585382e-07,0,0,0,0,0,1,0
52,1,21.446218769766347,21.946218769766347,21.946218769766347,21.953341127658234,,21.953341127658234,21.953341127658234,21.916782160170982,0.5,0.5,0.0071223578918875319,,0,0,0,0,-0.036558967487252403,-5.3697775115324475e-07,0,0,0,0,0,1,0
53,1,21.916782160170982,22.416782160170982,22.416782160170982,22.456345502300181,,22.456345502300181,22.456345502300181,22.418949221445871,0.5,0.5,0.039563342129198986,,0,0,0,0,-0.037396280854309794,-2.0789350330119305e-07,0,0,0,0,0,1,0
54,1,22.418949221445871,22.918949221445871,22.918949221445871,22.988012787479189,,22.988012787479189,22.988012787479189,22.9497309458106,0.5,0.5,0.069063566033317869,,0,0,0,0,-0.038281841668588612,-3.9452320876876001e-07,0,0,0,0,0,1,0
55,1,22.9497309458106,23.4497309458106,23.4497309458106,23.538921609292487,,23.538921609292487,23.538921609292487,23.499722016231622,0.5,0.5,0.089190663481886645,,0,0,0,0,-0.039199593060864402,-7.2921057991948146e-07,0,0,0,0,0,1,0
56,1,23.499722016231622,23.999722016231622,23.999722016231622,24.110181728534307,,24.110181728534307,24.110181728534307,24.070031236541237,0.5,0.5,0.11045971230268492,,0,0,0,0,-0.040150491993070858,-3.2085654311231337e-07,0,0,0,0,0,1,0
57,1,24.070031236541237,24.570031236541237,24.570031236541237,24.617221757536825,,24.617221757536825,24.617221757536825,24.57622685930583,0.5,0.5,0.047190520995588514,,0,0,0,0,-0.040994898230994892,-3.6415407222989415e-07,0,0,0,0,0,1,0
58,1,24.57622685930583,25.07622685930583,25.07622685930583,25.141635087776926,,25.141635087776926,25.141635087776926,25.099766734572796,0.5,0.5,0.065408228471095953,,0,0,0,0,-0.04186835320412996,-5.2479900247703881e-07,0,0,0,0,0,1,0
59,1,25.099766734572796,25.599766734572796,25.599766734572796,25.672313527553804,,25.672313527553804,25.672313527553804,25.629561084138448,0.5,0.5,0.072546792981007968,,0,0,0,0,-0.042752443415356112,-8.8752882732023863e-07,0,0,0,0,0,1,0
60,1,25.629561084138448,26.129561084138448,26.129561084138448,26.207303747055818,,26.207303747055818,26.207303747055818,26.163660430434113,0.5,0.5,0.077742662917369643,,0,0,0,0,-0.043643316621704287,-8.5293896745497477e-07,0,0,0,0,0,1,0
61,1,26.163660430434113,26.663660430434113,26.663660430434113,26.771744254359795,,26.771744254359795,26.771744254359795,26.727161270576104,0.5,0.5,0.10808382392568205,,0,0,0,0,-0.044582983783691077,-5.693689679731051e-07,0,0,0,0,0,1,0
62,1,26.727161270576104,27.227161270576104,27.227161270576104,27.334422385514557,,27.334422385514557,27.334422385514557,27.288902135333331,0.5,0.5,0.10726111493845281,,0,0,0,0,-0.045520250181226629,-8.1988186195758317e-07,0,0,0,0,0,1,0
63,1,27.288902135333331,27.788902135333331,27.788902135333331,27.868967333142969,,27.868967333142969,27.868967333142969,27.822557203045641,0.5,0.5,0.080065197809638278,,0,0,0,0,-0.046410130097328306,-5.3350354534131839e-07,0,0,0,0,0,1,0
64,1,27.822557203045641,28.322557203045641,28.322557203045641,28.419351805045721,,28.419351805045721,28.419351805045721,28.372024889009026,0.5,0.5,0.096794602000080943,,0,0,0,0,-0.047326916036695366,-7.7592669711634699e-07,0,0,0,0,0,1,0
65,1,28.372024889009026,28.872024889009026,28.872024889009026,28.998580693586376,,28.998580693586376,28.998580693586376,28.950289533847595,0.5,0.5,0.12655580457735027,,0,0,0,0,-0.048291159738781175,-4.4212108107899439e-07,0,0,0,0,0,1,0
66,1,28.950289533847595,29.450289533847595,29.450289533847595,29.600733581589509,,29.600733581589509,29.600733581589509,29.55143972693071,0.5,0.5,0.15044404774191378,,0,0,0,0,-0.049293854658799319,-3.8468627394649957e-07,0,0,0,0,0,1,0
67,1,29.55143972693071,30.05143972693071,30.05143972693071,30.246376855213725,,30.246376855213725,30.246376855213725,30.196007950207218,0.5,0.5,0.19493712828301568,,0,0,0,0,-0.050368905006507703,-2.5906801326414097e-07,0,0,0,0,0,1,0
68,1,30.196007950207218,30.696007950207218,30.696007950207218,30.912791006091339,,30.912791006091339,30.912791006091339,30.861312302870516,0.5,0.5,0.21678305588412172,,0,0,0,0,-0.051478703220823263,-2.9201774154330451e-07,0,0,0,0,0,1,0
69,1,30.861312302870516,31.361312302870516,31.361312302870516,31.529765032946756,,31.529765032946756,31.529765032946756,31.477258756507084,0.5,0.5,0.16845273007623973,,0,0,0,0,-0.052506276439672206,-4.3155550955020772e-07,0,0,0,0,0,1,0
70,1,31.477258756507084,31.977258756507084,31.977258756507084,32.18183303706931,,32.18183303706931,32.18183303706931,32.128240422362012,0.5,0.5,0.20457428056222682,,0,0,0,0,-0.05359261470729848,-8.9489058296976509e-07,0,0,0,0,0,1,0
71,1,32.128240422362012,32.628240422362012,32.628240422362012,32.852735514753164,,32.852735514753164,32.852735514753164,32.798025725149358,0.5,0.5,0.22449509239115173,,0,0,0,0,-0.054709789603805348,-8.3020764662933288e-07,0,0,0,0,0,1,0
72,1,32.798025725149358,33.298025725149358,33.298025725149358,33.553917537439929,,33.553917537439929,33.553917537439929,33.498040614337015,0.5,0.5,0.2558918122905709,,0,0,0,0,-0.055876923102914589,-3.0024713737475395e-07,0,0,0,0,0,1,0
73,1,33.498040614337015,33.998040614337015,33.998040614337015,34.271252272006279,,34.271252272006279,34.271252272006279,34.214180887024384,0.5,0.5,0.2732116576692647,,0,0,0,0,-0.05707138498189579,-1.9990012845028104e-07,0,0,0,0,0,1,0
74,1,34.214180887024384,34.714180887024384,34.714180887024384,34.957417327805544,,34.957417327805544,34.957417327805544,34.899202984470442,0.5,0.5,0.24323644078116047,,0,0,0,0,-0.058214343335102114,-5.0222823944068296e-07,0,0,0,0,0,1,0
75,1,34.899202984470442,35.399202984470442,35.399202984470442,35.661354342017454,,35.661354342017454,35.661354342017454,35.601967498445759,0.5,0.5,0.2621513575470118,,0,0,0,0,-0.059386843571694214,-7.5117663556056868e-07,0,0,0,0,0,1,0
76,1,35.601967498445759,36.101967498445759,36.101967498445759,36.400801786968906,,36.400801786968906,36.400801786968906,36.340183745713816,0.5,0.5,0.29883428852314609,,0,0,0,0,-0.06061804125508985,-5.6280929072727304e-07,0,0,0,0,0,1,0
77,1,36.340183745713816,36.840183745713816,36.840183745713816,37.16944561665823,,37.16944561665823,37.16944561665823,37.107547739586948,0.5,0.5,0.32926187094441417,,0,0,0,0,-0.061897877071281471,-3.9245831828793598e-07,0,0,0,0,0,1,0
78,1,37.107547739586948,37.607547739586948,37.607547739586948,37.892135588993192,,37.892135588993192,37.892135588993192,37.829034353781935,0.5,0.5,0.28458784940624327,,0,0,0,0,-0.063101235211256324,-2.7040904626574047e-07,0,0,0,0,0,1,0
79,1,37.829034353781935,38.329034353781935,38.329034353781935,38.583527582774721,,38.583527582774721,38.583527582774721,38.51927442001336,0.5,0.5,0.2544932289927857,,0,0,0,0,-0.064253162761360727,-8.3762578384494191e-07,0,0,0,0,0,1,0
80,1,38.51927442001336,39.01927442001336,39.01927442001336,39.301824926770493,,39.301824926770493,39.301824926770493,39.236375999407002,0.5,0.5,0.28255050675713278,,0,0,0,0,-0.065448927363490839,-4.3698901208699681e-07,0,0,0,0,0,1,0
81,1,39.236375999407002,39.736375999407002,39.736375999407002,40.033811209923172,,40.033811209923172,40.033811209923172,39.967142812652625,0.5,0.5,0.29743521051616995,,0,0,0,0,-0.066668397270547075,-9.4575877085389948e-07,0,0,0,0,0,1,0
82,1,39.967142812652625,40.467142812652625,40.467142812652625,40.827874074693554,,40.827874074693554,40.827874074693554,40.759883316600316,0.5,0.5,0.36073126204092887,,0,0,0,0,-0.067990758093237957,-9.7063757920068383e-07,0,0,0,0,0,1,0
83,1,40.759883316600316,41.259883316600316,41.259883316600316,41.587898407720822,,41.587898407720822,41.587898407720822,41.518641728653108,0.5,0.5,0.32801509112050553,,0,0,0,0,-0.069256679067713378,-1.2393087089890287e-06,0,0,0,0,0,1,0
84,1,41.518641728653108,42.018641728653108,42.018641728653108,42.359461544837004,,42.359461544837004,42.359461544837004,42.288920521711631,0.5,0.5,0.34081981618389534,,0,0,0,0,-0.070541023125372249,-7.15738799783594e-07,0,0,0,0,0,1,0
85,1,42.288920521711631,42.788920521711631,42.788920521711631,43.164634862636547,,43.164634862636547,43.164634862636547,43.092752527122101,0.5,0.5,0.37571434092491529,,0,0,0,0,-0.071882335514445117,-1.190183624544261e-06,0,0,0,0,0,1,0
86,1,43.092752527122101,43.592752527122101,43.592752527122101,44.007263971741573,,44.007263971741573,44.007263971741573,43.93397841387241,0.5,0.5,0.41451144461947109,,0,0,0,0,-0.073285557869162687,-1.2002641227581989e-06,0,0,0,0,0,1,0
87,1,43.93397841387241,44.43397841387241,44.43397841387241,44.775420437071844,,44.775420437071844,44.775420437071844,44.700855788708701,0.5,0.5,0.34144202319943417,,0,0,0,0,-0.074564648363143249,-1.0961883418758589e-06,0,0,0,0,0,1,0
88,1,44.700855788708701,45.200855788708701,45.200855788708701,45.576682777258597,,45.576682777258597,45.576682777258597,45.500784193174113,0.5,0.5,0.37582698854989616,,0,0,0,0,-0.075898584084484355,-7.0683303476926085e-07,0,0,0,0,0,1,0
89,1,45.500784193174113,46.000784193174113,46.000784193174113,46.404035449137872,,46.404035449137872,46.404035449137872,46.326759045698701,0.5,0.5,0.40325125596375955,,0,0,0,0,-0.077276403439171304,-7.5343842098618552e-07,0,0,0,0,0,1,0
90,1,46.326759045698701,46.826759045698701,46.826759045698701,47.266190766426455,,47.266190766426455,47.266190766426455,47.187479030436116,0.5,0.5,0.43943172072775383,,0,0,0,0,-0.078711735990339093,-3.5713757284838721e-07,0,0,0,0,0,1,0
91,1,47.187479030436116,47.687479030436116,47.687479030436116,48.160247222274677,,48.160247222274677,48.160247222274677,48.080046222195676,0.5,0.5,0.47276819183856134,,0,0,0,0,-0.080201000079000551,-7.6808889559742966e-07,0,0,0,0,0,1,0
92,1,48.080046222195676,48.580046222195676,48.580046222195676,49.020700715145665,,49.020700715145665,49.020700715145665,48.939066613221243,0.5,0.5,0.44065449294998871,,0,0,0,0,-0.081634101924421998,-9.7509423824249097e-07,0,0,0,0,0,1,0
93,1,48.939066613221243,49.439066613221243,49.439066613221243,49.839853887653391,,49.839853887653391,49.839853887653391,49.756856326820923,0.5,0.5,0.40078727443214746,,0,0,0,0,-0.082997560832467343,-3.1570422009963295e-07,0,0,0,0,0,1,0
94,1,49.756856326820923,50.256856326820923,50.256856326820923,50.702035422774955,,50.702035422774955,50.702035422774955,50.617602335619438,0.5,0.5,0.44517909595403182,,0,0,0,0,-0.084433087155517228,-6.9515280642917787e-08,0,0,0,0,0,1,0
95,1,50.617602335619438,51.117602335619438,51.117602335619438,51.59629567596587,,51.59629567596587,51.59629567596587,51.510372403365047,0.5,0.5,0.47869334034643174,,0,0,0,0,-0.085923272600822997,-1.0624439426010213e-06,0,0,0,0,0,1,0
96,1,51.510372403365047,52.010372403365047,52.010372403365047,52.445958266840442,,52.445958266840442,52.445958266840442,52.358620590594064,0.5,0.5,0.43558586347539574,,0,0,0,0,-0.087337676246377782,-5.4110811475993614e-07,0,0,0,0,0,1,0
97,1,52.358620590594064,52.858620590594064,52.858620590594064,53.31708394978817,,53.31708394978817,53.31708394978817,53.228294858596364,0.5,0.5,0.45846335919410564,,0,0,0,0,-0.088789091191806335,-1.2890429630374456e-06,0,0,0,0,0,1,0
98,1,53.228294858596364,53.728294858596364,53.728294858596364,54.238446570546543,,54.238446570546543,54.238446570546543,54.14812358090731,0.5,0.5,0.51015171195017928,,0,0,0,0,-0.090322989639233242,-8.6197936610687975e-07,0,0,0,0,0,1,0
99,1,54.14812358090731,54.64812358090731,54.64812358090731,55.196592117711553,,55.196592117711553,55.196592117711553,55.104673510499808,0.5,0.5,0.54846853680424346,,0,0,0,0,-0.091918607211745496,-9.0021839582732355e-07,0,0,0,0,0,1,0
100,1,55.104673510499808,55.604673510499808,55.604673510499808,56.126022679442997,,56.126022679442997,56.126022679442997,56.03255640466358,0.5,0.5,0.52134916894318906,,0,0,0,0,-0.093466274779416381,-8.0690509918213138e-07,0,0,0,0,0,1,0
101,1,56.03255640466358,56.53255640466358,56.53255640466358,57.044629266811064,,57.044629266811064,57.044629266811064,56.949632821787986,0.5,0.5,0.51207286214748393,,0,0,0,0,-0.094996445023078024,-1.2412012893037172e-06,0,0,0,0,0,1,0
102,1,56.949632821787986,57.449632821787986,57.449632821787986,57.998833254951997,,57.998833254951997,57.998833254951997,57.902248190178277,0.5,0.5,0.54920043316401035,,0,0,0,0,-0.096585064773719864,-8.4541249378844441e-07,0,0,0,0,0,1,0
103,1,57.902248190178277,58.402248190178277,58.402248190178277,58.998257109085252,,58.998257109085252,58.998257109085252,58.900007234921873,0.5,0.5,0.59600891890697483,,0,0,0,0,-0.098249874163379047,-1.3355849830531952e-06,0,0,0,0,0,1,0
104,1,58.900007234921873,59.400007234921873,59.400007234921873,59.951023819645947,,59.951023819645947,59.951023819645947,59.851187513027867,0.5,0.5,0.55101658472407422,,0,0,0,0,-0.099836306618080073,-1.145968042237655e-06,0,0,0,0,0,1,0
105,1,59.851187513027867,60.351187513027867,60.351187513027867,60.901498573034175,,60.901498573034175,60.901498573034175,60.800079832129619,0.5,0.5,0.55031106000630814,,0,0,0,0,-0.10141874090455616,-7.749302355364307e-07,0,0,0,0,0,1,0
106,1,60.800079832129619,61.300079832129619,61.300079832129619,61.89382667639881,,61.89382667639881,61.89382667639881,61.790755445757114,0.5,0.5,0.59374684426919089,,0,0,0,0,-0.10307123064169588,-7.6185242647852647e-07,0,0,0,0,0,1,0
107,1,61.790755445757114,62.290755445757114,62.290755445757114,62.93249958221913,,62.93249958221913,62.93249958221913,62.827699821829405,0.5,0.5,0.641744136462016,,0,0,0,0,-0.10479976038972438,3.8822493308998673e-07,0,0,0,0,0,1,0
108,1,62.827699821829405,63.327699821829405,63.327699821829405,63.915081586692686,,63.915081586692686,63.915081586692686,63.808643376756152,0.5,0.5,0.58738176486328086,,0,0,0,0,-0.10643820993653463,-1.7884775260768038e-06,0,0,0,0,0,1,0
109,1,63.808643376756152,64.308643376756137,64.308643376756137,64.90522515023585,,64.90522515023585,64.90522515023585,64.797138685637563,0.5,0.49999999999998579,0.59658177347971275,,0,0,0,0,-0.10808646459828708,-1.1781919226905302e-06,0,0,0,0,0,1,0
110,1,64.797138685637563,65.297138685637563,65.297138685637563,65.949784475565949,,65.949784475565949,65.949784475565949,65.839958221874923,0.5,0.5,0.65264578992838551,,0,0,0,0,-0.1098262536910255,-1.4849304079689318e-06,0,0,0,0,0,1,0
111,1,65.839958221874923,66.339958221874923,66.339958221874923,66.972976781033054,,66.972976781033054,66.972976781033054,66.86144696921626,0.5,0.5,0.63301855915813121,,0,0,0,0,-0.11152981181679422,-1.1427441108935454e-06,0,0,0,0,0,1,0
112,1,66.86144696921626,67.36144696921626,67.36144696921626,68.054734310591328,,68.054734310591328,68.054734310591328,67.941403363338267,0.5,0.5,0.69328734137506842,,0,0,0,0,-0.11333094725306125,-8.5045047626408632e-07,0,0,0,0,0,1,0
113,1,67.941403363338267,68.441403363338267,68.441403363338267,69.100666549608064,,69.100666549608064,69.100666549608064,68.985594031387635,0.5,0.5,0.65926318626979707,,0,0,0,0,-0.11507251822042974,-6.5277976091238088e-07,0,0,0,0,0,1,0
114,1,68.985594031387635,69.485594031387635,69.485594031387635,70.191400405687233,,70.191400405687233,70.191400405687233,70.074510929054469,0.5,0.5,0.70580637429959836,,0,0,0,0,-0.11688947663276394,-1.2353770841855294e-06,0,0,0,0,0,1,0
115,1,70.074510929054469,70.574510929054469,70.574510929054469,71.239477365669501,,71.239477365669501,71.239477365669501,71.120842172621153,0.5,0.5,0.66496643661503185,,0,0,0,0,-0.11863519304834824,-1.611596658790404e-06,0,0,0,0,0,1,0
116,1,71.120842172621153,71.620842172621153,71.620842172621153,72.297176901489721,,72.297176901489721,72.297176901489721,72.176780988702248,0.5,0.5,0.67633472886856794,,0,0,0,0,-0.12039591278747253,-9.6686939343726408e-07,0,0,0,0,0,1,0
117,1,72.176780988702248,72.676780988702248,72.676780988702248,73.391352613745894,,73.391352613745894,73.391352613745894,73.269134654259531,0.5,0.5,0.71457162504364646,,0,0,0,0,-0.12221795948636327,-9.0610367919907731e-07,0,0,0,0,0,1,0
118,1,73.269134654259531,73.769134654259531,73.769134654259531,74.464933987212049,,74.464933987212049,74.464933987212049,74.340927813031001,0.5,0.5,0.69579933295251806,,0,0,0,0,-0.12400617418104787,-1.3086465315836904e-06,0,0,0,0,0,1,0
119,1,74.340927813031001,74.840927813031001,74.840927813031001,75.574453198225882,,75.574453198225882,75.574453198225882,75.448599877020712,0.5,0.5,0.73352538519488064,,0,0,0,0,-0.12585332120517023,-7.9700508592850383e-07,0,0,0,0,0,1,0
120,1,75.448599877020712,75.948599877020712,75.948599877020712,76.669063110940371,,76.669063110940371,76.669063110940371,76.54138599105147,0.5,0.5,0.72046323391965927,,0,0,0,0,-0.12767711988890085,-1.7651595527468089e-06,0,0,0,0,0,1,0
121,1,76.54138599105147,77.04138599105147,77.04138599105147,77.755327865444187,,77.755327865444187,77.755327865444187,77.625842644191252,0.5,0.5,0.71394187439271661,,0,0,0,0,-0.12948522125293493,-9.330080104064109e-07,0,0,0,0,0,1,0
122,1,77.625842644191252,78.125842644191252,78.125842644191252,78.919217982210782,,78.919217982210782,78.919217982210782,78.787795236662248,0.5,0.5,0.79337533801952986,,0,0,0,0,-0.13142274554853373,-2.559288105885571e-07,0,0,0,0,0,1,0
123,1,78.787795236662248,79.287795236662248,79.287795236662248,80.048398684975098,,80.048398684975098,80.048398684975098,79.915095140684045,0.5,0.5,0.76060344831284965,,0,0,0,0,-0.13330354429105284,-6.5414295136179135e-07,0,0,0,0,0,1,0
124,1,79.915095140684045,80.415095140684045,80.415095140684045,81.213041058297861,,81.213041058297861,81.213041058297861,81.077797835951998,0.5,0.5,0.79794591761381639,,0,0,0,0,-0.1352432223458635,-8.7810622062534094e-07,0,0,0,0,0,1,0
125,1,81.077797835951998,81.577797835951998,81.577797835951998,82.344294599328933,,82.344294599328933,82.344294599328933,82.207167579746113,0.5,0.5,0.76649676337693506,,0,0,0,0,-0.13712701958282025,-8.2296163839146175e-07,0,0,0,0,0,1,0
126,1,82.207167579746113,82.707167579746113,82.707167579746113,83.445506300674793,,83.445506300674793,83.445506300674793,83.306545407605739,0.5,0.5,0.73833872092868091,,0,0,0,0,-0.13896089306905424,-8.7210082710953429e-07,0,0,0,0,0,1,0
127,1,83.306545407605739,83.806545407605739,83.806545407605739,84.578009910465497,,84.578009910465497,84.578009910465497,84.437162489171442,0.5,0.5,0.77146450285975732,,0,0,0,0,-0.1408474212940547,-1.466231168478771e-06,0,0,0,0,0,1,0
128,1,84.437162489171442,84.937162489171442,84.937162489171442,85.750720950244883,,85.750720950244883,85.750720950244883,85.607920946162608,0.5,0.5,0.81355846107344121,,0,0,0,0,-0.14280000408227522,-1.1583498320533181e-06,0,0,0,0,0,1,0
129,1,85.607920946162608,86.107920946162608,86.107920946162608,86.935967239107399,,86.935967239107399,86.935967239107399,86.791193363976078,0.5,0.5,0.82804629294479071,,0,0,0,0,-0.14477387513132101,-1.2640464319702005e-06,0,0,0,0,0,1,0
130,1,86.791193363976078,87.291193363976078,87.291193363976078,88.08759487314741,,88.08759487314741,88.08759487314741,87.940903332282687,0.5,0.5,0.79640150917133212,,0,0,0,0,-0.14669154086472247,-1.1488559295003142e-06,0,0,0,0,0,1,0
131,1,87.940903332282687,88.440903332282687,88.440903332282687,89.268566617321497,,89.268566617321497,89.268566617321497,89.119908747915019,0.5,0.5,0.8276632850388097,,0,0,0,0,-0.14865786940647752,-8.3035349973670236e-07,0,0,0,0,0,1,0
132,1,89.119908747915019,89.619908747915019,89.619908747915019,90.457632902886928,,90.457632902886928,90.457632902886928,90.30699410030617,0.5,0.5,0.83772415497190877,,0,0,0,0,-0.15063880258075812,-1.6368159805324467e-06,0,0,0,0,0,1,0
133,1,90.30699410030617,90.80699410030617,90.80699410030617,91.693360302200134,,91.693360302200134,91.693360302200134,91.540664271512497,0.5,0.5,0.88636620189396353,,0,0,0,0,-0.15269603068763615,-1.0344543710516518e-06,0,0,0,0,0,1,0
134,1,91.540664271512497,92.040664271512497,92.040664271512497,92.915496588433328,,92.915496588433328,92.915496588433328,92.760765015872892,0.5,0.5,0.87483231692083052,,0,0,0,0,-0.15473157256043635,-1.3788493333777296e-06,0,0,0,0,0,1,0
135,1,92.760765015872892,93.260765015872892,93.260765015872892,94.071283375698258,,94.071283375698258,94.071283375698258,93.91462660222696,0.5,0.5,0.81051835982536602,,0,0,0,0,-0.15665677347129758,-1.8726873065588734e-06,0,0,0,0,0,1,0
136,1,93.91462660222696,94.41462660222696,94.41462660222696,95.271965462760633,,95.271965462760633,95.271965462760633,95.113309980952721,0.5,0.5,0.85733886053367314,,0,0,0,0,-0.15865548180791222,-1.1107660071729697e-06,0,0,0,0,0,1,0
137,1,95.113309980952721,95.613309980952721,95.613309980952721,96.45136278876609,,96.45136278876609,96.45136278876609,96.290742596948945,0.5,0.5,0.83805280781336933,,0,0,0,0,-0.16062019181714504,-1.7955759545884575e-06,0,0,0,0,0,1,0
138,1,96.290742596948945,96.790742596948945,96.790742596948945,97.706433603822433,,97.706433603822433,97.706433603822433,97.543724706856665,0.5,0.5,0.91569100687348737,,0,0,0,0,-0.16270889696576774,-4.5807875892478478e-07,0,0,0,0,0,1,0
139,1,97.543724706856665,98.043724706856665,98.043724706856665,98.9640404701574,,98.9640404701574,98.9640404701574,98.799236034232123,0.5,0.5,0.92031576330073506,,0,0,0,0,-0.16480443592527649,-1.7311601254732523e-06,0,0,0,0,0,1,0
140,1,98.799236034232123,99.299236034232123,99.299236034232123,100.16241787128482,,100.16241787128482,100.16241787128482,99.995618304643443,0.5,0.5,0.86318183705269291,,0,0,0,0,-0.16679956664137308,-1.2295628835090611e-06,0,0,0,0,0,1,0
141,1,99.995618304643443,100.49561830464344,100.49561830464344,101.43253448329895,,101.43253448329895,101.43253448329895,101.26361946775849,0.5,0.5,0.93691617865550825,,0,0,0,0,-0.16891501554046329,-1.5803714887852038e-06,0,0,0,0,0,1,0
142,1,101.26361946775849,101.76361946775849,101.76361946775849,102.71321234393544,,102.71321234393544,102.71321234393544,102.54216508968265,0.5,0.5,0.94959287617695054,,0,0,0,0,-0.17104725425278389,-1.1335711036508656e-06,0,0,0,0,0,1,0
143,1,102.54216508968265,103.04216508968265,103.04216508968265,104.01201264161793,,104.01201264161793,104.01201264161793,103.83880252250874,0.5,0.5,0.96984755193527405,,0,0,0,0,-0.17321011910918571,-1.134007590053443e-06,0,0,0,0,0,1,0
144,1,103.83880252250874,104.33880252250874,104.33880252250874,105.27929905278613,,105.27929905278613,105.27929905278613,105.10397707412031,0.5,0.5,0.940496530277386,,0,0,0,0,-0.17532197866582067,-2.6085465805181229e-06,0,0,0,0,0,1,0
145,1,105.10397707412031,105.60397707412031,105.60397707412031,106.59651879308359,,106.59651879308359,106.59651879308359,106.41900393500296,0.5,0.5,0.99254171896328103,,0,0,0,0,-0.17751485808062739,-1.9500365624480764e-06,0,0,0,0,0,1,0
146,1,106.41900393500296,106.91900393500296,106.91900393500296,107.8796078390242,,107.8796078390242,107.8796078390242,107.69995703359432,0.5,0.5,0.96060390402124085,,0,0,0,0,-0.17965080542988687,-1.1965780686296057e-06,0,0,0,0,0,1,0
147,1,107.69995703359432,108.19995703359432,108.19995703359432,109.23585391899827,,109.23585391899827,109.23585391899827,109.05394411653212,0.5,0.5,1.0358968854039574,,0,0,0,0,-0.1819098024661514,-1.6659587345202453e-06,0,0,0,0,0,1,0
148,1,109.05394411653212,109.55394411653212,109.55394411653212,110.55962365989991,,110.55962365989991,110.55962365989991,110.37550950565625,0.5,0.5,1.0056795433677905,,0,0,0,0,-0.18411415424365885,-1.5722348507551942e-06,0,0,0,0,0,1,0
149,1,110.37550950565625,110.87550950565625,110.87550950565625,111.88784789391207,,111.88784789391207,111.88784789391207,111.70152156303129,0.5,0.5,1.012338388255813,,0,0,0,0,-0.18632633088077455,-1.885398745571365e-06,0,0,0,0,0,1,0
150,1,111.70152156303129,112.20152156303129,112.20152156303129,113.20140160129741,,113.20140160129741,113.20140160129741,113.0128881296182,0.5,0.5,0.99988003826611305,,0,0,0,0,-0.18851347167920096,-1.5932388350847759e-06,0,0,0,0,0,1,0
151,1,113.0128881296182,113.5128881296182,113.5128881296182,114.55377477537226,,114.55377477537226,114.55377477537226,114.36300853991315,0.5,0.5,1.0408866457540569,,0,0,0,0,-0.1907662354591082,-2.2788305074072923e-06,0,0,0,0,0,1,0
152,1,114.36300853991315,114.86300853991315,114.86300853991315,115.86953240343281,,115.86953240343281,115.86953240343281,115.67657627846148,0.5,0.5,1.0065238635196607,,0,0,0,0,-0.19295612497133163,-1.065242187792137e-06,0,0,0,0,0,1,0
153,1,115.67657627846148,116.17657627846148,116.17657627846148,117.19337488889877,,117.19337488889877,117.19337488889877,116.99821347050181,0.5,0.5,1.0167986104372915,,0,0,0,0,-0.19516141839696388,-1.7920267509907717e-06,0,0,0,0,0,1,0
154,1,116.99821347050181,117.49821347050181,117.49821347050181,118.48544660105952,,118.48544660105952,118.48544660105952,118.28813472787341,0.5,0.5,0.987233130557712,,0,0,0,0,-0.19731187318610921,-5.8736561925343267e-07,0,0,0,0,0,1,0
155,1,118.28813472787341,118.78813472787341,118.78813472787341,119.88670960624667,,119.88670960624667,119.88670960624667,119.68706332025747,0.5,0.5,1.0985748783732561,,0,0,0,0,-0.19964628598920342,-1.5067885072994613e-06,0,0,0,0,0,1,0
156,1,119.68706332025747,120.18706332025747,120.18706332025747,121.28950934162079,,121.28950934162079,121.28950934162079,121.08752595024561,0.5,0.5,1.1024460213633205,,0,0,0,0,-0.20198339137517962,-2.5597096708906975e-06,0,0,0,0,0,1,0
157,1,121.08752595024561,121.58752595024561,121.58752595024561,122.65490813239789,,122.65490813239789,122.65490813239789,122.45065144437881,0.5,0.5,1.0673821821522864,,0,0,0,0,-0.20425668801908614,-2.0868839811782891e-06,0,0,0,0,0,1,0
158,1,122.45065144437881,122.95065144437881,122.95065144437881,124.02302158501475,,124.02302158501475,124.02302158501475,123.81648703137249,0.5,0.5,1.0723701406359396,,0,0,0,0,-0.20653455364225692,-1.6623694421014079e-06,0,0,0,0,0,1,0
159,1,123.81648703137249,124.31648703137249,124.31648703137249,125.45097575741549,,125.45097575741549,125.45097575741549,125.24206246849366,0.5,0.5,1.1344887260430028,,0,0,0,0,-0.20891328892183481,-2.4560369951132088e-06,0,0,0,0,0,1,0
160,1,125.24206246849366,125.74206246849366,125.74206246849366,126.78994406016183,,126.78994406016183,126.78994406016183,126.57880187561376,0.5,0.5,1.0478815916681725,,0,0,0,0,-0.21114218454806633,-1.5963216100089994e-06,0,0,0,0,0,1,0
161,1,126.57880187561376,127.07880187561376,127.07880187561376,128.11843892578813,,128.11843892578813,128.11843892578813,127.90508423364787,0.5,0.5,1.0396370501743633,,0,0,0,0,-0.21335469214025693,-1.7897634023711362e-06,0,0,0,0,0,1,0
162,1,127.90508423364787,128.40508423364793,128.40508423364793,129.47659988252596,,129.47659988252596,129.47659988252596,129.26098314013876,0.5,0.50000000000005684,1.0715156488780337,,0,0,0,0,-0.21561674238719775,-2.1235511553641118e-06,0,0,0,0,0,1,0
163,1,129.26098314013876,129.76098314013876,129.76098314013876,130.90528524190029,,130.90528524190029,130.90528524190029,130.68728956844828,0.5,0.5,1.1443021017615251,,0,0,0,0,-0.21799567345200899,-1.8953748224248557e-06,0,0,0,0,0,1,0
164,1,130.68728956844828,131.18728956844834,131.18728956844834,132.32557341326699,,132.32557341326699,132.32557341326699,132.1052132428089,0.5,0.50000000000005684,1.138283844818659,,0,0,0,0,-0.22036017045809331,-1.2167967611276254e-06,0,0,0,0,0,1,0
165,1,132.1052132428089,132.6052132428089,132.6052132428089,133.75263173404267,,133.75263173404267,133.75263173404267,133.52989331730612,0.5,0.5,1.1474184912337648,,0,0,0,0,-0.22273841673654715,-3.0133066672988207e-06,0,0,0,0,0,1,0
166,1,133.52989331730612,134.02989331730612,134.02989331730612,135.18122133361246,,135.18122133361246,135.18122133361246,134.95610534031769,0.5,0.5,1.1513280163063371,,0,0,0,0,-0.22511599329476439,-1.5900896812581777e-06,0,0,0,0,0,1,0
167,1,134.95610534031769,135.45610534031769,135.45610534031769,136.66917192316544,,136.66917192316544,136.66917192316544,136.44157765536005,0.5,0.5,1.2130665828477447,,0,0,0,0,-0.22759426780538661,-2.0122351997997612e-06,0,0,0,0,0,1,0
168,1,136.44157765536005,136.94157765535999,136.94157765535999,138.07185625991983,,138.07185625991983,138.07185625991983,137.84192621200947,0.5,0.49999999999994316,1.1302786045598339,,0,0,0,0,-0.22993004791035787,-1.9320465298733325e-06,0,0,0,0,0,1,0
169,1,137.84192621200947,138.34192621200947,138.34192621200947,139.51569034469927,,139.51569034469927,139.51569034469927,139.28335606589616,0.5,0.5,1.1737641326897972,,0,0,0,0,-0.23233427880310842,-1.7768483360214304e-06,0,0,0,0,0,1,0
170,1,139.28335606589616,139.7833560658961,139.7833560658961,140.92111949833242,,140.92111949833242,140.92111949833242,140.68644448834095,0.5,0.49999999999994316,1.1377634324363157,,0,0,0,0,-0.23467500999146296,-2.076858379496116e-06,0,0,0,0,0,1,0
171,1,140.68644448834095,141.18644448834095,141.18644448834095,142.40316197583965,,142.40316197583965,142.40316197583965,142.16601939699507,0.5,0.5,1.2167174874986983,,0,0,0,0,-0.23714257884458334,-1.6319996802849346e-06,0,0,0,0,0,1,0
172,1,142.16601939699507,142.66601939699507,142.66601939699507,143.83560357732097,,143.83560357732097,143.83560357732097,143.59607453418064,0.5,0.5,1.1695841803258986,,0,0,0,0,-0.23952904314032253,-2.6818638332315459e-06,0,0,0,0,0,1,0
173,1,143.59607453418064,144.09607453418064,144.09607453418064,145.34598560268964,,145.34598560268964,145.34598560268964,145.10394355452658,0.5,0.5,1.2499110685089931,,0,0,0,0,-0.24204204816305719,-4.7993009388846986e-07,0,0,0,0,0,1,0
174,1,145.10394355452658,145.60394355452658,145.60394355452658,146.89005333238208,,146.89005333238208,146.89005333238208,146.64543774511367,0.5,0.5,1.2861097778555006,,0,0,0,0,-0.24461558726841304,-2.7159945830135257e-06,0,0,0,0,0,1,0
175,1,146.64543774511367,147.14543774511367,147.14543774511367,148.37777246760518,,148.37777246760518,148.37777246760518,148.1306803042506,0.5,0.5,1.2323347224915153,,0,0,0,0,-0.24709216335457995,-1.8251518554279755e-06,0,0,0,0,0,1,0
176,1,148.1306803042506,148.6306803042506,148.6306803042506,149.90427022019807,,149.90427022019807,149.90427022019807,149.65463589591064,0.5,0.5,1.2735899159474684,,0,0,0,0,-0.24963432428742749,-1.9419515240315377e-06,0,0,0,0,0,1,0
177,1,149.65463589591064,150.15463589591064,150.15463589591064,151.3121800288605,,151.3121800288605,151.3121800288605,151.06019989009954,0.5,0.5,1.1575441329498517,,0,0,0,0,-0.25198013876095615,-3.19426484907126e-06,0,0,0,0,0,1,0
178,1,151.06019989009954,151.56019989009954,151.56019989009954,152.8421034522749,,152.8421034522749,152.8421034522749,152.58757741208996,0.5,0.5,1.2819035621753585,,0,0,0,0,-0.25452604018494185,-1.346860045714493e-06,0,0,0,0,0,1,0
179,1,152.58757741208996,153.08757741208996,153.08757741208996,154.39703546871402,,154.39703546871402,154.39703546871402,154.13992032256451,0.5,0.5,1.3094580566240666,,0,0,0,0,-0.25711514614951625,-1.0577183502391563e-06,0,0,0,0,0,1,0
180,1,154.13992032256451,154.63992032256451,154.63992032256451,155.91893943250847,,155.91893943250847,155.91893943250847,155.65928915329769,0.5,0.5,1.2790191099439596,,0,0,0,0,-0.25965027921077422,-1.7965849963275105e-06,0,0,0,0,0,1,0
181,1,155.65928915329769,156.15928915329769,156.15928915329769,157.46510754586117,,157.46510754586117,157.46510754586117,157.20288158629413,0.5,0.5,1.3058183925634808,,0,0,0,0,-0.26222595956704708,-2.6761765070659749e-06,0,0,0,0,0,1,0
182,1,157.20288158629413,157.70288158629413,157.70288158629413,158.95447952424232,,158.95447952424232,158.95447952424232,158.68977263430793,0.5,0.5,1.2515979379481905,,0,0,0,0,-0.26470688993438785,-3.3871708637889242e-06,0,0,0,0,0,1,0
183,1,158.68977263430793,159.18977263430793,159.18977263430793,160.49317664051179,,160.49317664051179,160.49317664051179,160.22590749021597,0.5,0.5,1.3034040062038628,,0,0,0,0,-0.26726915029581733,-3.2880592470974079e-06,0,0,0,0,0,1,0
184,1,160.22590749021597,160.72590749021597,160.72590749021597,162.00673437040851,,162.00673437040851,162.00673437040851,161.73694620068292,0.5,0.5,1.2808268801925351,,0,0,0,0,-0.26978816972558661,-1.8120994127457379e-06,0,0,0,0,0,1,0
185,1,161.73694620068292,162.23694620068292,162.23694620068292,163.57262570167012,,163.57262570167012,163.57262570167012,163.30022921010169,0.5,0.5,1.3356795009871973,,0,0,0,0,-0.27239649156842916,-2.4885237621674605e-06,0,0,0,0,0,1,0
186,1,163.30022921010169,163.80022921010169,163.80022921010169,165.18979219930759,,165.18979219930759,165.18979219930759,164.91470275086186,0.5,0.5,1.3895629892058992,,0,0,0,0,-0.27508944844572625,-2.4125414483933127e-06,0,0,0,0,0,1,0
187,1,164.91470275086186,165.41470275086186,165.41470275086186,166.79559469948853,,166.79559469948853,166.79559469948853,166.5178320418469,0.5,0.5,1.3808919486266689,,0,0,0,0,-0.27776265764163099,-1.5131005568491673e-06,0,0,0,0,0,1,0
188,1,166.5178320418469,167.0178320418469,167.0178320418469,168.3607331153693,,168.3607331153693,168.3607331153693,168.08036334490507,0.5,0.5,1.3429010735223983,,0,0,0,0,-0.28036977046423317,-2.234318998262097e-06,0,0,0,0,0,1,0
189,1,168.08036334490507,168.58036334490507,168.58036334490507,169.98059596805547,,169.98059596805547,169.98059596805547,169.69752863518679,0.5,0.5,1.4002326231504014,,0,0,0,0,-0.2830673328686828,-2.273680848929871e-06,0,0,0,0,0,1,0
190,1,169.69752863518679,170.19752863518679,170.19752863518679,171.55856922784838,,171.55856922784838,171.55856922784838,171.27287277187952,0.5,0.5,1.3610405926615954,,0,0,0,0,-0.28569645596886062,-3.6315850024948304e-06,0,0,0,0,0,1,0
191,1,171.27287277187952,171.77287277187952,171.77287277187952,173.15416050622926,,173.15416050622926,173.15416050622926,172.86580784157772,0.5,0.5,1.3812877343497405,,0,0,0,0,-0.28835266465154064,-2.7361606100839708e-06,0,0,0,0,0,1,0
192,1,172.86580784157772,173.36580784157772,173.36580784157772,174.73214740677517,,174.73214740677517,174.73214740677517,174.44116654681611,0.5,0.5,1.3663395651974497,,0,0,0,0,-0.29098085995906331,-3.1435558582870726e-06,0,0,0,0,0,1,0
193,1,174.44116654681611,174.94116654681611,174.94116654681611,176.36428945649001,,176.36428945649001,176.36428945649001,176.07059006298564,0.5,0.5,1.4231229096739071,,0,0,0,0,-0.2936993935043688,-3.7057744464163989e-06,0,0,0,0,0,1,0
194,1,176.07059006298564,176.57059006298564,176.57059006298564,178.01910011342579,,178.01910011342579,178.01910011342579,177.72264622078768,0.5,0.5,1.4485100504401487,,0,0,0,0,-0.29645389263811239,-2.4840333878728416e-06,0,0,0,0,0,1,0
195,1,177.72264622078768,178.22264622078768,178.22264622078768,179.61771739580209,,179.61771739580209,179.61771739580209,179.31860148876692,0.5,0.5,1.395071175014408,,0,0,0,0,-0.29911590703517277,-2.3551837387003616e-06,0,0,0,0,0,1,0
196,1,179.31860148876692,179.81860148876692,179.81860148876692,181.23694019230896,,181.23694019230896,181.23694019230896,180.9351268803824,0.5,0.5,1.4183387035420481,,0,0,0,0,-0.30181331192656558,-3.3029055543920549e-06,0,0,0,0,0,1,0
197,1,180.9351268803824,181.4351268803824,181.4351268803824,182.87047050692024,,182.87047050692024,182.87047050692024,182.56593766451829,0.5,0.5,1.4353436265378434,,0,0,0,0,-0.30453284240195444,-2.5502065739146929e-06,0,0,0,0,0,1,0
198,1,182.56593766451829,183.06593766451829,183.06593766451829,184.45084377446634,,184.45084377446634,184.45084377446634,184.14367838002266,0.5,0.5,1.384906109948048,,0,0,0,0,-0.30716539444367186,-3.340370426485606e-06,0,0,0,0,0,1,0
199,1,184.14367838002266,184.64367838002266,184.64367838002266,186.05946631898573,,186.05946631898573,186.05946631898573,185.7496214938281,0.5,0.5,1.4157879389630637,,0,0,0,0,-0.30984482515762579,-3.9662870676693274e-06,0,0,0,0,0,1,0
200,1,185.7496214938281,186.2496214938281,186.2496214938281,187.68849311796367,,187.68849311796367,187.68849311796367,187.37593689359502,0.5,0.5,1.4388716241355723,,0,0,0,0,-0.31255622436864883,-2.5819330744525359e-06,0,0,0,0,0,1,0
201,1,187.37593689359502,187.87593689359502,187.87593689359502,189.31209451446543,,189.31209451446543,189.31209451446543,188.99683364393994,0.5,0.5,1.4361576208704037,,0,0,0,0,-0.31526087052549201,-3.4793308714142768e-06,0,0,0,0,0,1,0
202,1,188.99683364393994,189.49683364393994,189.49683364393994,190.95931326672931,,190.95931326672931,190.95931326672931,190.64130979921052,0.5,0.5,1.4624796227893739,,0,0,0,0,-0.3180034675187926,-2.9980864439949073e-06,0,0,0,0,0,1,0
203,1,190.64130979921052,191.14130979921052,191.14130979921052,192.58727293400352,,192.58727293400352,192.58727293400352,192.26655877351351,0.5,0.5,1.4459631347930042,,0,0,0,0,-0.320714160490013,-2.6845636966754682e-06,0,0,0,0,0,1,0
204,1,192.26655877351351,192.76655877351351,192.76655877351351,194.28213219778374,,194.28213219778374,194.28213219778374,193.95859455584628,0.5,0.5,1.5155734242702295,,0,0,0,0,-0.32353764193746315,-3.7530455472278845e-06,0,0,0,0,0,1,0
205,1,193.95859455584628,194.45859455584628,194.45859455584628,195.92388442599022,,195.92388442599022,195.92388442599022,195.59761320447845,0.5,0.5,1.4652898701439483,,0,0,0,0,-0.32627122151177446,-3.3576680493752065e-06,0,0,0,0,0,1,0
206,1,195.59761320447845,196.09761320447845,196.09761320447845,197.59683391520755,,197.59683391520755,197.59683391520755,197.26777658129282,0.5,0.5,1.4992207107291051,,0,0,0,0,-0.32905733391473291,-3.542986803495296e-06,0,0,0,0,0,1,0
207,1,197.26777658129282,197.76777658129282,197.76777658129282,199.30534941522311,,199.30534941522311,199.30534941522311,198.97344816964065,0.5,0.5,1.5375728339302839,,0,0,0,0,-0.3319012455824577,-2.3002513671599445e-06,0,0,0,0,0,1,0
208,1,198.97344816964065,199.47344816964065,199.47344816964065,201.00413094336494,,201.00413094336494,201.00413094336494,200.66939997521754,0.5,0.5,1.5306827737242941,,0,0,0,0,-0.33473096814739733,-3.0781881719121884e-06,0,0,0,0,0,1,0
209,1,200.66939997521754,201.16939997521754,201.16939997521754,202.63259633404215,,202.63259633404215,202.63259633404215,202.29515331336754,0.5,0.5,1.4631963588246037,,0,0,0,0,-0.33744302067461263,-3.2820504998198885e-06,0,0,0,0,0,1,0
210,1,202.29515331336754,202.79515331336754,202.79515331336754,204.29368030538998,,204.29368030538998,204.29368030538998,203.95347142656601,0.5,0.5,1.4985269920224482,,0,0,0,0,-0.34020887882397233,-2.9725089802923321e-06,0,0,0,0,0,1,0
211,1,203.95347142656601,204.45347142656601,204.45347142656601,206.00147399483131,,206.00147399483131,206.00147399483131,205.65842019397257,0.5,0.5,1.5480025682653036,,0,0,0,0,-0.34305380085874049,-3.9421559847596654e-06,0,0,0,0,0,1,0
212,1,205.65842019397257,206.15842019397257,206.15842019397257,207.70556316026253,,207.70556316026253,207.70556316026253,207.35967197322196,0.5,0.5,1.5471429662899538,,0,0,0,0,-0.34589118704056432,-3.5450145219328988e-06,0,0,0,0,0,1,0
213,1,207.35967197322196,207.85967197322196,207.85967197322196,209.38010479114098,,209.38010479114098,209.38010479114098,209.03142497831254,0.5,0.5,1.5204328179190156,,0,0,0,0,-0.3486798128284363,-3.592358893911296e-06,0,0,0,0,0,1,0
214,1,209.03142497831254,209.53142497831254,209.53142497831254,211.1182037882518,,211.1182037882518,211.1182037882518,210.7666298711745,0.5,0.5,1.5867788099392612,,0,0,0,0,-0.35157391707730312,-3.2774373153188208e-06,0,0,0,0,0,1,0
215,1,210.7666298711745,211.2666298711745,211.2666298711745,212.86284094879048,,212.86284094879048,212.86284094879048,212.50836167028137,0.5,0.5,1.5962110776159761,,0,0,0,0,-0.35447927850910332,-3.3318356429390406e-06,0,0,0,0,0,1,0
216,1,212.50836167028137,213.00836167028137,213.00836167028137,214.55936477283507,,214.55936477283507,214.55936477283507,214.20205955564936,0.5,0.5,1.5510031025536932,,0,0,0,0,-0.3573052171857114,-4.085590148861229e-06,0,0,0,0,0,1,0
217,1,214.20205955564936,214.70205955564936,214.70205955564936,216.27390886145295,,216.27390886145295,216.27390886145295,215.91374871967761,0.5,0.5,1.5718493058035961,,0,0,0,0,-0.36016014177533862,-3.8164968714227143e-06,0,0,0,0,0,1,0
218,1,215.91374871967761,216.41374871967761,216.41374871967761,217.94241662333732,,217.94241662333732,217.94241662333732,217.57947805404393,0.5,0.5,1.5286679036597093,,0,0,0,0,-0.36293856929339086,-3.7136433945761382e-06,0,0,0,0,0,1,0
219,1,217.57947805404393,218.07947805404393,218.07947805404393,219.53908785415894,,219.53908785415894,219.53908785415894,219.1734903970862,0.5,0.5,1.459609800115004,,0,0,0,0,-0.36559745707273805,-3.6988939484672301e-06,0,0,0,0,0,1,0
220,1,219.1734903970862,219.67349039708614,219.67349039708614,221.07106642997292,,221.07106642997292,221.07106642997292,220.70291835128782,0.5,0.49999999999994316,1.397576032886775,,0,0,0,0,-0.36814807868509547,-3.1492762104790017e-06,0,0,0,0,0,1,0
221,1,220.70291835128782,221.20291835128782,221.20291835128782,222.48429889365704,,222.48429889365704,222.48429889365704,222.11379658339524,0.5,0.5,1.2813805423692202,,0,0,0,0,-0.37050231026179858,-3.9549873918076628e-06,0,0,0,0,0,1,0
222,1,222.11379658339524,222.61379658339524,222.61379658339524,223.68840623644917,,223.68840623644917,223.68840623644917,223.31589897920034,0.5,0.5,1.0746096530539262,,0,0,0,0,-0.37250725724882727,-3.7277125386481202e-06,0,0,0,0,0,1,0
223,1,223.31589897920034,223.81589897920034,223.81589897920034,224.71783589161507,,224.71783589161507,224.71783589161507,224.34361482528439,0.5,0.5,0.90193691241472607,,0,0,0,0,-0.37422106633067642,-3.2495566415491339e-06,0,0,0,0,0,1,0
224,1,224.34361482528439,224.84361482528439,224.84361482528439,225.49084362524391,,225.49084362524391,225.49084362524391,225.11533531048295,0.5,0.5,0.64722879995952098,,0,0,0,0,-0.37550831476096391,-3.2247034482679737e-06,0,0,0,0,0,1,0
225,1,225.11533531048295,225.61533531048295,225.61533531048295,226.0115087601919,,226.0115087601919,226.0115087601919,225.63513389590045,0.5,0.5,0.39617344970895374,,0,0,0,0,-0.37637486429144928,-2.7216957505515893e-06,0,0,0,0,0,1,0
226,1,225.63513389590045,226.13513389590045,226.13513389590045,226.2363119374007,,226.2363119374007,226.2363119374007,225.85956313314901,0.5,0.5,0.10117804150024767,,0,0,0,0,-0.37674880425169022,-2.3017219916710019e-06,0,0,0,0,0,1,0
227,1,225.85956313314901,226.35956313314901,226.35956313314901,226.37147890592891,,226.37147890592891,226.37147890592891,225.99450486165108,0.5,0.5,0.011915772779900635,,0,0,0,0,-0.37697404427782999,-2.4510793537046993e-06,0,0,0,0,0,1,0
228,1,225.99450486165108,226.49450486165108,226.49450486165108,226.20929206898109,,226.20929206898109,226.20929206898109,225.83258726751671,0.5,0.5,-0.285212792669995,,0,0,0,0,-0.37670480146437058,-3.2945449675025884e-06,0,0,0,0,0,1,0
229,1,225.83258726751671,226.33258726751671,226.33258726751671,225.91728810014735,,225.91728810014735,225.91728810014735,225.54106970259366,0.5,0.5,-0.41529916736936912,,0,0,0,0,-0.37621839755368569,-3.1586120599058631e-06,0,0,0,0,0,1,0
230,1,225.54106970259366,226.04106970259366,226.04106970259366,225.399299095337,,225.399299095337,225.399299095337,225.0239435264379,0.5,0.5,-0.64177060725666024,,0,0,0,0,-0.37535556889909572,-2.9259942664339178e-06,0,0,0,0,0,1,0
231,1,225.0239435264379,225.5239435264379,225.5239435264379,224.77110022694973,,224.77110022694973,224.77110022694973,224.39679073613542,0.5,0.5,-0.75284329948817685,,0,0,0,0,-0.37430949081431208,-2.9740789955212676e-06,0,0,0,0,0,1,0
232,1,224.39679073613542,224.89679073613542,224.89679073613542,224.04298963209692,,224.04298963209692,224.04298963209692,223.66989247688093,0.5,0.5,-0.85380110403849585,,0,0,0,0,-0.37309715521598719,-3.1455172120331554e-06,0,0,0,0,0,1,0
233,1,223.66989247688093,224.16989247688093,224.16989247688093,223.20211900833476,,223.20211900833476,223.20211900833476,222.83042257393024,0.5,0.5,-0.96777346854617008,,0,0,0,0,-0.3716964344045266,-2.708611759771884e-06,0,0,0,0,0,1,0
234,1,222.83042257393024,223.33042257393024,223.33042257393024,222.27547382124581,,222.27547382124581,222.27547382124581,221.90532025125219,0.5,0.5,-1.0549487526844246,,0,0,0,0,-0.3701535699936187,-2.9666565808383893e-06,0,0,0,0,0,1,0
235,1,221.90532025125219,222.40532025125219,222.40532025125219,221.33435277298503,,221.33435277298503,221.33435277298503,220.96576668343383,0.5,0.5,-1.0709674782671641,,0,0,0,0,-0.36858608955120076,-2.7150132098086033e-06,0,0,0,0,0,1,0
236,1,220.96576668343383,221.46576668343383,221.46576668343383,220.35435303040626,,220.35435303040626,220.35435303040626,219.98739883124333,0.5,0.5,-1.1114136530275687,,0,0,0,0,-0.36695419916293304,-2.7972828320343979e-06,0,0,0,0,0,1,0
237,1,219.98739883124333,220.48739883124333,220.48739883124333,219.27390150125157,,219.27390150125157,219.27390150125157,218.90874599439059,0.5,0.5,-1.2134973299917533,,0,0,0,0,-0.36515550686098663,-3.3578575653336884e-06,0,0,0,0,0,1,0
238,1,218.90874599439059,219.40874599439059,219.40874599439059,218.12898979967315,,218.12898979967315,218.12898979967315,217.76574088000197,0.5,0.5,-1.2797561947174358,,0,0,0,0,-0.36324891967117878,-3.3676913062663516e-06,0,0,0,0,0,1,0
239,1,217.76574088000197,218.26574088000197,218.26574088000197,217.00541880742409,,217.00541880742409,217.00541880742409,216.64404153766486,0.5,0.5,-1.2603220725778783,,0,0,0,0,-0.36137726975923101,-2.7765775314492203e-06,0,0,0,0,0,1,0
240,1,216.64404153766486,217.14404153766486,217.14404153766486,215.88351461816404,,215.88351461816404,215.88351461816404,215.52400585370967,0.5,0.5,-1.2605269195008191,,0,0,0,0,-0.3595087644543753,-2.5543781703163404e-06,0,0,0,0,0,1,0
241,0,215.52400585370967,215.52400585370967,215.52400585370967,214.21905588432341,,214.21905588432341,214.21905588432341,213.86231756105201,0,0,-1.3049499693862572,,0,0,0,0,-0.35673832327140076,-3.9008061492040724e-06,0,0,0,0,0,1,0
242,0,213.86231756105201,213.86231756105201,213.86231756105201,212.55142060996229,,212.55142060996229,212.55142060996229,212.19745945459428,0,0,-1.3108969510897168,,0,0,0,0,-0.35396115536801176,-3.8103381996279495e-06,0,0,0,0,0,1,0
243,0,212.19745945459428,212.19745945459428,212.19745945459428,210.83680090467809,,210.83680090467809,210.83680090467809,210.48569569804064,0,0,-1.3606585499161952,,0,0,0,0,-0.35110520663744182,-3.1812144527521014e-06,0,0,0,0,0,1,0
244,0,210.48569569804064,210.48569569804064,210.48569569804064,209.12587391309447,,209.12587391309447,209.12587391309447,208.77761736686824,0,0,-1.3598217849461776,,0,0,0,0,-0.34825654622622437,-3.691011812634315e-06,0,0,0,0,0,1,0
245,0,208.77761736686824,208.77761736686824,208.77761736686824,207.42842577781772,,207.42842577781772,207.42842577781772,207.0829958951964,0,0,-1.3491915890505197,,0,0,0,0,-0.34542988262131757,-3.7515648330099793e-06,0,0,0,0,0,1,0
246,0,207.0829958951964,207.0829958951964,207.0829958951964,205.74786455730151,,205.74786455730151,205.74786455730151,205.40523375818876,0,0,-1.335131337894893,,0,0,0,0,-0.3426307991127544,-3.2707945365473279e-06,0,0,0,0,0,1,0
247,0,205.40523375818876,205.40523375818876,205.40523375818876,204.06923178568346,,204.06923178568346,204.06923178568346,203.72939720166221,0,0,-1.3360019725053007,,0,0,0,0,-0.33983458402124711,-2.4470367634421564e-06,0,0,0,0,0,1,0
248,0,203.72939720166221,203.72939720166221,203.72939720166221,202.3652038640821,,202.3652038640821,202.3652038640821,202.02820518321823,0,0,-1.3641933375801045,,0,0,0,0,-0.33699868086387141,-4.2252142122833902e-06,0,0,0,0,0,1,0
249,0,202.02820518321823,202.02820518321823,202.02820518321823,200.68052230060368,,200.68052230060368,200.68052230060368,200.34632977595663,0,0,-1.3476828826145493,,0,0,0,0,-0.33419252464705096,-3.5332546133304277e-06,0,0,0,0,0,1,0
250,0,200.34632977595663,200.34632977595663,200.34632977595663,199.00919602824126,,199.00919602824126,199.00919602824126,198.67778650696934,0,0,-1.3371337477153702,,0,0,0,0,-0.33140952127192236,-3.7538567880801565e-06,0,0,0,0,0,1,0
251,0,198.67778650696934,198.67778650696934,198.67778650696934,197.34682313468872,,197.34682313468872,197.34682313468872,197.01818313603533,0,0,-1.3309633722806211,,0,0,0,0,-0.32863999865338656,-2.5453432499489281e-06,0,0,0,0,0,1,0
252,0,197.01818313603533,197.01818313603533,197.01818313603533,195.7087094046274,,195.7087094046274,195.7087094046274,195.38279768366425,0,0,-1.3094737314079339,,0,0,0,0,-0.32591172096314835,-2.1834910626239434e-06,0,0,0,0,0,1,0
253,0,195.38279768366425,195.38279768366425,195.38279768366425,194.07293475468947,,194.07293475468947,194.07293475468947,193.74974652352256,0,0,-1.3098629289747805,,0,0,0,0,-0.32318823116690965,-2.7143135241658456e-06,0,0,0,0,0,1,0
254,0,193.74974652352256,193.74974652352256,193.74974652352256,192.44951319384916,,192.44951319384916,192.44951319384916,192.12902807127591,0,0,-1.3002333296734037,,0,0,0,0,-0.32048512257324546,-3.0550018550457025e-06,0,0,0,0,0,1,0
255,0,192.12902807127591,192.12902807127591,192.12902807127591,190.82699733329218,,190.82699733329218,190.82699733329218,190.50921517614645,0,0,-1.3020307379837277,,0,0,0,0,-0.31778215714572866,-2.0306133876601962e-06,0,0,0,0,0,1,0
256,0,190.50921517614645,190.50921517614645,190.50921517614645,189.21217313335936,,189.21217313335936,189.21217313335936,188.89707904673526,0,0,-1.2970420427870977,,0,0,0,0,-0.3150940866241001,-3.0923728218112956e-06,0,0,0,0,0,1,0
257,0,188.89707904673526,188.89707904673526,188.89707904673526,187.60101538192936,,187.60101538192936,187.60101538192936,187.28860522739626,0,0,-1.2960636648058994,,0,0,0,0,-0.31241015453309728,-2.1869038562272181e-06,0,0,0,0,0,1,0
258,0,187.28860522739626,187.28860522739626,187.28860522739626,185.99438520081156,,185.99438520081156,185.99438520081156,185.6846502671583,0,0,-1.2942200265846964,,0,0,0,0,-0.30973493365326021,-2.4529805955353368e-06,0,0,0,0,0,1,0
259,0,185.6846502671583,185.6846502671583,185.6846502671583,184.40171387305327,,184.40171387305327,184.40171387305327,184.09463111031596,0,0,-1.282936394105036,,0,0,0,0,-0.30708276273730917,-2.5236400915673585e-06,0,0,0,0,0,1,0
260,0,184.09463111031596,184.09463111031596,184.09463111031596,182.8026852022611,,182.8026852022611,182.8026852022611,182.49826510913678,0,0,-1.2919459080548563,,0,0,0,0,-0.30442009312432106,-2.6823501571016095e-06,0,0,0,0,0,1,0
261,0,182.49826510913678,182.49826510913678,182.49826510913678,181.20438276212232,,181.20438276212232,181.20438276212232,180.90262413721592,0,0,-1.2938823470144598,,0,0,0,0,-0.30175862490639815,-2.8330794066278031e-06,0,0,0,0,0,1,0
262,0,180.90262413721592,180.90262413721592,180.90262413721592,179.59994981754983,,179.59994981754983,179.59994981754983,179.30086366739138,0,0,-1.3026743196660959,,0,0,0,0,-0.29908615015844475,-2.1862768733171833e-06,0,0,0,0,0,1,0
263,0,179.30086366739138,179.30086366739138,179.30086366739138,177.99833694233556,,177.99833694233556,177.99833694233556,177.70191686954294,0,0,-1.3025267250558272,,0,0,0,0,-0.29642007279261406,-3.2406541947693768e-06,0,0,0,0,0,1,0
264,0,177.70191686954294,177.70191686954294,177.70191686954294,176.39533472657862,,176.39533472657862,176.39533472657862,176.10158551891283,0,0,-1.3065821429643165,,0,0,0,0,-0.29374920766579748,-1.8209098868737783e-06,0,0,0,0,0,1,0
265,0,176.10158551891283,176.10158551891283,176.10158551891283,174.80028136764031,,174.80028136764031,174.80028136764031,174.50918789616978,0,0,-1.3013041512725181,,0,0,0,0,-0.29109347147053199,-2.2930356635697535e-06,0,0,0,0,0,1,0
266,0,174.50918789616978,174.50918789616978,174.50918789616978,173.20385975274129,,173.20385975274129,173.20385975274129,172.91542482704907,0,0,-1.3053281434284827,,0,0,0,0,-0.28843492569222917,-2.2341065744058142e-06,0,0,0,0,0,1,0
267,0,172.91542482704907,172.91542482704907,172.91542482704907,171.60922578899604,,171.60922578899604,171.60922578899604,171.32344586942907,0,0,-1.3061990380530233,,0,0,0,0,-0.28577991956697701,-2.7378925722132408e-06,0,0,0,0,0,1,0
268,0,171.32344586942907,171.32344586942907,171.32344586942907,170.01760442968771,,170.01760442968771,170.01760442968771,169.73447584505192,0,0,-1.3058414397413571,,0,0,0,0,-0.28312858463579005,-1.8960466263706621e-06,0,0,0,0,0,1,0
269,0,169.73447584505192,169.73447584505192,169.73447584505192,168.43061856074945,,168.43061856074945,168.43061856074945,168.15013242903876,0,0,-1.3038572843024667,,0,0,0,0,-0.28048613171068837,-2.2168244129261439e-06,0,0,0,0,0,1,0
270,0,168.15013242903876,168.15013242903876,168.15013242903876,166.84349088673537,,166.84349088673537,166.84349088673537,166.56564777214663,0,0,-1.3066415423033959,,0,0,0,0,-0.2778431145887339,-2.2095494500717905e-06,0,0,0,0,0,1,0
271,0,166.56564777214663,166.56564777214663,166.56564777214663,165.25766224148049,,165.25766224148049,165.25766224148049,164.98246106292549,0,0,-1.3079855306661443,,0,0,0,0,-0.27520117855499393,-1.1201180711850611e-06,0,0,0,0,0,1,0
272,0,164.98246106292549,164.98246106292549,164.98246106292549,163.67269867694091,,163.67269867694091,163.67269867694091,163.40013583971569,0,0,-1.3097623859845839,,0,0,0,0,-0.27256283722522312,-2.1847903326488449e-06,0,0,0,0,0,1,0
273,0,163.40013583971569,163.40013583971569,163.40013583971569,162.08510958418617,,162.08510958418617,162.08510958418617,161.8151895638542,0,0,-1.3150262555295171,,0,0,0,0,-0.26992002033196627,-3.1461347305139498e-06,0,0,0,0,0,1,0
274,0,161.8151895638542,161.8151895638542,161.8151895638542,160.49894143939881,,160.49894143939881,160.49894143939881,160.23166344797576,0,0,-1.3162481244553987,,0,0,0,0,-0.2672779914230432,-2.5291897145507392e-06,0,0,0,0,0,1,0
275,0,160.23166344797576,160.23166344797576,160.23166344797576,158.9126843125886,,158.9126843125886,158.9126843125886,158.64804766647225,0,0,-1.3189791353871669,,0,0,0,0,-0.26463664611634385,-2.7440268581813143e-06,0,0,0,0,0,1,0
276,0,158.64804766647225,158.64804766647225,158.64804766647225,157.32956060033101,,157.32956060033101,157.32956060033101,157.06756059751922,0,0,-1.3184870661412447,,0,0,0,0,-0.26200000281178859,-2.4428568394796457e-06,0,0,0,0,0,1,0
277,0,157.06756059751922,157.06756059751922,157.06756059751922,155.74204860956593,,155.74204860956593,155.74204860956593,155.48269192958614,0,0,-1.3255119879532913,,0,0,0,0,-0.2593566799797884,-2.7698666542619321e-06,0,0,0,0,0,1,0
278,0,155.48269192958614,155.48269192958614,155.48269192958614,154.15032189810213,,154.15032189810213,154.15032189810213,153.89361674112388,0,0,-1.3323700314840039,,0,0,0,0,-0.25670515697825635,-1.9153918060510478e-06,0,0,0,0,0,1,0
279,0,153.89361674112388,153.89361674112388,153.89361674112388,152.55843066568553,,152.55843066568553,152.55843066568553,152.30437602034718,0,0,-1.3351860754383438,,0,0,0,0,-0.25405464533835698,-2.3462508522698045e-06,0,0,0,0,0,1,0
280,0,152.30437602034718,152.30437602034718,152.30437602034718,150.96951412916818,,150.96951412916818,150.96951412916818,150.71810414149149,0,0,-1.3348618911790027,,0,0,0,0,-0.25140998767668066,-3.677391049450307e-06,0,0,0,0,0,1,0
281,0,150.71810414149149,150.71810414149149,150.71810414149149,149.37633791506198,,149.37633791506198,149.37633791506198,149.12758287191278,0,0,-1.3417662264295132,,0,0,0,0,-0.24875504314920249,-1.8152152847505931e-06,0,0,0,0,0,1,0
282,0,149.12758287191278,149.12758287191278,149.12758287191278,147.78504323375793,,147.78504323375793,147.78504323375793,147.53893818096992,0,0,-1.3425396381548467,,0,0,0,0,-0.24610505278801043,-1.7739299380536977e-06,0,0,0,0,0,1,0
283,0,147.53893818096992,147.53893818096992,147.53893818096992,146.19060507769041,,146.19060507769041,146.19060507769041,145.94715405596332,0,0,-1.3483331032795149,,0,0,0,0,-0.24345102172708266,-2.9267061165683117e-06,0,0,0,0,0,1,0
284,0,145.94715405596332,145.94715405596332,145.94715405596332,144.59746504133773,,144.59746504133773,144.59746504133773,144.35666864700627,0,0,-1.3496890146255964,,0,0,0,0,-0.24079639433145417,-1.3214164766850445e-06,0,0,0,0,0,1,0
285,0,144.35666864700627,144.35666864700627,144.35666864700627,143.00327415608749,,143.00327415608749,143.00327415608749,142.76513153820426,0,0,-1.3533944909187881,,0,0,0,0,-0.2381426178832271,-2.3170305780695344e-06,0,0,0,0,0,1,0
286,0,142.76513153820426,142.76513153820426,142.76513153820426,141.40993844036157,,141.40993844036157,141.40993844036157,141.17444880141377,0,0,-1.3551930978426867,,0,0,0,0,-0.23548963894779718,-2.686061748136126e-06,0,0,0,0,0,1,0
287,0,141.17444880141377,141.17444880141377,141.17444880141377,139.81391610861155,,139.81391610861155,139.81391610861155,139.58108544421691,0,0,-1.3605326928022237,,0,0,0,0,-0.23283066439464051,-1.5334392458044022e-06,0,0,0,0,0,1,0
288,0,139.58108544421691,139.58108544421691,139.58108544421691,138.21543797252076,,138.21543797252076,138.21543797252076,137.98526905783939,0,0,-1.3656474716961498,,0,0,0,0,-0.23016891468137146,-1.6952559747096529e-06,0,0,0,0,0,1,0
289,0,137.98526905783939,137.98526905783939,137.98526905783939,136.62327874222956,,136.62327874222956,136.62327874222956,136.39576059589297,0,0,-1.3619903156098303,,0,0,0,0,-0.22751814633659251,-2.3157008115504141e-06,0,0,0,0,0,1,0
290,0,136.39576059589297,136.39576059589297,136.39576059589297,135.02969567102605,,135.02969567102605,135.02969567102605,134.80483188833279,0,0,-1.3660649248669188,,0,0,0,0,-0.22486378269326224,-1.7119405129051302e-06,0,0,0,0,0,1,0
291,0,134.80483188833279,134.80483188833279,134.80483188833279,133.43474975640555,,133.43474975640555,133.43474975640555,133.21254130514473,0,0,-1.3700821319272336,,0,0,0,0,-0.22220845126082622,-2.4099041979752656e-06,0,0,0,0,0,1,0
292,0,133.21254130514473,133.21254130514473,133.21254130514473,131.8456320610394,,131.8456320610394,131.8456320610394,131.62607135659664,0,0,-1.3669092441053294,,0,0,0,0,-0.2195607044427561,-9.8687411309583695e-07,0,0,0,0,0,1,0
293,0,131.62607135659664,131.62607135659664,131.62607135659664,130.25465791341281,,130.25465791341281,130.25465791341281,130.03774577474928,0,0,-1.3714134431838261,,0,0,0,0,-0.2169121386635311,-1.8363924993991532e-06,0,0,0,0,0,1,0
294,0,130.03774577474928,130.03774577474928,130.03774577474928,128.6672997603884,,128.6672997603884,128.6672997603884,128.45303071544006,0,0,-1.3704460143608799,,0,0,0,0,-0.21426904494833821,-2.1363356665915489e-06,0,0,0,0,0,1,0
295,0,128.45303071544006,128.45303071544006,128.45303071544006,127.08378178135114,,127.08378178135114,127.08378178135114,126.87214993987497,0,0,-1.3692489340889296,,0,0,0,0,-0.21163184147616221,-1.9315629629090836e-06,0,0,0,0,0,1,0
296,0,126.87214993987497,126.87214993987497,126.87214993987497,125.50594537634633,,125.50594537634633,125.50594537634633,125.29694123328183,0,0,-1.3662045635286404,,0,0,0,0,-0.20900414306450443,-1.7704466301893262e-06,0,0,0,0,0,1,0
297,0,125.29694123328183,125.29694123328183,125.29694123328183,123.92966049514028,,123.92966049514028,123.92966049514028,123.72328145849822,0,0,-1.3672807381415453,,0,0,0,0,-0.20637903664206192,-1.6175999633105675e-06,0,0,0,0,0,1,0
298,0,123.72328145849822,123.72328145849822,123.72328145849822,122.36036034306655,,122.36036034306655,122.36036034306655,122.15659436037396,0,0,-1.3629211154316749,,0,0,0,0,-0.2037659826925875,-1.8857057426657775e-06,0,0,0,0,0,1,0
299,0,122.15659436037396,122.15659436037396,122.15659436037396,120.79970570107955,,120.79970570107955,120.79970570107955,120.5985381281601,0,0,-1.3568886592944125,,0,0,0,0,-0.20116757291944509,-2.4008047034840274e-06,0,0,0,0,0,1,0
300,0,120.5985381281601,120.5985381281601,120.5985381281601,119.24825265835824,,119.24825265835824,119.24825265835824,119.04966902741187,0,0,-1.3502854698018609,,0,0,0,0,-0.19858363094637355,-2.060476461451799e-06,0,0,0,0,0,1,0
301,0,119.04966902741187,119.04966902741187,119.04966902741187,117.70395484384476,,117.70395484384476,117.70395484384476,117.50794308153044,0,0,-1.3457141835671109,,0,0,0,0,-0.19601176231431339,-1.8780406065843636e-06,0,0,0,0,0,1,0
302,0,117.50794308153044,117.50794308153044,117.50794308153044,116.1712877042452,,116.1712877042452,116.1712877042452,115.97782823132935,0,0,-1.3366553772852399,,0,0,0,0,-0.19345947291584764,-1.9065236074311542e-06,0,0,0,0,0,1,0
303,0,115.97782823132935,115.97782823132935,115.97782823132935,114.65335004928151,,114.65335004928151,114.65335004928151,114.46241890526174,0,0,-1.3244781820478408,,0,0,0,0,-0.19093114401977118,-1.3668122136323291e-06,0,0,0,0,0,1,0
304,0,114.46241890526174,114.46241890526174,114.46241890526174,113.14862360055692,,113.14862360055692,113.14862360055692,112.96019783328381,0,0,-1.3137953047048256,,0,0,0,0,-0.18842576727310245,-1.7789110557941967e-06,0,0,0,0,0,1,0
305,0,112.96019783328381,112.96019783328381,112.96019783328381,111.65541434470194,,111.65541434470194,111.65541434470194,111.46947522236751,0,0,-1.3047834885818759,,0,0,0,0,-0.18593912233443177,-1.7434819312711625e-06,0,0,0,0,0,1,0
306,0,111.46947522236751,111.46947522236751,111.46947522236751,110.18066744975017,,110.18066744975017,110.18066744975017,109.99718421398438,0,0,-1.2888077726173321,,0,0,0,0,-0.18348323576579162,-1.7214472336490871e-06,0,0,0,0,0,1,0
307,0,109.99718421398438,109.99718421398438,109.99718421398438,108.7187342011587,,108.7187342011587,108.7187342011587,108.53768506512608,0,0,-1.2784500128256866,,0,0,0,0,-0.18104913603261252,-2.1479562661852469e-06,0,0,0,0,0,1,0
308,0,108.53768506512608,108.53768506512608,108.53768506512608,107.27631648025888,,107.27631648025888,107.27631648025888,107.09766997647317,0,0,-1.2613685848671992,,0,0,0,0,-0.17864650378571412,-1.5431599109660965e-06,0,0,0,0,0,1,0
309,0,107.09766997647317,107.09766997647317,107.09766997647317,105.85091727529554,,105.85091727529554,105.85091727529554,105.67464501867639,0,0,-1.2467527011776269,,0,0,0,0,-0.17627225661915702,-9.8287191008239461e-07,0,0,0,0,0,1,0
310,0,105.67464501867639,105.67464501867639,105.67464501867639,104.44294147143637,,104.44294147143637,104.44294147143637,104.26901343988938,0,0,-1.2317035472400164,,0,0,0,0,-0.17392803154699266,-1.4298609727347866e-06,0,0,0,0,0,1,0
311,0,104.26901343988938,104.26901343988938,104.26901343988938,103.0531878662742,,103.0531878662742,103.0531878662742,102.88157392289096,0,0,-1.2158255736151773,,0,0,0,0,-0.17161394338323532,-1.6687192783138016e-06,0,0,0,0,0,1,0
312,0,102.88157392289096,102.88157392289096,102.88157392289096,101.68119821199514,,101.68119821199514,101.68119821199514,101.51186899258805,0,0,-1.2003757108958268,,0,0,0,0,-0.16932921940708923,-1.6898369921136691e-06,0,0,0,0,0,1,0
313,0,101.51186899258805,101.51186899258805,101.51186899258805,100.32923338551295,,100.32923338551295,100.32923338551295,100.1621557242559,0,0,-1.182635607075099,,0,0,0,0,-0.16707766125705348,-1.529862316829167e-06,0,0,0,0,0,1,0
314,0,100.1621557242559,100.1621557242559,100.1621557242559,98.997988165505021,,98.997988165505021,98.997988165505021,98.833127653468097,0,0,-1.1641675587508757,,0,0,0,0,-0.16486051203692398,-1.2748992332944908e-06,0,0,0,0,0,1,0
315,0,98.833127653468097,98.833127653468097,98.833127653468097,97.687068070989483,,97.687068070989483,97.687068070989483,97.52439022928975,0,0,-1.1460595824786139,,0,0,0,0,-0.16267784169973254,-1.6518214493999039e-06,0,0,0,0,0,1,0
316,0,97.52439022928975,97.52439022928975,97.52439022928975,96.397903208393146,,96.397903208393146,96.397903208393146,96.237372053334127,0,0,-1.1264870208966045,,0,0,0,0,-0.16053115505901872,-1.7839161898791644e-06,0,0,0,0,0,1,0
317,0,96.237372053334127,96.237372053334127,96.237372053334127,95.13076467957859,,95.13076467957859,95.13076467957859,94.972344195264682,0,0,-1.1066073737555371,,0,0,0,0,-0.15842048431390765,-1.2519233507646277e-06,0,0,0,0,0,1,0
318,0,94.972344195264682,94.972344195264682,94.972344195264682,93.886570959276312,,93.886570959276312,93.886570959276312,93.730222505026319,0,0,-1.0857732359883698,,0,0,0,0,-0.15634845424999355,-1.1511112489870357e-06,0,0,0,0,0,1,0
319,0,93.730222505026319,93.730222505026319,93.730222505026319,92.662502240017176,,92.662502240017176,92.662502240017176,92.50819197282982,0,0,-1.0677202650091431,,0,0,0,0,-0.15431026718735552,-1.3795661715221286e-06,0,0,0,0,0,1,0
320,0,92.50819197282982,92.50819197282982,92.50819197282982,91.4571409277398,,91.4571409277398,91.4571409277398,91.30483762071637,0,0,-1.0510510450900199,,0,0,0,0,-0.15230330702343053,-1.6818738686197321e-06,0,0,0,0,0,1,0
321,0,91.30483762071637,91.30483762071637,91.30483762071637,90.273015262147823,,90.273015262147823,90.273015262147823,90.122684117406507,0,0,-1.0318223585685473,,0,0,0,0,-0.15033114474131537,-1.4187941843601948e-06,0,0,0,0,0,1,0
322,0,90.122684117406507,90.122684117406507,90.122684117406507,89.113008678355428,,89.113008678355428,89.113008678355428,88.964609377820025,0,0,-1.0096754390510796,,0,0,0,0,-0.14839930053540229,-1.3087981756143563e-06,0,0,0,0,0,1,0
323,0,88.964609377820025,88.964609377820025,88.964609377820025,87.972116031277167,,87.972116031277167,87.972116031277167,87.825616380698889,0,0,-0.99249334654285803,,0,0,0,0,-0.14649965057827785,-1.5630205894012761e-06,0,0,0,0,0,1,0
324,0,87.825616380698889,87.825616380698889,87.825616380698889,86.852815919496621,,86.852815919496621,86.852815919496621,86.708180224482192,0,0,-0.97280046120226871,,0,0,0,0,-0.14463569501442919,-1.5540476425712768e-06,0,0,0,0,0,1,0
325,0,86.708180224482192,86.708180224482192,86.708180224482192,85.751011391627628,,85.751011391627628,85.751011391627628,85.608210823994611,0,0,-0.95716883285456333,,0,0,0,0,-0.14280056763301729,-1.2382345602190981e-06,0,0,0,0,0,1,0
326,0,85.608210823994611,85.608210823994611,85.608210823994611,84.672058108407654,,84.672058108407654,84.672058108407654,84.531054315077512,0,0,-0.93615271558695667,,0,0,0,0,-0.14100379333014246,-1.2218104359362769e-06,0,0,0,0,0,1,0
327,0,84.531054315077512,84.531054315077512,84.531054315077512,83.612437794154857,,83.612437794154857,83.612437794154857,83.473198714277871,0,0,-0.91861652092265444,,0,0,0,0,-0.13923907987698669,-1.0714548466239648e-06,0,0,0,0,0,1,0
328,0,83.473198714277871,83.473198714277871,83.473198714277871,82.574549877876038,,82.574549877876038,82.574549877876038,82.437038953959856,0,0,-0.8986488364018328,,0,0,0,0,-0.13751092391618158,-1.2880929318725975e-06,0,0,0,0,0,1,0
329,0,82.437038953959856,82.437038953959856,82.437038953959856,81.556036397214555,,81.556036397214555,81.556036397214555,81.420221605794026,0,0,-0.88100255674530104,,0,0,0,0,-0.13581479142052899,-1.2643620692642799e-06,0,0,0,0,0,1,0
330,0,81.420221605794026,81.420221605794026,81.420221605794026,80.556678760209948,,80.556678760209948,80.556678760209948,80.422527646021337,0,0,-0.86354284558407812,,0,0,0,0,-0.13415111418861159,-1.7960777256575966e-06,0,0,0,0,0,1,0
331,0,80.422527646021337,80.422527646021337,80.422527646021337,79.575584568025192,,79.575584568025192,79.575584568025192,79.443067501803796,0,0,-0.84694307799614421,,0,0,0,0,-0.13251706622139636,-1.5433328997005447e-06,0,0,0,0,0,1,0
332,0,79.443067501803796,79.443067501803796,79.443067501803796,78.614361511457417,,78.614361511457417,78.614361511457417,78.483445281021687,0,0,-0.82870599034637848,,0,0,0,0,-0.13091623043573009,-1.4117913309519281e-06,0,0,0,0,0,1,0
333,0,78.483445281021687,78.483445281021687,78.483445281021687,77.672000818128737,,77.672000818128737,77.672000818128737,77.542654167627731,0,0,-0.81144446289295047,,0,0,0,0,-0.12934665050100591,-1.1250099163362393e-06,0,0,0,0,0,1,0
334,0,77.542654167627731,77.542654167627731,77.542654167627731,76.746124920549661,,76.746124920549661,76.746124920549661,76.61832001010464,0,0,-0.7965292470780696,,0,0,0,0,-0.12780491044502185,-1.2263284503433169e-06,0,0,0,0,0,1,0
335,0,76.61832001010464,76.61832001010464,76.61832001010464,75.838306818338054,,75.838306818338054,75.838306818338054,75.712013780946208,0,0,-0.78001319176658512,,0,0,0,0,-0.1262930373918465,-1.1233887136086196e-06,0,0,0,0,0,1,0
336,0,75.712013780946208,75.712013780946208,75.712013780946208,74.948815224050222,,74.948815224050222,74.948815224050222,74.824003487107106,0,0,-0.76319855689598626,,0,0,0,0,-0.12481173694311565,-1.0743104468247111e-06,0,0,0,0,0,1,0
337,0,74.824003487107106,74.824003487107106,74.824003487107106,74.075931960453303,,74.075931960453303,74.075931960453303,73.952573710803037,0,0,-0.74807152665380272,,0,0,0,0,-0.12335824965026632,-1.1808900950427415e-06,0,0,0,0,0,1,0
338,0,73.952573710803037,73.952573710803037,73.952573710803037,73.218661994632114,,73.218661994632114,73.218661994632114,73.096731091249694,0,0,-0.73391171617092255,,0,0,0,0,-0.1219309033824203,-1.4280029461133381e-06,0,0,0,0,0,1,0
339,0,73.096731091249694,73.096731091249694,73.096731091249694,72.379638574949695,,72.379638574949695,72.379638574949695,72.259105052411556,0,0,-0.71709251629999926,,0,0,0,0,-0.12053352253813898,-1.2549548529250387e-06,0,0,0,0,0,1,0
340,0,72.259105052411556,72.259105052411556,72.259105052411556,71.55755121302083,,71.55755121302083,71.55755121302083,71.438386970340432,0,0,-0.70155383939072635,,0,0,0,0,-0.11916424268039805,-9.7963774692289007e-07,0,0,0,0,0,1,0
341,0,71.438386970340432,71.438386970340432,71.438386970340432,70.751087048293627,,70.751087048293627,70.751087048293627,70.633265815600708,0,0,-0.68729992204680457,,0,0,0,0,-0.11782123269291844,-9.5721493664768786e-07,0,0,0,0,0,1,0
342,0,70.633265815600708,70.633265815600708,70.633265815600708,69.956264612186743,,69.956264612186743,69.956264612186743,69.839766577094224,0,0,-0.67700120341396541,,0,0,0,0,-0.1164980350925191,-1.3604561530655701e-06,0,0,0,0,0,1,0
343,0,69.839766577094224,69.839766577094224,69.839766577094224,69.175049799962579,,69.175049799962579,69.175049799962579,69.059852869463469,0,0,-0.66471677713164468,,0,0,0,0,-0.11519693049910984,-1.1962190029635167e-06,0,0,0,0,0,1,0
344,0,69.059852869463469,69.059852869463469,69.059852869463469,68.408155562982586,,68.408155562982586,68.408155562982586,68.294235775264411,0,0,-0.65169730648088375,,0,0,0,0,-0.11391978771817435,-1.1460459177214943e-06,0,0,0,0,0,1,0
345,0,68.294235775264411,68.294235775264411,68.294235775264411,67.656932800894452,,67.656932800894452,67.656932800894452,67.544264203323635,0,0,-0.63730297436995897,,0,0,0,0,-0.11266859757081704,-9.5113360032428318e-07,0,0,0,0,0,1,0
346,0,67.544264203323635,67.544264203323635,67.544264203323635,66.921881070713951,,66.921881070713951,66.921881070713951,66.810436559819607,0,0,-0.62238313260968425,,0,0,0,0,-0.11144451089434426,-9.3041781212832575e-07,0,0,0,0,0,1,0
347,0,66.810436559819607,66.810436559819607,66.810436559819607,66.203823640029867,,66.203823640029867,66.203823640029867,66.093574755337116,0,0,-0.60661291978973964,,0,0,0,0,-0.1102488846927514,-1.0699326082885818e-06,0,0,0,0,0,1,0
348,0,66.093574755337116,66.093574755337116,66.093574755337116,65.500845156414883,,65.500845156414883,65.500845156414883,65.391767046489349,0,0,-0.59272959892223298,,0,0,0,0,-0.10907810992553379,-9.5023294477414311e-07,0,0,0,0,0,1,0
349,0,65.391767046489349,65.391767046489349,65.391767046489349,64.814608312103246,,64.814608312103246,64.814608312103246,64.706672999190971,0,0,-0.57715873438610288,,0,0,0,0,-0.10793531291227509,-9.2879287194591598e-07,0,0,0,0,0,1,0
350,0,64.706672999190971,64.706672999190971,64.706672999190971,64.145861359562161,,64.145861359562161,64.145861359562161,64.039039466993927,0,0,-0.56081163962880964,,0,0,0,0,-0.10682189256823449,-1.1584782555473794e-06,0,0,0,0,0,1,0
351,0,64.039039466993927,64.039039466993927,64.039039466993927,63.491799320110673,,63.491799320110673,63.491799320110673,63.386066899530562,0,0,-0.5472401468832544,,0,0,0,0,-0.1057324205801109,-8.8204699011384946e-07,0,0,0,0,0,1,0
352,0,63.386066899530562,63.386066899530562,63.386066899530562,62.852418411495165,,62.852418411495165,62.852418411495165,62.747750878698007,0,0,-0.53364848803539644,,0,0,0,0,-0.10466753279715846,-7.4164732666304189e-07,0,0,0,0,0,1,0
353,0,62.747750878698007,62.747750878698007,62.747750878698007,62.22564345474364,,62.22564345474364,62.22564345474364,62.122019534580296,0,0,-0.52210742395436682,,0,0,0,0,-0.10362392016334354,-8.8397394648609406e-07,0,0,0,0,0,1,0
354,0,62.122019534580296,62.122019534580296,62.122019534580296,61.609187864295428,,61.609187864295428,61.609187864295428,61.50659050372046,0,0,-0.51283167028486787,,0,0,0,0,-0.10259736057496838,-8.9472558073566688e-07,0,0,0,0,0,1,0
355,0,61.50659050372046,61.50659050372046,61.50659050372046,61.002365993286318,,61.002365993286318,61.002365993286318,60.900779319897232,0,0,-0.50422451043414185,,0,0,0,0,-0.101586673389086,-7.3505228215253737e-07,0,0,0,0,0,1,0
356,0,60.900779319897232,60.900779319897232,60.900779319897232,60.408625005672697,,60.408625005672697,60.408625005672697,60.308027011137966,0,0,-0.49215431422453548,,0,0,0,0,-0.10059799453473062,-8.0039447425406252e-07,0,0,0,0,0,1,0
357,0,60.308027011137966,60.308027011137966,60.308027011137966,59.825099792396287,,59.825099792396287,59.825099792396287,59.725473571427408,0,0,-0.4829272187416791,,0,0,0,0,-0.099626220968879409,-7.5891418305218394e-07,0,0,0,0,0,1,0
358,0,59.725473571427408,59.725473571427408,59.725473571427408,59.25212461613102,,59.25212461613102,59.25212461613102,59.153452531158671,0,0,-0.47334895529638743,,0,0,0,0,-0.098672084972349694,-7.8625185295777555e-07,0,0,0,0,0,1,0
359,0,59.153452531158671,59.153452531158671,59.153452531158671,58.690641154275561,,58.690641154275561,58.690641154275561,58.592903690853227,0,0,-0.46281137688310992,,0,0,0,0,-0.097737463422333803,-1.1911293071875662e-06,0,0,0,0,0,1,0
360,0,58.592903690853227,58.592903690853227,58.592903690853227,58.138944614791789,,58.138944614791789,58.138944614791789,58.042126154241352,0,0,-0.45395907606143737,,0,0,0,0,-0.096818460550437635,-9.1673177848861087e-07,0,0,0,0,0,1,0
361,0,58.042126154241352,58.042126154241352,58.042126154241352,57.596406705053461,,57.596406705053461,57.596406705053461,57.500491556578623,0,0,-0.44571944918789086,,0,0,0,0,-0.095915148474837508,-1.0814597075636811e-06,0,0,0,0,0,1,0
362,0,57.500491556578623,57.500491556578623,57.500491556578623,57.065234829164098,,57.065234829164098,57.065234829164098,56.970204388797974,0,0,-0.43525672741452581,,0,0,0,0,-0.095030440366123514,-9.2254111905276659e-07,0,0,0,0,0,1,0
363,0,56.970204388797974,56.970204388797974,56.970204388797974,56.544232496628574,,56.544232496628574,56.544232496628574,56.450069641411801,0,0,-0.42597189216940023,,0,0,0,0,-0.094162855216772812,-9.5145819756226047e-07,0,0,0,0,0,1,0
364,0,56.450069641411801,56.450069641411801,56.450069641411801,56.032425002670834,,56.032425002670834,56.032425002670834,55.939114482201425,0,0,-0.41764463874096691,,0,0,0,0,-0.093310520469408686,-9.1880885833006687e-07,0,0,0,0,0,1,0
365,0,55.939114482201425,55.939114482201425,55.939114482201425,55.531732483193359,,55.531732483193359,55.531732483193359,55.439256020382615,0,0,-0.40738199900806649,,0,0,0,0,-0.092476462810743953,-6.5371840207717469e-07,0,0,0,0,0,1,0
366,0,55.439256020382615,55.439256020382615,55.439256020382615,55.03976205762892,,55.03976205762892,55.03976205762892,54.948104581487037,0,0,-0.39949396275369509,,0,0,0,0,-0.09165747614188291,-9.349011165227239e-07,0,0,0,0,0,1,0
367,0,54.948104581487037,54.948104581487037,54.948104581487037,54.556970429065309,,54.556970429065309,54.556970429065309,54.466117076600987,0,0,-0.39113415242172778,,0,0,0,0,-0.090853352464321802,-7.9381998574490353e-07,0,0,0,0,0,1,0
368,0,54.466117076600987,54.466117076600987,54.466117076600987,54.082448043420065,,54.082448043420065,54.082448043420065,53.992384813884541,0,0,-0.38366903318092227,,0,0,0,0,-0.090063229535523703,-8.8289409916342265e-07,0,0,0,0,0,1,0
369,0,53.992384813884541,53.992384813884541,53.992384813884541,53.616141979974032,,53.616141979974032,53.616141979974032,53.526855138842578,0,0,-0.37624283391050994,,0,0,0,0,-0.089286841131453798,-1.0240266945515941e-06,0,0,0,0,0,1,0
370,0,53.526855138842578,53.526855138842578,53.526855138842578,53.158337136511321,,53.158337136511321,53.158337136511321,53.069812913625753,0,0,-0.36851800233125687,,0,0,0,0,-0.088524222885567383,-7.7841728085559225e-07,0,0,0,0,0,1,0
371,0,53.069812913625753,53.069812913625753,53.069812913625753,52.708560145660556,,52.708560145660556,52.708560145660556,52.62078473789461,0,0,-0.36125276796519756,,0,0,0,0,-0.087775407765946056,-9.673226060158413e-07,0,0,0,0,0,1,0
372,0,52.62078473789461,52.62078473789461,52.62078473789461,52.267135198720098,,52.267135198720098,52.267135198720098,52.180095000137591,0,0,-0.35364953917451203,,0,0,0,0,-0.087040198582506889,-8.5368377966688058e-07,0,0,0,0,0,1,0
373,0,52.180095000137591,52.180095000137591,52.180095000137591,51.832891712841594,,51.832891712841594,51.832891712841594,51.746574666596864,0,0,-0.34720328729599714,,0,0,0,0,-0.086317046244730022,-8.3775620396409067e-07,0,0,0,0,0,1,0
374,0,51.746574666596864,51.746574666596864,51.746574666596864,51.405554062699814,,51.405554062699814,51.405554062699814,51.319948922540377,0,0,-0.34102060389705002,,0,0,0,0,-0.085605140159437099,-5.679407095726674e-07,0,0,0,0,0,1,0
375,0,51.319948922540377,51.319948922540377,51.319948922540377,50.98662091644978,,50.98662091644978,50.98662091644978,50.901713187983049,0,0,-0.33332800609059632,,0,0,0,0,-0.084907728466731669,-7.9667655938919779e-07,0,0,0,0,0,1,0
376,0,50.901713187983049,50.901713187983049,50.901713187983049,50.573593384064523,,50.573593384064523,50.573593384064523,50.489373503813482,0,0,-0.32811980391852558,,0,0,0,0,-0.084219880251040991,-7.5439703550728154e-07,0,0,0,0,0,1,0
377,0,50.489373503813482,50.489373503813482,50.489373503813482,50.167928054092414,,50.167928054092414,50.167928054092414,50.08438381008812,0,0,-0.32144544972106814,,0,0,0,0,-0.083544244004293944,-6.6396765419085568e-07,0,0,0,0,0,1,0
378,0,50.08438381008812,50.08438381008812,50.08438381008812,49.768475064341992,,49.768475064341992,49.768475064341992,49.68559582878995,0,0,-0.31590874574612826,,0,0,0,0,-0.082879235552042019,-8.5605526578547142e-07,0,0,0,0,0,1,0
379,0,49.68559582878995,49.68559582878995,49.68559582878995,49.374672859657288,,49.374672859657288,49.374672859657288,49.292449560019875,0,0,-0.31092296913266182,,0,0,0,0,-0.082223299637412595,-7.1054840589113155e-07,0,0,0,0,0,1,0
380,0,49.292449560019875,49.292449560019875,49.292449560019875,48.986664533036517,,48.986664533036517,48.986664533036517,48.905087358472748,0,0,-0.30578502698335797,,0,0,0,0,-0.081577174563769006,-7.2746116330790755e-07,0,0,0,0,0,1,0
381,0,48.905087358472748,48.905087358472748,48.905087358472748,48.604472885877705,,48.604472885877705,48.604472885877705,48.523531967525841,0,0,-0.30061447259504348,,0,0,0,0,-0.0809409183518639,-9.2684356900463172e-07,0,0,0,0,0,1,0
382,0,48.523531967525841,48.523531967525841,48.523531967525841,48.228600653455132,,48.228600653455132,48.228600653455132,48.14828575950871,0,0,-0.29493131407070905,,0,0,0,0,-0.080314893946422217,-8.3444604115356924e-07,0,0,0,0,0,1,0
383,0,48.14828575950871,48.14828575950871,48.14828575950871,47.858077869879182,,47.858077869879182,47.858077869879182,47.77838000508212,0,0,-0.29020788962952793,,0,0,0,0,-0.079697864797061868,-8.2898136355424867e-07,0,0,0,0,0,1,0
384,0,47.77838000508212,47.77838000508212,47.77838000508212,47.493281142480676,,47.493281142480676,47.493281142480676,47.414190779305123,0,0,-0.28509886260144413,,0,0,0,0,-0.079090363175552625,-8.1556555642237072e-07,0,0,0,0,0,1,0
385,0,47.414190779305123,47.414190779305123,47.414190779305123,47.134327063434817,,47.134327063434817,47.134327063434817,47.055834526951067,0,0,-0.2798637158703059,,0,0,0,0,-0.078492536483750541,-7.47441653459191e-07,0,0,0,0,0,1,0
386,0,47.055834526951067,47.055834526951067,47.055834526951067,46.780570427245102,,46.780570427245102,46.780570427245102,46.702667020325642,0,0,-0.27526409970596433,,0,0,0,0,-0.077903406919460849,-7.212546364598893e-07,0,0,0,0,0,1,0
387,0,46.702667020325642,46.702667020325642,46.702667020325642,46.432088587264623,,46.432088587264623,46.432088587264623,46.354765480212706,0,0,-0.27057843306101859,,0,0,0,0,-0.077323107051917361,-7.4075893508052104e-07,0,0,0,0,0,1,0
388,0,46.354765480212706,46.354765480212706,46.354765480212706,46.088622161015707,,46.088622161015707,46.088622161015707,46.011870944946921,0,0,-0.26614331919699907,,0,0,0,0,-0.076751216068785766,-8.1708589760864925e-07,0,0,0,0,0,1,0
389,0,46.011870944946921,46.011870944946921,46.011870944946921,45.75015265758141,,45.75015265758141,45.75015265758141,45.673965099705413,0,0,-0.26171828736551106,,0,0,0,0,-0.076187557875996959,-8.0493457232932997e-07,0,0,0,0,0,1,0
390,0,45.673965099705413,45.673965099705413,45.673965099705413,45.416916308896646,,45.416916308896646,45.416916308896646,45.341283619836283,0,0,-0.25704879080876708,,0,0,0,0,-0.075632689060363134,-8.6749940919617075e-07,0,0,0,0,0,1,0
391,0,45.341283619836283,45.341283619836283,45.341283619836283,45.088284024935525,,45.088284024935525,45.088284024935525,45.013199020440219,0,0,-0.25299959490075707,,0,0,0,0,-0.075085004495306862,-4.4726395742600289e-07,0,0,0,0,0,1,0
392,0,45.013199020440219,45.013199020440219,45.013199020440219,44.764595150279341,,44.764595150279341,44.764595150279341,44.690048960547912,0,0,-0.2486038701608777,,0,0,0,0,-0.074546189731428569,-6.6467584503016042e-07,0,0,0,0,0,1,0
393,0,44.690048960547912,44.690048960547912,44.690048960547912,44.445134578084591,,44.445134578084591,44.445134578084591,44.371120548836906,0,0,-0.24491438246332109,,0,0,0,0,-0.074014029247685187,-4.9506576971225513e-07,0,0,0,0,0,1,0
394,0,44.371120548836906,44.371120548836906,44.371120548836906,44.130435966916401,,44.130435966916401,44.130435966916401,44.056945844099083,0,0,-0.24068458192050457,,0,0,0,0,-0.073490122817318593,-6.4951714762173651e-07,0,0,0,0,0,1,0
395,0,44.056945844099083,44.056945844099083,44.056945844099083,43.820488312758663,,43.820488312758663,43.820488312758663,43.747514287734816,0,0,-0.23645753134042025,,0,0,0,0,-0.072974025023846423,-7.0093813775429226e-07,0,0,0,0,0,1,0
396,0,43.747514287734816,43.747514287734816,43.747514287734816,43.515105780939052,,43.515105780939052,43.515105780939052,43.442640396893083,0,0,-0.23240850679576397,,0,0,0,0,-0.072465384045969472,-6.0697366421891275e-07,0,0,0,0,0,1,0
397,0,43.442640396893083,43.442640396893083,43.442640396893083,43.213821439199208,,43.213821439199208,43.213821439199208,43.14185763538655,0,0,-0.22881895769387484,,0,0,0,0,-0.071963803812657545,-7.4912543368554907e-07,0,0,0,0,0,1,0
398,0,43.14185763538655,43.14185763538655,43.14185763538655,42.917480554588401,,42.917480554588401,42.917480554588401,42.846010467161086,0,0,-0.22437708079814911,,0,0,0,0,-0.071470087427314866,-5.2289158958274129e-07,0,0,0,0,0,1,0
399,0,42.846010467161086,42.846010467161086,42.846010467161086,42.624837205868808,,42.624837205868808,42.624837205868808,42.553854290825015,0,0,-0.22117326129227877,,0,0,0,0,-0.070982915043792616,-6.8323180357765523e-07,0,0,0,0,0,1,0
400,0,42.553854290825015,42.553854290825015,42.553854290825015,42.337785464209205,,42.337785464209205,42.337785464209205,42.267280633315643,0,0,-0.21606882661581039,,0,0,0,0,-0.070504830893561632,-6.2022161984032209e-07,0,0,0,0,0,1,0
401,0,42.267280633315643,42.267280633315643,42.267280633315643,42.055355740465423,,42.055355740465423,42.055355740465423,41.985321157846741,0,0,-0.2119248928502202,,0,0,0,0,-0.070034582618681895,-6.9613874842389123e-07,0,0,0,0,0,1,0
402,0,41.985321157846741,41.985321157846741,41.985321157846741,41.777755765479199,,41.777755765479199,41.777755765479199,41.708183434679462,0,0,-0.20756539236754179,,0,0,0,0,-0.069572330799736903,-7.2563420161486647e-07,0,0,0,0,0,1,0
403,0,41.708183434679462,41.708183434679462,41.708183434679462,41.504260404854371,,41.504260404854371,41.504260404854371,41.43514360006214,0,0,-0.20392302982509136,,0,0,0,0,-0.069116804792230369,-6.4561471191382225e-07,0,0,0,0,0,1,0
404,0,41.43514360006214,41.43514360006214,41.43514360006214,41.233899812058219,,41.233899812058219,41.233899812058219,41.165233289342886,0,0,-0.20124378800392151,,0,0,0,0,-0.06866652271533269,-5.8926362100919505e-07,0,0,0,0,0,1,0
405,0,41.165233289342886,41.165233289342886,41.165233289342886,40.967374256331986,,40.967374256331986,40.967374256331986,40.899151520989996,0,0,-0.19785903301090002,,0,0,0,0,-0.068222735341990415,-6.4121061171817928e-07,0,0,0,0,0,1,0
406,0,40.899151520989996,40.899151520989996,40.899151520989996,40.706981331296426,,40.706981331296426,40.706981331296426,40.63919226446442,0,0,-0.19217018969357014,,0,0,0,0,-0.067789066832006029,-5.9948217057126385e-07,0,0,0,0,0,1,0
407,0,40.63919226446442,40.63919226446442,40.63919226446442,40.450202259172421,,40.450202259172421,40.450202259172421,40.382840635084314,0,0,-0.18899000529199839,,0,0,0,0,-0.067361624088107419,-7.6544749560980563e-07,0,0,0,0,0,1,0
408,0,40.382840635084314,40.382840635084314,40.382840635084314,40.196187573314411,,40.196187573314411,40.196187573314411,40.129249200633772,0,0,-0.18665306176990271,,0,0,0,0,-0.066938372680638736,-5.1927595734468923e-07,0,0,0,0,0,1,0
409,0,40.129249200633772,40.129249200633772,40.129249200633772,39.946314259841152,,39.946314259841152,39.946314259841152,39.879791858532663,0,0,-0.18293494079262018,,0,0,0,0,-0.06652240130848952,-6.5660046288940066e-07,0,0,0,0,0,1,0
410,0,39.879791858532663,39.879791858532663,39.879791858532663,39.699727505372103,,39.699727505372103,39.699727505372103,39.633615820330157,0,0,-0.18006435316056013,,0,0,0,0,-0.066111685041946089,-5.7599424252430254e-07,0,0,0,0,0,1,0
411,0,39.633615820330157,39.633615820330157,39.633615820330157,39.457820742983891,,39.457820742983891,39.457820742983891,39.392112084139391,0,0,-0.17579507734626532,,0,0,0,0,-0.065708658844499723,-3.919661182294476e-07,0,0,0,0,0,1,0
412,0,39.392112084139391,39.392112084139391,39.392112084139391,39.219081292335197,,39.219081292335197,39.219081292335197,39.153770181647971,0,0,-0.17303079180419445,,0,0,0,0,-0.065311110687225948,-4.1152132723709656e-07,0,0,0,0,0,1,0
413,0,39.153770181647971,39.153770181647971,39.153770181647971,38.983907271474138,,38.983907271474138,38.983907271474138,38.918987688728073,0,0,-0.16986291017383337,,0,0,0,0,-0.064919582746064464,-5.1385878663268159e-07,0,0,0,0,0,1,0
414,0,38.918987688728073,38.918987688728073,38.918987688728073,38.752167656205991,,38.752167656205991,38.752167656205991,38.687633775860917,0,0,-0.16682003252208233,,0,0,0,0,-0.064533880345074124,-7.2249384430733699e-07,0,0,0,0,0,1,0
415,0,38.687633775860917,38.687633775860917,38.687633775860917,38.523137879312884,,38.523137879312884,38.523137879312884,38.458985622201652,0,0,-0.16449589654803276,,0,0,0,0,-0.064152257111231847,-4.9766016729790863e-07,0,0,0,0,0,1,0
416,0,38.458985622201652,38.458985622201652,38.458985622201652,38.297646762963922,,38.297646762963922,38.297646762963922,38.23386996552906,0,0,-0.1613388592377305,,0,0,0,0,-0.063776797434861976,-5.435279959442596e-07,0,0,0,0,0,1,0
417,0,38.23386996552906,38.23386996552906,38.23386996552906,38.076242168774819,,38.076242168774819,38.076242168774819,38.012833935153694,0,0,-0.15762779675424099,,0,0,0,0,-0.063408233621125021,-6.8006022502231644e-07,0,0,0,0,0,1,0
418,0,38.012833935153694,38.012833935153694,38.012833935153694,37.85714964749387,,37.85714964749387,37.85714964749387,37.794106490162243,0,0,-0.15568428765982389,,0,0,0,0,-0.063043157331627242,-4.5387131564211813e-07,0,0,0,0,0,1,0
419,0,37.794106490162243,37.794106490162243,37.794106490162243,37.64057776443385,,37.64057776443385,37.64057776443385,37.577895057426396,0,0,-0.1535287257283926,,0,0,0,0,-0.062682707007454042,-6.5608249855131362e-07,0,0,0,0,0,1,0
420,0,37.577895057426396,37.577895057426396,37.577895057426396,37.427820443214479,,37.427820443214479,37.427820443214479,37.365492041242589,0,0,-0.15007461421191692,,0,0,0,0,-0.062328401971889491,-6.5127379400564678e-07,0,0,0,0,0,1,0
421,0,37.365492041242589,37.365492041242589,37.365492041242589,37.217747540233006,,37.217747540233006,37.217747540233006,37.155768987103919,0,0,-0.14774450100958347,,0,0,0,0,-0.061978553129087288,-6.3235346914325419e-07,0,0,0,0,0,1,0
422,0,37.155768987103919,37.155768987103919,37.155768987103919,37.011531805932144,,37.011531805932144,37.011531805932144,36.94989667244463,0,0,-0.14423718117177486,,0,0,0,0,-0.061635133487513372,-6.1937372919373956e-07,0,0,0,0,0,1,0
423,0,36.94989667244463,36.94989667244463,36.94989667244463,36.808557044418755,,36.808557044418755,36.808557044418755,36.747260005670626,0,0,-0.14133962802587519,,0,0,0,0,-0.061297038748129751,-5.3417336687289207e-07,0,0,0,0,0,1,0
424,0,36.747260005670626,36.747260005670626,36.747260005670626,36.607910315963466,,36.607910315963466,36.607910315963466,36.546947291793472,0,0,-0.13934968970716,,0,0,0,0,-0.060963024169993218,-6.5231044032998398e-07,0,0,0,0,0,1,0
425,0,36.546947291793472,36.546947291793472,36.546947291793472,36.410014644006438,,36.410014644006438,36.410014644006438,36.349381263707457,0,0,-0.13693264778703451,,0,0,0,0,-0.06063338029898091,-5.5987891300901538e-07,0,0,0,0,0,1,0
426,0,36.349381263707457,36.349381263707457,36.349381263707457,36.215382391926525,,36.215382391926525,36.215382391926525,36.155073112038714,0,0,-0.13399887178093195,,0,0,0,0,-0.060309279887810874,-5.7640377093548523e-07,0,0,0,0,0,1,0
427,0,36.155073112038714,36.155073112038714,36.155073112038714,36.024227330623013,,36.024227330623013,36.024227330623013,35.964236410214809,0,0,-0.13084578141570091,,0,0,0,0,-0.059990920408203863,-5.4336869226290219e-07,0,0,0,0,0,1,0
428,0,35.964236410214809,35.964236410214809,35.964236410214809,35.83489954645863,,35.83489954645863,35.83489954645863,35.77522390774331,0,0,-0.12933686375617981,,0,0,0,0,-0.059675638715319224,-5.4519468761782264e-07,0,0,0,0,0,1,0
429,0,35.77522390774331,35.77522390774331,35.77522390774331,35.648451109145498,,35.648451109145498,35.648451109145498,35.589085933003794,0,0,-0.12677279859781265,,0,0,0,0,-0.059365176141703557,-5.712250867873081e-07,0,0,0,0,0,1,0
430,0,35.589085933003794,35.589085933003794,35.589085933003794,35.465145874951254,,35.465145874951254,35.465145874951254,35.406085981215988,0,0,-0.12394005805253983,,0,0,0,0,-0.059059893735266655,-5.4311342978508037e-07,0,0,0,0,0,1,0
431,0,35.406085981215988,35.406085981215988,35.406085981215988,35.283699476320002,,35.283699476320002,35.283699476320002,35.224941782950729,0,0,-0.12238650489598513,,0,0,0,0,-0.058757693369273056,-5.0156311459659264e-07,0,0,0,0,0,1,0
432,0,35.224941782950729,35.224941782950729,35.224941782950729,35.105699294544131,,35.105699294544131,35.105699294544131,35.047237923311869,0,0,-0.11924248840659857,,0,0,0,0,-0.058461371232262138,-5.9933041285376021e-07,0,0,0,0,0,1,0
433,0,35.047237923311869,35.047237923311869,35.047237923311869,34.929548434856216,,34.929548434856216,34.929548434856216,34.871380399078355,0,0,-0.11768948845565319,,0,0,0,0,-0.058168035777860894,-6.0414370750550006e-07,0,0,0,0,0,1,0
434,0,34.871380399078355,34.871380399078355,34.871380399078355,34.755143643453941,,34.755143643453941,34.755143643453941,34.697266155424167,0,0,-0.11623675562441349,,0,0,0,0,-0.057877488029774327,-4.8897297233452264e-07,0,0,0,0,0,1,0
435,0,34.697266155424167,34.697266155424167,34.697266155424167,34.582546734752704,,34.582546734752704,34.582546734752704,34.524956595370746,0,0,-0.11471942067146301,,0,0,0,0,-0.057590139381957783,-5.6227435862865605e-07,0,0,0,0,0,1,0
436,0,34.524956595370746,34.524956595370746,34.524956595370746,34.412408305550194,,34.412408305550194,34.412408305550194,34.355101394960862,0,0,-0.11254828982055187,,0,0,0,0,-0.05730691058933246,-6.6137712906311208e-07,0,0,0,0,0,1,0
437,0,34.355101394960862,34.355101394960862,34.355101394960862,34.245842409813982,,34.245842409813982,34.245842409813982,34.188812992374686,0,0,-0.10925898514688015,,0,0,0,0,-0.057029417439295571,-5.4685875738869072e-07,0,0,0,0,0,1,0
438,0,34.188812992374686,34.188812992374686,34.188812992374686,34.081198888669995,,34.081198888669995,34.081198888669995,34.024443701184161,0,0,-0.10761410370469093,,0,0,0,0,-0.056755187485833858,-4.942477431768566e-07,0,0,0,0,0,1,0
439,0,34.024443701184161,34.024443701184161,34.024443701184161,33.918324324576922,,33.918324324576922,33.918324324576922,33.861840254550209,0,0,-0.10611937660723925,,0,0,0,0,-0.056484070026712629,-6.0832454096271249e-07,0,0,0,0,0,1,0
440,0,33.861840254550209,33.861840254550209,33.861840254550209,33.757102433515122,,33.757102433515122,33.757102433515122,33.700887079766211,0,0,-0.10473782103508711,,0,0,0,0,-0.056215353748910957,-3.714215139893895e-07,0,0,0,0,0,1,0
441,0,33.700887079766211,33.700887079766211,33.700887079766211,33.597482051184592,,33.597482051184592,33.597482051184592,33.541532439027698,0,0,-0.10340502858161926,,0,0,0,0,-0.055949612156894091,-4.4224601225550941e-07,0,0,0,0,0,1,0
442,0,33.541532439027698,33.541532439027698,33.541532439027698,33.439689642597706,,33.439689642597706,33.439689642597706,33.384002573098982,0,0,-0.10184279642999172,,0,0,0,0,-0.055687069498723929,-6.679187478653148e-07,0,0,0,0,0,1,0
443,0,33.384002573098982,33.384002573098982,33.384002573098982,33.283717963155354,,33.283717963155354,33.283717963155354,33.228290782312676,0,0,-0.10028460994362831,,0,0,0,0,-0.055427180842677615,-5.155720543825737e-07,0,0,0,0,0,1,0
444,0,33.228290782312676,33.228290782312676,33.228290782312676,33.129095457496867,,33.129095457496867,33.129095457496867,33.073925782370402,0,0,-0.099195324815809727,,0,0,0,0,-0.055169675126464313,-4.9941492363814177e-07,0,0,0,0,0,1,0
445,0,33.073925782370402,33.073925782370402,33.073925782370402,32.976073235648705,,32.976073235648705,32.976073235648705,32.92115846871279,0,0,-0.097852546721696854,,0,0,0,0,-0.054914766935915793,-4.1586518051417443e-07,0,0,0,0,0,1,0
446,0,32.92115846871279,32.92115846871279,32.92115846871279,32.824292952556817,,32.824292952556817,32.824292952556817,32.769630710026654,0,0,-0.096865516155972387,,0,0,0,0,-0.054662242530163496,-6.4792588005957441e-07,0,0,0,0,0,1,0
447,0,32.769630710026654,32.769630710026654,32.769630710026654,32.674104451565476,,32.674104451565476,32.674104451565476,32.619692398311287,0,0,-0.095526258461177349,,0,0,0,0,-0.05441205325418963,-5.6435565909396246e-07,0,0,0,0,0,1,0
448,0,32.619692398311287,32.619692398311287,32.619692398311287,32.525694429950505,,32.525694429950505,32.525694429950505,32.471529422049379,0,0,-0.09399796836078167,,0,0,0,0,-0.054165007901126216,-6.6304471602052217e-07,0,0,0,0,0,1,0
449,0,32.471529422049379,32.471529422049379,32.471529422049379,32.378355459031617,,32.378355459031617,32.378355459031617,32.324435990066632,0,0,-0.093173963017761707,,0,0,0,0,-0.053919468964984674,-4.8455266465907698e-07,0,0,0,0,0,1,0
450,0,32.324435990066632,32.324435990066632,32.324435990066632,32.232421532967521,,32.232421532967521,32.232421532967521,32.178744893497985,0,0,-0.092014457099111269,,0,0,0,0,-0.053676639469536269,-6.7571009765288181e-07,0,0,0,0,0,1,0
451,0,32.178744893497985,32.178744893497985,32.178744893497985,32.088012734404963,,32.088012734404963,32.088012734404963,32.034576818106771,0,0,-0.090732159093022346,,0,0,0,0,-0.053435916298191444,-4.3342947719793301e-07,0,0,0,0,0,1,0
452,0,32.034576818106771,32.034576818106771,32.034576818106771,31.944642872309377,,31.944642872309377,31.944642872309377,31.891445765045962,0,0,-0.089933945797394443,,0,0,0,0,-0.053197107263414978,-3.7516662487746544e-07,0,0,0,0,0,1,0
453,0,31.891445765045962,31.891445765045962,31.891445765045962,31.802467136418006,,31.802467136418006,31.802467136418006,31.749506616717657,0,0,-0.088978628627955914,,0,0,0,0,-0.052960519700349096,-5.4982255903723853e-07,0,0,0,0,0,1,0
454,0,31.749506616717657,31.749506616717657,31.749506616717657,31.662079736343106,,31.662079736343106,31.662079736343106,31.609353124480222,0,0,-0.087426880374550819,,0,0,0,0,-0.052726611862883743,-4.2612665041019682e-07,0,0,0,0,0,1,0
455,0,31.609353124480222,31.609353124480222,31.609353124480222,31.523617786671494,,31.523617786671494,31.523617786671494,31.47112164303223,0,0,-0.085735337808728218,,0,0,0,0,-0.052496143639263693,-5.356331271855197e-07,0,0,0,0,0,1,0
456,0,31.47112164303223,31.47112164303223,31.47112164303223,31.388309159609772,,31.388309159609772,31.388309159609772,31.336038354705131,0,0,-0.082812483422458172,,0,0,0,0,-0.052270804904640755,-5.2346773671274605e-07,0,0,0,0,0,1,0
457,0,31.336038354705131,31.336038354705131,31.336038354705131,31.254360710191584,,31.254360710191584,31.254360710191584,31.202312953501465,0,0,-0.081677644513547421,,0,0,0,0,-0.052047756690118518,-5.3674770583711506e-07,0,0,0,0,0,1,0
458,0,31.202312953501465,31.202312953501465,31.202312953501465,31.121611604664,,31.121611604664,31.121611604664,31.069784923126047,0,0,-0.080701348837465048,,0,0,0,0,-0.051826681537953334,-5.2584814724809803e-07,0,0,0,0,0,1,0
459,0,31.069784923126047,31.069784923126047,31.069784923126047,30.989948041406517,,30.989948041406517,30.989948041406517,30.938340669309017,0,0,-0.079836881719529629,,0,0,0,0,-0.051607372097500104,-4.7292996185888114e-07,0,0,0,0,0,1,0
460,0,30.938340669309017,30.938340669309017,30.938340669309017,30.859594903231827,,30.859594903231827,30.859594903231827,30.808204616275063,0,0,-0.078745766077190638,,0,0,0,0,-0.051390286956763731,-4.6208861803620493e-07,0,0,0,0,0,1,0
461,0,30.808204616275063,30.808204616275063,30.808204616275063,30.730277857598296,,30.730277857598296,30.730277857598296,30.679102810865022,0,0,-0.077926758676767349,,0,0,0,0,-0.051175046733273888,-5.7078159443335608e-07,0,0,0,0,0,1,0
462,0,30.679102810865022,30.679102810865022,30.679102810865022,30.602017992010094,,30.602017992010094,30.602017992010094,30.551056655201954,0,0,-0.077084818854928017,,0,0,0,0,-0.050961336808139635,-4.4927368847424987e-07,0,0,0,0,0,1,0
463,0,30.551056655201954,30.551056655201954,30.551056655201954,30.475015373047334,,30.475015373047334,30.475015373047334,30.424265594847583,0,0,-0.076041282154619694,,0,0,0,0,-0.050749778199751461,-3.8541652713774965e-07,0,0,0,0,0,1,0
464,0,30.424265594847583,30.424265594847583,30.424265594847583,30.348846037566744,,30.348846037566744,30.348846037566744,30.298306266402289,0,0,-0.07541955728083849,,0,0,0,0,-0.050539771164455516,-4.8548325537467463e-07,0,0,0,0,0,1,0
465,0,30.298306266402289,30.298306266402289,30.298306266402289,30.223519096707388,,30.223519096707388,30.223519096707388,30.173188035005012,0,0,-0.074787169694900513,,0,0,0,0,-0.050331061702376445,-4.8030135246790451e-07,0,0,0,0,0,1,0
466,0,30.173188035005012,30.173188035005012,30.173188035005012,30.099385097717175,,30.099385097717175,30.099385097717175,30.049260750677902,0,0,-0.073802937287837267,,0,0,0,0,-0.050124347039272266,-4.8333791369259416e-07,0,0,0,0,0,1,0
467,0,30.049260750677902,30.049260750677902,30.049260750677902,29.976171246994753,,29.976171246994753,29.976171246994753,29.926252062956802,0,0,-0.073089503683149815,,0,0,0,0,-0.049919184037950259,-5.0573279608556732e-07,0,0,0,0,0,1,0
468,0,29.926252062956802,29.926252062956802,29.926252062956802,29.853710322233848,,29.853710322233848,29.853710322233848,29.803995241365161,0,0,-0.072541740722954273,,0,0,0,0,-0.049715080868686812,-3.3412833388979379e-07,0,0,0,0,0,1,0
469,0,29.803995241365161,29.803995241365161,29.803995241365161,29.732412317256209,,29.732412317256209,29.732412317256209,29.682899122997146,0,0,-0.071582924108952284,,0,0,0,0,-0.049513194259063198,-4.424979280770458e-07,0,0,0,0,0,1,0
470,0,29.682899122997146,29.682899122997146,29.682899122997146,29.611932356315624,,29.611932356315624,29.611932356315624,29.562619794327105,0,0,-0.070966766681522131,,0,0,0,0,-0.049312561988518411,-4.4293540213402594e-07,0,0,0,0,0,1,0
471,0,29.562619794327105,29.562619794327105,29.562619794327105,29.492672841697271,,29.492672841697271,29.492672841697271,29.443558846234744,0,0,-0.069946952629834414,,0,0,0,0,-0.049113995462526816,-4.7673416148086289e-07,0,0,0,0,0,1,0
472,0,29.443558846234744,29.443558846234744,29.443558846234744,29.374308453972851,,29.374308453972851,29.374308453972851,29.325391522770691,0,0,-0.069250392261892557,,0,0,0,0,-0.048916931202160896,-5.221628782692278e-07,0,0,0,0,0,1,0
473,0,29.325391522770691,29.325391522770691,29.325391522770691,29.256809079250264,,29.256809079250264,29.256809079250264,29.208087890446269,0,0,-0.06858244352042675,,0,0,0,0,-0.048721188803995119,-4.4896601636423838e-07,0,0,0,0,0,1,0
474,0,29.208087890446269,29.208087890446269,29.208087890446269,29.140154677946203,,29.140154677946203,29.140154677946203,29.09162770693554,0,0,-0.067933212500065565,,0,0,0,0,-0.048526971010662834,-4.9325794293508807e-07,0,0,0,0,0,1,0
475,0,29.09162770693554,29.09162770693554,29.09162770693554,29.024350623762146,,29.024350623762146,29.024350623762146,28.976016486339375,0,0,-0.067277083173394203,,0,0,0,0,-0.048334137422770596,-5.0569027010283207e-07,0,0,0,0,0,1,0
476,0,28.976016486339375,28.976016486339375,28.976016486339375,28.909482192058221,,28.909482192058221,28.909482192058221,28.861339403571094,0,0,-0.066534294281154871,,0,0,0,0,-0.048142788487126609,-4.4470263560469903e-07,0,0,0,0,0,1,0
477,0,28.861339403571094,28.861339403571094,28.861339403571094,28.795766455376054,,28.795766455376054,28.795766455376054,28.747813059624331,0,0,-0.065572948195040226,,0,0,0,0,-0.047953395751722638,-4.2035702207954273e-07,0,0,0,0,0,1,0
478,0,28.747813059624331,28.747813059624331,28.747813059624331,28.682741668216931,,28.682741668216931,28.682741668216931,28.634976545813561,0,0,-0.06507139140740037,,0,0,0,0,-0.047765122403369276,-3.6477484144370464e-07,0,0,0,0,0,1,0
479,0,28.634976545813561,28.634976545813561,28.634976545813561,28.570281848310561,,28.570281848310561,28.570281848310561,28.522703940355868,0,0,-0.064694697503000498,,0,0,0,0,-0.047577907954693188,-4.2726443183482843e-07,0,0,0,0,0,1,0
480,0,28.522703940355868,28.522703940355868,28.522703940355868,28.458737912894875,,28.458737912894875,28.458737912894875,28.41134579110512,0,0,-0.063966027460992336,,0,0,0,0,-0.047392121789755493,-3.9283484198904262e-07,0,0,0,0,0,1,0
