step_index,simulation_time_s,emitter_enabled,solver_gpu_ms,diagnostics_gpu_ms,source_gpu_ms,velocity_advection_gpu_ms,buoyancy_gpu_ms,divergence_gpu_ms,pressure_clear_gpu_ms,pressure_solve_gpu_ms,pressure_gradient_gpu_ms,scalar_advection_gpu_ms,pressure_fraction,pressure_iteration_us,pressure_iterations,rms_divergence_before,max_abs_divergence_before,rms_divergence_after,max_abs_divergence_after,divergence_remaining_fraction,kinetic_energy,velocity_rms,velocity_max,nonfinite_divergence_before,nonfinite_divergence_after,nonfinite_velocity,density_min,density_max,density_sum,density_integral,density_centre_x,density_centre_y,density_centre_z,nonfinite_density_cells,enstrophy,max_vorticity
1,0.016666666666666666,1,0.101952,0.173536,0.0014399999999999999,0.0037759999999999998,0.001472,0.0072319999999999997,0.0033279999999999998,0.077311999999999992,0.002496,0.0048960000000000002,0.7583176396735718,1.9327999999999999,40,0.00015104218618198435,0.019330501556396484,1.4795588504243366e-06,1.8443315639160573e-05,0.009795666282542274,7.3236399583676004e-12,3.8271764940665074e-06,0.00049887050408869982,0,0,0,0,0.49916735291481018,0.49916735291481018,1.5233378690027166e-05,0.015625,-0.234375,0.015625,0,1.8726449724226768e-08,0.010167376138269901
2,0.033333333333333333,1,0.15907199999999999,0.16281599999999999,0.0020799999999999998,0.0038079999999999998,0.0014399999999999999,0.0071999999999999998,0.003424,0.11420799999999999,0.0069119999999999997,0.02,0.71796419231542952,2.8551999999999995,40,0.00029582890683597045,0.037797849625349045,3.8187323784740791e-06,4.4547312427312136e-05,0.012908584287172006,6.5511734925749465e-11,1.1446548381564589e-05,0.0014887155266478658,0,0,0,0,0.99750345945358276,0.99750345945358276,3.0441389753832482e-05,0.015625,-0.234375,0.015625,0,1.6881446640581999e-07,0.030564051121473312
3,0.050000000000000003,1,0.131968,0.163744,0.0021119999999999997,0.0040639999999999999,0.0088959999999999994,0.014048,0.0030720000000000001,0.092544000000000001,0.0021440000000000001,0.0050879999999999996,0.70126091173617844,2.3136000000000001,40,0.00043430393418517586,0.055404972285032272,6.5847443511899517e-06,7.2947703301906586e-05,0.015161604196710751,2.6122248808491122e-10,2.2857055282118528e-05,0.0029681595042347908,0,0,0,0,1.4950097799301147,1.4950097799301147,4.5624077756656334e-05,0.015625,-0.234375,0.015625,0,6.76829699841619e-07,0.061265163123607635
4,0.066666666666666666,1,0.10396799999999999,0.16447999999999999,0.0019840000000000001,0.0038079999999999998,0.0014399999999999999,0.0071999999999999998,0.0027199999999999998,0.07907199999999999,0.0028159999999999999,0.0049280000000000001,0.76054170514004305,1.9767999999999997,40,0.00056679994508583369,0.072157286107540131,9.7073624318700843e-06,0.00010347645729780197,0.017126611454417209,7.2392009053956485e-10,3.8050495148935047e-05,0.004933968186378479,0,0,0,0,1.991687536239624,1.991687536239624,6.0781479987781495e-05,0.015625,-0.234375,0.015625,0,1.8851483218895737e-06,0.10234683752059937
5,0.083333333333333329,1,0.112832,0.16367999999999999,0.0020479999999999999,0.0038079999999999998,0.0015039999999999999,0.0071040000000000001,0.0034879999999999998,0.087263999999999994,0.0027199999999999998,0.0048960000000000002,0.77339761769710713,2.1816,40,0.00069169626553161904,0.08806222677230835,1.3111138962154433e-05,0.00013541150838136673,0.018955052405953885,1.6231211930062273e-09,5.6975805268661664e-05,0.0073766713030636311,0,0,0,0,2.4875380992889404,2.4956631399691105,7.6161594847690139e-05,0.015625,-0.23427326049950858,0.015625,0,4.2475653572182637e-06,0.15376205742359161
6,0.10000000000000001,1,0.10092799999999999,0.16838400000000001,0.002016,0.0038399999999999997,0.001472,0.0072319999999999997,0.0033599999999999997,0.075871999999999995,0.0021440000000000001,0.0049919999999999999,0.75174381737476226,1.8968,40,0.00081190257226117874,0.10302205383777618,1.6854308463893641e-05,0.00016919337213039398,0.020759028287044057,3.1884974660556509e-09,7.9856088885640414e-05,0.010317925363779068,0,0,0,0,2.9825630187988281,2.9996849168092012,9.1543118799108925e-05,0.015625,-0.23419662816173598,0.015625,0,8.38064806885086e-06,0.21602892875671387
7,0.11666666666666667,1,0.100384,0.163936,0.0020479999999999999,0.0037759999999999998,0.0015039999999999999,0.0072639999999999996,0.0030079999999999998,0.075423999999999991,0.002464,0.0048960000000000002,0.75135479757730306,1.8855999999999997,40,0.00092696327973141267,0.11693018674850464,2.0830565559224228e-05,0.00020287791267037392,0.02247183466130382,5.7039089007560051e-09,0.0001068073864557691,0.013767845928668976,0,0,0,0,3.4767634868621826,3.5016772206872702,0.00010686270815085663,0.015625,-0.23415266249343758,0.015625,0,1.5051680748001672e-05,0.28944164514541626
8,0.13333333333333333,1,0.100768,0.163936,0.0020479999999999999,0.0042880000000000001,0.0014399999999999999,0.0071040000000000001,0.002944,0.075839999999999991,0.002176,0.0049280000000000001,0.75261987932677032,1.8959999999999997,40,0.001041199458023216,0.13110524415969849,2.4822311200095184e-05,0.00023878272622823715,0.023840111526010527,9.4873273681628234e-09,0.00013774851990611605,0.017710844054818153,0,0,0,0,3.9701409339904785,3.9993798527866602,0.0001220513871089679,0.015625,-0.23414653552650319,0.015625,0,2.5124441890511662e-05,0.37370660901069641
9,0.14999999999999999,1,0.100576,0.16399999999999998,0.0020479999999999999,0.0037759999999999998,0.001472,0.0072639999999999996,0.0032320000000000001,0.075583999999999998,0.0023040000000000001,0.0048960000000000002,0.751511294941139,1.8896000000000002,40,0.0011564981692382945,0.14489012956619263,2.8759444739740004e-05,0.00027398299425840378,0.024867695863869686,1.4931574199295028e-08,0.00017280957264743772,0.022162783890962601,0,0,0,0,4.4626970291137695,4.5056031942367554,0.00013750009748036973,0.015625,-0.23407741106411492,0.015625,0,3.9671838749200106e-05,0.46931928396224976
10,0.16666666666666666,1,0.10083199999999999,0.16352,0.0020479999999999999,0.0038079999999999998,0.001472,0.0072319999999999997,0.0033599999999999997,0.075616000000000003,0.0023679999999999999,0.0049280000000000001,0.74992066010790237,1.8904000000000001,40,0.0012605608528590963,0.15566146373748779,3.2612269606017245e-05,0.000308208167552948,0.025871237816126755,2.2499731855418759e-08,0.00021213077030651992,0.027125108987092972,0,0,0,0,4.954432487487793,5.0051040984690189,0.00015274365534878598,0.015625,-0.23405862539279698,0.015625,0,5.9938400227110833e-05,0.57589888572692871
11,0.18333333333333332,1,0.10063999999999999,0.16399999999999998,0.0021440000000000001,0.004032,0.0015039999999999999,0.0072319999999999997,0.0030079999999999998,0.075583999999999998,0.0022399999999999998,0.0048960000000000002,0.75103338632750405,1.8896000000000002,40,0.0013504230368444278,0.16478729248046875,3.6294030323196931e-05,0.00033967383205890656,0.026876045011795881,3.2674147831812661e-08,0.00025563312708572282,0.03258843719959259,0,0,0,0,5.4453492164611816,5.5127550140023232,0.00016823593182380137,0.015625,-0.23399289864272757,0.015625,0,8.7265500042121857e-05,0.69354712963104248
12,0.20000000000000001,1,0.098687999999999998,0.163744,0.0019199999999999998,0.0038079999999999998,0.001472,0.007136,0.0015679999999999999,0.075679999999999997,0.0022079999999999999,0.0048960000000000002,0.76686121919584949,1.8919999999999999,40,0.0014453812871070043,0.17350506782531738,4.0081760959943087e-05,0.00037252902984619141,0.027730925616290866,4.6157900612797675e-08,0.0003038351546901631,0.038606368005275726,0,0,0,0,5.9354486465454102,6.0091249421238899,0.00018338393988415191,0.015625,-0.23399185199442471,0.015625,0,0.00012356715160422027,0.82334470748901367
13,0.21666666666666667,1,0.10073599999999999,0.16358399999999998,0.001952,0.0038399999999999997,0.0015999999999999999,0.0071679999999999999,0.003392,0.075583999999999998,0.0023040000000000001,0.0048960000000000002,0.75031766200762395,1.8896000000000002,40,0.0015394426781977204,0.18181318044662476,4.3746997443408451e-05,0.00040298700332641602,0.028417425385805592,6.3480271705884661e-08,0.00035631523039545939,0.045107558369636536,0,0,0,0,6.4247317314147949,6.5120453238487244,0.00019873185192409437,0.015625,-0.23395599957419405,0.015625,0,0.0001703442248981446,0.9640229344367981
14,0.23333333333333334,1,0.100864,0.16358399999999998,0.0022079999999999999,0.0039039999999999999,0.0014399999999999999,0.0071999999999999998,0.0031679999999999998,0.075871999999999995,0.0021440000000000001,0.0049280000000000001,0.75222081218274106,1.8968,40,0.0016144147860813831,0.18899816274642944,4.7510167013935909e-05,0.00043237209320068359,0.029428723908838696,8.5375809533161373e-08,0.00041322102931279131,0.052097827196121216,0,0,0,0,6.9131999015808105,7.0226913169026375,0.00021431553091133537,0.015625,-0.23388777842433831,0.015625,0,0.00022960646310821176,1.1154202222824097
15,0.25,1,0.10073599999999999,0.16348799999999999,0.0020479999999999999,0.0038079999999999998,0.001472,0.0073279999999999994,0.003264,0.075583999999999998,0.0023040000000000001,0.0049280000000000001,0.75031766200762395,1.8896000000000002,40,0.001690476970711017,0.19810819625854492,5.1697748564703702e-05,0.00046683847904205322,0.030581752641658026,1.1304948088763922e-07,0.0004754986453979427,0.059661976993083954,0,0,0,0,7.4008545875549316,7.5408643335103989,0.00023012891642792965,0.015625,-0.23379478739205461,0.015625,0,0.0003046080528292805,1.2792280912399292
16,0.26666666666666666,1,0.10083199999999999,0.16352,0.002176,0.0038079999999999998,0.0014399999999999999,0.0071999999999999998,0.0033279999999999998,0.075616000000000003,0.0022719999999999997,0.0049919999999999999,0.74992066010790237,1.8904000000000001,40,0.0018163570470612657,0.20446324348449707,5.596391121541287e-05,0.00050083175301551819,0.030811073905297658,1.4715672591592011e-07,0.00054250663759242634,0.067686200141906738,0,0,0,0,7.8876972198486328,8.0639667510986328,0.00024609273532405496,0.015625,-0.23369190903229331,0.015625,0,0.00039718620246276259,1.4530664682388306
17,0.28333333333333333,1,0.100672,0.16342399999999999,0.0020799999999999998,0.0040000000000000001,0.0015039999999999999,0.0072959999999999995,0.0030079999999999998,0.075583999999999998,0.0022719999999999997,0.0049280000000000001,0.75079465988556893,1.8896000000000002,40,0.0018620631453098156,0.20682632923126221,6.0736467661502788e-05,0.00054016709327697754,0.032617834585516849,1.8928423628494784e-07,0.00061527918262354339,0.076254725456237793,0,0,0,0,8.3737297058105469,8.588917538523674,0.00026211296199107892,0.015625,-0.2335920585242991,0.015625,0,0.0005115437088534236,1.6383664608001709
18,0.29999999999999999,1,0.10092799999999999,0.16403199999999998,0.0020479999999999999,0.0038399999999999997,0.001472,0.0071999999999999998,0.003392,0.075839999999999991,0.002176,0.00496,0.75142675967025996,1.8959999999999997,40,0.0019630261723282464,0.2138822078704834,6.5552946745329728e-05,0.00057971477508544922,0.033393822084185808,2.4025632683333242e-07,0.00069319020020962849,0.085271731019020081,0,0,0,0,8.858952522277832,9.1124241650104523,0.00027808911636384437,0.015625,-0.2335057484493743,0.015625,0,0.00065007648663595319,1.8334085941314697
19,0.31666666666666665,1,0.10073599999999999,0.16409599999999999,0.0019840000000000001,0.0038079999999999998,0.0015039999999999999,0.0072639999999999996,0.003392,0.075488,0.0023999999999999998,0.0048960000000000002,0.74936467598475232,1.8872,40,0.0020174288732211511,0.21434211730957031,7.0855665467220796e-05,0.0006239917129278183,0.0351217663272997,3.0210702561817016e-07,0.00077731206811443515,0.094812154769897461,0,0,0,0,9.3433675765991211,9.633372962474823,0.0002939872119895881,0.015625,-0.23343424245392369,0.015625,0,0.00081834360025823116,2.0395052433013916
20,0.33333333333333331,1,0.100576,0.16336000000000001,0.002016,0.003872,0.0015039999999999999,0.0071999999999999998,0.0031679999999999998,0.075616000000000003,0.0022399999999999998,0.00496,0.75182946229716829,1.8904000000000001,40,0.0021962041782865498,0.22269153594970703,7.6208926398263602e-05,0.00066556409001350403,0.034700292054685382,3.7586659118460375e-07,0.00086702547965397615,0.10478717088699341,0,0,0,0,9.8269758224487305,10.150515675544739,0.00030976915513747372,0.015625,-0.23337893036842361,0.015625,0,0.0010193769121542573,2.2551290988922119
21,0.34999999999999998,1,0.100672,0.16383999999999999,0.0020479999999999999,0.0038079999999999998,0.0014399999999999999,0.0072319999999999997,0.0033599999999999997,0.075583999999999998,0.0023040000000000001,0.0048960000000000002,0.75079465988556893,1.8896000000000002,40,0.0023172049748104492,0.22126007080078125,8.2108905690489017e-05,0.00071335583925247192,0.035434459438447238,4.6290494992717868e-07,0.00096219015784529687,0.1151144802570343,0,0,0,0,10.309778213500977,10.698859959840775,0.0003265032946728752,0.015625,-0.23323854203917446,0.015625,0,0.0012570283142849803,2.47802734375
22,0.36666666666666664,1,0.098783999999999997,0.16361599999999998,0.0020479999999999999,0.0037759999999999998,0.0014399999999999999,0.007136,0.001536,0.075616000000000003,0.0022719999999999997,0.00496,0.76546809199870425,1.8904000000000001,40,0.0025092424494068863,0.24321484565734863,8.830405492589444e-05,0.00075916945934295654,0.035191519634448644,5.6529694347773329e-07,0.0010632938855064797,0.12576404213905334,0,0,0,0,10.791776657104492,11.285318493843079,0.00034440058880136348,0.015625,-0.23300834097247719,0.015625,0,0.001536831259727478,2.7071962356567383
23,0.3833333333333333,1,0.10060799999999999,0.163744,0.0020479999999999999,0.0038399999999999997,0.001472,0.0071999999999999998,0.0033599999999999997,0.075583999999999998,0.0022399999999999998,0.0048639999999999994,0.75127226463104335,1.8896000000000002,40,0.0026629549048907061,0.28610146045684814,9.5077489267315665e-05,0.00080769509077072144,0.035703754912521833,6.8631055682999431e-07,0.0011715891402961998,0.13683512806892395,0,0,0,0,11.272972106933594,11.87127697467804,0.00036228262251825072,0.015625,-0.23280001972139178,0.015625,0,0.0018678959459066391,2.9447264671325684
24,0.40000000000000002,1,0.1008,0.16367999999999999,0.0020799999999999998,0.0038079999999999998,0.001472,0.0071999999999999998,0.003392,0.075551999999999994,0.0023679999999999999,0.0049280000000000001,0.74952380952380948,1.8887999999999998,40,0.0030047924454438602,0.35552352666854858,0.00010290634897384236,0.00086659565567970276,0.034247406715188708,8.2863846273539821e-07,0.0012873526810749246,0.14820317924022675,0,0,0,0,11.753366470336914,12.493222892284393,0.00038126290564832743,0.015625,-0.23252435558380716,0.015625,0,0.0022568185813724995,3.186500072479248
25,0.41666666666666669,1,0.10073599999999999,0.16339199999999998,0.0020479999999999999,0.0039680000000000002,0.0015039999999999999,0.0071679999999999999,0.0032320000000000001,0.075455999999999995,0.0024319999999999997,0.0049280000000000001,0.74904701397712836,1.8863999999999996,40,0.0033313869651707103,0.41602414846420288,0.00011105681786606067,0.00092424079775810242,0.033336510896856977,9.9560929811559618e-07,0.0014111054518465983,0.15991297364234924,0,0,0,0,12.23296070098877,13.153786540031433,0.0004014217083749827,0.015625,-0.23218735559946874,0.015625,0,0.0027136895805597305,3.4343781471252441
26,0.43333333333333335,1,0.098720000000000002,0.163712,0.0020479999999999999,0.003712,0.001472,0.007136,0.0015999999999999999,0.075583999999999998,0.0022719999999999997,0.0048960000000000002,0.76564019448946508,1.8896000000000002,40,0.0038808858534631853,0.49220895767211914,0.00012208222993683639,0.001026347279548645,0.031457310146829981,1.1945596725126961e-06,0.0015456776329575946,0.17216351628303528,0,0,0,0,12.711756706237793,13.897193193435669,0.00042410867899889126,0.015625,-0.23170936171539791,0.015625,0,0.003258127486333251,3.6908655166625977
27,0.45000000000000001,1,0.098783999999999997,0.16352,0.0019840000000000001,0.0038399999999999997,0.001408,0.0072639999999999996,0.0015039999999999999,0.075583999999999998,0.0023040000000000001,0.0048960000000000002,0.76514415289925497,1.8896000000000002,40,0.0044973547694211816,0.59890985488891602,0.0001344385306443244,0.0011455193161964417,0.029892800887848771,1.4315276075649308e-06,0.0016920565047095389,0.18484362959861755,0,0,0,0,13.189755439758301,14.685875773429871,0.00044817736124969088,0.015625,-0.23119141318852601,0.015625,0,0.0039057363756000996,3.9534759521484375
28,0.46666666666666667,1,0.100704,0.16316799999999998,0.0021119999999999997,0.0044159999999999998,0.0015039999999999999,0.0072319999999999997,0.0025919999999999997,0.075616000000000003,0.0022719999999999997,0.00496,0.75087384810931046,1.8904000000000001,40,0.0052987386017472804,0.71579372882843018,0.00014846393551506271,0.0012784004211425781,0.028018731753649089,1.714186282697483e-06,0.0018515864995713718,0.19973576068878174,0,0,0,0,13.666957855224609,15.559260249137878,0.00047483094022027217,0.015625,-0.23057440480055494,0.015625,0,0.0046775313094258308,4.220250129699707
29,0.48333333333333334,1,0.098720000000000002,0.16380799999999998,0.0020799999999999998,0.0036799999999999997,0.0014399999999999999,0.0071040000000000001,0.0016639999999999999,0.075583999999999998,0.0022719999999999997,0.0048960000000000002,0.76564019448946508,1.8896000000000002,40,0.0060439472272639985,0.8164067268371582,0.00016282454038876756,0.001421317458152771,0.026940099618056348,2.043525455519557e-06,0.0020216455948160435,0.22121527791023254,0,0,0,0,14.143365859985352,16.599345207214355,0.00050657181418500841,0.015625,-0.22975136252256806,0.015625,0,0.0055760592222213745,4.6985964775085449
30,0.5,1,0.100032,0.16364799999999999,0.002016,0.0037439999999999999,0.0014399999999999999,0.0072639999999999996,0.0028159999999999999,0.075583999999999998,0.0022399999999999998,0.0049280000000000001,0.75559820857325655,1.8896000000000002,40,0.0069062634044748808,0.86025810241699219,0.00017722775357543474,0.0015679895877838135,0.025661887361637676,2.4024218419071985e-06,0.0021919953658286772,0.2425561398267746,0,0,0,0,14.618980407714844,18.010307550430298,0.00054963096772553399,0.015625,-0.22849064889088605,0.015625,0,0.0065572364255785942,5.1813139915466309
31,0.51666666666666661,1,0.098751999999999993,0.163712,0.0019199999999999998,0.0037759999999999998,0.001472,0.007136,0.001632,0.075647999999999993,0.0022719999999999997,0.0048960000000000002,0.76604018146467923,1.8912,40,0.0076893567290451798,0.90989232063293457,0.00018918529274927916,0.0016813278198242188,0.024603526590808996,2.7906121431442443e-06,0.0023624614888476995,0.26350894570350647,0,0,0,0,15.093802452087402,19.920861729722674,0.00060793645415413433,0.015625,-0.22680270928193733,0.015625,0,0.0076181190088391304,5.6590785980224609
32,0.53333333333333333,1,0.1008,0.16358399999999998,0.0021119999999999997,0.0044159999999999998,0.001472,0.0071999999999999998,0.0027199999999999998,0.075775999999999996,0.002176,0.0049280000000000001,0.75174603174603172,1.8943999999999999,40,0.0085276433262831582,0.91663837432861328,0.00020078930260599689,0.0018034130334854126,0.023545696615516462,3.1997706173569895e-06,0.002529731455058813,0.28357827663421631,0,0,0,0,15.56783390045166,22.586117980070412,0.000689273619997266,0.015625,-0.22454811830808144,0.015625,0,0.0087331533432006836,6.1222467422485352
33,0.55000000000000004,1,0.10092799999999999,0.164352,0.002176,0.003872,0.001472,0.0072319999999999997,0.0032320000000000001,0.075839999999999991,0.002176,0.0049280000000000001,0.75142675967025996,1.8959999999999997,40,0.0094041030817772001,0.95335698127746582,0.00021858088684796961,0.0020081698894500732,0.023243140249230649,3.6454446217248915e-06,0.0027001646696914214,0.30312371253967285,0,0,0,0,16.04107666015625,26.301866054534912,0.00080266925215255469,0.015625,-0.22179502158144659,0.015625,0,0.0099433604627847672,6.580162525177002
34,0.56666666666666665,1,0.10095999999999999,0.16387199999999999,0.002016,0.0037759999999999998,0.001472,0.0072319999999999997,0.0034559999999999999,0.075839999999999991,0.0022079999999999999,0.00496,0.75118858954041201,1.8959999999999997,40,0.010111038063867973,1.0533956289291382,0.00023725791883453555,0.0022076070308685303,0.023465238419226427,4.1222870095225517e-06,0.002871336625866968,0.32174962759017944,0,0,0,0,16.513530731201172,31.525307089090347,0.00096207602200593101,0.015625,-0.21863543640079358,0.015625,0,0.011225340887904167,7.021733283996582
35,0.58333333333333337,1,0.098720000000000002,0.16422399999999998,0.0020479999999999999,0.0037439999999999999,0.001472,0.007136,0.0015679999999999999,0.075583999999999998,0.0023040000000000001,0.0048639999999999994,0.76564019448946508,1.8896000000000002,40,0.011069003270749202,1.1994116306304932,0.00026077396526514874,0.0024509429931640625,0.023558938315093508,4.6457839744107332e-06,0.0030482073336342242,0.33954721689224243,0,0,0,0,16.985198974609375,36.691443115472794,0.0011197339817954344,0.015625,-0.21600232383393417,0.015625,0,0.012611951678991318,7.4495987892150879
36,0.59999999999999998,1,0.100768,0.16467199999999999,0.002016,0.0038079999999999998,0.001472,0.0072319999999999997,0.0034559999999999999,0.075679999999999997,0.002176,0.0049280000000000001,0.75103207367418223,1.8919999999999999,40,0.012184649452765112,1.3698029518127441,0.00030206635448493932,0.0029305815696716309,0.024790729980039776,5.2800687626586296e-06,0.0032496365220309269,0.35813111066818237,0,0,0,0,17.456081390380859,39.479938658419997,0.0012048321123785399,0.015625,-0.21429399367475041,0.015625,0,0.014254206791520119,7.8924350738525391
37,0.6166666666666667,1,0.100864,0.16352,0.0019199999999999998,0.0038399999999999997,0.001632,0.007136,0.003424,0.075679999999999997,0.0023040000000000001,0.0049280000000000001,0.75031725888324874,1.8919999999999999,40,0.013454199308363031,1.4945888519287109,0.00036603041044982603,0.0036162734031677246,0.027205662861133937,6.1224864111864008e-06,0.0034992817580716193,0.37946310639381409,0,0,0,0,17.926179885864258,42.275753097143024,0.001290153597935273,0.015625,-0.2126634216913886,0.015625,0,0.016381628811359406,8.3854255676269531
38,0.6333333333333333,1,0.100672,0.16387199999999999,0.0021119999999999997,0.0039039999999999999,0.001472,0.0071999999999999998,0.003264,0.075583999999999998,0.0022719999999999997,0.0048639999999999994,0.75079465988556893,1.8896000000000002,40,0.013231489040425816,1.1751729249954224,0.00042725422611437035,0.0041420161724090576,0.032290713827369838,7.0972782850731164e-06,0.0037675663989034398,0.39925169944763184,0,0,0,0,18.39549446105957,45.498552374541759,0.0013885056266644824,0.015625,-0.21048937260007516,0.015625,0,0.018816560506820679,8.8537864685058594
39,0.65000000000000002,1,0.10073599999999999,0.16336000000000001,0.002176,0.0039680000000000002,0.0015039999999999999,0.0071040000000000001,0.0031679999999999998,0.075583999999999998,0.0023040000000000001,0.0049280000000000001,0.75031766200762395,1.8896000000000002,40,0.012971162180308511,1.2763195037841797,0.00047580431301582471,0.0044059455394744873,0.036681702564643134,8.1999669419019483e-06,0.004049683183139626,0.41676050424575806,0,0,0,0,18.86402702331543,49.587585151195526,0.0015132930038816994,0.015625,-0.20754956316860076,0.015625,0,0.021539408713579178,9.2788162231445312
40,0.66666666666666663,1,0.1008,0.163712,0.0020479999999999999,0.0038399999999999997,0.001472,0.0071999999999999998,0.0033599999999999997,0.075616000000000003,0.0022719999999999997,0.0049919999999999999,0.75015873015873014,1.8904000000000001,40,0.013016543078929736,1.3326671123504639,0.00050932450416483685,0.00448569655418396,0.03912901459906782,9.4237402663566172e-06,0.0043413685092045838,0.43245089054107666,0,0,0,0,19.331779479980469,55.945695161819458,0.0017073271228582598,0.015625,-0.20372130928731466,0.015625,0,0.024530526250600815,9.6598443984985352
41,0.68333333333333335,1,0.098751999999999993,0.164576,0.0019199999999999998,0.0038079999999999998,0.0014399999999999999,0.0071679999999999999,0.001472,0.075839999999999991,0.002176,0.0049280000000000001,0.76798444588464032,1.8959999999999997,40,0.013834324008110877,1.3745126724243164,0.00052264650812452248,0.0043289661407470703,0.037778969743523565,1.0749949069577269e-05,0.0046367982637973955,0.44647759199142456,0,0,0,0,19.79875373840332,62.625301288499031,0.0019111725246734323,0.015625,-0.20040053052889478,0.015625,0,0.027728933840990067,9.9850902557373047
42,0.69999999999999996,1,0.10083199999999999,0.16364799999999999,0.0021119999999999997,0.0039680000000000002,0.001472,0.0072959999999999995,0.0030399999999999997,0.075488,0.0023999999999999998,0.0050559999999999997,0.74865122183433841,1.8872,40,0.015926336870917455,1.3374755382537842,0.00055099312534546334,0.0045909881591796875,0.034596350046545432,1.2267786587472074e-05,0.0049533395981846582,0.4588489830493927,0,0,0,0,20.264949798583984,66.988809351809323,0.0020443362228945716,0.015625,-0.19830293048764405,0.015625,0,0.031315714120864868,10.251200675964355
43,0.71666666666666667,1,0.10063999999999999,0.16348799999999999,0.0021119999999999997,0.0041919999999999995,0.001536,0.0072639999999999996,0.0027519999999999997,0.075551999999999994,0.0023040000000000001,0.0049280000000000001,0.75071542130365654,1.8887999999999998,40,0.019273560026078565,1.9390275478363037,0.00060288438488945845,0.0051665306091308594,0.031280385360759035,1.4132061551208608e-05,0.005316401330074434,0.48006629943847656,0,0,0,0,20.730369567871094,71.581366419792175,0.0021844899420102593,0.015625,-0.19617339777662898,0.015625,0,0.035657063126564026,10.485589981079102
44,0.73333333333333328,1,0.10054399999999999,0.163552,0.0021440000000000001,0.0038399999999999997,0.0015039999999999999,0.0072959999999999995,0.0030079999999999998,0.075647999999999993,0.002176,0.0049280000000000001,0.7523870146403564,1.8912,40,0.020518919372340672,2.0503787994384766,0.0006511680838578467,0.0056204795837402344,0.031735008654286918,1.6227118976530619e-05,0.0056968621146260192,0.51551824808120728,0,0,0,0,21.195014953613281,77.000941500067711,0.0023498822479268711,0.015625,-0.19342179755763766,0.015625,0,0.040521785616874695,10.67714786529541
45,0.75,1,0.10073599999999999,0.16441599999999998,0.0020799999999999998,0.0039359999999999994,0.001472,0.0072639999999999996,0.0031359999999999999,0.075647999999999993,0.0022719999999999997,0.0049280000000000001,0.75095298602287164,1.8912,40,0.021497421746476141,1.9986157417297363,0.00071257757421467303,0.0061938762664794922,0.03314711794829437,1.8603952412377112e-05,0.0060998282619065779,0.54664695262908936,0,0,0,0,21.658885955810547,84.086232453584671,0.0025661081681391806,0.015625,-0.18975693665526266,0.015625,0,0.045972526073455811,10.840639114379883
46,0.76666666666666661,1,0.10092799999999999,0.16339199999999998,0.0019199999999999998,0.003712,0.001792,0.0071999999999999998,0.003424,0.075616000000000003,0.0023040000000000001,0.00496,0.74920735573874453,1.8904000000000001,40,0.022341545653145896,1.801724910736084,0.00078545776940364066,0.0068621635437011719,0.035156823149030465,2.1324496628949419e-05,0.0065306196687526397,0.57316511869430542,0,0,0,0,22.121984481811523,93.136217296123505,0.0028422917876014253,0.015625,-0.18524738428761592,0.015625,0,0.052140980958938599,11.554714202880859
47,0.78333333333333333,1,0.10073599999999999,0.163776,0.0021440000000000001,0.0039039999999999999,0.001472,0.0071999999999999998,0.0032320000000000001,0.075583999999999998,0.0022399999999999998,0.00496,0.75031766200762395,1.8896000000000002,40,0.023435041179425978,1.7481181621551514,0.00087234403060277243,0.0077385902404785156,0.03722391712153756,2.4476357793901116e-05,0.0069966217267908824,0.59569430351257324,0,0,0,0,22.584312438964844,97.40972944535315,0.0029727090284836777,0.015625,-0.18296100906759422,0.015625,0,0.059139318764209747,12.179448127746582
48,0.80000000000000004,1,0.100896,0.16342399999999999,0.0021119999999999997,0.0042560000000000002,0.0014399999999999999,0.0071999999999999998,0.002944,0.075616000000000003,0.002336,0.0049919999999999999,0.74944497304154778,1.8904000000000001,40,0.025720652253822425,1.7903060913085938,0.00097274640027113397,0.0087199211120605469,0.037819662995776909,2.8262544219614938e-05,0.0075183168621194649,0.61655211448669434,0,0,0,0,23.045869827270508,102.33757437765598,0.0031230949211931147,0.015625,-0.18057290749270802,0.015625,0,0.067437857389450073,12.751001358032227
49,0.81666666666666665,1,0.10063999999999999,0.163744,0.002016,0.0039039999999999999,0.0015039999999999999,0.0071679999999999999,0.0031999999999999997,0.075616000000000003,0.0022719999999999997,0.00496,0.75135135135135145,1.8904000000000001,40,0.027315634083781813,1.8647780418395996,0.0010504713937251073,0.0093004703521728516,0.038456782313862028,3.2591979106655344e-05,0.0080736582918346685,0.63530957698822021,0,0,0,0,23.506658554077148,109.46082317829132,0.0033404792229703162,0.015625,-0.17741449787400826,0.015625,0,0.07686692476272583,13.259445190429688
50,0.83333333333333337,1,0.10012799999999999,0.16361599999999998,0.0022719999999999997,0.0038079999999999998,0.0015039999999999999,0.0072639999999999996,0.0024319999999999997,0.075551999999999994,0.002336,0.00496,0.75455417066155317,1.8887999999999998,40,0.028645894518338953,2.0257782936096191,0.0011279381143654585,0.0098760128021240234,0.039375210072192315,3.7370347854448482e-05,0.0086452701351026028,0.65144896507263184,0,0,0,0,23.966680526733398,118.36218905448914,0.0036121273515163921,0.015625,-0.17335316520809976,0.015625,0,0.087157741189002991,13.682073593139648
51,0.84999999999999998,1,0.100704,0.163744,0.0021119999999999997,0.0038399999999999997,0.001472,0.0072639999999999996,0.0031999999999999997,0.075583999999999998,0.0022719999999999997,0.00496,0.75055608516047023,1.8896000000000002,40,0.029951075114369695,2.0337152481079102,0.0012045483299760603,0.0103912353515625,0.040217198393594604,4.2720886995084584e-05,0.0092434719662131924,0.67756426334381104,0,0,0,0,24.425935745239258,129.20734061406256,0.0039430951115131396,0.015625,-0.16856590179201431,0.015625,0,0.098495319485664368,14.013668060302734
52,0.8666666666666667,1,0.10016,0.16428799999999999,0.0021119999999999997,0.0039680000000000002,0.0015039999999999999,0.0072959999999999995,0.0023040000000000001,0.075839999999999991,0.002176,0.00496,0.75718849840255587,1.8959999999999997,40,0.031547597126303006,2.1047613620758057,0.0013048904762497477,0.011590242385864258,0.04136259478100749,4.8768873966764659e-05,0.009876120085009564,0.71240371465682983,0,0,0,0,24.884426116943359,135.28559135645628,0.0041285886034074792,0.015625,-0.16594274618760724,0.015625,0,0.11117184162139893,14.250373840332031
53,0.8833333333333333,1,0.10073599999999999,0.16390399999999999,0.0020479999999999999,0.0042880000000000001,0.0014399999999999999,0.0072319999999999997,0.002944,0.075583999999999998,0.0022399999999999998,0.00496,0.75031766200762395,1.8896000000000002,40,0.034717655171275022,2.1895713806152344,0.0014550573177298065,0.013248205184936523,0.041911163370667491,5.599432552116923e-05,0.010582469042824479,0.74388331174850464,0,0,0,0,25.342153549194336,140.98730759322643,0.0043025911741096934,0.015624969587268481,-0.16325628084364174,0.015625,0,0.12609228491783142,14.649697303771973
54,0.90000000000000002,1,0.1008,0.163968,0.0020479999999999999,0.0038399999999999997,0.0015039999999999999,0.0072319999999999997,0.0031679999999999998,0.075808,0.0021440000000000001,0.0050559999999999997,0.7520634920634921,1.8952000000000002,40,0.036726252253584661,2.1603837013244629,0.0015857817433960612,0.014392852783203125,0.043178425406618537,6.4149615354835987e-05,0.0113269250332856,0.77103716135025024,0,0,0,0,25.799118041992188,150.14629244804382,0.0045821012099622749,0.015624995236274399,-0.15923528867401054,0.015625,0,0.14291290938854218,15.399367332458496
55,0.91666666666666663,1,0.098783999999999997,0.16403199999999998,0.0019840000000000001,0.0037439999999999999,0.001472,0.007136,0.0015679999999999999,0.075488,0.0024319999999999997,0.00496,0.76417233560090703,1.8872,40,0.038687694509688217,2.1723828315734863,0.0016986311664881867,0.015175342559814453,0.043906239128899592,7.3028088081628084e-05,0.01208537033620634,0.79444801807403564,0,0,0,0,26.255321502685547,162.6708545088768,0.0049643205111351563,0.015624995614499633,-0.15408908434112523,0.015625,0,0.16117702424526215,16.042716979980469
56,0.93333333333333335,1,0.098783999999999997,0.16342399999999999,0.0019199999999999998,0.0038079999999999998,0.0014399999999999999,0.0071679999999999999,0.0015999999999999999,0.075647999999999993,0.0022399999999999998,0.00496,0.76579203109815353,1.8912,40,0.0405625799116573,2.3605847358703613,0.0018218385953432446,0.01640772819519043,0.044914268256878442,8.2924583693966269e-05,0.012878243955910003,0.81408500671386719,0,0,0,0,26.710765838623047,172.8858604170382,0.0052760577519848084,0.01562497105741701,-0.15019403927047281,0.015624974659920826,0,0.18128755688667297,16.560794830322266
57,0.94999999999999996,1,0.100704,0.16323199999999999,0.0020479999999999999,0.0042880000000000001,0.001472,0.0071999999999999998,0.002944,0.075583999999999998,0.0023040000000000001,0.0048639999999999994,0.75055608516047023,1.8896000000000002,40,0.043813980739034683,2.6177692413330078,0.001988259774002619,0.018396377563476562,0.045379573836148643,9.4079165137372911e-05,0.013717081696729295,0.83796602487564087,0,0,0,0,27.165451049804688,181.18385010538441,0.0055292923005793582,0.015609466742879221,-0.14689500271482975,0.015609469454378804,0,0.20364350080490112,16.929744720458984
58,0.96666666666666667,1,0.10092799999999999,0.16367999999999999,0.001952,0.0038079999999999998,0.0022719999999999997,0.0071679999999999999,0.002784,0.075616000000000003,0.0023040000000000001,0.0050239999999999998,0.74920735573874453,1.8904000000000001,40,0.048399594495550945,2.6257071495056152,0.0021631313919550752,0.020238399505615234,0.044693171802377758,0.00010681597632355988,0.014616153825378267,0.87621772289276123,0,0,0,0,27.619379043579102,189.82563892006874,0.0057930187658712384,0.015609678123425197,-0.14306784019055521,0.015609572237813962,0,0.22903288900852203,17.164117813110352
59,0.98333333333333328,1,0.100704,0.16339199999999998,0.0020799999999999998,0.0041599999999999996,0.0015039999999999999,0.0071999999999999998,0.0028479999999999998,0.075839999999999991,0.002176,0.0048960000000000002,0.7530981887511915,1.8959999999999997,40,0.050576634545796258,2.2023019790649414,0.0023422933352367655,0.02182769775390625,0.046311767405477718,0.00012097776198061183,0.01555491960638896,0.90934586524963379,0,0,0,0,28.072551727294922,202.4226393699646,0.0061774487112415954,0.01562204379561629,-0.13786634660938607,0.015622067996252927,0,0.25720518827438354,17.927116394042969
60,1,1,0.098751999999999993,0.16348799999999999,0.0019840000000000001,0.0037439999999999999,0.0014399999999999999,0.0071679999999999999,0.0015999999999999999,0.075455999999999995,0.0023999999999999998,0.00496,0.76409591704471813,1.8863999999999996,40,0.053400390354883545,2.6598653793334961,0.0025316182431564587,0.023802757263183594,0.047408234777537327,0.00013632993795908988,0.016512415811085299,0.93800091743469238,0,0,0,0,28.524969100952148,214.96671118459199,0.0065602634028500972,0.015623874029602278,-0.13334199405080666,0.015623937065026841,0,0.28772556781768799,18.655637741088867
61,1.0166666666666666,1,0.1008,0.163328,0.002016,0.0038399999999999997,0.001472,0.0072639999999999996,0.0033599999999999997,0.075647999999999993,0.0022719999999999997,0.0049280000000000001,0.75047619047619041,1.8912,40,0.057315838475789409,3.0304718017578125,0.0027337868165113631,0.026383399963378906,0.047696882558319942,0.00015335250645875931,0.017512995543810278,0.9633258581161499,0,0,0,0,28.976633071899414,224.94710059743375,0.0068648407164744185,0.015626116726880367,-0.12965242885415307,0.015626209557069694,0,0.32128798961639404,19.209024429321289
62,1.0333333333333332,1,0.100768,0.16361599999999998,0.0021119999999999997,0.0039680000000000002,0.001472,0.0072639999999999996,0.003104,0.075647999999999993,0.0022079999999999999,0.0049919999999999999,0.75071451254366461,1.8912,40,0.062340872818899197,3.1176619529724121,0.002968246926524809,0.028956890106201172,0.047613175631139995,0.00017230809316970408,0.018563840829402954,0.98474287986755371,0,0,0,0,29.427545547485352,235.35395914688706,0.0071824328352931843,0.015628473183672175,-0.12537960318341496,0.015628584430033336,0,0.35847383737564087,19.548480987548828
63,1.05,1,0.100704,0.16367999999999999,0.0020799999999999998,0.0038079999999999998,0.001472,0.0071679999999999999,0.003392,0.075583999999999998,0.0022719999999999997,0.0049280000000000001,0.75055608516047023,1.8896000000000002,40,0.068374005523158421,2.6671590805053711,0.0031796557197832269,0.030624866485595703,0.046503867887427934,0.00019310583593323827,0.019652268873249126,1.0242135524749756,0,0,0,0,29.877706527709961,250.14546561975294,0.0076338337896653119,0.015626824035662706,-0.11957095698651307,0.015626864137112659,0,0.39900851249694824,19.964485168457031
64,1.0666666666666667,1,0.098912,0.16336000000000001,0.001952,0.0038399999999999997,0.0014399999999999999,0.0071999999999999998,0.001472,0.075488,0.0024319999999999997,0.0050879999999999996,0.76318343578130055,1.8872,40,0.072375240187172285,3.3597548007965088,0.0034292571633958041,0.033777952194213867,0.047381634306529072,0.00021553650731220841,0.020762297912909757,1.0623239278793335,0,0,0,0,30.327117919921875,263.53297885169741,0.0080423882706206484,0.015627328663487219,-0.11495814630221847,0.01562735638649675,0,0.44281059503555298,21.512731552124023
65,1.0833333333333333,1,0.10063999999999999,0.16390399999999999,0.0020479999999999999,0.0039680000000000002,0.001472,0.0072319999999999997,0.0031679999999999998,0.075583999999999998,0.0022399999999999998,0.0049280000000000001,0.75103338632750405,1.8896000000000002,40,0.077412903460292504,3.5744881629943848,0.0037101114180626209,0.037219762802124023,0.04792626619366696,0.00023972563212737441,0.021896375596311569,1.0962855815887451,0,0,0,0,30.775781631469727,276.21786815440282,0.0084295003709229377,0.015627327599096696,-0.11045887537384104,0.01562753394007221,0,0.48972666263580322,22.553178787231445
66,1.1000000000000001,1,0.104992,0.163104,0.0022399999999999998,0.003872,0.0059199999999999999,0.0071999999999999998,0.002784,0.075616000000000003,0.0023679999999999999,0.0049919999999999999,0.72020725388601037,1.8904000000000001,40,0.083005344129774714,3.4631023406982422,0.0040106299144339001,0.039953708648681641,0.048317731303703537,0.00026653613895177841,0.023088358059930481,1.1240785121917725,0,0,0,0,31.223697662353516,289.60338340571616,0.0088379938783482714,0.015627383844089446,-0.10518173900133014,0.015627721304626033,0,0.54149484634399414,22.828630447387695
67,1.1166666666666667,1,0.10073599999999999,0.16348799999999999,0.002016,0.0039039999999999999,0.001472,0.0071999999999999998,0.0033279999999999998,0.075616000000000003,0.0022719999999999997,0.0049280000000000001,0.75063532401524791,1.8904000000000001,40,0.091954886614860426,3.8781890869140625,0.00429450589198291,0.04277503490447998,0.046702312950151509,0.00029588217148557305,0.024326206917050307,1.1518435478210449,0,0,0,0,31.670867919921875,307.56894268433098,0.0093862592371927178,0.015626314659833843,-0.098969782002468545,0.015626456115822751,0,0.59762108325958252,25.194635391235352
68,1.1333333333333333,1,0.09894399999999999,0.163744,0.001952,0.0038399999999999997,0.001408,0.0071999999999999998,0.0015999999999999999,0.075647999999999993,0.0022399999999999998,0.0050559999999999997,0.76455368693402326,1.8912,40,0.098669866645652707,4.4089126586914062,0.0046119003669422495,0.047040939331054688,0.04674071754353025,0.00032631959766149521,0.025546804013868163,1.1989216804504395,0,0,0,0,32.117294311523438,321.41522484394955,0.0098088142347396712,0.015637596579349971,-0.094334729158467523,0.015637715548349751,0,0.65651869773864746,26.895353317260742
69,1.1499999999999999,1,0.098879999999999996,0.16361599999999998,0.002016,0.0038079999999999998,0.0014399999999999999,0.007136,0.0015679999999999999,0.075616000000000003,0.0022719999999999997,0.0050239999999999998,0.76472491909385121,1.8904000000000001,40,0.10342461255771847,4.1123533248901367,0.0049869536769916257,0.050878047943115234,0.048218248574134537,0.00035987008595839143,0.02682797368264668,1.2386914491653442,0,0,0,0,32.562976837158203,335.74103146999551,0.010246003157653671,0.015640272098413493,-0.089108462867704991,0.015639524142367522,0,0.72060185670852661,27.4791259765625
70,1.1666666666666667,1,0.100864,0.16339199999999998,0.002016,0.0039359999999999994,0.001472,0.0071679999999999999,0.0033599999999999997,0.075616000000000003,0.0023040000000000001,0.0049919999999999999,0.74968274111675137,1.8904000000000001,40,0.11174365346283409,4.4995546340942383,0.0053553344962782804,0.053784608840942383,0.047925178122616721,0.00039625042700208724,0.028151391688585742,1.2664220333099365,0,0,0,0,33.007915496826172,355.87371419090778,0.010860403875454949,0.015634681047762229,-0.082092086356673727,0.015633810637801279,0,0.79001760482788086,28.920236587524414
71,1.1833333333333333,1,0.100672,0.16367999999999999,0.002016,0.003872,0.0015039999999999999,0.0072639999999999996,0.0032320000000000001,0.075583999999999998,0.0022399999999999998,0.00496,0.75079465988556893,1.8896000000000002,40,0.1223845747240335,5.3882074356079102,0.0056846528545344572,0.059066057205200195,0.046449095953087646,0.00043377216206863523,0.029454105386809332,1.3009445667266846,0,0,0,0,33.452114105224609,371.83819145458983,0.011347601057574153,0.015636891622691339,-0.076856704125061237,0.015635783490214203,0,0.861472487449646,31.148153305053711
72,1.2,1,0.10447999999999999,0.163552,0.002016,0.003872,0.0057919999999999994,0.0072319999999999997,0.0027199999999999998,0.075616000000000003,0.0023040000000000001,0.0049280000000000001,0.72373660030627884,1.8904000000000001,40,0.12684862530979879,5.0325608253479004,0.0061354510960234584,0.064000606536865234,0.048368290007392831,0.00047341774916276336,0.03077069219769888,1.3511447906494141,0,0,0,0,33.895572662353516,387.45890160696581,0.011824307300017267,0.015628386523042152,-0.071358341537744133,0.015627358991803179,0,0.93620622158050537,31.812116622924805
73,1.2166666666666666,1,0.100864,0.16364799999999999,0.002016,0.003872,0.0015039999999999999,0.0072319999999999997,0.0032959999999999999,0.075839999999999991,0.002176,0.0049280000000000001,0.75190355329949232,1.8959999999999997,40,0.13503498993752755,5.3566722869873047,0.0065401847097450814,0.066755950450897217,0.04843325950385767,0.00051678810268640518,0.032149280013288171,1.3835320472717285,0,0,0,0,34.338294982910156,409.55780789814889,0.012498712399235501,0.015613974880180462,-0.06379774846921217,0.01561319137210539,0,1.0176752805709839,32.704757690429688
74,1.2333333333333334,1,0.10083199999999999,0.163776,0.002016,0.0039039999999999999,0.0014399999999999999,0.0072639999999999996,0.0033279999999999998,0.075712000000000002,0.002176,0.0049919999999999999,0.75087273881307526,1.8928,40,0.14817807465966404,6.7868480682373047,0.0068827298465343823,0.072745800018310547,0.046449043573704558,0.00056082929950207472,0.033491171956265574,1.409031867980957,0,0,0,0,34.780277252197266,430.31146446587809,0.013132063734920596,0.015609779719570302,-0.057505824640399474,0.015608831134739131,0,1.0998167991638184,35.114227294921875
75,1.25,1,0.100896,0.163744,0.0020479999999999999,0.0039039999999999999,0.0014399999999999999,0.0072639999999999996,0.0033279999999999998,0.075647999999999993,0.0022399999999999998,0.0050239999999999998,0.74976213130352043,1.8912,40,0.15388705356569707,6.0460619926452637,0.0074382361267017515,0.078917980194091797,0.048335684869853193,0.00060843920800834894,0.034883784427964491,1.4656469821929932,0,0,0,0,35.221527099609375,448.26827556267381,0.013680062120442926,0.01560643156579602,-0.051415670866537262,0.015605380588005639,0,1.187300443649292,35.574596405029297
76,1.2666666666666666,1,0.10102399999999999,0.16342399999999999,0.0020479999999999999,0.0044479999999999997,0.0015679999999999999,0.0072319999999999997,0.0026559999999999999,0.075871999999999995,0.002176,0.0050239999999999998,0.75102945834653156,1.8968,40,0.16127786754098358,6.840601921081543,0.0078889682610324471,0.082625031471252441,0.048915380525029077,0.00065803376492112875,0.036277645042674111,1.4967968463897705,0,0,0,0,35.662040710449219,472.81667638858198,0.014429219860491393,0.01559942199331551,-0.043444900192355619,0.015601757882309046,0,1.2778291702270508,36.568477630615234
77,1.2833333333333332,1,0.098751999999999993,0.16345599999999999,0.001952,0.0038399999999999997,0.001408,0.0071999999999999998,0.0015679999999999999,0.075583999999999998,0.0022399999999999998,0.00496,0.76539209332469216,1.8896000000000002,40,0.17318198847217614,8.1364860534667969,0.0082696174530990322,0.088879108428955078,0.047751024953889186,0.00070970109663903713,0.037674954456217651,1.5243375301361084,0,0,0,0,36.101821899414062,498.34899987350218,0.015208404537155218,0.015584645166081304,-0.036054414035911753,0.01559429652277875,0,1.3712253570556641,38.673366546630859
78,1.3,1,0.10492799999999999,0.16383999999999999,0.0019840000000000001,0.0039039999999999999,0.006496,0.0071999999999999998,0.0022719999999999997,0.075903999999999999,0.0021440000000000001,0.0050239999999999998,0.72339127782860635,1.8976,40,0.17772882054630992,6.8338632583618164,0.0088008815220872224,0.093671083450317383,0.049518595211709177,0.00076655257726088166,0.039154886725947288,1.5776804685592651,0,0,0,0,36.540870666503906,520.84372747596353,0.015894889144163926,0.01558593951644722,-0.028884568553067973,0.015586626339746817,0,1.472172737121582,38.556575775146484
79,1.3166666666666667,1,0.100896,0.163776,0.0019199999999999998,0.0038079999999999998,0.0018879999999999999,0.007136,0.0031999999999999997,0.07551999999999999,0.002464,0.00496,0.7484934982556295,1.8879999999999999,40,0.18653701812675766,8.2320756912231445,0.0092536079918035998,0.09902036190032959,0.049607354533326396,0.00082429492613300681,0.040602830594258003,1.597747802734375,0,0,0,0,36.97918701171875,548.79699603921836,0.016747955201392162,0.015592528838809154,-0.020464906134551816,0.015590525851928832,0,1.5736943483352661,40.285526275634766
80,1.3333333333333333,1,0.098912,0.16358399999999998,0.0019840000000000001,0.0038079999999999998,0.0014399999999999999,0.0071999999999999998,0.0015039999999999999,0.075647999999999993,0.0022719999999999997,0.0050559999999999997,0.7648010352636686,1.8912,40,0.19699392397764037,9.0975208282470703,0.0098455093547425414,0.10699892044067383,0.049978746328541823,0.00088648934615775943,0.042106753523817514,1.6396844387054443,0,0,0,0,37.416774749755859,574.44899273477495,0.017530792014611052,0.015588553086757006,-0.01302801597010682,0.01558783221342824,0,1.6813327074050903,41.547576904296875
81,1.3500000000000001,1,0.098751999999999993,0.16336000000000001,0.0019840000000000001,0.0037759999999999998,0.0014399999999999999,0.0071040000000000001,0.0015679999999999999,0.075616000000000003,0.0023040000000000001,0.00496,0.7657161373946858,1.8904000000000001,40,0.19970688201973336,7.4288778305053711,0.010370778787427176,0.11030745506286621,0.051930002023678,0.00095389434136450291,0.043678240380411452,1.6770174503326416,0,0,0,0,37.853633880615234,601.10836466393084,0.018344371480222499,0.01558534744866801,-0.0048319481826556389,0.015583648527359792,0,1.7967932224273682,40.495513916015625
82,1.3666666666666667,1,0.100768,0.16339199999999998,0.0021119999999999997,0.0039680000000000002,0.0015039999999999999,0.0071999999999999998,0.0030720000000000001,0.075616000000000003,0.002336,0.00496,0.75039695141314711,1.8904000000000001,40,0.21198251383401562,9.5040750503540039,0.010903986007994118,0.11921310424804688,0.051438138980331401,0.0010215442162007093,0.045200535753477732,1.6845197677612305,0,0,0,0,38.289764404296875,631.03164057072718,0.019257557390464086,0.015586354410517641,0.0036401002792106722,0.015586067553708671,0,1.910585880279541,43.253711700439453
83,1.3833333333333333,1,0.10083199999999999,0.16361599999999998,0.002016,0.003872,0.001472,0.0072319999999999997,0.003392,0.075488,0.0023999999999999998,0.00496,0.74865122183433841,1.8872,40,0.21552589668372357,8.6685304641723633,0.011525982640338363,0.12597799301147461,0.053478411725400792,0.0010977126657962799,0.046855366091756875,1.7429071664810181,0,0,0,0,38.725166320800781,661.45392129688344,0.020185971719265242,0.015580442380644864,0.012295531335800679,0.015586141043844025,0,2.037736177444458,43.226955413818359
84,1.3999999999999999,1,0.10083199999999999,0.163296,0.0021440000000000001,0.003872,0.0014399999999999999,0.0071999999999999998,0.0032959999999999999,0.075616000000000003,0.0022399999999999998,0.0050239999999999998,0.74992066010790237,1.8904000000000001,40,0.22222847586183747,9.213892936706543,0.012064555308987044,0.13116335868835449,0.054288971123969486,0.0011745127849280834,0.048466747052553126,1.758165717124939,0,0,0,0,39.159843444824219,697.15442803113365,0.021275464722629811,0.015579700220400094,0.02216820210122827,0.015585468802641464,0,2.1635723114013672,44.038963317871094
85,1.4166666666666667,1,0.098816000000000001,0.16425599999999999,0.0018879999999999999,0.003872,0.0014399999999999999,0.0071679999999999999,0.001472,0.075871999999999995,0.0021440000000000001,0.00496,0.7678108808290155,1.8968,40,0.22967882075098037,9.9001493453979492,0.012684983512792488,0.1412198543548584,0.055229226061490666,0.00125758012291044,0.050151373319390569,1.7973673343658447,0,0,0,0,39.593799591064453,727.1120225875602,0.022189697954942633,0.015583709844752516,0.030677484509039392,0.015585496078817193,0,2.2975640296936035,45.030376434326172
86,1.4333333333333333,1,0.1008,0.16364799999999999,0.0019840000000000001,0.0043200000000000001,0.001472,0.0071679999999999999,0.0029759999999999999,0.075679999999999997,0.002176,0.0050239999999999998,0.75079365079365079,1.8919999999999999,40,0.23258779517826611,9.0226755142211914,0.01329433107261261,0.14592814445495605,0.057158334823300662,0.0013465178199112415,0.051894466369955893,1.8256504535675049,0,0,0,0,40.027030944824219,765.90421337457883,0.023373541667925379,0.01558801646563189,0.041075366237138471,0.015580741861888087,0,2.4398765563964844,44.162502288818359
87,1.45,1,0.100896,0.16342399999999999,0.0020799999999999998,0.0038079999999999998,0.001472,0.0071679999999999999,0.003424,0.075583999999999998,0.0023679999999999999,0.0049919999999999999,0.74912781477957502,1.8896000000000002,40,0.24085095219171473,9.8205146789550781,0.013933514794058324,0.15645337104797363,0.057851192479269911,0.0014402053784579039,0.053669458325157404,1.8404973745346069,0,0,0,0,40.459541320800781,802.1188214490976,0.024478723799105762,0.015587668741996678,0.050543074899949782,0.015581293800289418,0,2.5868065357208252,46.205760955810547
88,1.4666666666666666,1,0.10303999999999999,0.163776,0.0021119999999999997,0.0039039999999999999,0.0036479999999999998,0.0072639999999999996,0.0030399999999999997,0.075871999999999995,0.0022079999999999999,0.0049919999999999999,0.73633540372670803,1.8968,40,0.24365332226757419,8.8554439544677734,0.014644960149649014,0.16503620147705078,0.060105727323374117,0.0015443263109773397,0.05557564774210625,1.8843226432800293,0,0,0,0,40.891330718994141,840.50105337263085,0.025650056560444057,0.015590469709376187,0.060821286185379769,0.015581152202535666,0,2.7503805160522461,45.377864837646484
89,1.4833333333333334,1,0.10073599999999999,0.163744,0.0021440000000000001,0.0040959999999999998,0.001536,0.0073599999999999994,0.002784,0.075647999999999993,0.0022079999999999999,0.00496,0.75095298602287164,1.8912,40,0.25060445013962318,10.416292190551758,0.01528923763708811,0.17293119430541992,0.061009441885687896,0.0016503087244927883,0.057451000417621766,1.8872575759887695,0,0,0,0,41.322402954101562,885.62929611558684,0.02702726123399618,0.015587083424576268,0.071758782650172756,0.015580092162891423,0,2.9117496013641357,47.152595520019531
90,1.5,1,0.100896,0.163744,0.002016,0.0040000000000000001,0.0015039999999999999,0.0072639999999999996,0.0031359999999999999,0.075616000000000003,0.0023040000000000001,0.0050559999999999997,0.74944497304154778,1.8904000000000001,40,0.25477736765667502,9.6690444946289062,0.016020358799105048,0.18500924110412598,0.062879834839542209,0.001766686444170773,0.059442181053032922,1.9389911890029907,0,0,0,0,41.752758026123047,923.74795778349016,0.028190550469466863,0.015589415241003128,0.081923000813340613,0.015580483947085081,0,3.0885534286499023,46.859413146972656
91,1.5166666666666666,1,0.098847999999999991,0.163936,0.001952,0.0038399999999999997,0.0015039999999999999,0.007136,0.001472,0.075647999999999993,0.0022719999999999997,0.0050239999999999998,0.76529621236646161,1.8912,40,0.26185595773187603,10.61751651763916,0.016756981643451449,0.19120573997497559,0.06399312732311227,0.001888344413600862,0.061454770581312268,1.9504016637802124,0,0,0,0,42.182395935058594,977.69204282707597,0.029836793299166137,0.015590364429503151,0.094260448556177212,0.015585387392848447,0,3.2679586410522461,47.600399017333984
92,1.5333333333333332,1,0.100064,0.163776,0.0020799999999999998,0.0039359999999999994,0.0014399999999999999,0.0072639999999999996,0.0025279999999999999,0.075616000000000003,0.0022079999999999999,0.0049919999999999999,0.75567636712504005,1.8904000000000001,40,0.26593064506652203,10.256065368652344,0.01748304681041353,0.20632696151733398,0.065742881216417082,0.0020176591351628304,0.063524155014652972,1.9854408502578735,0,0,0,0,42.611316680908203,1025.9320097652453,0.031308960258949137,0.01558404805772746,0.10577757554252737,0.015581314847347583,0,3.4567220211029053,47.777919769287109
93,1.55,1,0.100864,0.16345599999999999,0.0021440000000000001,0.0043200000000000001,0.001472,0.0072639999999999996,0.0027519999999999997,0.075775999999999996,0.002176,0.00496,0.75126903553299496,1.8943999999999999,40,0.27116037149298644,10.453015327453613,0.018332468262134756,0.21658086776733398,0.067607475831360286,0.0021572571713477373,0.065684962835457814,2.0085964202880859,0,0,0,0,43.039524078369141,1083.3716339683774,0.033061878478038861,0.015596732555051864,0.11872968380560628,0.01559064606385519,0,3.6563305854797363,47.916160583496094
94,1.5666666666666667,1,0.10092799999999999,0.16345599999999999,0.0020479999999999999,0.0039039999999999999,0.001952,0.0072319999999999997,0.002784,0.075616000000000003,0.0023040000000000001,0.0050879999999999996,0.74920735573874453,1.8904000000000001,40,0.27512590387205416,10.743324279785156,0.019169405269754917,0.23004412651062012,0.069675028777623021,0.0023031835444271564,0.067870222401685942,2.0288548469543457,0,0,0,0,43.467018127441406,1148.2910242276776,0.035043061042104418,0.015593857909934767,0.13217572279110476,0.015590301932989241,0,3.8609981536865234,48.313472747802734
95,1.5833333333333333,1,0.10095999999999999,0.163968,0.002016,0.0041919999999999995,0.001472,0.0072319999999999997,0.0030720000000000001,0.075808,0.002176,0.0049919999999999999,0.7508716323296355,1.8952000000000002,40,0.28174793352487937,10.296903610229492,0.020309276279148483,0.24590170383453369,0.072083141924287081,0.0024650031700730324,0.070214003874911335,2.0641849040985107,0,0,0,0,43.893798828125,1210.6086624281033,0.036944844434451396,0.015593726174127135,0.14562966817834949,0.015590349650350577,0,4.0852804183959961,48.104682922363281
96,1.6000000000000001,1,0.10105599999999999,0.16383999999999999,0.0019840000000000001,0.0038399999999999997,0.001472,0.0071999999999999998,0.0034559999999999999,0.075871999999999995,0.0022079999999999999,0.0050239999999999998,0.75079164027865741,1.8968,40,0.28660409282322802,11.055987358093262,0.021693050716502335,0.25982129573822021,0.075689954399507473,0.0026412575971335173,0.072680913548654816,2.0693562030792236,0,0,0,0,44.319869995117188,1291.9873045803397,0.039428323504038687,0.015599766635885718,0.16075558343740481,0.01559710279827989,0,4.3220710754394531,48.475917816162109
97,1.6166666666666667,1,0.1008,0.16348799999999999,0.001952,0.003872,0.0014399999999999999,0.0071999999999999998,0.0034559999999999999,0.075455999999999995,0.0024319999999999997,0.0049919999999999999,0.74857142857142855,1.8863999999999996,40,0.29220353964777251,10.119009017944336,0.023495626888884926,0.28451919555664062,0.08040842666453317,0.0028308634646236897,0.075244447830038461,2.1164741516113281,0,0,0,0,44.745231628417969,1369.9512523933226,0.041807594372354817,0.015599772540212869,0.1756353008028351,0.015597912848851635,0,4.5710005760192871,48.1148681640625
98,1.6333333333333333,1,0.10083199999999999,0.16358399999999998,0.0020799999999999998,0.0039680000000000002,0.001472,0.0071679999999999999,0.003264,0.075583999999999998,0.0022399999999999998,0.0050559999999999997,0.7496033005395113,1.8896000000000002,40,0.29729448346329751,11.125252723693848,0.025934718111021202,0.30674898624420166,0.087235786580691713,0.0030385698191821575,0.07795601091875029,2.1291224956512451,0,0,0,0,45.169883728027344,1467.5677547945925,0.044786613610674819,0.015598697347116212,0.1923363034296442,0.015603521707336719,0,4.8328680992126465,48.051708221435547
99,1.6499999999999999,1,0.10083199999999999,0.16380799999999998,0.002016,0.0039359999999999994,0.001472,0.0071679999999999999,0.0033599999999999997,0.075488,0.0023999999999999998,0.0049919999999999999,0.74865122183433841,1.8872,40,0.3016442143706613,10.364568710327148,0.029053149100156505,0.34001696109771729,0.096315950102911344,0.0032657547853887081,0.0808177552941024,2.1766808032989502,0,0,0,0,45.593830108642578,1576.6650232173779,0.048115998022991269,0.015594444626777343,0.20969323357928157,0.015606131609195941,0,5.1110973358154297,47.35919189453125
100,1.6666666666666667,1,0.09894399999999999,0.163552,0.0019199999999999998,0.0038399999999999997,0.0014399999999999999,0.0072319999999999997,0.001536,0.075616000000000003,0.0023040000000000001,0.0050559999999999997,0.76423027166882285,1.8904000000000001,40,0.30793126134048021,10.55381965637207,0.032914796100303179,0.37558889389038086,0.1068900765613051,0.0035087165888398886,0.083770121031784217,2.2054681777954102,0,0,0,0,46.017070770263672,1699.1318491953571,0.051853388952495028,0.015593244891918032,0.22839016542124488,0.015605650758163231,0,5.3932595252990723,47.087490081787109
101,1.6833333333333333,1,0.101408,0.16336000000000001,0.0020799999999999998,0.0039680000000000002,0.001472,0.0072319999999999997,0.0031679999999999998,0.075871999999999995,0.002496,0.0051199999999999996,0.74818554749132216,1.8968,40,0.30946525210969505,10.777314186096191,0.037540778263290914,0.42156171798706055,0.12130854112817799,0.0037795922253280878,0.086943570496363767,2.2482554912567139,0,0,0,0,46.439605712890625,1860.9824269443779,0.056792676603527159,0.015587635916752603,0.24885491928125955,0.015605706451596767,0,5.6998677253723145,46.704818725585938
102,1.7,1,0.100672,0.16399999999999998,0.002016,0.0039680000000000002,0.001472,0.0072639999999999996,0.0028479999999999998,0.075871999999999995,0.0022079999999999999,0.0050239999999999998,0.75365543547361724,1.8968,40,0.31281844841315543,10.326872825622559,0.042065199321662895,0.47873878479003906,0.13447160656619978,0.0040612481534481049,0.090124892825990149,2.2889983654022217,0,0,0,0,46.861438751220703,2041.7332248592529,0.062308753200050443,0.015578088779762264,0.26968497872444258,0.015597320659231369,0,6.0061259269714355,46.266090393066406
103,1.7166666666666666,1,0.10092799999999999,0.16416,0.0019840000000000001,0.0039039999999999999,0.001472,0.0071679999999999999,0.003424,0.075647999999999993,0.002336,0.0049919999999999999,0.74952441344324672,1.8912,40,0.31272062619720409,11.06025505065918,0.045855045097948875,0.52362370491027832,0.14663262112116751,0.0043561523780226707,0.093339727640728315,2.3382418155670166,0,0,0,0,47.282569885253906,2218.4676537646155,0.067702259941547105,0.015579571462486164,0.28811409260097176,0.015591032429489261,0,6.3203363418579102,46.237152099609375
104,1.7333333333333334,1,0.10102399999999999,0.16451199999999999,0.002016,0.0038399999999999997,0.001472,0.0072639999999999996,0.003424,0.075871999999999995,0.002176,0.00496,0.75102945834653156,1.8968,40,0.29773226991228063,9.7034664154052734,0.046594016014890188,0.540802001953125,0.15649635838472581,0.0046067181974649429,0.095986646961595062,2.376084566116333,0,0,0,0,47.702999114990234,2317.4318563684938,0.070722407726089287,0.015568867134683929,0.29778125986526488,0.015582418624568562,0,6.5699262619018555,45.367870330810547
105,1.75,1,0.100768,0.16483200000000001,0.0020479999999999999,0.0037759999999999998,0.001472,0.0072319999999999997,0.0032959999999999999,0.075808,0.002176,0.00496,0.75230231819625282,1.8952000000000002,40,0.27026721431681477,11.080981254577637,0.042945203777780744,0.48804211616516113,0.15889905065376955,0.0047498838976025581,0.097466752255346623,2.4281330108642578,0,0,0,0,48.122726440429688,2346.7692558318377,0.071617714106196217,0.015558716553349833,0.30125445697531944,0.01557551247747836,0,6.6851596832275391,45.787849426269531
106,1.7666666666666666,1,0.100992,0.16380799999999998,0.002016,0.0039359999999999994,0.001472,0.0071999999999999998,0.0033279999999999998,0.075679999999999997,0.0023040000000000001,0.0050559999999999997,0.74936628643852976,1.8919999999999999,40,0.24817745646354963,8.8506374359130859,0.035004481910477635,0.36744546890258789,0.14104617884831461,0.0047483546659350395,0.097451061214694212,2.4397909641265869,0,0,0,0,48.541755676269531,2323.8162254802883,0.070917243209237313,0.015543138434736562,0.30046512893732324,0.01556307624171469,0,6.6377420425415039,44.766937255859375
107,1.7833333333333332,1,0.100768,0.16390399999999999,0.0019840000000000001,0.0038399999999999997,0.001472,0.0071999999999999998,0.0034559999999999999,0.075647999999999993,0.002176,0.0049919999999999999,0.75071451254366461,1.8912,40,0.21902674811786477,8.5056858062744141,0.025163790386467273,0.21911478042602539,0.11488912017689225,0.0046034352853894234,0.095952439108022924,2.4554817676544189,0,0,0,0,48.960086822509766,2265.5521249373523,0.069139163969035411,0.01552764574191751,0.29702439381620488,0.015546886596636609,0,6.4428424835205078,42.224826812744141
108,1.8,1,0.100896,0.16390399999999999,0.001952,0.0038079999999999998,0.0014399999999999999,0.0071679999999999999,0.0034559999999999999,0.075871999999999995,0.002176,0.0050239999999999998,0.75198223913732953,1.8968,40,0.17893567572065813,5.9682884216308594,0.017156163178775323,0.10098743438720703,0.095878941466979034,0.0044032419100403786,0.093842867710235478,2.4285571575164795,0,0,0,0,49.377719879150391,2248.381954383105,0.068615171947726594,0.015516501540634284,0.29568352245495866,0.015533120478097778,0,6.2145481109619141,39.482879638671875
109,1.8166666666666667,1,0.098847999999999991,0.16380799999999998,0.0019840000000000001,0.0038399999999999997,0.0014399999999999999,0.0072319999999999997,0.001408,0.075647999999999993,0.0022719999999999997,0.0050239999999999998,0.76529621236646161,1.8912,40,0.13546174396451055,4.551142692565918,0.012807131255221363,0.047857999801635742,0.094544266745721847,0.004207010380923748,0.091727971534573335,2.4183590412139893,0,0,0,0,49.794658660888672,2268.4746385812759,0.069228352007485228,0.015529031466709007,0.29659115019701726,0.015538630201178835,0,6.0226469039916992,38.724025726318359
110,1.8333333333333333,1,0.100448,0.16367999999999999,0.0020479999999999999,0.0038399999999999997,0.001472,0.0072639999999999996,0.0029119999999999997,0.075647999999999993,0.0022399999999999998,0.0050239999999999998,0.75310608474036311,1.8912,40,0.10797390845434411,3.1542618274688721,0.011417251264900284,0.067090988159179688,0.10574083524750774,0.0040534920990467072,0.090038792740092952,2.3858833312988281,0,0,0,0,50.210903167724609,2226.3497830629349,0.067942803438199917,0.015516158085610738,0.29199626664040934,0.015529462397273401,0,5.8964381217956543,38.144283294677734
111,1.8499999999999999,1,0.100384,0.163328,0.0020799999999999998,0.0040639999999999999,0.001472,0.0072639999999999996,0.0026559999999999999,0.075551999999999994,0.0023040000000000001,0.0049919999999999999,0.75262990117947082,1.8887999999999998,40,0.095731424507223134,3.0927512645721436,0.011053885594674977,0.076427578926086426,0.11546768108356038,0.0039404700510203838,0.088774659120949423,2.3545210361480713,0,0,0,0,50.626453399658203,2191.7917399406433,0.066888175657368265,0.015505081097044078,0.28777520676650725,0.015520112538579512,0,5.8188362121582031,37.794055938720703
112,1.8666666666666667,1,0.10156799999999999,0.16352,0.0020799999999999998,0.0044159999999999998,0.0014399999999999999,0.0072319999999999997,0.0027519999999999997,0.075903999999999999,0.0025919999999999997,0.0051519999999999995,0.74732199117832399,1.8976,40,0.08314957574511328,3.0995869636535645,0.010727367894066355,0.077030837535858154,0.12901289992086107,0.0038622540887445211,0.087889181231190466,2.3340179920196533,0,0,0,0,51.041313171386719,2166.319884955883,0.066110836332882172,0.015493525422641742,0.28413376617615654,0.015513489908080946,0,5.7784748077392578,37.596046447753906
113,1.8833333333333333,1,0.10073599999999999,0.16367999999999999,0.0020799999999999998,0.0040000000000000001,0.0015039999999999999,0.0072639999999999996,0.0030720000000000001,0.075583999999999998,0.0022719999999999997,0.00496,0.75031766200762395,1.8896000000000002,40,0.075687552933040483,3.0861465930938721,0.010277205418650225,0.073238492012023926,0.1357846174223957,0.0038109049201011658,0.08730297726997821,2.3262083530426025,0,0,0,0,51.455482482910156,2145.2365734423511,0.065467424726634249,0.015486005495489208,0.28076440765161348,0.015514093432787101,0,5.766451358795166,37.570724487304688
114,1.8999999999999999,1,0.10092799999999999,0.16348799999999999,0.0019840000000000001,0.0038399999999999997,0.0014399999999999999,0.0072319999999999997,0.0034559999999999999,0.075616000000000003,0.0023040000000000001,0.0050559999999999997,0.74920735573874453,1.8904000000000001,40,0.072832727298494826,3.0995533466339111,0.0097296259883405244,0.067507505416870117,0.13358865374442183,0.0037738685496151447,0.086877713478373086,2.3277707099914551,0,0,0,0,51.868961334228516,2136.1872329711914,0.06519126077182591,0.015461810417862546,0.27851191418410332,0.015496694054965034,0,5.7660923004150391,37.698554992675781
115,1.9166666666666667,1,0.100704,0.163744,0.002016,0.0041279999999999997,0.0015039999999999999,0.0071999999999999998,0.0029759999999999999,0.075583999999999998,0.0023040000000000001,0.0049919999999999999,0.75055608516047023,1.8896000000000002,40,0.070762344318628684,3.0790157318115234,0.0091453872391145247,0.061109423637390137,0.12924087418492913,0.0037504052743315697,0.086607219956901627,2.3334794044494629,0,0,0,0,52.281749725341797,2127.3424291610718,0.064921338780550286,0.015429571148071307,0.276326212177672,0.015473716419864557,0,5.7760410308837891,38.100814819335938
116,1.9333333333333333,1,0.100896,0.16367999999999999,0.0021119999999999997,0.0040000000000000001,0.001472,0.0072639999999999996,0.0029759999999999999,0.075871999999999995,0.0021440000000000001,0.0050559999999999997,0.75198223913732953,1.8968,40,0.069715682284113484,3.0767350196838379,0.0086031889860226397,0.055772185325622559,0.1234039272679269,0.0037337001413106918,0.086414120851984508,2.3392195701599121,0,0,0,0,52.693851470947266,2118.3085527420044,0.064645646751159802,0.01538842382631595,0.27419501048461026,0.015444219023493766,0,5.787839412689209,38.652214050292969
117,1.95,1,0.098847999999999991,0.16409599999999999,0.0019840000000000001,0.003872,0.0014399999999999999,0.007136,0.001536,0.075583999999999998,0.0023040000000000001,0.0049919999999999999,0.76464875364195539,1.8896000000000002,40,0.071426852851654551,3.0735640525817871,0.0080764123311162228,0.050647258758544922,0.11307249316850082,0.0037195433396846056,0.086250140170142403,2.3481757640838623,0,0,0,0,53.105266571044922,2108.94136723876,0.064359782935753174,0.015375100377015937,0.27206951084901881,0.01544108194553514,0,5.7954044342041016,39.153236389160156
118,1.9666666666666666,1,0.10102399999999999,0.163776,0.0020479999999999999,0.0039680000000000002,0.0015039999999999999,0.0072319999999999997,0.0031679999999999998,0.075839999999999991,0.0022079999999999999,0.0050559999999999997,0.75071270193221407,1.8959999999999997,40,0.070048841223561947,3.0403890609741211,0.0075641279447248091,0.044996917247772217,0.10798362703222712,0.0037083697970956564,0.086120494623471086,2.3553967475891113,0,0,0,0,53.515998840332031,2107.7758286520839,0.064324213520876583,0.015503945436987014,0.27057432824614991,0.015497476833212143,0,5.8013782501220703,39.552928924560547
119,1.9833333333333334,1,0.098816000000000001,0.163744,0.0019840000000000001,0.0038079999999999998,0.001472,0.0071679999999999999,0.0015679999999999999,0.075647999999999993,0.0022079999999999999,0.00496,0.76554404145077715,1.8912,40,0.069383678655949035,3.0231561660766602,0.0070734877167836861,0.039659619331359863,0.10194742991156173,0.0036995541304349899,0.086018069385856252,2.3614733219146729,0,0,0,0,53.926044464111328,2117.3652735501528,0.064616860154728784,0.015495802737490991,0.26989991783889139,0.015489712699986743,0,5.806912899017334,39.988399505615234
120,2,1,0.100704,0.16406399999999999,0.0018879999999999999,0.0039680000000000002,0.0014399999999999999,0.0071679999999999999,0.0032959999999999999,0.075679999999999997,0.0022719999999999997,0.0049919999999999999,0.75150937400699069,1.8919999999999999,40,0.069685310962320127,3.024651050567627,0.0067084670023513319,0.036821544170379639,0.096268021333487316,0.0036904213484376669,0.085911830948218845,2.3696894645690918,0,0,0,0,54.335407257080078,2129.1897355318069,0.064977714097040007,0.015468881338015383,0.26944709465113015,0.015462422090554052,0,5.8092412948608398,40.423046112060547
121,2.0166666666666666,1,0.10054399999999999,0.16319999999999998,0.0018879999999999999,0.0038399999999999997,0.001472,0.007136,0.003264,0.075616000000000003,0.0023040000000000001,0.0050239999999999998,0.75206874602164231,1.8904000000000001,40,0.069534313477311566,3.0297524929046631,0.0063600905527886383,0.033583760261535645,0.091466935311928829,0.0036810652818530798,0.085802858715232563,2.3752467632293701,0,0,0,0,54.744091033935547,2143.2359034921974,0.065406369125128094,0.015432568260052043,0.26922093095707167,0.015429057889055253,0,5.8080277442932129,40.803176879882812
122,2.0333333333333332,1,0.10092799999999999,0.16352,0.0019840000000000001,0.0039039999999999999,0.0014399999999999999,0.0072319999999999997,0.0033279999999999998,0.075839999999999991,0.0021440000000000001,0.0050559999999999997,0.75142675967025996,1.8959999999999997,40,0.069143451212648019,3.0268082618713379,0.0060464215190212216,0.03044426441192627,0.087447493768074799,0.0036711841821670532,0.085687620834833,2.3806958198547363,0,0,0,0,55.152091979980469,2160.4523661639541,0.065931773869749577,0.015384087245251723,0.26930856938265901,0.015383904547057011,0,5.8030767440795898,41.161094665527344
123,2.0499999999999998,1,0.10092799999999999,0.16348799999999999,0.0020479999999999999,0.003872,0.001472,0.0072639999999999996,0.0032320000000000001,0.075808,0.002176,0.0050559999999999997,0.75110970196575788,1.8952000000000002,40,0.069507554388537104,3.0213475227355957,0.0057305619129073846,0.025950312614440918,0.082445166763807837,0.0036599403247237206,0.085556301050521352,2.3889815807342529,0,0,0,0,55.559413909912109,2181.9996863976121,0.066589345898364627,0.01532183747658643,0.26979310741539175,0.015325447547926562,0,5.7924337387084961,41.509536743164062
124,2.0666666666666664,1,0.10092799999999999,0.16409599999999999,0.002016,0.0040639999999999999,0.001472,0.0071679999999999999,0.0031999999999999997,0.075679999999999997,0.0022079999999999999,0.0051199999999999996,0.74984147114774891,1.8919999999999999,40,0.069621304796634517,3.0135924816131592,0.0054648337700260504,0.023271381855010986,0.078493699392577596,0.0036430363543331623,0.085358495234313519,2.3967013359069824,0,0,0,0,55.966056823730469,2208.6225150004029,0.067401810150158781,0.015241020157779136,0.27073914732566801,0.015244584815626723,0,5.7693581581115723,41.88446044921875
125,2.0833333333333335,1,0.100448,0.16422399999999998,0.001952,0.0042560000000000002,0.0014399999999999999,0.0072319999999999997,0.0026879999999999999,0.075712000000000002,0.0022079999999999999,0.00496,0.75374323032813006,1.8928,40,0.070433519114248028,2.9926903247833252,0.0052192799652118448,0.019666552543640137,0.074102217677719781,0.0036247789394110441,0.085144335565098442,2.4039809703826904,0,0,0,0,56.372024536132812,2235.7607578039169,0.068230003595090238,0.01521465118153487,0.27170458557900645,0.015218102072581162,0,5.7401523590087891,42.168441772460938
126,2.1000000000000001,1,0.10102399999999999,0.16383999999999999,0.002016,0.0038079999999999998,0.001472,0.0071999999999999998,0.0034559999999999999,0.075871999999999995,0.002176,0.0050239999999999998,0.75102945834653156,1.8968,40,0.071148060133831639,2.9697742462158203,0.0049964847774359505,0.017240226268768311,0.070226577759638323,0.0036036849487572908,0.084896230172573514,2.4100816249847412,0,0,0,0,56.777317047119141,2248.5207269191742,0.068619406949437689,0.015229617877092934,0.27130079639664595,0.015229703313605842,0,5.7040748596191406,42.410415649414062
127,2.1166666666666667,1,0.10054399999999999,0.16403199999999998,0.001952,0.003872,0.001472,0.0071679999999999999,0.0031359999999999999,0.075488,0.0024319999999999997,0.0050239999999999998,0.7507956715467855,1.8872,40,0.071219250057309474,2.9769511222839355,0.0047953927231129843,0.018005728721618652,0.067332816889453001,0.0035795015282928944,0.084610892068254367,2.4141068458557129,0,0,0,0,57.181934356689453,2259.1311071366072,0.068943210056659154,0.015248602111675039,0.27071049536688074,0.015245440299818039,0,5.6603603363037109,42.620281219482422
128,2.1333333333333333,1,0.10083199999999999,0.16383999999999999,0.0020799999999999998,0.0039680000000000002,0.001472,0.0071999999999999998,0.003104,0.075808,0.002176,0.0050239999999999998,0.75182481751824826,1.8952000000000002,40,0.07130699062922391,2.9397881031036377,0.0046143478335575949,0.017402172088623047,0.064711016309058567,0.0035530144814401865,0.084297265453159118,2.4183950424194336,0,0,0,0,57.58587646484375,2269.3578821122646,0.069255306460945576,0.015273414188110146,0.27012389199061787,0.01526934389271101,0,5.6118497848510742,42.812904357910156
129,2.1499999999999999,1,0.100768,0.16399999999999998,0.0020799999999999998,0.0039039999999999999,0.0014399999999999999,0.0072319999999999997,0.003264,0.075616000000000003,0.0022399999999999998,0.0049919999999999999,0.75039695141314711,1.8904000000000001,40,0.071491313816435129,2.9066851139068604,0.0044667726839450481,0.017293214797973633,0.062479935610278044,0.0035249730572104454,0.083963957234166206,2.4244668483734131,0,0,0,0,57.989147186279297,2278.9848277531564,0.069549097526646619,0.015306454801855954,0.26953387657124861,0.015305315004237676,0,5.5577120780944824,42.935195922851562
130,2.1666666666666665,1,0.10092799999999999,0.16342399999999999,0.0020479999999999999,0.0039359999999999994,0.001472,0.0071999999999999998,0.0032959999999999999,0.075616000000000003,0.0023040000000000001,0.0050559999999999997,0.74920735573874453,1.8904000000000001,40,0.071498520681401653,2.8485667705535889,0.0043401172251444154,0.016834735870361328,0.060702196126323153,0.0034931199625134468,0.083583730025806421,2.4304640293121338,0,0,0,0,58.391746520996094,2288.0792510509491,0.069826637300138827,0.015365963819133613,0.26893303275915781,0.015365137933948067,0,5.4978451728820801,42.997566223144531
131,2.1833333333333331,1,0.10048,0.163968,0.0020479999999999999,0.0039680000000000002,0.0015039999999999999,0.0071999999999999998,0.0029759999999999999,0.075583999999999998,0.0022399999999999998,0.00496,0.75222929936305727,1.8896000000000002,40,0.071405511618538212,2.8153722286224365,0.0042436749711243799,0.017936825752258301,0.059430636024217526,0.0034571441356092691,0.083152199437047589,2.4342105388641357,0,0,0,0,58.793674468994141,2294.7806670665741,0.07003114828694379,0.015431912669702145,0.26815446548613792,0.015429546048226443,0,5.4337100982666016,43.079742431640625
132,2.2000000000000002,1,0.099071999999999993,0.16390399999999999,0.001952,0.0037759999999999998,0.001472,0.0071999999999999998,0.0015039999999999999,0.075871999999999995,0.002176,0.0051199999999999996,0.76582687338501287,1.8968,40,0.071896865488682543,2.813424825668335,0.0041516105878426071,0.017788887023925781,0.057743972002452904,0.0034212204627692699,0.082719048142121054,2.4389438629150391,0,0,0,0,59.194934844970703,2302.1638027131557,0.070256463705845817,0.015495379317801882,0.26740206746700573,0.015491284607272489,0,5.3680582046508789,43.101749420166016
133,2.2166666666666668,1,0.10051199999999999,0.163552,0.0020799999999999998,0.0039680000000000002,0.0015039999999999999,0.0071679999999999999,0.0028479999999999998,0.075583999999999998,0.002336,0.0050239999999999998,0.751989812161732,1.8896000000000002,40,0.071228517663047664,2.830113410949707,0.0040713530492489528,0.017471551895141602,0.057159031000881162,0.0033860539551824331,0.082292818097115056,2.4450478553771973,0,0,0,0,59.595523834228516,2315.8934879302979,0.070675460447091609,0.015584584339145346,0.26720767040208482,0.015582127233124833,0,5.3039321899414062,43.059452056884766
134,2.2333333333333334,1,0.09894399999999999,0.16326399999999999,0.002016,0.0037759999999999998,0.0014399999999999999,0.007136,0.0015999999999999999,0.075616000000000003,0.0023040000000000001,0.0050559999999999997,0.76423027166882285,1.8904000000000001,40,0.070230316770463305,2.8133456707000732,0.0039989164126167966,0.016823410987854004,0.056940030979592805,0.0033493814989924431,0.081845971177479993,2.4497196674346924,0,0,0,0,59.995445251464844,2327.9385890960693,0.071043047762941569,0.015633390932077263,0.26682071502854882,0.015630950610532636,0,5.2402200698852539,42.974376678466797
135,2.25,1,0.1008,0.16364799999999999,0.0020479999999999999,0.0039359999999999994,0.001472,0.0071999999999999998,0.0032959999999999999,0.075583999999999998,0.0022719999999999997,0.0049919999999999999,0.74984126984126986,1.8896000000000002,40,0.069678030167120888,2.855684757232666,0.0039518344309678096,0.01754295825958252,0.056715645110653107,0.0033133556134998798,0.081404614285676455,2.4535577297210693,0,0,0,0,60.394702911376953,2358.9947395324707,0.071990806260146201,0.01564170310825121,0.2676094943040791,0.015637939290152662,0,5.1808156967163086,42.923351287841797
136,2.2666666666666666,1,0.10105599999999999,0.16406399999999999,0.0020479999999999999,0.0038399999999999997,0.001472,0.0071679999999999999,0.003424,0.075903999999999999,0.002176,0.0050239999999999998,0.75110829639012033,1.8976,40,0.06931187991392905,2.8657684326171875,0.0039055630892048769,0.017719745635986328,0.056347672203593012,0.003280367236584425,0.080998360928903057,2.4576694965362549,0,0,0,0,60.793296813964844,2402.0157599449158,0.073303703611600213,0.015653752738690144,0.26913490429789161,0.015645642132362435,0,5.1272201538085938,42.8704833984375
137,2.2833333333333332,1,0.10092799999999999,0.16409599999999999,0.0020799999999999998,0.0040639999999999999,0.0014399999999999999,0.0072319999999999997,0.0031359999999999999,0.075808,0.002176,0.0049919999999999999,0.75110970196575788,1.8952000000000002,40,0.069157946162662298,2.8850336074829102,0.0038611271082736941,0.018378853797912598,0.055830563550747538,0.0032472112216055393,0.080587979520590283,2.4612998962402344,0,0,0,0,61.191226959228516,2424.2116442183033,0.073981068243966774,0.015616814176269669,0.2692865943109069,0.015619755975160824,0,5.0756916999816895,42.859390258789062
138,2.2999999999999998,1,0.10102399999999999,0.16387199999999999,0.0021119999999999997,0.0038079999999999998,0.0014399999999999999,0.0072319999999999997,0.003392,0.075679999999999997,0.0022719999999999997,0.0050879999999999996,0.74912891986062724,1.8919999999999999,40,0.068414829104794919,2.8847687244415283,0.0038082862865154695,0.017939329147338867,0.055664632015408513,0.0032164598815143108,0.080205484619373893,2.4658248424530029,0,0,0,0,61.588493347167969,2437.5157873518765,0.074387078471431778,0.01561240933880634,0.26886120233274491,0.015615546983592474,0,5.0279273986816406,42.843662261962891
139,2.3166666666666664,1,0.10095999999999999,0.16416,0.002176,0.0038079999999999998,0.0014399999999999999,0.0072639999999999996,0.003264,0.075616000000000003,0.0023040000000000001,0.0050879999999999996,0.7489698890649763,1.8904000000000001,40,0.068683784334249931,2.8863413333892822,0.0037592700851916991,0.017901062965393066,0.054733007530528531,0.0031852242536842823,0.079815089471656706,2.4698688983917236,0,0,0,0,61.985095977783203,2450.1492070462555,0.074772619843940902,0.015611219447051105,0.26841350385436041,0.015614731295983664,0,4.9783563613891602,42.816318511962891
140,2.3333333333333335,1,0.10092799999999999,0.16399999999999998,0.0021440000000000001,0.0039680000000000002,0.001472,0.0073279999999999994,0.0029759999999999999,0.075871999999999995,0.002176,0.0049919999999999999,0.75174381737476226,1.8968,40,0.068847541267894205,2.8716511726379395,0.0037137694242829439,0.017874717712402344,0.053941932506089252,0.0031527827959507704,0.079407591525631482,2.4751906394958496,0,0,0,0,62.381038665771484,2461.6578583046794,0.075123836007833233,0.015605416936707904,0.26791986918316807,0.015610032029391676,0,4.9259614944458008,42.796092987060547
141,2.3500000000000001,1,0.10012799999999999,0.16316799999999998,0.002016,0.0038079999999999998,0.001472,0.0071679999999999999,0.002784,0.075616000000000003,0.0023040000000000001,0.00496,0.75519335250878883,1.8904000000000001,40,0.068972936909995702,2.8807995319366455,0.0036733276678073937,0.017853021621704102,0.053257521462378783,0.0031216696370393038,0.079014804145037323,2.4808156490325928,0,0,0,0,62.776321411132812,2474.7077741641551,0.075522087834599461,0.015597267430260665,0.26753071398362782,0.015602995555802079,0,4.8756418228149414,42.691257476806641
142,2.3666666666666667,1,0.10092799999999999,0.16367999999999999,0.0020479999999999999,0.0039359999999999994,0.0015039999999999999,0.0071999999999999998,0.0031999999999999997,0.075616000000000003,0.002336,0.0050879999999999996,0.74920735573874453,1.8904000000000001,40,0.067955492908169171,2.8865354061126709,0.0036400215800239267,0.017505884170532227,0.053564788131885463,0.0030915373936295509,0.078632530083033073,2.4830489158630371,0,0,0,0,63.170948028564453,2489.4675179310143,0.075972519468109567,0.015588057001579388,0.26724888769395511,0.015595719984707122,0,4.8292264938354492,42.465953826904297
143,2.3833333333333333,1,0.100864,0.16361599999999998,0.002016,0.0038399999999999997,0.001472,0.0071999999999999998,0.0034879999999999998,0.075616000000000003,0.0022399999999999998,0.0049919999999999999,0.74968274111675137,1.8904000000000001,40,0.066854444033999455,2.907196044921875,0.0036041031844010331,0.016976475715637207,0.053909702436058443,0.0030633083079010248,0.078272706710590056,2.4842860698699951,0,0,0,0,63.564918518066406,2506.5562382489443,0.07649402582546827,0.015575551127116108,0.26707443441658407,0.015585226755587642,0,4.7869124412536621,42.123706817626953
144,2.3999999999999999,1,0.100768,0.163328,0.0021119999999999997,0.0040959999999999998,0.001536,0.0072639999999999996,0.0028799999999999997,0.075616000000000003,0.0022399999999999998,0.0050239999999999998,0.75039695141314711,1.8904000000000001,40,0.066468784395934455,2.911529541015625,0.0035692496842153107,0.016687870025634766,0.053698133893262882,0.0030373006593436003,0.077939728756823382,2.4878051280975342,0,0,0,0,63.958232879638672,2526.6376425623894,0.077106861650463543,0.015555894444033319,0.2670273626618036,0.015568909545402611,0,4.7496051788330078,41.770786285400391
145,2.4166666666666665,1,0.098783999999999997,0.16345599999999999,0.001952,0.003872,0.0014399999999999999,0.0071679999999999999,0.0015039999999999999,0.075616000000000003,0.0022719999999999997,0.00496,0.76546809199870425,1.8904000000000001,40,0.066407277295637418,2.9163036346435547,0.0035353069648291521,0.016430497169494629,0.053236740140547849,0.0030151009559631348,0.077654374712093771,2.4894998073577881,0,0,0,0,64.35089111328125,2550.9487414956093,0.077848777511462686,0.015530973165007036,0.26715501273408421,0.015546176520394842,0,4.7184305191040039,41.440883636474609
146,2.4333333333333331,1,0.10083199999999999,0.163552,0.002016,0.0039680000000000002,0.0014399999999999999,0.007136,0.003392,0.075616000000000003,0.0022399999999999998,0.0050239999999999998,0.74992066010790237,1.8904000000000001,40,0.066007168781258382,2.9044241905212402,0.003493644079687433,0.015098690986633301,0.052928252251888651,0.0029945808928459883,0.077389674929488991,2.4872901439666748,0,0,0,0,64.742897033691406,2581.1596255302429,0.078770740525214933,0.015497167166457444,0.26752783116956047,0.015515724944460225,0,4.691075325012207,41.268684387207031
147,2.4500000000000002,1,0.10092799999999999,0.164192,0.0021119999999999997,0.0039680000000000002,0.001472,0.0072639999999999996,0.003104,0.075808,0.0022079999999999999,0.0049919999999999999,0.75110970196575788,1.8952000000000002,40,0.066316617752684354,2.9311981201171875,0.0034542928924415454,0.014060139656066895,0.052087893042490445,0.0029767779633402824,0.077159289309068707,2.4838452339172363,0,0,0,0,65.134246826171875,2620.2158009409904,0.079962640409576125,0.015448947622621294,0.26827211479931118,0.015473307709438062,0,4.6682782173156738,41.064678192138672
148,2.4666666666666668,1,0.10102399999999999,0.163936,0.0020479999999999999,0.0039039999999999999,0.001472,0.0071040000000000001,0.0034559999999999999,0.075679999999999997,0.0022719999999999997,0.0050879999999999996,0.74912891986062724,1.8919999999999999,40,0.066117264445910415,2.9413321018218994,0.0034151785661284675,0.013166546821594238,0.051653355515371875,0.0029631443321704865,0.076982391911014122,2.4780523777008057,0,0,0,0,65.524948120117188,2657.1676693558693,0.08109032194079191,0.015580536676676688,0.26887209488701397,0.015561227482070214,0,4.6523995399475098,40.888172149658203
149,2.4833333333333334,1,0.1008,0.16361599999999998,0.002016,0.0039680000000000002,0.0014399999999999999,0.0072319999999999997,0.0032959999999999999,0.075583999999999998,0.0022399999999999998,0.0050239999999999998,0.74984126984126986,1.8896000000000002,40,0.066213151731572925,2.9512228965759277,0.0033792656458178361,0.012374639511108398,0.051036169664862442,0.0029518385417759418,0.076835389525607825,2.4701361656188965,0,0,0,0,65.915000915527344,2671.4603363573551,0.081526499522624363,0.015587764036758801,0.26841028667398625,0.015593989449132862,0,4.6410923004150391,40.726760864257812
150,2.5,1,0.10048,0.163936,0.001952,0.0039039999999999999,0.0014399999999999999,0.0071679999999999999,0.0031359999999999999,0.075488,0.0023999999999999998,0.0049919999999999999,0.75127388535031847,1.8872,40,0.065745035020309914,2.9599978923797607,0.0033499702386605244,0.01196742057800293,0.050953965385000612,0.0029435059987008572,0.076726866203447375,2.4619297981262207,0,0,0,0,66.304397583007812,2685.5609221216291,0.081956815250293857,0.015576611840191839,0.26795644304154537,0.01557732857345313,0,4.6341457366943359,40.545196533203125
151,2.5166666666666666,1,0.100672,0.163968,0.002016,0.0039680000000000002,0.0017279999999999999,0.0072639999999999996,0.002784,0.075616000000000003,0.0023040000000000001,0.0049919999999999999,0.75111252383979665,1.8904000000000001,40,0.065297355915260258,2.9693129062652588,0.003336139235347407,0.012194991111755371,0.051091490437635591,0.0029397376347333193,0.07667773646546068,2.4513814449310303,0,0,0,0,66.693145751953125,2703.2533820867538,0.082496746279502986,0.015557355220186871,0.26762606202493811,0.015555994596901903,0,4.6355276107788086,40.168460845947266
152,2.5333333333333332,1,0.1008,0.16380799999999998,0.0022079999999999999,0.0040959999999999998,0.0015039999999999999,0.0073279999999999994,0.0027199999999999998,0.075616000000000003,0.0022079999999999999,0.0051199999999999996,0.75015873015873014,1.8904000000000001,40,0.064784477041719024,2.9799549579620361,0.0033227388646926105,0.01225435733795166,0.051289120734167207,0.0029389909468591213,0.076667997846025973,2.4479672908782959,0,0,0,0,67.081253051757812,2724.5193725754507,0.083145732805647299,0.015532086631988413,0.26744475923272126,0.015526900587377945,0,4.6433401107788086,39.885826110839844
153,2.5499999999999998,1,0.10083199999999999,0.16406399999999999,0.0020479999999999999,0.0040639999999999999,0.001472,0.0072319999999999997,0.003104,0.075583999999999998,0.0023040000000000001,0.0050239999999999998,0.7496033005395113,1.8896000000000002,40,0.064698762696417361,2.9691283702850342,0.0033071102898972926,0.011953473091125488,0.051115510591988815,0.0029416433535516262,0.076702586052252844,2.4526064395904541,0,0,0,0,67.468711853027344,2750.8647361565381,0.083949729496964665,0.015495804644553484,0.26746107288248966,0.01548862163630107,0,4.6572961807250977,40.171619415283203
154,2.5666666666666664,1,0.100992,0.16358399999999998,0.0020479999999999999,0.0043200000000000001,0.0014399999999999999,0.0071999999999999998,0.002944,0.075679999999999997,0.0022719999999999997,0.0050879999999999996,0.74936628643852976,1.8919999999999999,40,0.064409219352704744,2.9988296031951904,0.0032836265606309353,0.011397004127502441,0.050980691795840645,0.0029467490967363119,0.076769122656655545,2.462399959564209,0,0,0,0,67.855522155761719,2783.9753049295396,0.084960183866257921,0.015449761444245504,0.26772759386590772,0.015438803768532938,0,4.6754312515258789,40.578327178955078
155,2.5833333333333335,1,0.100768,0.16345599999999999,0.0019840000000000001,0.0039680000000000002,0.001472,0.0071679999999999999,0.003392,0.075583999999999998,0.0022079999999999999,0.0049919999999999999,0.75007939028262938,1.8896000000000002,40,0.064501455277652081,3.0063750743865967,0.003254814717093435,0.01066279411315918,0.050461105149997069,0.0029544415883719921,0.076869260284875798,2.4748799800872803,0,0,0,0,68.241691589355469,2823.9784784466028,0.08618098383931283,0.015413873864126825,0.2682300211387067,0.015394236835041708,0,4.6979222297668457,40.944850921630859
156,2.6000000000000001,1,0.101216,0.163552,0.0020799999999999998,0.004032,0.0014399999999999999,0.0072639999999999996,0.0031359999999999999,0.075871999999999995,0.002176,0.0052160000000000002,0.74960480556433762,1.8968,40,0.064529168179670401,3.0128772258758545,0.0032216889912584988,0.0095543861389160156,0.049926088963184186,0.0029660870786756277,0.077020608653471809,2.4844915866851807,0,0,0,0,68.627220153808594,2852.8675162792206,0.087062607308325823,0.015601645960501098,0.26836821416163109,0.015577306854576846,0,4.7252101898193359,41.1417236328125
157,2.6166666666666667,1,0.100864,0.16380799999999998,0.002016,0.0040639999999999999,0.001472,0.0072639999999999996,0.0030720000000000001,0.075616000000000003,0.0023040000000000001,0.0050559999999999997,0.74968274111675137,1.8904000000000001,40,0.06583370191409553,3.0199637413024902,0.003203580117729895,0.0093414783477783203,0.048661704029801529,0.0029788841493427753,0.077186581079132857,2.489905834197998,0,0,0,0,69.012100219726562,2863.5133783221245,0.087387493234928115,0.015619880493476299,0.2678866421203826,0.015616209691721679,0,4.7529115676879883,41.263301849365234
158,2.6333333333333333,1,0.10095999999999999,0.16367999999999999,0.0019840000000000001,0.0044159999999999998,0.0017599999999999998,0.0072639999999999996,0.0025279999999999999,0.075647999999999993,0.0022719999999999997,0.0050879999999999996,0.7492868462757527,1.8912,40,0.066886817877251065,3.0274467468261719,0.0032036570535627948,0.0099680423736572266,0.047896688095434022,0.0029937606304883957,0.077379075084784976,2.4952826499938965,0,0,0,0,69.396339416503906,2870.9079990983009,0.087613159152169828,0.015624266430047277,0.26729543392433136,0.015629570915475927,0,4.7816863059997559,41.214756011962891
159,2.6499999999999999,1,0.098912,0.16339199999999998,0.001952,0.003872,0.001472,0.0071679999999999999,0.001472,0.075616000000000003,0.002336,0.0050239999999999998,0.7644775153671951,1.8904000000000001,40,0.067673333304032732,3.0352230072021484,0.0032115163498151666,0.010899901390075684,0.047456157292961196,0.0030091311782598495,0.077577460363946554,2.4920272827148438,0,0,0,0,69.779937744140625,2876.5351430182345,0.08778488595636702,0.015626347359944594,0.26663104143736882,0.015637393146356642,0,4.8125724792480469,41.193843841552734
160,2.6666666666666665,1,0.100896,0.16345599999999999,0.0020799999999999998,0.0039680000000000002,0.001696,0.0071999999999999998,0.002944,0.075679999999999997,0.0022399999999999998,0.0050879999999999996,0.75007928956549319,1.8919999999999999,40,0.067577964032813853,3.0439484119415283,0.0032292140416219908,0.011886239051818848,0.047785015246301001,0.003026286605745554,0.0777982854020004,2.4862356185913086,0,0,0,0,70.16290283203125,2890.7864736020565,0.088219802050844009,0.015631536388466389,0.26657238405721984,0.01564109604012422,0,4.8474969863891602,41.244762420654297
161,2.6833333333333331,1,0.10063999999999999,0.16367999999999999,0.0021119999999999997,0.0040639999999999999,0.0015039999999999999,0.0071679999999999999,0.0030079999999999998,0.075583999999999998,0.0022079999999999999,0.0049919999999999999,0.75103338632750405,1.8896000000000002,40,0.067169979771943542,3.0353488922119141,0.0032343654598144191,0.011908054351806641,0.048151949290379158,0.0030439067631959915,0.078024441852486096,2.4921145439147949,0,0,0,0,70.54522705078125,2903.4853591509163,0.088607341282681773,0.015642181059736193,0.26635870304842596,0.015649998607616077,0,4.8850007057189941,41.534122467041016
162,2.7000000000000002,1,0.101088,0.16416,0.0020479999999999999,0.003872,0.001472,0.0071679999999999999,0.003392,0.075871999999999995,0.0022079999999999999,0.0050559999999999997,0.75055397277619496,1.8968,40,0.067349757504079732,3.061779260635376,0.003214533397506989,0.011498689651489258,0.047728952807473253,0.0030632608104497194,0.078272099888143015,2.5114946365356445,0,0,0,0,70.926918029785156,2915.5093732541427,0.088974285072453085,0.015654620867978055,0.26606159235066118,0.015662230574196731,0,4.9262657165527344,42.020339965820312
163,2.7166666666666668,1,0.10083199999999999,0.163968,0.0019840000000000001,0.0039359999999999994,0.0015039999999999999,0.0071999999999999998,0.0032959999999999999,0.075455999999999995,0.0023999999999999998,0.0050559999999999997,0.74833386226594734,1.8863999999999996,40,0.068503272646018395,3.0705723762512207,0.003181129033811307,0.011709094047546387,0.046437621312625028,0.0030798111110925674,0.078483260776965269,2.5265274047851562,0,0,0,0,71.307968139648438,2930.4646596834064,0.089430684194439891,0.015631468697352734,0.26577233185939847,0.015640048697596561,0,4.9639863967895508,42.446884155273438
164,2.7333333333333334,1,0.100896,0.16383999999999999,0.0020799999999999998,0.0040959999999999998,0.001472,0.0072639999999999996,0.0030079999999999998,0.075616000000000003,0.0022399999999999998,0.0051199999999999996,0.74944497304154778,1.8904000000000001,40,0.069711778045711839,3.0792725086212158,0.0031490363473944921,0.012377023696899414,0.045172228218445187,0.0030947180930525064,0.078672969856902017,2.5335290431976318,0,0,0,0,71.688385009765625,2936.9133529551327,0.089627482695163962,0.015626989670829733,0.26522120247632242,0.015626533594385917,0,4.9994921684265137,42.677364349365234
165,2.75,1,0.09894399999999999,0.16352,0.001952,0.003872,0.001472,0.0071679999999999999,0.001472,0.075839999999999991,0.002176,0.0049919999999999999,0.76649417852522639,1.8959999999999997,40,0.069968727600363267,3.0844082832336426,0.0031109815123166935,0.012844324111938477,0.044462456571820547,0.0031106169335544109,0.078874798681890915,2.5337929725646973,0,0,0,0,72.068168640136719,2944.1124373078346,0.089847181314326008,0.015626399256750755,0.26467518548667635,0.015625933981380891,0,5.0376338958740234,42.673412322998047
166,2.7666666666666666,1,0.100896,0.163136,0.0019840000000000001,0.003872,0.0014399999999999999,0.0072639999999999996,0.0034559999999999999,0.075583999999999998,0.0022719999999999997,0.0050239999999999998,0.74912781477957502,1.8896000000000002,40,0.070080274306543885,3.0889945030212402,0.0030674022282673164,0.013000011444091797,0.043769837641472985,0.0031268168240785599,0.079079919373739371,2.5348114967346191,0,0,0,0,72.447319030761719,2964.1856596022844,0.090459767443917372,0.015467867262649553,0.26507769926555597,0.0154596181858316,0,5.0779333114624023,42.615444183349609
167,2.7833333333333332,1,0.1008,0.163968,0.0018879999999999999,0.0039039999999999999,0.0014399999999999999,0.0072319999999999997,0.0034879999999999998,0.075583999999999998,0.0023040000000000001,0.00496,0.74984126984126986,1.8896000000000002,40,0.07159973409620983,3.0943219661712646,0.0030330558765178646,0.012899041175842285,0.042361272912582244,0.003141437191516161,0.079264584670786745,2.5290224552154541,0,0,0,0,72.825843811035156,3001.7604410350323,0.091606458771821053,0.015013763604437475,0.26671188631054227,0.015289185564752349,0,5.1148700714111328,42.563446044921875
168,2.7999999999999998,1,0.10083199999999999,0.163328,0.0021119999999999997,0.0039680000000000002,0.0015039999999999999,0.0071999999999999998,0.003104,0.075616000000000003,0.0022719999999999997,0.0050559999999999997,0.74992066010790237,1.8904000000000001,40,0.07236230671956155,3.0986006259918213,0.0030068514867029306,0.012544393539428711,0.041552731290835081,0.0031570883002132177,0.079461793337593609,2.5233840942382812,0,0,0,0,73.2037353515625,3081.8822342269123,0.094051581855069344,0.014580865177142197,0.27111473956934073,0.015428177609654628,0,5.1525707244873047,42.506908416748047
169,2.8166666666666664,1,0.100896,0.16348799999999999,0.001952,0.003872,0.0016639999999999999,0.0071999999999999998,0.0032959999999999999,0.075616000000000003,0.0022719999999999997,0.0050239999999999998,0.74944497304154778,1.8904000000000001,40,0.072752837358853767,3.1018977165222168,0.0030240104298348658,0.011592388153076172,0.041565532556743015,0.003173536853864789,0.079668523945969891,2.5176830291748047,0,0,0,0,73.58099365234375,3212.8500299751759,0.098048401793676021,0.014460562225624586,0.27828982988574946,0.015582954384212866,0,5.1899175643920898,42.578174591064453
170,2.8333333333333335,1,0.10095999999999999,0.16316799999999998,0.002016,0.0039359999999999994,0.0014399999999999999,0.0071999999999999998,0.0033279999999999998,0.07551999999999999,0.0023999999999999998,0.0051199999999999996,0.74801901743264654,1.8879999999999999,40,0.071691253830722709,3.1056637763977051,0.0030753778776882691,0.01499474048614502,0.042897532311958822,0.0031896191649138927,0.079870134154311934,2.5303034782409668,0,0,0,0,73.957626342773438,3346.9214960262179,0.10213993823322198,0.014513852813392198,0.28442477763129476,0.015590339623763074,0,5.2223978042602539,42.755413055419922
171,2.8500000000000001,1,0.099487999999999993,0.16352,0.001952,0.0038399999999999997,0.0014399999999999999,0.0071679999999999999,0.0015679999999999999,0.075903999999999999,0.0025919999999999997,0.0050239999999999998,0.762946284979093,1.8976,40,0.072698014827641405,3.1089589595794678,0.0032275521851888181,0.020222246646881104,0.044396703167768357,0.0032053510658442974,0.080066860383610619,2.547710657119751,0,0,0,0,74.333633422851562,3482.6386184785515,0.10628169612056126,0.014564807139453644,0.28914322599957398,0.015595523416523503,0,5.2458877563476562,42.666881561279297
172,2.8666666666666667,1,0.100896,0.16326399999999999,0.001952,0.004352,0.0017599999999999998,0.0071679999999999999,0.0027519999999999997,0.075616000000000003,0.0022719999999999997,0.0050239999999999998,0.74944497304154778,1.8904000000000001,40,0.073271618334151911,3.1139078140258789,0.0034111378575525098,0.023900508880615234,0.046554695189018065,0.0032196722459048033,0.080245526304022749,2.5610282421112061,0,0,0,0,74.709014892578125,3603.8542244229466,0.10998090284493856,0.01484502760495883,0.2923192866612544,0.0155998941192986,0,5.2595558166503906,42.423999786376953
173,2.8833333333333333,1,0.100576,0.163936,0.0020479999999999999,0.0039680000000000002,0.0014399999999999999,0.0071999999999999998,0.0030399999999999997,0.075583999999999998,0.0023040000000000001,0.0049919999999999999,0.751511294941139,1.8896000000000002,40,0.073231550079988231,3.1191456317901611,0.003621472959263333,0.025989830493927002,0.049452359745324609,0.0032341238111257553,0.080425416518980553,2.5703754425048828,0,0,0,0,75.083770751953125,3704.870155999437,0.11306366442869376,0.015387963893423322,0.29409222723568346,0.015597193965869928,0,5.268925666809082,42.075534820556641
174,2.8999999999999999,1,0.10083199999999999,0.16358399999999998,0.002016,0.0038079999999999998,0.0014399999999999999,0.0072639999999999996,0.0032959999999999999,0.075743999999999992,0.0022399999999999998,0.0050239999999999998,0.75119009838146622,1.8935999999999997,40,0.073346318290580234,3.126784086227417,0.0038123784169985246,0.026587009429931641,0.051977774833834339,0.0032488033175468445,0.080607733097350462,2.5759103298187256,0,0,0,0,75.457901000976562,3758.8598704598844,0.1147112997576869,0.015707884636121085,0.29439511743968277,0.015605274535078198,0,5.2753686904907227,41.527454376220703
175,2.9166666666666665,1,0.1008,0.16403199999999998,0.0019199999999999998,0.0039039999999999999,0.001472,0.0071679999999999999,0.0028159999999999999,0.075903999999999999,0.002464,0.0051519999999999995,0.75301587301587303,1.8976,40,0.074008650548364502,3.1475586891174316,0.0039742543830992095,0.02709507942199707,0.053699862835656517,0.0032668698113411665,0.080831550911029365,2.5737907886505127,0,0,0,0,75.831405639648438,3762.0004461295903,0.11480714252104463,0.015736876659986677,0.29378997079609537,0.015610618620719791,0,5.2889628410339355,40.984725952148438
176,2.9333333333333331,1,0.100352,0.16390399999999999,0.0021119999999999997,0.0045760000000000002,0.001472,0.0071999999999999998,0.0018879999999999999,0.075839999999999991,0.002176,0.0050879999999999996,0.75573979591836726,1.8959999999999997,40,0.074054699841122118,3.1664843559265137,0.0040391353265062284,0.025739312171936035,0.054542592639924815,0.0032869731076061726,0.08107987552538759,2.5649216175079346,0,0,0,0,76.204292297363281,3767.0966780292802,0.11496266717618653,0.015724983620820858,0.29338869684239538,0.015618170276678492,0,5.3079767227172852,40.682441711425781
177,2.9500000000000002,1,0.100896,0.163968,0.0020799999999999998,0.0041279999999999997,0.0015039999999999999,0.0072639999999999996,0.0029119999999999997,0.075808,0.002176,0.0050239999999999998,0.75134792261338412,1.8952000000000002,40,0.075139452262558776,3.1827149391174316,0.0040020646971727341,0.022992074489593506,0.053261829527162019,0.0033041606657207012,0.081291582168397991,2.5666136741638184,0,0,0,0,76.576553344726562,3769.2664462644607,0.11502888324781679,0.01569417713151814,0.2929439365919953,0.015618380573967701,0,5.3260040283203125,40.504230499267578
178,2.9666666666666668,1,0.098975999999999995,0.16345599999999999,0.0019840000000000001,0.0038079999999999998,0.0014399999999999999,0.0071040000000000001,0.001632,0.075616000000000003,0.0022719999999999997,0.0051199999999999996,0.76398318784351771,1.8904000000000001,40,0.075624079531198804,3.1973576545715332,0.0038945833622702685,0.019933640956878662,0.051499249794684163,0.0033163637854158878,0.081441559236250974,2.5696375370025635,0,0,0,0,76.948196411132812,3776.7237604502589,0.11525646241608456,0.015693844931444437,0.29251175164624837,0.015624417139057387,0,5.3399486541748047,40.184043884277344
179,2.9833333333333334,1,0.1008,0.16336000000000001,0.0020479999999999999,0.0039680000000000002,0.0015039999999999999,0.0071679999999999999,0.003264,0.075616000000000003,0.0022079999999999999,0.0050239999999999998,0.75015873015873014,1.8904000000000001,40,0.076632999056319609,3.2106976509094238,0.0037821547508717209,0.017947614192962646,0.049354126778884323,0.0033269799314439297,0.08157180801531777,2.5708005428314209,0,0,0,0,77.319221496582031,3784.5576217770576,0.11549553289114556,0.015677427678913381,0.29209700480573036,0.015622687564577945,0,5.3557224273681641,40.253547668457031
180,3,1,0.1008,0.163712,0.002016,0.004032,0.001472,0.007136,0.0031679999999999998,0.075679999999999997,0.0022719999999999997,0.0050239999999999998,0.75079365079365079,1.8919999999999999,40,0.077455236539672206,3.2186095714569092,0.0036726271569622574,0.016246974468231201,0.047416124732653227,0.0033360542729496956,0.08168297586339146,2.5673277378082275,0,0,0,0,77.689628601074219,3792.5497090052813,0.11573943203751469,0.015654468030219294,0.29168132389719592,0.015621566456385686,0,5.3721389770507812,40.389369964599609
181,3.0166666666666666,1,0.098879999999999996,0.163712,0.0018879999999999999,0.0039039999999999999,0.0014399999999999999,0.0072319999999999997,0.001472,0.075616000000000003,0.0022719999999999997,0.0050559999999999997,0.76472491909385121,1.8904000000000001,40,0.076875181590424044,3.2330117225646973,0.0035446065333151235,0.0136757493019104,0.046108593956890986,0.003341765608638525,0.081752866722073117,2.5637998580932617,0,0,0,0,78.059417724609375,3801.4578285105526,0.11601128627046364,0.01563691930623827,0.29130637063755505,0.015617547151400575,0,5.3861331939697266,40.542045593261719
182,3.0333333333333332,1,0.10115199999999999,0.163712,0.0019840000000000001,0.0039039999999999999,0.001472,0.0072319999999999997,0.003392,0.075871999999999995,0.002176,0.0051199999999999996,0.75007908889591901,1.8968,40,0.077741028031351286,3.2465589046478271,0.0034263337647481408,0.011825323104858398,0.044073687363207673,0.0033441840205341578,0.081782443354722012,2.563157320022583,0,0,0,0,78.428596496582031,3811.7651376277208,0.11632584038170535,0.015624998444116587,0.29100508379622464,0.015622448444779063,0,5.3962783813476562,40.586765289306641
183,3.0499999999999998,1,0.10083199999999999,0.16364799999999999,0.0021119999999999997,0.0040000000000000001,0.001472,0.0072639999999999996,0.0030720000000000001,0.075551999999999994,0.002336,0.0050239999999999998,0.74928594097112033,1.8887999999999998,40,0.077889313433288337,3.2565181255340576,0.0033264644098698736,0.010678529739379883,0.04270758417608813,0.003343858290463686,0.081778460372688433,2.5629172325134277,0,0,0,0,78.797157287597656,3821.7732925578021,0.11663126503167121,0.015615189050277442,0.29068558656067889,0.015620981484389836,0,5.4030513763427734,40.465293884277344
184,3.0666666666666664,1,0.100896,0.16345599999999999,0.0020479999999999999,0.0039680000000000002,0.0014399999999999999,0.0071679999999999999,0.0032959999999999999,0.075679999999999997,0.0022079999999999999,0.0050879999999999996,0.75007928956549319,1.8919999999999999,40,0.078671232626223442,3.2610278129577637,0.0032400685954216799,0.0095682144165039062,0.041184922204227287,0.0033414708450436592,0.081749261098112189,2.5638320446014404,0,0,0,0,79.165107727050781,3832.3667402686551,0.11695455139980027,0.015619171180954182,0.29037495505012484,0.015617036441519815,0,5.4070801734924316,40.286537170410156
185,3.0833333333333335,1,0.098816000000000001,0.16416,0.0018879999999999999,0.0039039999999999999,0.0014399999999999999,0.0071999999999999998,0.001536,0.075616000000000003,0.0022079999999999999,0.0050239999999999998,0.76522020725388606,1.8904000000000001,40,0.078582360720295771,3.2825555801391602,0.0031706263423615399,0.0092139244079589844,0.040347812324536721,0.0033380824606865644,0.081707802083847106,2.5734233856201172,0,0,0,0,79.532440185546875,3843.1231457293034,0.11728281084378978,0.015636877114572685,0.29007296006335564,0.015611711323542887,0,5.4095191955566406,40.254768371582031
186,3.1000000000000001,1,0.103104,0.164384,0.001952,0.0039039999999999999,0.0040959999999999998,0.0071679999999999999,0.002944,0.075839999999999991,0.002176,0.0050239999999999998,0.73556797020484166,1.8959999999999997,40,0.07880910627441895,3.3125059604644775,0.003086713331873445,0.0075845718383789062,0.039166962776170662,0.0033319180365651846,0.081632322477866379,2.5820910930633545,0,0,0,0,79.899162292480469,3853.7046373678022,0.1176057323415467,0.015667341720448019,0.28978548108949037,0.015617796805212213,0,5.4068875312805176,40.293994903564453
187,3.1166666666666667,1,0.10105599999999999,0.16383999999999999,0.0020479999999999999,0.004032,0.0015039999999999999,0.0072319999999999997,0.0030720000000000001,0.075871999999999995,0.0022079999999999999,0.0050879999999999996,0.75079164027865741,1.8968,40,0.078839536238834551,3.4562849998474121,0.0030013020153461111,0.0076358318328857422,0.038068488965409951,0.0033229859545826912,0.081522830600791713,2.5900933742523193,0,0,0,0,80.265274047851562,3863.3762190090492,0.11790088558987577,0.015691182401212245,0.2894576410922583,0.015621549220989402,0,5.3986063003540039,40.39935302734375
188,3.1333333333333333,1,0.1008,0.163968,0.0021119999999999997,0.0040959999999999998,0.001472,0.0072959999999999995,0.002784,0.075871999999999995,0.002176,0.0049919999999999999,0.75269841269841264,1.8968,40,0.078980753916548185,3.4197230339050293,0.0029216427109379048,0.0079511404037475586,0.036991831124136142,0.0033126440830528736,0.081395873151565531,2.5971739292144775,0,0,0,0,80.630775451660156,3870.0215201899409,0.11810368408782779,0.015706922465940666,0.2890206594557389,0.015624647535290918,0,5.3873920440673828,40.512428283691406
189,3.1499999999999999,1,0.100576,0.163776,0.001952,0.0043839999999999999,0.0018239999999999999,0.0072319999999999997,0.0022399999999999998,0.075583999999999998,0.0023040000000000001,0.0050559999999999997,0.751511294941139,1.8896000000000002,40,0.079031097556578445,3.352877140045166,0.0028610984474393216,0.0085729360580444336,0.036202185416836181,0.0033036703243851662,0.081285550061313674,2.5989270210266113,0,0,0,0,80.99566650390625,3874.3764103725553,0.11823658478920152,0.015711723705323751,0.28853590954242803,0.015626474364317328,0,5.3768434524536133,40.594066619873047
190,3.1666666666666665,1,0.1008,0.16367999999999999,0.0020479999999999999,0.0040000000000000001,0.0014399999999999999,0.0071679999999999999,0.0032320000000000001,0.075455999999999995,0.0024319999999999997,0.0050239999999999998,0.74857142857142855,1.8863999999999996,40,0.079173020475964764,3.3507993221282959,0.0028090466871827998,0.0092465877532958984,0.035479847431557396,0.0032935694325715303,0.081161190634089775,2.5930972099304199,0,0,0,0,81.359954833984375,3877.4316580221057,0.11832982354803789,0.015709346239125475,0.28803964153963918,0.015631336528566457,0,5.3641471862792969,40.673229217529297
191,3.1833333333333331,1,0.10083199999999999,0.16352,0.0020799999999999998,0.0041279999999999997,0.0015039999999999999,0.0073279999999999994,0.0028799999999999997,0.075455999999999995,0.0023999999999999998,0.0050559999999999997,0.74833386226594734,1.8863999999999996,40,0.079302147868505271,3.3573269844055176,0.0027613929258900479,0.010010242462158203,0.034821161848842319,0.0032844936940819025,0.081049289868349889,2.5849637985229492,0,0,0,0,81.7236328125,3881.5255010882393,0.11845475772364011,0.015693701066460095,0.28752254811880068,0.015626627808209777,0,5.3543124198913574,40.832958221435547
192,3.2000000000000002,1,0.10095999999999999,0.16409599999999999,0.002016,0.0041279999999999997,0.001472,0.0072639999999999996,0.0030079999999999998,0.075839999999999991,0.002176,0.0050559999999999997,0.75118858954041201,1.8959999999999997,40,0.077991030983965454,3.3694629669189453,0.002714397690512052,0.010661602020263672,0.0348039724089571,0.0032782405614852905,0.080972100892656731,2.5772769451141357,0,0,0,0,82.086708068847656,3886.3125401437283,0.11860084656200343,0.0156824136130847,0.28698075311354898,0.015631621516187078,0,5.3501877784729004,40.934417724609375
193,3.2166666666666668,1,0.098879999999999996,0.16380799999999998,0.0019840000000000001,0.003872,0.001472,0.0071679999999999999,0.0014399999999999999,0.075679999999999997,0.0022079999999999999,0.0050559999999999997,0.7653721682847896,1.8919999999999999,40,0.076971599859089967,3.385822057723999,0.0026630422512647872,0.011288762092590332,0.034597725084835884,0.003270717104896903,0.080879133339779335,2.5752489566802979,0,0,0,0,82.449180603027344,3892.2140914648771,0.11878094761550528,0.015658465221742864,0.2864726602369389,0.015636005348795352,0,5.345158576965332,40.936450958251953
194,3.2333333333333334,1,0.10095999999999999,0.163936,0.002016,0.0040000000000000001,0.001472,0.0071999999999999998,0.0032320000000000001,0.075712000000000002,0.0022079999999999999,0.0051199999999999996,0.74992076069730595,1.8928,40,0.077719829866264314,3.395266056060791,0.0026120773931244934,0.011890292167663574,0.03360889232026372,0.0032627792097628117,0.080780928563155441,2.5797264575958252,0,0,0,0,82.811042785644531,3899.1119266236201,0.11899145283885559,0.015634783298974764,0.28600413419419918,0.01563306241618849,0,5.3386316299438477,40.926483154296875
195,3.25,1,0.10105599999999999,0.164192,0.0019840000000000001,0.0043200000000000001,0.0014399999999999999,0.0071999999999999998,0.0030399999999999997,0.075839999999999991,0.0022079999999999999,0.0050239999999999998,0.75047498416719438,1.8959999999999997,40,0.077140958640798979,3.4081509113311768,0.0025622715026358401,0.012281179428100586,0.033215448028937042,0.0032547148875892162,0.080681037271334285,2.5803406238555908,0,0,0,0,83.17230224609375,3906.6877662278712,0.1192226491158408,0.015630988714609675,0.28557008333115108,0.01563081741202775,0,5.3300609588623047,40.966972351074219
196,3.2666666666666666,1,0.10063999999999999,0.163136,0.002016,0.0039359999999999994,0.0014399999999999999,0.0071999999999999998,0.0030079999999999998,0.075647999999999993,0.0023040000000000001,0.0050879999999999996,0.75166931637519874,1.8912,40,0.075494406724263996,3.4316771030426025,0.0025155260350918393,0.012398958206176758,0.033320694131414988,0.0032479399815201759,0.080597022048214367,2.5767254829406738,0,0,0,0,83.532966613769531,3912.5263408385217,0.11940082827265996,0.015642912728865411,0.28505004587919519,0.015624150446334193,0,5.3234343528747559,40.985481262207031
197,3.2833333333333332,1,0.10092799999999999,0.16358399999999998,0.002016,0.0042880000000000001,0.0014399999999999999,0.0072319999999999997,0.0030399999999999997,0.075583999999999998,0.0023040000000000001,0.0050239999999999998,0.74889029803424234,1.8896000000000002,40,0.074874136287296042,3.308560848236084,0.0024802720421792336,0.012701272964477539,0.033125885187674127,0.0032409816049039364,0.080510640351495605,2.5763938426971436,0,0,0,0,83.893028259277344,3916.2339397813194,0.11951397521305296,0.015674975105390301,0.28445798310732229,0.01562250672998061,0,5.3156442642211914,40.878898620605469
198,3.2999999999999998,1,0.10063999999999999,0.16326399999999999,0.0021440000000000001,0.0040639999999999999,0.0015039999999999999,0.0072639999999999996,0.0027199999999999998,0.075616000000000003,0.0022719999999999997,0.0050559999999999997,0.75135135135135145,1.8904000000000001,40,0.074961937991607441,3.3483724594116211,0.0024343375229855407,0.01264190673828125,0.032474314141372432,0.0032322290353477001,0.080401853652110541,2.5843420028686523,0,0,0,0,84.252487182617188,3920.4656397327781,0.11964311644692316,0.015699104341565302,0.28392531398384446,0.015633934669579588,0,5.30322265625,40.722255706787109
199,3.3166666666666664,1,0.098847999999999991,0.16358399999999998,0.001952,0.0039039999999999999,0.0014399999999999999,0.0071040000000000001,0.001536,0.075616000000000003,0.0022719999999999997,0.0050239999999999998,0.76497248300420861,1.8904000000000001,40,0.075221100633372354,3.3591740131378174,0.0023737372329165969,0.012354612350463867,0.031556800059150854,0.0032208836637437344,0.080260621275239752,2.5939512252807617,0,0,0,0,84.611351013183594,3924.5347426012158,0.11976729561160937,0.015705534148118643,0.28340910284529758,0.015647860482816165,0,5.2852668762207031,40.600368499755859
200,3.3333333333333335,1,0.10083199999999999,0.163328,0.0020799999999999998,0.004032,0.001792,0.0071679999999999999,0.0028159999999999999,0.075583999999999998,0.0022719999999999997,0.0050879999999999996,0.7496033005395113,1.8896000000000002,40,0.075133521217985264,3.3597548007965088,0.0023201982799261152,0.012431621551513672,0.0308810001489816,0.0032053857576102018,0.080067293667392084,2.5983927249908447,0,0,0,0,84.969612121582031,3927.4763707676902,0.11985706697899445,0.015703597273279458,0.28289867092059801,0.015659718406744402,0,5.2599468231201172,40.516929626464844
201,3.3500000000000001,1,0.100064,0.16326399999999999,0.0020799999999999998,0.004032,0.001472,0.0072319999999999997,0.0023679999999999999,0.075488,0.0023999999999999998,0.0049919999999999999,0.75439718580108728,1.8872,40,0.074960093013902662,3.3989558219909668,0.0022724248987718945,0.012485742568969727,0.030315129122777815,0.0031875972636044025,0.079844815280698131,2.6009979248046875,0,0,0,0,85.327278137207031,3931.3361672498286,0.11997485861968471,0.015688982194708066,0.28241935740984614,0.015643177707520765,0,5.231414794921875,40.491138458251953
202,3.3666666666666667,1,0.100896,0.163776,0.002176,0.004032,0.0015039999999999999,0.0072959999999999995,0.002944,0.075583999999999998,0.0023040000000000001,0.0050559999999999997,0.74912781477957502,1.8896000000000002,40,0.07502609260982826,3.3442578315734863,0.0022445156080306192,0.013036370277404785,0.029916466791135972,0.0031671468168497086,0.079588275730156491,2.5992457866668701,0,0,0,0,85.684349060058594,3935.6654749512672,0.12010697860569053,0.015662113584358362,0.28198608511238604,0.015641406110144009,0,5.1988811492919922,40.4454345703125
203,3.3833333333333333,1,0.100864,0.163712,0.0019199999999999998,0.0039359999999999994,0.001472,0.0072319999999999997,0.003424,0.075647999999999993,0.002176,0.0050559999999999997,0.75,1.8912,40,0.075203356374546754,3.3421730995178223,0.0022201341451187052,0.01328200101852417,0.029521742807082071,0.0031480677425861359,0.079348191442352806,2.5825939178466797,0,0,0,0,86.040824890136719,3941.9874897301197,0.12029991118561156,0.015650368214518772,0.28157434338971193,0.015651151606359767,0,5.1694831848144531,40.314170837402344
204,3.3999999999999999,1,0.10092799999999999,0.16326399999999999,0.0020479999999999999,0.0044159999999999998,0.0014399999999999999,0.0071999999999999998,0.0028159999999999999,0.07551999999999999,0.0023999999999999998,0.0050879999999999996,0.74825618262523774,1.8879999999999999,40,0.074772260898567283,3.3343007564544678,0.0022025546560740673,0.013693571090698242,0.029456841743249609,0.0031291097402572632,0.079108908983214571,2.5612356662750244,0,0,0,0,86.396705627441406,3949.2950786054134,0.12052292110001872,0.015642881441773532,0.28119425487582339,0.015649830437665511,0,5.1424646377563477,40.113986968994141
205,3.4166666666666665,1,0.100864,0.16358399999999998,0.001952,0.0043839999999999999,0.001696,0.0071999999999999998,0.0027199999999999998,0.075616000000000003,0.0022719999999999997,0.0050239999999999998,0.74968274111675137,1.8904000000000001,40,0.073304680548534132,3.3270552158355713,0.0021867494211452463,0.014066815376281738,0.02983096583713268,0.0031129647977650166,0.078904560042687227,2.5498447418212891,0,0,0,0,86.751998901367188,3956.2625387236476,0.12073555110850975,0.015638409169945206,0.28077999803296222,0.015636769600198858,0,5.1215171813964844,40.150714874267578
206,3.4333333333333331,1,0.10102399999999999,0.16345599999999999,0.001952,0.0039359999999999994,0.0014399999999999999,0.0072639999999999996,0.003424,0.075616000000000003,0.002336,0.0050559999999999997,0.74849540703199247,1.8904000000000001,40,0.072634185624783548,3.3171906471252441,0.0021758150066735408,0.014183163642883301,0.029955798195541825,0.0030966643244028091,0.078697704215597158,2.5531151294708252,0,0,0,0,87.106697082519531,3963.0002922215499,0.12094117102726898,0.015649665999495771,0.28033626034771369,0.015622392119000563,0,5.1000194549560547,40.462146759033203
207,3.4499999999999997,1,0.10031999999999999,0.16473599999999999,0.0019840000000000001,0.0039359999999999994,0.001408,0.0071999999999999998,0.0027519999999999997,0.075871999999999995,0.0021440000000000001,0.0050239999999999998,0.75629984051036681,1.8968,40,0.073082396723753842,3.3134307861328125,0.0021495163272036433,0.013661384582519531,0.029412230900536268,0.0030782613903284073,0.078463512416006548,2.5585179328918457,0,0,0,0,87.460807800292969,3969.7793620247394,0.12114805181960264,0.015666290299933865,0.27989986306663167,0.015613596302823203,0,5.0748395919799805,40.750186920166016
208,3.4666666666666668,1,0.100704,0.163968,0.0020799999999999998,0.0040000000000000001,0.0015039999999999999,0.0072959999999999995,0.0026879999999999999,0.075808,0.0022079999999999999,0.0051199999999999996,0.75278042580235138,1.8952000000000002,40,0.073691430398960839,3.3106307983398438,0.0021139651372222468,0.012937605381011963,0.028686716023523639,0.0030577736906707287,0.07820196532914922,2.5611248016357422,0,0,0,0,87.814323425292969,4001.5867588184774,0.12211873653620842,0.015690201816503241,0.28076276149791501,0.015609678374432352,0,5.043795108795166,40.797447204589844
209,3.4833333333333334,1,0.10102399999999999,0.16367999999999999,0.002016,0.0039680000000000002,0.001472,0.0071679999999999999,0.0033599999999999997,0.075839999999999991,0.002176,0.0050239999999999998,0.75071270193221407,1.8959999999999997,40,0.075016595822253659,3.3034217357635498,0.0020748034626188578,0.012158721685409546,0.02765792608791464,0.0030360836535692215,0.077924112488615763,2.5550854206085205,0,0,0,0,88.167251586914062,4059.5289369858801,0.1238869914851648,0.015803524798661754,0.28295860840008669,0.015332137652648084,0,5.0091533660888672,40.67755126953125
210,3.5,1,0.10095999999999999,0.163552,0.001952,0.0039039999999999999,0.0015039999999999999,0.0072319999999999997,0.0033599999999999997,0.075488,0.002464,0.0050559999999999997,0.74770206022187014,1.8872,40,0.075291361711226135,3.2976720333099365,0.0020270847309012867,0.011060118675231934,0.026923204532759079,0.003014071611687541,0.07764111812290625,2.5440514087677002,0,0,0,0,88.51959228515625,4150.2877161428332,0.12665672961861674,0.015627640727221292,0.28668809372932796,0.015206451264974422,0,4.9729080200195312,40.585807800292969
211,3.5166666666666666,1,0.1008,0.163776,0.0019840000000000001,0.0040639999999999999,0.001472,0.007136,0.0031359999999999999,0.075679999999999997,0.0022719999999999997,0.0050559999999999997,0.75079365079365079,1.8919999999999999,40,0.075738819031672996,3.30076003074646,0.0019785060310266492,0.010368108749389648,0.026122747308738252,0.0029926542192697525,0.077364775179273315,2.5321507453918457,0,0,0,0,88.871345520019531,4230.7783139422536,0.1291131077252885,0.015576363296266445,0.28979896905543795,0.015286920181754576,0,4.9368629455566406,40.446872711181641
212,3.5333333333333332,1,0.10092799999999999,0.16342399999999999,0.0020799999999999998,0.0040959999999999998,0.001472,0.0072319999999999997,0.0030720000000000001,0.075551999999999994,0.0023040000000000001,0.0051199999999999996,0.74857324032974004,1.8887999999999998,40,0.076207785211241885,3.2898712158203125,0.0019275395886727792,0.0094540119171142578,0.025293210966960838,0.002973159309476614,0.077112376561439391,2.5157821178436279,0,0,0,0,89.222518920898438,4295.1148817203939,0.13107650395875226,0.015634068305090971,0.29207517893598395,0.015435011599353874,0,4.9049720764160156,40.331199645996094
213,3.5499999999999998,1,0.100768,0.16409599999999999,0.002016,0.0040959999999999998,0.001472,0.0072319999999999997,0.0028799999999999997,0.075839999999999991,0.002176,0.0050559999999999997,0.75261987932677032,1.8959999999999997,40,0.07697828760094691,3.263554573059082,0.0018874586873727671,0.0088541507720947266,0.024519364436336843,0.0029559493996202946,0.07688887305222121,2.4961099624633789,0,0,0,0,89.573104858398438,4361.4517383016646,0.1331009441620381,0.016162267474923775,0.29438887598029567,0.0150817600149295,0,4.8785715103149414,40.236179351806641
214,3.5666666666666664,1,0.10048,0.16364799999999999,0.0020479999999999999,0.0044799999999999996,0.001472,0.0072319999999999997,0.002336,0.075647999999999993,0.0022399999999999998,0.0050239999999999998,0.7528662420382165,1.8912,40,0.077666600792463625,3.2585272789001465,0.0018619889629386691,0.0085053443908691406,0.023974127152985265,0.0029423392843455076,0.076711658622995602,2.47422194480896,0,0,0,0,89.923103332519531,4374.3052872568369,0.13349320334646109,0.016159428755550126,0.29425457543345918,0.015074942983271484,0,4.8570365905761719,39.981689453125
215,3.5833333333333335,1,0.09894399999999999,0.16342399999999999,0.0018879999999999999,0.0039359999999999994,0.0014399999999999999,0.0071999999999999998,0.001536,0.075583999999999998,0.0023040000000000001,0.0050559999999999997,0.76390685640362233,1.8896000000000002,40,0.077792976086324295,3.2578027248382568,0.0018526651621363019,0.0091691017150878906,0.023815326978626716,0.0029334852006286383,0.07659615134755321,2.44732666015625,0,0,0,0,90.27252197265625,4396.3478532526642,0.13416588907631422,0.016081015342782889,0.29452132772491668,0.015002579042640555,0,4.8446073532104492,39.591144561767578
216,3.6000000000000001,1,0.100896,0.163776,0.0019840000000000001,0.0039039999999999999,0.0014399999999999999,0.0071999999999999998,0.003424,0.075647999999999993,0.0022399999999999998,0.0050559999999999997,0.74976213130352043,1.8912,40,0.079320936005553067,3.2557210922241211,0.0018909941108699662,0.0098433494567871094,0.023839785636639264,0.0029276185669004917,0.076519521259617029,2.4181427955627441,0,0,0,0,90.621360778808594,4429.560631706845,0.13517946263753799,0.015809101899950388,0.29530113747457604,0.014740107652890388,0,4.8361091613769531,39.064735412597656
217,3.6166666666666667,1,0.100896,0.16342399999999999,0.0020799999999999998,0.004032,0.001472,0.0071999999999999998,0.0031359999999999999,0.075583999999999998,0.0023040000000000001,0.0050879999999999996,0.74912781477957502,1.8896000000000002,40,0.079701994063986176,3.2535548210144043,0.0019933984489999435,0.010526061058044434,0.025010647128848595,0.0029279428999871016,0.076523759708826397,2.3891193866729736,0,0,0,0,90.969619750976562,4439.1262976452708,0.13547138359513156,0.015862978584619821,0.29503499410591799,0.014661721564353006,0,4.8362283706665039,39.114475250244141
218,3.6333333333333333,1,0.100864,0.163328,0.0023040000000000001,0.0041279999999999997,0.0015039999999999999,0.0073279999999999994,0.0026559999999999999,0.075583999999999998,0.0023040000000000001,0.0050559999999999997,0.74936548223350252,1.8896000000000002,40,0.079729361618150196,3.2501914501190186,0.0021149404624867373,0.012220025062561035,0.026526494375006714,0.0029318071901798248,0.076574240971488905,2.3566062450408936,0,0,0,0,91.317298889160156,4460.336080878973,0.13611865481198038,0.01566397195289802,0.29521960967569777,0.014615591863753821,0,4.8413147926330566,39.347557067871094
219,3.6499999999999999,1,0.10083199999999999,0.16380799999999998,0.0021440000000000001,0.0040639999999999999,0.001472,0.0071999999999999998,0.0030399999999999997,0.075583999999999998,0.0022719999999999997,0.0050559999999999997,0.7496033005395113,1.8896000000000002,40,0.080250165633523843,3.2456574440002441,0.0022215287958376184,0.013588666915893555,0.027682544681373131,0.0029328952077776194,0.076588448316670041,2.3240206241607666,0,0,0,0,91.664398193359375,4476.2199051380157,0.13660339065972948,0.015556513457116807,0.29517733152215098,0.01473163555811779,0,4.8401274681091309,39.510768890380859
220,3.6666666666666665,1,0.10105599999999999,0.16399999999999998,0.0020479999999999999,0.003872,0.0014399999999999999,0.0072639999999999996,0.003392,0.075871999999999995,0.0021440000000000001,0.0050239999999999998,0.75079164027865741,1.8968,40,0.080341545504279591,3.238494873046875,0.0022947322419628194,0.014914512634277344,0.028562211836472388,0.0029363271314650774,0.076633245154633475,2.2891545295715332,0,0,0,0,92.010917663574219,4492.0796892568469,0.13708739286062155,0.015341676895879942,0.29516981992417063,0.014846701853379574,0,4.8425321578979492,39.483417510986328
221,3.6833333333333331,1,0.10092799999999999,0.163712,0.002016,0.0039039999999999999,0.001472,0.0071999999999999998,0.0033599999999999997,0.075488,0.0023999999999999998,0.0050879999999999996,0.74793912492073567,1.8872,40,0.079971777847825498,3.2380919456481934,0.0023794206684220327,0.01709282398223877,0.029753254616268748,0.0029380051419138908,0.076655138665504885,2.2568202018737793,0,0,0,0,92.356857299804688,4502.7756095593795,0.13741380644407286,0.015315895629026308,0.2949312360762199,0.014985804279471887,0,4.8417701721191406,39.041427612304688
222,3.6999999999999997,1,0.10105599999999999,0.164352,0.001952,0.0039039999999999999,0.0014399999999999999,0.0072319999999999997,0.003424,0.075871999999999995,0.0022079999999999999,0.0050239999999999998,0.75079164027865741,1.8968,40,0.078835097421387654,3.2309443950653076,0.0024278323003395067,0.0186004638671875,0.030796337922465042,0.0029410775750875473,0.076695209434325784,2.2491543292999268,0,0,0,0,92.702224731445312,4531.244455633685,0.13828260667827408,0.015407933024715858,0.29543422133662689,0.015231609910032983,0,4.8448553085327148,38.264057159423828
223,3.7166666666666668,1,0.100864,0.16387199999999999,0.0020479999999999999,0.004032,0.0015039999999999999,0.0072639999999999996,0.0030720000000000001,0.075616000000000003,0.0022719999999999997,0.0050559999999999997,0.74968274111675137,1.8904000000000001,40,0.079124412062119384,3.2237594127655029,0.0024533037772142248,0.020043849945068359,0.031005649372638281,0.0029417488258332014,0.076703961121094677,2.2599368095397949,0,0,0,0,93.047012329101562,4579.3020669110119,0.13974920858493078,0.015627471133038053,0.2966842732943657,0.015679384903522491,0,4.8448147773742676,37.647136688232422
224,3.7333333333333334,1,0.100896,0.163296,0.001952,0.0039039999999999999,0.0014399999999999999,0.0072319999999999997,0.003424,0.07551999999999999,0.002336,0.0050879999999999996,0.7484934982556295,1.8879999999999999,40,0.079458444167848155,3.2135543823242188,0.0023997224031331393,0.019723296165466309,0.030200973958966041,0.0029370677657425404,0.076642909205516724,2.2733733654022217,0,0,0,0,93.391227722167969,4611.3767804740928,0.1407280511619291,0.015634895985037995,0.29711816298221766,0.016021203194747424,0,4.8375740051269531,37.960456848144531
225,3.75,1,0.10083199999999999,0.16342399999999999,0.002176,0.0039039999999999999,0.0014399999999999999,0.0071999999999999998,0.003264,0.075616000000000003,0.0022079999999999999,0.0050239999999999998,0.74992066010790237,1.8904000000000001,40,0.079398278644143491,3.2044875621795654,0.0023191644697740398,0.018353164196014404,0.029209253769446854,0.002929614158347249,0.076545596324638421,2.2856872081756592,0,0,0,0,93.734870910644531,4635.2697708383203,0.14145720736200929,0.0156335086308271,0.2972724350198015,0.01623819357119885,0,4.8272371292114258,38.106807708740234
226,3.7666666666666666,1,0.100896,0.16383999999999999,0.0021119999999999997,0.0040639999999999999,0.001536,0.0072319999999999997,0.0028479999999999998,0.075871999999999995,0.0021440000000000001,0.0050879999999999996,0.75198223913732953,1.8968,40,0.079180172136326332,3.2025408744812012,0.0022502555301339116,0.016650885343551636,0.028419432156065468,0.0029218299314379692,0.076443834694996424,2.3016705513000488,0,0,0,0,94.07794189453125,4657.4940813034773,0.14213543949290397,0.015647783585879191,0.29726824521640166,0.01642226553609407,0,4.8162393569946289,38.594356536865234
227,3.7833333333333332,1,0.10095999999999999,0.16364799999999999,0.0019840000000000001,0.0039680000000000002,0.0015039999999999999,0.007136,0.003424,0.075583999999999998,0.0023040000000000001,0.0050559999999999997,0.74865293185419968,1.8896000000000002,40,0.07897012292395339,3.2009611129760742,0.0021571193914960455,0.013707667589187622,0.027315639277569661,0.002913178876042366,0.076330582023751994,2.3201289176940918,0,0,0,0,94.420440673828125,4679.1014381496934,0.14279484369353312,0.015650614601192093,0.29714189646535827,0.016566693322874599,0,4.8036413192749023,38.68585205078125
228,3.7999999999999998,1,0.10092799999999999,0.16364799999999999,0.002016,0.0039039999999999999,0.0014399999999999999,0.0071679999999999999,0.0034559999999999999,0.075616000000000003,0.0022719999999999997,0.0050559999999999997,0.74920735573874453,1.8904000000000001,40,0.078987510309522044,3.1938073635101318,0.0020437256176222126,0.0096325874328613281,0.025874035143197048,0.0029039543587714434,0.076209636644868517,2.3182437419891357,0,0,0,0,94.762367248535156,4684.8544082045555,0.14297041040663316,0.015638900450222995,0.29682467877494767,0.016482880252295985,0,4.7873654365539551,38.6783447265625
229,3.8166666666666664,1,0.10112,0.16358399999999998,0.001952,0.0042880000000000001,0.002336,0.007136,0.0023040000000000001,0.075839999999999991,0.002176,0.0050879999999999996,0.74999999999999989,1.8959999999999997,40,0.079854758356647251,3.1849770545959473,0.0019382519600874852,0.007389366626739502,0.024272216208217248,0.0028910273686051369,0.076039823363881334,2.3085026741027832,0,0,0,0,95.103729248046875,4692.5537425726652,0.14320537544472245,0.015643176071266026,0.29650404453014134,0.016422134837556956,0,4.765019416809082,37.946605682373047
230,3.8333333333333335,1,0.100896,0.163712,0.0020799999999999998,0.0040639999999999999,0.001472,0.0072639999999999996,0.0030720000000000001,0.075551999999999994,0.0023040000000000001,0.0050879999999999996,0.74881065651760226,1.8887999999999998,40,0.078919572224891432,3.1759819984436035,0.0018951907099705144,0.0079883337020874023,0.024014204037623589,0.0028820517472922802,0.075921693175169377,2.2844932079315186,0,0,0,0,95.44451904296875,4698.0147003531456,0.14337203065042559,0.015635334557312325,0.29608212234973441,0.016384042548697839,0,4.75048828125,38.024387359619141
231,3.8500000000000001,1,0.10083199999999999,0.16336000000000001,0.002016,0.0041279999999999997,0.0015039999999999999,0.0071679999999999999,0.003104,0.075616000000000003,0.0022719999999999997,0.0050239999999999998,0.74992066010790237,1.8904000000000001,40,0.078319269277992598,3.1658902168273926,0.0018730093165341057,0.007718503475189209,0.023915050967673084,0.0028773203957825899,0.075859348742031651,2.246589183807373,0,0,0,0,95.784744262695312,4698.6431482564658,0.14339120935841265,0.015611158791617655,0.29549597014664025,0.016371728678911925,0,4.7447566986083984,37.887973785400391
232,3.8666666666666667,1,0.10112,0.16367999999999999,0.002016,0.0039359999999999994,0.001472,0.0071999999999999998,0.003392,0.075839999999999991,0.0022079999999999999,0.0050559999999999997,0.74999999999999989,1.8959999999999997,40,0.078157293082807319,3.158355712890625,0.0018722548170014544,0.0077074766159057617,0.023954959839996102,0.002876300597563386,0.075845904273907708,2.2155885696411133,0,0,0,0,96.124404907226562,4703.2898532450199,0.14353301554092468,0.015591591611972459,0.29499738184535607,0.016373944181247862,0,4.7470602989196777,37.277019500732422
233,3.8833333333333333,1,0.100896,0.16323199999999999,0.002016,0.0040000000000000001,0.0014399999999999999,0.0071679999999999999,0.0033279999999999998,0.075551999999999994,0.002336,0.0050559999999999997,0.74881065651760226,1.8887999999999998,40,0.077816868146214219,3.1443896293640137,0.0018597192022763419,0.0076766014099121094,0.023898664217403574,0.0028752491343766451,0.075832039856206498,2.2028911113739014,0,0,0,0,96.463493347167969,4709.6811535470188,0.14372806254721127,0.015575562991265429,0.29450618669023571,0.016367928909935558,0,4.7522902488708496,36.470531463623047
234,3.8999999999999999,1,0.10083199999999999,0.16358399999999998,0.0021119999999999997,0.0041919999999999995,0.0015039999999999999,0.0072319999999999997,0.0027519999999999997,0.075616000000000003,0.0023040000000000001,0.0051199999999999996,0.74992066010790237,1.8904000000000001,40,0.07906701075084073,3.1374621391296387,0.0018399530252351417,0.0070486068725585938,0.0232708054568204,0.0028763595037162304,0.075846680925617707,2.1987724304199219,0,0,0,0,96.802017211914062,4719.1536929206923,0.14401714150758949,0.015562077462185176,0.29412967280069169,0.016366361949199191,0,4.7619237899780273,36.671524047851562
235,3.9166666666666665,1,0.10073599999999999,0.16361599999999998,0.001952,0.0039680000000000002,0.0015039999999999999,0.0071040000000000001,0.0031679999999999998,0.075616000000000003,0.002336,0.0050879999999999996,0.75063532401524791,1.8904000000000001,40,0.079604135879985535,3.127197265625,0.0018291510680382417,0.0077736377716064453,0.022978090872011286,0.0028776668477803469,0.075863915635568754,2.1922070980072021,0,0,0,0,97.139984130859375,4753.507555737393,0.14506553819999368,0.015252164769585835,0.29453819715221186,0.016329727891207603,0,4.7734470367431641,36.906600952148438
236,3.9333333333333331,1,0.10102399999999999,0.16387199999999999,0.002016,0.004032,0.001472,0.0072319999999999997,0.0031679999999999998,0.075871999999999995,0.0022079999999999999,0.0050239999999999998,0.75102945834653156,1.8968,40,0.080574595873192378,3.1374242305755615,0.0018143788586591336,0.0073217153549194336,0.02251800135013507,0.0028837625868618488,0.075944224097186597,2.1927142143249512,0,0,0,0,97.477386474609375,4816.5895202094689,0.14699064697904873,0.014925473369444392,0.29573256618212795,0.015938419796423978,0,4.7932109832763672,37.092029571533203
237,3.9499999999999997,1,0.10092799999999999,0.162912,0.0020799999999999998,0.0041599999999999996,0.001472,0.0071999999999999998,0.0030079999999999998,0.075551999999999994,0.002336,0.0051199999999999996,0.74857324032974004,1.8887999999999998,40,0.08105904785745259,3.1196413040161133,0.0017955866542564793,0.0070970058441162109,0.0221515882769081,0.0028945505619049072,0.07608614278441124,2.1945836544036865,0,0,0,0,97.814224243164062,4881.7391357067972,0.14897885545980216,0.014600853591189912,0.29659748533043689,0.015493704343357066,0,4.8177394866943359,37.634227752685547
238,3.9666666666666668,1,0.10105599999999999,0.16319999999999998,0.002016,0.0040000000000000001,0.0014399999999999999,0.0071679999999999999,0.0033599999999999997,0.075583999999999998,0.0023679999999999999,0.0051199999999999996,0.7479417352754909,1.8896000000000002,40,0.082011998278983422,3.1419000625610352,0.0017750983579069056,0.0055966377258300781,0.021644373935000145,0.0029085353016853333,0.076269722717279276,2.1953380107879639,0,0,0,0,98.150505065917969,4950.8073209561408,0.15108664919910098,0.014288479344302272,0.29717760000690968,0.015039770237809254,0,4.8445329666137695,38.20233154296875
239,3.9833333333333334,1,0.101088,0.163744,0.001952,0.004352,0.001472,0.007136,0.003104,0.075839999999999991,0.002176,0.0050559999999999997,0.75023741690408352,1.8959999999999997,40,0.082786725639702893,3.1434588432312012,0.0017832826143703608,0.0051223039627075195,0.021540683009150605,0.0029244278557598591,0.07647781189024512,2.1878321170806885,0,0,0,0,98.486221313476562,4999.8781119864434,0.15258417089802379,0.01422132318553628,0.29722402014860672,0.014557298501622533,0,4.8719482421875,38.714450836181641
240,4,1,0.099136000000000002,0.163712,0.0019840000000000001,0.0039039999999999999,0.001472,0.007136,0.001472,0.075839999999999991,0.002176,0.0051519999999999995,0.76500968366688171,1.8959999999999997,40,0.082794414425750598,3.1489620208740234,0.001850163383247172,0.007972419261932373,0.022346475859266864,0.0029454668983817101,0.076752418833307273,2.1835205554962158,0,0,0,0,98.821380615234375,5027.6297163851559,0.15343108265335559,0.014234933920478025,0.29700947665302563,0.014281735590065826,0,4.9046754837036133,39.121009826660156
241,4.0166666666666666,0,0.098847999999999991,0.16342399999999999,0.00076800000000000002,0.0044799999999999996,0.0014399999999999999,0.0072319999999999997,0.0019840000000000001,0.075616000000000003,0.0023040000000000001,0.0050239999999999998,0.76497248300420861,1.8904000000000001,40,0.082982143472293421,3.1759717464447021,0.0019333049007417369,0.010413765907287598,0.023297842401326263,0.0029716582503169775,0.077092908238267643,2.1712908744812012,0,0,0,0,98.656814575195312,5051.5603236854076,0.15416138683121972,0.014247327615935106,0.29689194999823892,0.014040783813060863,0,4.9458580017089844,39.640472412109375
242,4.0333333333333332,0,0.100704,0.16387199999999999,0.002464,0.0048319999999999995,0.001408,0.0072639999999999996,0.0016639999999999999,0.075839999999999991,0.002176,0.0050559999999999997,0.7530981887511915,1.8959999999999997,40,0.083360478207081784,3.1848621368408203,0.0020042073283493556,0.011951446533203125,0.024042656321747093,0.003002815879881382,0.077496011250662217,2.1577243804931641,0,0,0,0,98.492523193359375,5080.2236783355474,0.15503612299607994,0.014556321718601342,0.29741026295739598,0.014017626183100993,0,4.9939470291137695,40.096748352050781
243,4.0499999999999998,0,0.098847999999999991,0.163552,0.000736,0.00464,0.0015039999999999999,0.0071679999999999999,0.0018239999999999999,0.075583999999999998,0.0023040000000000001,0.0050879999999999996,0.76464875364195539,1.8896000000000002,40,0.082497591002470547,3.1919450759887695,0.0020983133406887074,0.01347506046295166,0.025434843795934227,0.0030416159424930811,0.077995076030389007,2.1699011325836182,0,0,0,0,98.328506469726562,5107.2896740678698,0.155862111635372,0.014881570880940836,0.29781418719868369,0.014016321224569807,0,5.0541567802429199,40.426845550537109
244,4.0666666666666664,0,0.098975999999999995,0.163328,0.000736,0.0046080000000000001,0.0013759999999999998,0.0071040000000000001,0.0020479999999999999,0.075488,0.0023999999999999998,0.0052160000000000002,0.76268994503718079,1.8872,40,0.082387106916010491,3.1970944404602051,0.0022609926624660407,0.015882134437561035,0.027443525414371072,0.0030868798494338989,0.078573275984063426,2.2015581130981445,0,0,0,0,98.164756774902344,5138.2367762550712,0.15680654224411228,0.015236520104042537,0.29829568016889679,0.014016704832314666,0,5.1244773864746094,40.654537200927734
245,4.083333333333333,0,0.099007999999999999,0.163936,0.00076800000000000002,0.0049280000000000001,0.001408,0.0071679999999999999,0.001696,0.075583999999999998,0.002336,0.0051199999999999996,0.76341305753070454,1.8896000000000002,40,0.083339510877439307,3.1857814788818359,0.0025223281258786039,0.019383072853088379,0.030265693898635766,0.0031397843267768621,0.079243729427341592,2.2307724952697754,0,0,0,0,98.00128173828125,5162.9825093597174,0.15756172208739372,0.01555295716848579,0.29847268397897564,0.014055266750737877,0,5.2064437866210938,40.627685546875
246,4.0999999999999996,0,0.099039999999999989,0.16409599999999999,0.00076800000000000002,0.0049919999999999999,0.0014399999999999999,0.0071999999999999998,0.001536,0.075839999999999991,0.002176,0.0050879999999999996,0.76575121163166393,1.8959999999999997,40,0.083906420302617801,3.1690633296966553,0.0028194561424964345,0.022690773010253906,0.033602388617316216,0.0031947474926710129,0.079934316694033392,2.2645421028137207,0,0,0,0,97.838081359863281,5163.5016383603215,0.15757756464722661,0.015601804632827133,0.29836067150030166,0.01409559637720802,0,5.2902870178222656,40.572013854980469
247,4.1166666666666663,0,0.098975999999999995,0.16387199999999999,0.00070399999999999998,0.0047359999999999998,0.001472,0.0073279999999999994,0.0015679999999999999,0.075871999999999995,0.002176,0.0051199999999999996,0.76656967345619142,1.8968,40,0.086072133547335686,3.1791129112243652,0.0030511612607110081,0.024982571601867676,0.035448886125647283,0.0032488051801919937,0.080607756204871428,2.3029482364654541,0,0,0,0,97.675155639648438,5173.3996839225292,0.15787962902595609,0.015722590315872267,0.29873567126950229,0.014080013350822318,0,5.3727407455444336,40.501678466796875
248,4.1333333333333329,0,0.10092799999999999,0.163744,0.00070399999999999998,0.0047999999999999996,0.0015039999999999999,0.007456,0.003392,0.075839999999999991,0.002176,0.0050559999999999997,0.75142675967025996,1.8959999999999997,40,0.087577053824074935,3.2007668018341064,0.0031873395058972394,0.025556802749633789,0.036394687497708897,0.0032975650392472744,0.081210406220474901,2.343482494354248,0,0,0,0,97.512496948242188,5183.6872392250225,0.15819358029861519,0.015775147029182039,0.29915471521035603,0.014172021366138522,0,5.4471664428710938,40.788291931152344
249,4.1500000000000004,0,0.098912,0.16319999999999998,0.00076800000000000002,0.0046080000000000001,0.0013759999999999998,0.0071999999999999998,0.0019840000000000001,0.075583999999999998,0.0022399999999999998,0.0051519999999999995,0.76415399547072138,1.8896000000000002,40,0.089032511932813127,3.2162413597106934,0.0031494065888079598,0.024025559425354004,0.035373668791739879,0.0033331946469843388,0.081647959521158137,2.3861584663391113,0,0,0,0,97.350112915039062,5193.7624170780182,0.15850105032586725,0.015802666691185355,0.29947531366063235,0.01431497787196986,0,5.5014772415161133,40.739051818847656
250,4.166666666666667,0,0.10092799999999999,0.16326399999999999,0.000736,0.0051519999999999995,0.001472,0.0071999999999999998,0.0033279999999999998,0.075616000000000003,0.0023040000000000001,0.0051199999999999996,0.74920735573874453,1.8904000000000001,40,0.089506599942464807,3.2048900127410889,0.0030023586582661132,0.020843505859375,0.033543433223874451,0.0033569259103387594,0.081938097492421189,2.4249062538146973,0,0,0,0,97.187995910644531,5194.0698515474796,0.15851043248130736,0.015830546267412111,0.2994721129586409,0.014323206516546165,0,5.5363764762878418,40.636009216308594
251,4.1833333333333336,0,0.100864,0.16367999999999999,0.00067199999999999996,0.0053439999999999998,0.001472,0.0073279999999999994,0.0030399999999999997,0.075616000000000003,0.0022719999999999997,0.0051199999999999996,0.74968274111675137,1.8904000000000001,40,0.088994799154928764,3.2262158393859863,0.0027987561258432593,0.016330242156982422,0.031448535784332481,0.0033734776079654694,0.082139851569934905,2.4598898887634277,0,0,0,0,97.026145935058594,5190.9260498452932,0.15841449126725138,0.015819920469994111,0.29950626224540317,0.014337498156965198,0,5.5611152648925781,40.70623779296875
252,4.2000000000000002,0,0.098879999999999996,0.16342399999999999,0.000736,0.0045439999999999994,0.0014399999999999999,0.0072959999999999995,0.0018879999999999999,0.075616000000000003,0.0022079999999999999,0.0051519999999999995,0.76472491909385121,1.8904000000000001,40,0.088541881710614126,3.2194130420684814,0.0026577288883488782,0.014038562774658203,0.030016629836660428,0.0033866344019770622,0.082299871226838045,2.4940290451049805,0,0,0,0,96.864570617675781,5195.1099195521092,0.15854217283789396,0.015739460409593189,0.29989514683560153,0.014405693407727264,0,5.5816020965576172,40.610263824462891
253,4.2166666666666668,0,0.100896,0.16339199999999998,0.000736,0.0051839999999999994,0.0015039999999999999,0.0072639999999999996,0.0031999999999999997,0.075647999999999993,0.0022719999999999997,0.0050879999999999996,0.74976213130352043,1.8912,40,0.091024221169880917,3.2113325595855713,0.0025602260485175815,0.014032840728759766,0.0281268657464189,0.0033981441520154476,0.082439603977887327,2.5038855075836182,0,0,0,0,96.703262329101562,5200.3325693039224,0.15870155545971443,0.01562021112665796,0.30032008548460781,0.014403451562180786,0,5.5998334884643555,40.807292938232422
254,4.2333333333333334,0,0.099103999999999998,0.16390399999999999,0.000736,0.0046719999999999999,0.001408,0.0071999999999999998,0.001856,0.075839999999999991,0.0022079999999999999,0.0051839999999999994,0.76525670003228918,1.8959999999999997,40,0.095190377637756465,3.5684704780578613,0.0024381882723680205,0.01282423734664917,0.025613810270261324,0.0034017881844192743,0.082483794583169776,2.49625563621521,0,0,0,0,96.542221069335938,5195.3873314633965,0.15855063877756947,0.015615779430715163,0.30039605087897236,0.014405702736336972,0,5.6047749519348145,42.325164794921875
255,4.25,0,0.098912,0.16307199999999999,0.000736,0.0045439999999999994,0.001408,0.007136,0.0020799999999999998,0.075583999999999998,0.002336,0.0050879999999999996,0.76415399547072138,1.8896000000000002,40,0.095401556394672335,3.3531515598297119,0.0022964260703865944,0.0099333822727203369,0.0240711593937354,0.003395912004634738,0.082412523376423047,2.4638559818267822,0,0,0,0,96.381446838378906,5194.8378838836215,0.1585338709681281,0.015590139972371572,0.30064411374183098,0.01442396092900791,0,5.5961074829101562,42.741054534912109
256,4.2666666666666666,0,0.09894399999999999,0.16399999999999998,0.00070399999999999998,0.0046719999999999999,0.001472,0.0073279999999999994,0.0016639999999999999,0.075647999999999993,0.0023040000000000001,0.0051519999999999995,0.76455368693402326,1.8912,40,0.093835285256596013,4.105224609375,0.002181089127397921,0.0065472126007080078,0.023243805583727413,0.0033863408025354147,0.082296303714509744,2.45135498046875,0,0,0,0,96.220939636230469,5196.7757181487978,0.15859300897670892,0.01553589756161494,0.30097135307664269,0.014466763575041638,0,5.5832185745239258,42.935077667236328
257,4.2833333333333332,0,0.098912,0.16364799999999999,0.000736,0.0045439999999999994,0.001472,0.0072639999999999996,0.001856,0.075583999999999998,0.002336,0.0051199999999999996,0.76415399547072138,1.8896000000000002,40,0.093861017456975712,4.0494861602783203,0.002094495262520053,0.0067186355590820312,0.022314857853316303,0.0033732461743056774,0.082137033965266573,2.4549961090087891,0,0,0,0,96.060707092285156,5188.3539593871683,0.15833599729575099,0.015533837831478397,0.30092898004245533,0.014464335380344518,0,5.5647702217102051,42.16522216796875
258,4.2999999999999998,0,0.099039999999999989,0.16431999999999999,0.000736,0.0045439999999999994,0.0014399999999999999,0.0071999999999999998,0.0019840000000000001,0.075839999999999991,0.002176,0.0051199999999999996,0.76575121163166393,1.8959999999999997,40,0.09455855207812254,4.3548493385314941,0.0020520498600206227,0.008192598819732666,0.021701367194426335,0.0033574122935533524,0.081944033261163715,2.4524438381195068,0,0,0,0,95.900733947753906,5180.8989368213261,0.15810848806217426,0.015535710863801648,0.30091753495312262,0.014453653262393703,0,5.5410537719726562,40.818157196044922
259,4.3166666666666664,0,0.10054399999999999,0.16348799999999999,0.002496,0.0047999999999999996,0.0015039999999999999,0.0072639999999999996,0.001536,0.075455999999999995,0.0024319999999999997,0.0050559999999999997,0.7504774029280713,1.8863999999999996,40,0.096937135412267186,4.6549825668334961,0.0020380042454979999,0.010665535926818848,0.021023978445726742,0.0033402531407773495,0.081734364141129154,2.4422359466552734,0,0,0,0,95.74102783203125,5178.2620051801205,0.15802801529480348,0.015510424255327577,0.3010813145440519,0.014439623996003138,0,5.5142240524291992,39.444828033447266
260,4.333333333333333,0,0.098816000000000001,0.16399999999999998,0.00070399999999999998,0.00464,0.0015039999999999999,0.0074879999999999999,0.0015039999999999999,0.075583999999999998,0.0022719999999999997,0.0051199999999999996,0.76489637305699476,1.8896000000000002,40,0.096266896015798395,4.9760832786560059,0.0019997720423744411,0.010806441307067871,0.020773205796998564,0.0033264248631894588,0.081565003073492973,2.4170944690704346,0,0,0,0,95.581588745117188,5174.8385457880795,0.15792353960534911,0.015517620387186622,0.30124529836767516,0.014405470989933387,0,5.4949984550476074,38.415073394775391
261,4.3499999999999996,0,0.10105599999999999,0.163744,0.00070399999999999998,0.0050879999999999996,0.001472,0.0072639999999999996,0.0033279999999999998,0.075871999999999995,0.002176,0.0051519999999999995,0.75079164027865741,1.8968,40,0.096040112947624379,5.2287707328796387,0.0019494299166050353,0.009746551513671875,0.020298080216421235,0.0033160150051116943,0.081437276539821662,2.3967511653900146,0,0,0,0,95.422416687011719,5193.6779168630019,0.15849847158395391,0.015420802130671795,0.30223170952390488,0.01466478281296156,0,5.4807920455932617,38.016544342041016
262,4.3666666666666663,0,0.10009599999999999,0.163712,0.001952,0.0047039999999999998,0.0014399999999999999,0.0071999999999999998,0.001792,0.075679999999999997,0.0022079999999999999,0.0051199999999999996,0.75607416879795397,1.8919999999999999,40,0.095909567457057393,5.4500198364257812,0.0018853644372686348,0.009823918342590332,0.0196577305816001,0.0033110522199422121,0.08137631375212584,2.3907465934753418,0,0,0,0,95.263511657714844,5198.9180853329599,0.15865838883462402,0.015434949725129411,0.30276818265915106,0.014760657339347874,0,5.4741148948669434,37.977058410644531
263,4.3833333333333329,0,0.098879999999999996,0.163328,0.000736,0.0050559999999999997,0.001472,0.007136,0.0015039999999999999,0.075583999999999998,0.0022719999999999997,0.0051199999999999996,0.7644012944983819,1.8896000000000002,40,0.097591187738159765,5.9102630615234375,0.0018315503323797742,0.0096712112426757812,0.018767579069678724,0.0033112140372395515,0.081378302233943808,2.383206844329834,0,0,0,0,95.104873657226562,5212.1072894921526,0.15906089140295876,0.015572427540736043,0.30362794728404452,0.015024157834990408,0,5.4750232696533203,37.697532653808594
264,4.4000000000000004,0,0.100352,0.16390399999999999,0.0021440000000000001,0.0044799999999999996,0.001472,0.0072319999999999997,0.0019840000000000001,0.075583999999999998,0.002336,0.0051199999999999996,0.75318877551020413,1.8896000000000002,40,0.099736562571917209,6.0356278419494629,0.0018101223395458788,0.0097318887710571289,0.018149034745815015,0.0033155521377921104,0.081431592613581003,2.370854377746582,0,0,0,0,94.946495056152344,5204.2407582206652,0.15882082392030838,0.01560672553535878,0.30373905355118053,0.015092788940579886,0,5.4815869331359863,37.519889831542969
265,4.416666666666667,0,0.098879999999999996,0.163296,0.000736,0.0045760000000000002,0.0014399999999999999,0.0071999999999999998,0.0019199999999999998,0.075616000000000003,0.0022399999999999998,0.0051519999999999995,0.76472491909385121,1.8904000000000001,40,0.10081843939382107,6.2481670379638672,0.0017979720299571367,0.0092760324478149414,0.017833761767862975,0.0033208841923624277,0.081497045251498881,2.3600842952728271,0,0,0,0,94.788383483886719,5196.0935744820163,0.15857219160406544,0.015613336690309391,0.30377641800146193,0.015118065610204274,0,5.4908847808837891,37.477020263671875
266,4.4333333333333336,0,0.098816000000000001,0.16336000000000001,0.00063999999999999994,0.0045439999999999994,0.0014399999999999999,0.0070719999999999993,0.0021440000000000001,0.075616000000000003,0.0022399999999999998,0.0051199999999999996,0.76522020725388606,1.8904000000000001,40,0.10390886253284942,6.580357551574707,0.0017903271959859705,0.0094974040985107422,0.017229783411592849,0.0033262274228036404,0.081562582386822943,2.3547956943511963,0,0,0,0,94.630531311035156,5188.4787524761632,0.15833980567859385,0.015618670951226517,0.30383293420194318,0.01512577377307848,0,5.5007119178771973,37.502906799316406
267,4.4500000000000002,0,0.100576,0.16326399999999999,0.0023999999999999998,0.0047679999999999997,0.0015039999999999999,0.0072639999999999996,0.0015679999999999999,0.075679999999999997,0.0022719999999999997,0.0051199999999999996,0.75246579700922689,1.8919999999999999,40,0.10558705405866735,6.7882175445556641,0.0017916262643070772,0.0099873542785644531,0.016968238012508578,0.0033318265341222286,0.081631201560705066,2.3504722118377686,0,0,0,0,94.472946166992188,5184.9291546950117,0.15823148055099523,0.015649940609758863,0.30400753246798012,0.015154182045593136,0,5.5100712776184082,37.465312957763672
268,4.4666666666666668,0,0.098975999999999995,0.16367999999999999,0.00070399999999999998,0.0047039999999999998,0.001472,0.0072639999999999996,0.001696,0.075679999999999997,0.0022079999999999999,0.0052480000000000001,0.76462980924668611,1.8919999999999999,40,0.10762249246388758,7.0736241340637207,0.0017975124112603689,0.010252237319946289,0.016702014329054115,0.0033375376369804144,0.081701133859701291,2.340259313583374,0,0,0,0,94.315620422363281,5180.6291817640886,0.1581002557911404,0.015674836094682832,0.3041437080824772,0.015199363517972868,0,5.5207047462463379,37.362529754638672
269,4.4833333333333334,0,0.09894399999999999,0.16316799999999998,0.00070399999999999998,0.0047359999999999998,0.0015039999999999999,0.0072959999999999995,0.0015999999999999999,0.075616000000000003,0.0023040000000000001,0.0051839999999999994,0.76423027166882285,1.8904000000000001,40,0.1083742406833892,7.3191947937011719,0.001818984389266017,0.010809063911437988,0.016784287278931012,0.0033453716896474361,0.081796964364790906,2.3249144554138184,0,0,0,0,94.158554077148438,5187.4887056504376,0.15830959184724236,0.01548099887194815,0.30464905762162164,0.015289806888140339,0,5.5354385375976562,37.464797973632812
270,4.5,0,0.098912,0.163744,0.000736,0.0045119999999999995,0.0014399999999999999,0.007136,0.0020799999999999998,0.075616000000000003,0.0022399999999999998,0.0051519999999999995,0.7644775153671951,1.8904000000000001,40,0.1078990654402653,7.4579615592956543,0.0018433568616889921,0.011052608489990234,0.017084085521662882,0.0033529228530824184,0.081889228267000028,2.305448055267334,0,0,0,0,94.001754760742188,5178.0480231652036,0.15802148508194591,0.015461616313660784,0.30457808924576318,0.015289067480960258,0,5.5508604049682617,37.695358276367188
271,4.5166666666666666,0,0.098783999999999997,0.163328,0.000544,0.0045119999999999995,0.001472,0.007136,0.0020479999999999999,0.07551999999999999,0.0024319999999999997,0.0051199999999999996,0.7644962747003563,1.8879999999999999,40,0.10809176253879024,7.5810108184814453,0.0018763194389949372,0.011368870735168457,0.017358579367429537,0.0033602225594222546,0.081978321029675338,2.291731595993042,0,0,0,0,93.84521484375,5169.360614878824,0.15775636642086255,0.015438750244890219,0.30453147735072972,0.015280677912403156,0,5.5660610198974609,37.905139923095703
272,4.5333333333333332,0,0.09894399999999999,0.16326399999999999,0.000736,0.0045760000000000002,0.001472,0.0071999999999999998,0.0019199999999999998,0.075647999999999993,0.0022399999999999998,0.0051519999999999995,0.76455368693402326,1.8912,40,0.10832593830327558,7.4264106750488281,0.0019075871556866902,0.01164090633392334,0.017609698891747409,0.0033657350577414036,0.082045536840725269,2.2844748497009277,0,0,0,0,93.688934326171875,5161.105773691088,0.15750444866000635,0.015414389144216844,0.30451557892957015,0.015275970971459345,0,5.5779991149902344,38.045185089111328
273,4.5499999999999998,0,0.100352,0.16339199999999998,0.0021440000000000001,0.00464,0.001472,0.0071999999999999998,0.0018239999999999999,0.075488,0.0023999999999999998,0.0051839999999999994,0.7522321428571429,1.8872,40,0.10822526312805109,7.1443281173706055,0.0019124678220962324,0.011755704879760742,0.017671177383356593,0.0033649255055934191,0.08203566913962998,2.275540828704834,0,0,0,0,93.532913208007812,5152.862503727898,0.15725288402489923,0.015404211046920141,0.30450685286517853,0.015270100351213213,0,5.5808625221252441,38.022052764892578
274,4.5666666666666664,0,0.098975999999999995,0.16326399999999999,0.000736,0.0046080000000000001,0.001472,0.0071679999999999999,0.001856,0.075616000000000003,0.0023040000000000001,0.0052160000000000002,0.76398318784351771,1.8904000000000001,40,0.10845479273533978,7.0236530303955078,0.001903256795580806,0.01179659366607666,0.017548849134083805,0.0033598914742469788,0.081974282238357885,2.2604389190673828,0,0,0,0,93.377151489257812,5144.1619537463412,0.1569873643111066,0.01540949410732689,0.30447815446229143,0.015258761665431513,0,5.5784387588500977,38.056037902832031
275,4.583333333333333,0,0.098816000000000001,0.16352,0.00070399999999999998,0.0048639999999999994,0.0014399999999999999,0.0072959999999999995,0.0015679999999999999,0.07551999999999999,0.0022719999999999997,0.0051519999999999995,0.76424870466321237,1.8879999999999999,40,0.10832431767924706,7.0117077827453613,0.0018818624779512209,0.011628031730651855,0.017372484020840972,0.0033517838455736637,0.081875317960587654,2.2430295944213867,0,0,0,0,93.221649169921875,5151.7838942757808,0.15721996747667788,0.015422688973414891,0.30494051004449652,0.015420336820072298,0,5.5731325149536133,37.926712036132812
276,4.5999999999999996,0,0.100288,0.16358399999999998,0.0021119999999999997,0.0046719999999999999,0.0014399999999999999,0.0072959999999999995,0.0017279999999999999,0.075583999999999998,0.0022719999999999997,0.0051839999999999994,0.753669432035737,1.8896000000000002,40,0.10709186929126098,6.7397642135620117,0.0018787055448379322,0.011432170867919922,0.017542933532408142,0.003342397278174758,0.081760592930515838,2.2284901142120361,0,0,0,0,93.06640625,5161.4022113909014,0.1575134952206696,0.015440820158109743,0.30533120031721783,0.015603008018524192,0,5.5656943321228027,37.726543426513672
277,4.6166666666666663,0,0.098912,0.164352,0.000736,0.0046080000000000001,0.0014399999999999999,0.0073919999999999993,0.0016639999999999999,0.075647999999999993,0.0022719999999999997,0.0051519999999999995,0.7648010352636686,1.8912,40,0.10751435460544626,6.7805747985839844,0.0018838672655116788,0.011343479156494141,0.017522006921076281,0.0033338281791657209,0.081655718466813104,2.2204070091247559,0,0,0,0,92.911422729492188,5172.345560188638,0.15784745972255365,0.015457504963877487,0.30566467978787337,0.015797103808511567,0,5.5598506927490234,37.688861846923828
278,4.6333333333333329,0,0.10281599999999999,0.16319999999999998,0.0025919999999999997,0.0053119999999999999,0.001472,0.0072639999999999996,0.0031679999999999998,0.075616000000000003,0.0022399999999999998,0.0051519999999999995,0.73544973544973558,1.8904000000000001,40,0.10897805356249871,6.7606544494628906,0.0018609020812974638,0.01107180118560791,0.017075934286440893,0.003320114454254508,0.081487599722344359,2.2140660285949707,0,0,0,0,92.756698608398438,5183.195271711098,0.15817856664157404,0.015457907483112033,0.30591138122866118,0.015994133909112508,0,5.5453395843505859,37.630023956298828
279,4.6500000000000004,0,0.10102399999999999,0.16339199999999998,0.00070399999999999998,0.0051839999999999994,0.001472,0.0072639999999999996,0.003264,0.075616000000000003,0.002336,0.0051839999999999994,0.74849540703199247,1.8904000000000001,40,0.1101860983294754,6.7179489135742188,0.0018302739485574421,0.010878086090087891,0.01661075195787955,0.0033052193466573954,0.08130460437954784,2.2011916637420654,0,0,0,0,92.60223388671875,5193.1639512149268,0.15848278659713522,0.015448696170232416,0.30642544789622528,0.015807703352428839,0,5.5279474258422852,37.491413116455078
280,4.666666666666667,0,0.098879999999999996,0.16348799999999999,0.00067199999999999996,0.0047999999999999996,0.0015039999999999999,0.0073279999999999994,0.001472,0.075647999999999993,0.0022719999999999997,0.0051839999999999994,0.7650485436893204,1.8912,40,0.1104260842862526,6.7520809173583984,0.0018177752965875811,0.010888338088989258,0.016461466584973199,0.0032912991009652615,0.081133212693264664,2.1791045665740967,0,0,0,0,92.448020935058594,5202.7963669374585,0.15877674459648006,0.015458000634333061,0.30684988395122681,0.015617663896894819,0,5.5115900039672852,37.292049407958984
281,4.6833333333333336,0,0.098816000000000001,0.163712,0.00067199999999999996,0.0046719999999999999,0.001472,0.0072319999999999997,0.0017599999999999998,0.075551999999999994,0.0023040000000000001,0.0051519999999999995,0.76457253886010357,1.8887999999999998,40,0.10964555995469052,6.7660455703735352,0.0018245409800354186,0.010856866836547852,0.016640354436507819,0.0032798836473375559,0.080992390350421883,2.1545944213867188,0,0,0,0,92.2940673828125,5225.8469285899773,0.15948019191253593,0.015675246241936159,0.30755517287715178,0.015424846931413506,0,5.4994678497314453,37.266078948974609
282,4.7000000000000002,0,0.09894399999999999,0.163104,0.00070399999999999998,0.0046080000000000001,0.0015039999999999999,0.0071679999999999999,0.001856,0.075583999999999998,0.0023040000000000001,0.0052160000000000002,0.76390685640362233,1.8896000000000002,40,0.10981858509884578,6.7187623977661133,0.0018456419401333705,0.010827898979187012,0.016806280453095811,0.0032700870651751757,0.080871343072502211,2.1319372653961182,0,0,0,0,92.140373229980469,5247.5245338450186,0.16014173992446956,0.015879448696717861,0.30803839608376549,0.015234285967925922,0,5.488983154296875,37.345935821533203
283,4.7166666666666668,0,0.098751999999999993,0.16380799999999998,0.00051199999999999998,0.0045760000000000002,0.001408,0.0071999999999999998,0.0019199999999999998,0.075712000000000002,0.0022399999999999998,0.0051839999999999994,0.76668826960466629,1.8928,40,0.11068354943030383,6.7842788696289062,0.0018853218652268406,0.011394858360290527,0.017033442412451784,0.003261111443862319,0.080760280384138322,2.1127519607543945,0,0,0,0,91.986930847167969,5254.2389068379998,0.16034664632684326,0.016073112710871962,0.3083087739796746,0.015243726422339815,0,5.4795737266540527,37.303009033203125
284,4.7333333333333334,0,0.099039999999999989,0.16319999999999998,0.00076800000000000002,0.0045439999999999994,0.0014399999999999999,0.0072319999999999997,0.001952,0.075616000000000003,0.0022719999999999997,0.0052160000000000002,0.76348949919224562,1.8904000000000001,40,0.11205899272829989,6.8305397033691406,0.0019153873796376587,0.011740803718566895,0.017092669967877894,0.0032493243925273418,0.080614197168083754,2.1004464626312256,0,0,0,0,91.833747863769531,5277.3338578976691,0.16105144830009976,0.016063141473238368,0.30894732841410499,0.015246167006989591,0,5.4663128852844238,37.114627838134766
285,4.75,0,0.099007999999999999,0.16342399999999999,0.00076800000000000002,0.0046080000000000001,0.001408,0.0072319999999999997,0.0018879999999999999,0.075647999999999993,0.0022719999999999997,0.0051839999999999994,0.76405946994182283,1.8912,40,0.11201387983663583,6.8635444641113281,0.0019524933447380662,0.012183308601379395,0.017430816141585641,0.003238252829760313,0.080476739866377697,2.0929272174835205,0,0,0,0,91.680816650390625,5283.3084007836878,0.161233776879385,0.015846163299968474,0.30930435345980067,0.015252987551124112,0,5.4534788131713867,36.945018768310547
286,4.7666666666666666,0,0.10230399999999999,0.16367999999999999,0.0020799999999999998,0.0047359999999999998,0.001472,0.0074879999999999999,0.0034559999999999999,0.075583999999999998,0.002336,0.0051519999999999995,0.7388176415389428,1.8896000000000002,40,0.11196306347573701,6.8159980773925781,0.0019903899254405948,0.012419462203979492,0.017777201370270855,0.0032277547288686037,0.080346185085150165,2.0816092491149902,0,0,0,0,91.528144836425781,5290.3784791897051,0.16144953854949051,0.015624630700103635,0.30953912494712488,0.015260534020476953,0,5.441683292388916,36.822322845458984
287,4.7833333333333332,0,0.10288,0.16380799999999998,0.002464,0.00528,0.001472,0.0072319999999999997,0.0031999999999999997,0.075871999999999995,0.002176,0.0051839999999999994,0.73748055987558314,1.8968,40,0.11124684897257223,6.6873340606689453,0.0020372534855758887,0.012556314468383789,0.018312909573539211,0.0032177844550460577,0.080221997669542702,2.064462423324585,0,0,0,0,91.375724792480469,5314.9627171140164,0.16219978995098927,0.015194970140455075,0.3102364029720916,0.015160828041610251,0,5.4313960075378418,36.839179992675781
288,4.7999999999999998,0,0.10073599999999999,0.16307199999999999,0.0023999999999999998,0.0050559999999999997,0.0014399999999999999,0.0071679999999999999,0.0015039999999999999,0.075583999999999998,0.0022719999999999997,0.0053119999999999999,0.75031766200762395,1.8896000000000002,40,0.11158580405736031,6.6573171615600586,0.0020519178891748448,0.012325525283813477,0.018388700126407326,0.0032067860011011362,0.080084780090865407,2.0473554134368896,0,0,0,0,91.223556518554688,5305.1180534735322,0.16189935465922645,0.015169853385930722,0.31020570967914557,0.015139799840956111,0,5.4196510314941406,36.720504760742188
289,4.8166666666666664,0,0.100992,0.16323199999999999,0.00070399999999999998,0.0050559999999999997,0.001472,0.0072319999999999997,0.003424,0.075583999999999998,0.0023040000000000001,0.0052160000000000002,0.74841571609632451,1.8896000000000002,40,0.11109779188258435,6.5575113296508789,0.0020547322034363824,0.012163519859313965,0.018494806859959575,0.0031957416795194149,0.079946753273906185,2.0339686870574951,0,0,0,0,91.071640014648438,5296.4363330118358,0.16163440957677722,0.015139687530400124,0.31017910003664795,0.015116733691447589,0,5.4090785980224609,36.635951995849609
290,4.833333333333333,0,0.10102399999999999,0.16361599999999998,0.00070399999999999998,0.0048319999999999995,0.0015039999999999999,0.0073599999999999994,0.0034879999999999998,0.075616000000000003,0.0022399999999999998,0.00528,0.74849540703199247,1.8904000000000001,40,0.1114887617888155,6.4024810791015625,0.0020357440986171304,0.011861801147460938,0.018259635015709316,0.0031822419259697199,0.079777715258958368,2.0217349529266357,0,0,0,0,90.919975280761719,5288.8680708138272,0.161403444543879,0.015118263123989334,0.31017871429006771,0.015108786872411375,0,5.3949851989746094,36.498992919921875
291,4.8499999999999996,0,0.099039999999999989,0.16342399999999999,0.000736,0.0046719999999999999,0.0014399999999999999,0.0071999999999999998,0.0018239999999999999,0.075808,0.002176,0.0051839999999999994,0.7654281098546043,1.8952000000000002,40,0.11149951223888967,6.3438072204589844,0.0020137968512364576,0.011431217193603516,0.018061037315767466,0.0031697484664618969,0.079620957874945178,2.0058450698852539,0,0,0,0,90.768569946289062,5299.0168149955571,0.16171315963731558,0.015121145722449219,0.31025458797882249,0.014916923987531184,0,5.3826112747192383,36.336093902587891
292,4.8666666666666663,0,0.099103999999999998,0.16352,0.00076800000000000002,0.0045439999999999994,0.0014399999999999999,0.0071999999999999998,0.001952,0.075647999999999993,0.0023040000000000001,0.0052480000000000001,0.76331934129803025,1.8912,40,0.11188028834540041,6.5434093475341797,0.0020027626123014374,0.01114654541015625,0.017900942533491195,0.0031564205419272184,0.079453389379273417,1.9830461740493774,0,0,0,0,90.617416381835938,5292.8721437016502,0.16152563915105134,0.015129453069047531,0.31025950085191523,0.014913788580912003,0,5.3688669204711914,36.212192535400391
293,4.8833333333333329,0,0.09894399999999999,0.16390399999999999,0.00067199999999999996,0.0046719999999999999,0.001472,0.0072959999999999995,0.0016639999999999999,0.075839999999999991,0.0021440000000000001,0.0051839999999999994,0.76649417852522639,1.8959999999999997,40,0.11257032408414082,6.4999499320983887,0.0019954989592619347,0.010879755020141602,0.01772668752175215,0.0031433836556971073,0.079289137411086869,1.9569004774093628,0,0,0,0,90.466514587402344,5303.3272504769266,0.16184470368887105,0.015047535923433041,0.31080276785729183,0.014704625499311848,0,5.3567781448364258,36.127323150634766
294,4.9000000000000004,0,0.099071999999999993,0.16364799999999999,0.000736,0.0047039999999999998,0.001472,0.0072639999999999996,0.001696,0.075839999999999991,0.002176,0.0051839999999999994,0.76550387596899216,1.8959999999999997,40,0.11272591087887412,6.369720458984375,0.0019938855539902525,0.0106658935546875,0.017687908116641574,0.0031318636611104012,0.079143713093465629,1.9305537939071655,0,0,0,0,90.315864562988281,5296.6024690195918,0.16163947964537329,0.015072066148099549,0.31080963315612181,0.014686170312064007,0,5.346710205078125,36.021533966064453
295,4.916666666666667,0,0.098975999999999995,0.163328,0.00070399999999999998,0.0046719999999999999,0.001472,0.0072959999999999995,0.001696,0.075616000000000003,0.002336,0.0051839999999999994,0.76398318784351771,1.8904000000000001,40,0.11319565005268226,6.3107223510742188,0.0020109641436922236,0.010948777198791504,0.017765383588117592,0.0031184465624392033,0.07897400284193784,1.9020751714706421,0,0,0,0,90.165458679199219,5290.3450234383345,0.16144851756098433,0.015094101567516687,0.31081125634724494,0.014661950108676792,0,5.3343982696533203,35.959426879882812
296,4.9333333333333336,0,0.10063999999999999,0.16323199999999999,0.0023999999999999998,0.0050559999999999997,0.0014399999999999999,0.0071999999999999998,0.001472,0.075583999999999998,0.0023040000000000001,0.0051839999999999994,0.75103338632750405,1.8896000000000002,40,0.11459439984619244,6.276576042175293,0.0020396454021921352,0.011474132537841797,0.017798822673095096,0.0031047766096889973,0.078800718393793809,1.8716323375701904,0,0,0,0,90.015304565429688,5302.4386594016105,0.16181758604130891,0.015308234672844877,0.31132805225575355,0.014548658669210268,0,5.3214473724365234,35.886104583740234
297,4.9500000000000002,0,0.09894399999999999,0.16383999999999999,0.000736,0.0047039999999999998,0.001472,0.0072319999999999997,0.0017599999999999998,0.075583999999999998,0.0022719999999999997,0.0051839999999999994,0.76390685640362233,1.8896000000000002,40,0.11519196101526621,6.2863006591796875,0.0020727051053379343,0.012113332748413086,0.017993487454070183,0.0030909455381333828,0.078625002869740904,1.8393434286117554,0,0,0,0,89.865402221679688,5299.446889847517,0.16172628448020987,0.015321271832575402,0.31132370312464858,0.01452584269091375,0,5.3089056015014648,35.750381469726562
298,4.9666666666666668,0,0.099007999999999999,0.16345599999999999,0.00070399999999999998,0.0047999999999999996,0.0015039999999999999,0.0072639999999999996,0.0015679999999999999,0.075583999999999998,0.0022719999999999997,0.0053119999999999999,0.76341305753070454,1.8896000000000002,40,0.11630252626929505,6.25958251953125,0.0021116915385796511,0.012994050979614258,0.018156884517625111,0.003077223664149642,0.078450285712030929,1.8076850175857544,0,0,0,0,89.715751647949219,5295.3906205669045,0.16160249696554274,0.015333286990643864,0.31128213550086758,0.014505033762220785,0,5.2983226776123047,35.521152496337891
299,4.9833333333333334,0,0.098816000000000001,0.16316799999999998,0.000544,0.00464,0.001472,0.0072319999999999997,0.001792,0.075455999999999995,0.002464,0.0052160000000000002,0.76360103626942999,1.8863999999999996,40,0.1169749557720051,6.1320962905883789,0.0021600900106148284,0.013923287391662598,0.018466260545761962,0.0030616726726293564,0.078251807297075981,1.7942104339599609,0,0,0,0,89.56634521484375,5307.8580763172358,0.16198297352042346,0.015439250937721615,0.31178667142337302,0.014299251532558179,0,5.2866411209106445,35.133647918701172
300,5,0,0.099007999999999999,0.163936,0.00070399999999999998,0.0047039999999999998,0.001536,0.0073599999999999994,0.0015039999999999999,0.075839999999999991,0.002176,0.0051839999999999994,0.76599870717517771,1.8959999999999997,40,0.11796190766202691,6.0396862030029297,0.002216449905488888,0.014859676361083984,0.018789539347220857,0.003044838784262538,0.078036386183145845,1.7774906158447266,0,0,0,0,89.417190551757812,5303.8337187864818,0.16186015987507574,0.015449637389596307,0.3117435547151246,0.014295084542071011,0,5.2752962112426758,34.703933715820312
301,5.0166666666666666,0,0.1008,0.16336000000000001,0.0025279999999999999,0.0046719999999999999,0.001472,0.0071999999999999998,0.001792,0.075616000000000003,0.0023040000000000001,0.0052160000000000002,0.75015873015873014,1.8904000000000001,40,0.11793191031414117,5.6713814735412598,0.0022783008963447476,0.015590071678161621,0.019318782255590729,0.0030236868187785149,0.077764861200654303,1.7590447664260864,0,0,0,0,89.268287658691406,5298.8922713845968,0.16170935886793814,0.015443030277230227,0.31165251498549856,0.014305231969506572,0,5.2605676651000977,34.206661224365234
302,5.0333333333333332,0,0.10092799999999999,0.16323199999999999,0.00070399999999999998,0.0048960000000000002,0.001472,0.0073599999999999994,0.003424,0.075583999999999998,0.0023040000000000001,0.0051839999999999994,0.74889029803424234,1.8896000000000002,40,0.1182629510388484,5.3992204666137695,0.002350600003287376,0.016110420227050781,0.019876047254352915,0.0029990870971232653,0.077447880501964231,1.7462620735168457,0,0,0,0,89.11962890625,5294.7277275528741,0.16158226707619855,0.015428086635833721,0.31150139749557348,0.014305843324008888,0,5.2448396682739258,33.815681457519531
303,5.0499999999999998,0,0.099199999999999997,0.16387199999999999,0.000736,0.0045439999999999994,0.0014399999999999999,0.0071679999999999999,0.002016,0.075839999999999991,0.002176,0.00528,0.76451612903225796,1.8959999999999997,40,0.11857998372268758,5.1805977821350098,0.0024078301074895152,0.016310930252075195,0.020305535823992797,0.0029727746732532978,0.077107388404138,1.735981822013855,0,0,0,0,88.971221923828125,5294.7496325094253,0.16158293556242143,0.015405183980741277,0.31125642399030296,0.01426174193156045,0,5.2290992736816406,33.526588439941406
304,5.0666666666666664,0,0.10041599999999999,0.16364799999999999,0.002016,0.0047999999999999996,0.0015039999999999999,0.0072319999999999997,0.0015999999999999999,0.075871999999999995,0.002176,0.0052160000000000002,0.75557680050987897,1.8968,40,0.11907838540223303,5.0142717361450195,0.0024563212702109556,0.016105055809020996,0.020627767683562268,0.0029436938930302858,0.076729315037087173,1.7302197217941284,0,0,0,0,88.82305908203125,5298.2662179092877,0.16169025323209496,0.015376496474896107,0.31102352198392835,0.014208092756051964,0,5.2108917236328125,33.306083679199219
305,5.083333333333333,0,0.100992,0.16352,0.00070399999999999998,0.0053759999999999997,0.0015039999999999999,0.0072319999999999997,0.0030720000000000001,0.075583999999999998,0.0023040000000000001,0.0052160000000000002,0.74841571609632451,1.8896000000000002,40,0.11943691573431774,4.6870059967041016,0.0024590055351969794,0.015572190284729004,0.020588320789084433,0.0029108664020895958,0.076300280498692738,1.7248719930648804,0,0,0,0,88.675140380859375,5306.7643127626507,0.16194959450569613,0.015345464211152396,0.31089076641490165,0.014122762713007903,0,5.1877231597900391,33.094619750976562
306,5.0999999999999996,0,0.102688,0.16303999999999999,0.002336,0.0051519999999999995,0.001472,0.0072319999999999997,0.0033279999999999998,0.075583999999999998,0.0023040000000000001,0.00528,0.73605484574633839,1.8896000000000002,40,0.12083760211518427,4.479576587677002,0.0024595741335315213,0.01485133171081543,0.020354377201121696,0.0028740484267473221,0.075816204425535869,1.7423880100250244,0,0,0,0,88.527473449707031,5323.1627667024732,0.16245003560493387,0.015305953019603014,0.31091050307231299,0.013986964793399405,0,5.1581296920776367,32.865230560302734
307,5.1166666666666663,0,0.10073599999999999,0.16364799999999999,0.0024319999999999997,0.00464,0.0014399999999999999,0.0072639999999999996,0.001792,0.075616000000000003,0.0023040000000000001,0.0052480000000000001,0.75063532401524791,1.8904000000000001,40,0.12132404332808584,4.1984529495239258,0.002489594886985243,0.016699314117431641,0.020520210328408298,0.0028328951448202133,0.075271444051781197,1.8165494203567505,0,0,0,0,88.380050659179688,5354.9126364989206,0.16341896473690554,0.015257950884790282,0.3111274080309403,0.013806826304281098,0,5.1211624145507812,32.646152496337891
308,5.1333333333333329,0,0.099039999999999989,0.16361599999999998,0.00070399999999999998,0.0045439999999999994,0.0014399999999999999,0.0071679999999999999,0.0019840000000000001,0.075679999999999997,0.0022079999999999999,0.0053119999999999999,0.76413570274636511,1.8919999999999999,40,0.1217828646879018,3.9923152923583984,0.0025532270459647406,0.01968085765838623,0.020965404718537421,0.0027852533385157585,0.074635827033881774,1.9009637832641602,0,0,0,0,88.232872009277344,5406.9550332054496,0.16500717264420928,0.015211637936055192,0.31161985559860467,0.013546689728846701,0,5.0736703872680664,33.052234649658203
309,5.1500000000000004,0,0.098912,0.16323199999999999,0.000736,0.0047679999999999997,0.001472,0.0072319999999999997,0.0016639999999999999,0.075583999999999998,0.0022399999999999998,0.0052160000000000002,0.76415399547072138,1.8896000000000002,40,0.12153621177888095,3.7852239608764648,0.0026684937238460921,0.022933363914489746,0.021956367446280645,0.0027285860851407051,0.073872675396802909,1.9692591428756714,0,0,0,0,88.0859375,5498.5850306603825,0.16780349825013374,0.015148848896708282,0.31266923199969016,0.013177379667984825,0,5.0112590789794922,33.825252532958984
310,5.166666666666667,0,0.098847999999999991,0.16284799999999999,0.00057600000000000001,0.0045760000000000002,0.001472,0.0073279999999999994,0.0017599999999999998,0.075616000000000003,0.0023040000000000001,0.0052160000000000002,0.76497248300420861,1.8904000000000001,40,0.12153420790812139,3.5583920478820801,0.0028813641960015665,0.027380228042602539,0.023708256676012143,0.0026641800068318844,0.072995616400327548,2.0222992897033691,0,0,0,0,87.939247131347656,5644.9180948408321,0.17226922896853125,0.015063986063390983,0.31461725274263674,0.012631656339049184,0,4.934931755065918,34.563926696777344
311,5.1833333333333336,0,0.099039999999999989,0.16390399999999999,0.000736,0.0045119999999999995,0.0014399999999999999,0.0072319999999999997,0.001952,0.075839999999999991,0.0021440000000000001,0.0051839999999999994,0.76575121163166393,1.8959999999999997,40,0.12308233370842603,3.3584060668945312,0.0031312150196387773,0.031299114227294922,0.025440003656872646,0.0025957662146538496,0.072052289549380033,2.0555133819580078,0,0,0,0,87.792800903320312,5814.7250032854499,0.1774513245631546,0.014949416189988232,0.31713133527607246,0.012121385831892026,0,4.8478837013244629,34.520645141601562
312,5.2000000000000002,0,0.099136000000000002,0.163968,0.00076800000000000002,0.0044799999999999996,0.0014399999999999999,0.0071679999999999999,0.0020479999999999999,0.075839999999999991,0.002176,0.0052160000000000002,0.76500968366688171,1.8959999999999997,40,0.12472132822648892,3.7604498863220215,0.0033748861919802387,0.034737110137939453,0.027059415097404841,0.0025259712710976601,0.071077018382845233,2.0488145351409912,0,0,0,0,87.646598815917969,5962.1262696427293,0.18194965422493681,0.014757469039032882,0.31909263836880891,0.011940779145325675,0,4.7552781105041504,34.258792877197266
313,5.2166666666666668,0,0.100448,0.16428799999999999,0.0021440000000000001,0.0047039999999999998,0.001472,0.0072959999999999995,0.001632,0.075679999999999997,0.0022399999999999998,0.00528,0.75342465753424659,1.8919999999999999,40,0.12442024086862707,3.4899454116821289,0.0035940775142188279,0.039157390594482422,0.028886598266706018,0.0024596266448497772,0.070137388671802955,1.9814740419387817,0,0,0,0,87.500640869140625,6072.2296390541014,0.18530974240277409,0.014490659029047398,0.31935847628938424,0.012159080963626659,0,4.6664419174194336,32.599037170410156
314,5.2333333333333334,0,0.099103999999999998,0.16364799999999999,0.00070399999999999998,0.0047999999999999996,0.001472,0.0072959999999999995,0.0015999999999999999,0.075839999999999991,0.002176,0.0052160000000000002,0.76525670003228918,1.8959999999999997,40,0.12336855423581934,2.8211526870727539,0.0036535207050851113,0.039841890335083008,0.029614683642165379,0.0024046057369560003,0.069348478526295013,1.871062159538269,0,0,0,0,87.354927062988281,6226.3466248903424,0.19001301955842109,0.01412509143246761,0.31982447476983333,0.012446400619089255,0,4.5965962409973145,30.337488174438477
315,5.25,0,0.099039999999999989,0.16323199999999999,0.00070399999999999998,0.0047039999999999998,0.001472,0.0072319999999999997,0.0017599999999999998,0.075808,0.002176,0.0051839999999999994,0.7654281098546043,1.8952000000000002,40,0.12362571457891618,2.6461343765258789,0.0035438280956706408,0.037773609161376953,0.028665784523400645,0.00236172741279006,0.068727395015234796,1.7505292892456055,0,0,0,0,87.209457397460938,6406.0057807043195,0.19549578188184569,0.013936301954351084,0.32121725557995073,0.012910779779484927,0,4.5472536087036133,28.01667594909668
316,5.2666666666666666,0,0.099136000000000002,0.163136,0.00076800000000000002,0.00496,0.0014399999999999999,0.0071999999999999998,0.001536,0.075583999999999998,0.002336,0.0053119999999999999,0.76242737249838599,1.8896000000000002,40,0.1237097475183154,2.4887332916259766,0.0033410516194820792,0.033362627029418945,0.027007181620732287,0.0023301276378333569,0.068266062400483551,1.6404119729995728,0,0,0,0,87.064224243164062,6570.404246086604,0.20051282489277966,0.013689815830317451,0.32277669823238858,0.013374594165273758,0,4.5168647766113281,25.974380493164062
317,5.2833333333333332,0,0.10105599999999999,0.16326399999999999,0.00070399999999999998,0.0051519999999999995,0.001472,0.0071679999999999999,0.003424,0.075551999999999994,0.002336,0.0052480000000000001,0.74762507916402787,1.8887999999999998,40,0.12443183131265392,2.3806819915771484,0.0031989005918047035,0.029354572296142578,0.025708056837699181,0.0023083728738129139,0.067946638972254017,1.5470706224441528,0,0,0,0,86.919235229492188,6693.2796183696482,0.20426268366606593,0.013430951080073405,0.32322543927808761,0.013583902752369885,0,4.5024809837341309,24.386844635009766
318,5.2999999999999998,0,0.100992,0.163328,0.00067199999999999996,0.0051839999999999994,0.001536,0.0072959999999999995,0.0031999999999999997,0.075551999999999994,0.0023040000000000001,0.0052480000000000001,0.74809885931558928,1.8887999999999998,40,0.12524947216442381,2.316964864730835,0.003075239470924751,0.024437069892883301,0.024552913619369728,0.0022956349421292543,0.067758909999043729,1.4688262939453125,0,0,0,0,86.774490356445312,6809.9183637705282,0.20782221569123926,0.013155297481337092,0.3231645377323159,0.013688577041668568,0,4.5012545585632324,23.108467102050781
319,5.3166666666666664,0,0.099103999999999998,0.163936,0.00076800000000000002,0.0045439999999999994,0.0014399999999999999,0.0072639999999999996,0.0018879999999999999,0.075679999999999997,0.0022399999999999998,0.00528,0.7636422344204068,1.8919999999999999,40,0.12670735999446131,2.5541934967041016,0.003051648137982864,0.020286202430725098,0.02408422161203784,0.0022895056754350662,0.067668392554206078,1.3970080614089966,0,0,0,0,86.629981994628906,6923.1501844612649,0.21127777662540481,0.012917973921691311,0.32285685950753501,0.013766198096095581,0,4.5087885856628418,22.118532180786133
320,5.333333333333333,0,0.099232000000000001,0.16348799999999999,0.000736,0.00464,0.0015039999999999999,0.0071999999999999998,0.0018239999999999999,0.075871999999999995,0.002176,0.00528,0.76459206707513705,1.8968,40,0.12794742024531477,2.9370071887969971,0.0031052435342114682,0.017208576202392578,0.024269684595889122,0.0022902153432369232,0.067678879175661927,1.3301101922988892,0,0,0,0,86.4857177734375,7053.9342326900078,0.21526898903472924,0.012654085764569226,0.32220749936191562,0.013812541247757448,0,4.5258207321166992,21.550729751586914
321,5.3499999999999996,0,0.099007999999999999,0.16326399999999999,0.000736,0.0049919999999999999,0.001472,0.0071679999999999999,0.001472,0.075616000000000003,0.0023040000000000001,0.0052480000000000001,0.7637362637362638,1.8904000000000001,40,0.12891760689384943,3.1464550495147705,0.0031996344662154359,0.018171310424804688,0.024819220146166769,0.0022960144560784101,0.067764510712885848,1.2694355249404907,0,0,0,0,86.341690063476562,7214.5392633269075,0.22017026560445885,0.012413588132878078,0.32126007628585074,0.013879278554423672,0,4.5506439208984375,20.987451553344727
322,5.3666666666666663,0,0.099007999999999999,0.163776,0.00070399999999999998,0.00464,0.0015039999999999999,0.0073279999999999994,0.001632,0.075679999999999997,0.0022079999999999999,0.0053119999999999999,0.76438267614738198,1.8919999999999999,40,0.13052937903466363,3.5996770858764648,0.0033405905863318416,0.018723130226135254,0.025592633712328533,0.0023062308318912983,0.06791510630031139,1.2148098945617676,0,0,0,0,86.197906494140625,7396.3502334617078,0.22571869608952966,0.012257849839073182,0.31978450589342017,0.013934778554721252,0,4.5827846527099609,20.512439727783203
323,5.3833333333333329,0,0.100672,0.16300799999999999,0.0023999999999999998,0.0047039999999999998,0.0013759999999999998,0.0071679999999999999,0.0018879999999999999,0.075616000000000003,0.0023040000000000001,0.0052160000000000002,0.75111252383979665,1.8904000000000001,40,0.13261829229689634,3.9452471733093262,0.0034889775707009972,0.018443822860717773,0.026308418772955724,0.0023194244131445885,0.068109095033550227,1.166826605796814,0,0,0,0,86.054359436035156,7528.2657835930586,0.22974443919656551,0.012410115811825561,0.31783670634505079,0.013770692583201146,0,4.620551586151123,19.51030158996582
324,5.4000000000000004,0,0.100576,0.16361599999999998,0.0020799999999999998,0.0047999999999999996,0.0014399999999999999,0.007136,0.001792,0.075808,0.0022079999999999999,0.0053119999999999999,0.75373846643334397,1.8952000000000002,40,0.13338093566020942,4.2776288986206055,0.0036230319485041997,0.017502546310424805,0.027163041933773394,0.0023364399094134569,0.068358465597370702,1.1215589046478271,0,0,0,0,85.911056518554688,7705.3845178387128,0.23514967400630837,0.012579335318912987,0.31579035386094906,0.013455966935856493,0,4.6643829345703125,18.559146881103516
325,5.416666666666667,0,0.099071999999999993,0.16316799999999998,0.00076800000000000002,0.0049280000000000001,0.001408,0.0071040000000000001,0.001696,0.075616000000000003,0.0023040000000000001,0.0052480000000000001,0.76324289405684764,1.8904000000000001,40,0.13459406865881332,4.4769935607910156,0.0037660496118231313,0.017080426216125488,0.027980799223551279,0.0023584663867950439,0.068679929918354518,1.07822585105896,0,0,0,0,85.767990112304688,7943.7559530483559,0.24242419290308703,0.012812061496196295,0.31360017941719182,0.012977080983923424,0,4.7158422470092773,18.805139541625977
326,5.4333333333333336,0,0.098975999999999995,0.16345599999999999,0.00067199999999999996,0.0045760000000000002,0.001408,0.0071999999999999998,0.0019840000000000001,0.075647999999999993,0.0022399999999999998,0.0052480000000000001,0.7643064985451018,1.8912,40,0.13682816078505311,4.4722762107849121,0.003903447459938693,0.01700592041015625,0.028528100045653024,0.0023840898647904396,0.069052007426148587,1.0427401065826416,0,0,0,0,85.625160217285156,8229.9499853011221,0.25115814164126959,0.013081980742707895,0.31132935973517406,0.012478275804916448,0,4.7730035781860352,19.722217559814453
327,5.4500000000000002,0,0.100992,0.16342399999999999,0.00070399999999999998,0.0050879999999999996,0.001472,0.0072319999999999997,0.003424,0.075616000000000003,0.0022399999999999998,0.0052160000000000002,0.74873257287705963,1.8904000000000001,40,0.13876082025900768,4.4484767913818359,0.004040733721812878,0.017403364181518555,0.029120134302107321,0.0024127108044922352,0.069465254688833258,1.0331772565841675,0,0,0,0,85.482566833496094,8558.6859607528895,0.26119036745461699,0.013389071689484991,0.30866341092561222,0.012081423942677584,0,4.836097240447998,20.023454666137695
328,5.4666666666666668,0,0.099039999999999989,0.16303999999999999,0.00070399999999999998,0.0047359999999999998,0.001472,0.0072319999999999997,0.0016639999999999999,0.075616000000000003,0.0023040000000000001,0.0053119999999999999,0.76348949919224562,1.8904000000000001,40,0.13915318254096423,3.9993205070495605,0.0041760717736182562,0.018581390380859375,0.030010609152894472,0.0024425960145890713,0.069894148747789625,1.0598714351654053,0,0,0,0,85.3402099609375,8835.6677651661303,0.26964318131000153,0.013548783202808411,0.30702296567171816,0.011843610367822843,0,4.9026045799255371,20.631839752197266
329,5.4833333333333334,0,0.10048,0.16303999999999999,0.0021440000000000001,0.0045439999999999994,0.001472,0.0071999999999999998,0.001952,0.075488,0.0023999999999999998,0.00528,0.75127388535031847,1.8872,40,0.13955490608072219,3.8414409160614014,0.0043286723586981792,0.020244836807250977,0.031017701063080955,0.0024739711079746485,0.0703416108427245,1.0958409309387207,0,0,0,0,85.198089599609375,9111.3083988414674,0.27805506588261314,0.013688005144130256,0.30544667876724479,0.011646873435269201,0,4.973484992980957,21.565958023071289
330,5.5,0,0.099167999999999992,0.16345599999999999,0.000736,0.0049280000000000001,0.0014399999999999999,0.0072319999999999997,0.0015999999999999999,0.075839999999999991,0.0021440000000000001,0.0052480000000000001,0.76476282671829621,1.8959999999999997,40,0.13886068814462552,3.3923683166503906,0.0044915594045395078,0.02279961109161377,0.032345795376308953,0.0025064898654818535,0.070802399189319187,1.1499685049057007,0,0,0,0,85.05621337890625,9355.1497365764808,0.28549651295704592,0.013821065665481049,0.30304047179283067,0.011815584821000957,0,5.0473814010620117,21.631887435913086
331,5.5166666666666666,0,0.10239999999999999,0.16403199999999998,0.0021119999999999997,0.0050879999999999996,0.0014399999999999999,0.0071999999999999998,0.003424,0.075616000000000003,0.0022719999999999997,0.0052480000000000001,0.73843750000000008,1.8904000000000001,40,0.13890005868130537,3.4373211860656738,0.0046804506954799966,0.02507472038269043,0.03369653504768419,0.00254098791629076,0.071287978177119876,1.2026511430740356,0,0,0,0,84.914566040039062,9606.1884229283314,0.2931576056801859,0.014185355803991427,0.30079977717930428,0.011954189925760746,0,5.1246628761291504,22.487346649169922
332,5.5333333333333332,0,0.099263999999999991,0.16364799999999999,0.000736,0.0045119999999999995,0.001472,0.0072319999999999997,0.0019199999999999998,0.075871999999999995,0.0022079999999999999,0.0053119999999999999,0.76434558349451964,1.8968,40,0.1396613615231164,3.4342262744903564,0.0049111692122425421,0.026772737503051758,0.035164838425477171,0.0025770959910005331,0.071792701453567448,1.2247196435928345,0,0,0,0,84.773155212402344,9867.1064054663293,0.30112019059650663,0.014554268337795809,0.29916611356286704,0.011954857789238396,0,5.2040591239929199,23.045814514160156
333,5.5499999999999998,0,0.099039999999999989,0.163744,0.00067199999999999996,0.0046719999999999999,0.001472,0.0072959999999999995,0.001696,0.075808,0.0022079999999999999,0.0052160000000000002,0.7654281098546043,1.8952000000000002,40,0.14054074677470615,3.2500348091125488,0.0051438278834245533,0.027815103530883789,0.036600260077387856,0.0026135905645787716,0.072299247085689231,1.2858916521072388,0,0,0,0,84.631980895996094,10162.844270176691,0.31014539398732577,0.014959830642129591,0.29714052199321561,0.012072177595029912,0,5.2834863662719727,24.327999114990234
334,5.5666666666666664,0,0.098975999999999995,0.16348799999999999,0.00070399999999999998,0.0047359999999999998,0.001472,0.0071999999999999998,0.001696,0.075583999999999998,0.0023040000000000001,0.00528,0.7636598771419334,1.8896000000000002,40,0.14115955821542217,2.7290382385253906,0.0054083047899154664,0.028064250946044922,0.038313415388151806,0.0026505426503717899,0.072808552387364361,1.298012375831604,0,0,0,0,84.491043090820312,10508.97937071757,0.32070859895988679,0.015380720938815136,0.29490204300456058,0.01229126395724749,0,5.3623809814453125,24.595712661743164
335,5.583333333333333,0,0.099103999999999998,0.16367999999999999,0.000736,0.0045760000000000002,0.0014399999999999999,0.0071679999999999999,0.001952,0.075871999999999995,0.0022079999999999999,0.0051519999999999995,0.76557959315466573,1.8968,40,0.14244680366453236,2.429445743560791,0.005730022910045849,0.029097557067871094,0.040225703649625376,0.002687280997633934,0.073311404264738159,1.3401316404342651,0,0,0,0,84.350341796875,10861.936320194742,0.33147999024031805,0.015736436036447997,0.29208870698633799,0.012767072971178448,0,5.4396696090698242,25.06004524230957
336,5.5999999999999996,0,0.101184,0.16387199999999999,0.00070399999999999998,0.0051519999999999995,0.001472,0.0072319999999999997,0.0033279999999999998,0.075839999999999991,0.002176,0.00528,0.74952561669829221,1.8959999999999997,40,0.14386779996320545,2.4208641052246094,0.006083861236585184,0.032431960105895996,0.042287858979849186,0.002724135760217905,0.073812407632022209,1.337926983833313,0,0,0,0,84.209877014160156,11263.783871195592,0.34374340427232641,0.01604014650121462,0.28940318884015848,0.013218374648213769,0,5.5162100791931152,25.273014068603516
337,5.6166666666666663,0,0.099039999999999989,0.16387199999999999,0.000736,0.0050239999999999998,0.0014399999999999999,0.0072319999999999997,0.0014399999999999999,0.075616000000000003,0.0022719999999999997,0.00528,0.76348949919224562,1.8904000000000001,40,0.14500347523799784,2.5303397178649902,0.0064269832282957363,0.035828709602355957,0.044322959968697076,0.002759730676189065,0.074293077418950207,1.3479294776916504,0,0,0,0,84.06964111328125,11624.77719968036,0.35476004637696412,0.016168986580554053,0.28859209177919137,0.013380868973206965,0,5.5900230407714844,25.252504348754883
338,5.6333333333333329,0,0.099136000000000002,0.16319999999999998,0.00076800000000000002,0.00464,0.0013439999999999999,0.0072319999999999997,0.001952,0.075583999999999998,0.0023040000000000001,0.0053119999999999999,0.76242737249838599,1.8896000000000002,40,0.14595459823591783,2.8749444484710693,0.0067912885715714199,0.039711236953735352,0.046530144672757269,0.0027942103333771229,0.074755740025460551,1.3094316720962524,0,0,0,0,83.929641723632812,11972.493928468233,0.36537151881311747,0.016234069121167521,0.2876085158436093,0.013648935758503438,0,5.6618537902832031,25.105308532714844
339,5.6500000000000004,0,0.099039999999999989,0.163136,0.000736,0.0047039999999999998,0.0015039999999999999,0.0073279999999999994,0.0015679999999999999,0.075583999999999998,0.0023679999999999999,0.0052480000000000001,0.76316639741518588,1.8896000000000002,40,0.14788931083800622,3.0202550888061523,0.0072106020320089779,0.043950438499450684,0.04875674916023693,0.0028282171115279198,0.075209269528801026,1.2840220928192139,0,0,0,0,83.789871215820312,12329.622221717145,0.37627020940298905,0.01642236376506186,0.28589693773597968,0.013976114613089011,0,5.7331418991088867,24.207839965820312
340,5.666666666666667,0,0.10092799999999999,0.16294400000000001,0.0025279999999999999,0.0047359999999999998,0.001472,0.0072319999999999997,0.001696,0.075583999999999998,0.002336,0.0053439999999999998,0.74889029803424234,1.8896000000000002,40,0.14960593326683444,3.1696252822875977,0.0075916398009364732,0.046471357345581055,0.050744242792805296,0.0028621349483728409,0.07565890494017001,1.2373255491256714,0,0,0,0,83.650337219238281,12696.378452327568,0.38746272132347315,0.016587697153159924,0.28423726474714361,0.014128839972415578,0,5.8050374984741211,24.572795867919922
341,5.6833333333333336,0,0.099039999999999989,0.16345599999999999,0.00067199999999999996,0.00464,0.0014399999999999999,0.0070719999999999993,0.0020479999999999999,0.075583999999999998,0.0023040000000000001,0.00528,0.76316639741518588,1.8896000000000002,40,0.15119051929209276,2.8699405193328857,0.0079526136723777775,0.048849642276763916,0.052599949451947535,0.0028959701303392649,0.076104797882121267,1.1954549551010132,0,0,0,0,83.511032104492188,13070.72055578162,0.398886735711109,0.016716468817943916,0.28225429454835782,0.014336970625976719,0,5.8759088516235352,24.338897705078125
342,5.7000000000000002,0,0.100992,0.16342399999999999,0.00070399999999999998,0.0051519999999999995,0.001472,0.0071999999999999998,0.0033279999999999998,0.075583999999999998,0.0022399999999999998,0.0053119999999999999,0.74841571609632451,1.8896000000000002,40,0.15210329544229942,3.2028703689575195,0.008294008538884276,0.050684630870819092,0.054528789233436556,0.0029304740019142628,0.076556828590456413,1.1494696140289307,0,0,0,0,83.371963500976562,13510.881288198492,0.41231937525019813,0.016795926904274863,0.27993264757328268,0.014517315510120508,0,5.9459447860717773,23.784818649291992
343,5.7166666666666668,0,0.099071999999999993,0.16390399999999999,0.000736,0.0049919999999999999,0.001472,0.007136,0.001536,0.075616000000000003,0.0022719999999999997,0.0053119999999999999,0.76324289405684764,1.8904000000000001,40,0.15313066306638703,3.5300636291503906,0.0086098579263830036,0.05185389518737793,0.056225564194483733,0.0029639904387295246,0.076993382036763716,1.1632776260375977,0,0,0,0,83.233123779296875,13956.352687221923,0.42591408347234871,0.016825018783530796,0.27785369586987024,0.014646373817183589,0,6.0133075714111328,23.867374420166016
344,5.7333333333333334,0,0.10115199999999999,0.16352,0.00070399999999999998,0.0050559999999999997,0.001472,0.0071999999999999998,0.0034879999999999998,0.075808,0.002176,0.0052480000000000001,0.74944637772856693,1.8952000000000002,40,0.1543113243001073,3.7333922386169434,0.0089175535122116376,0.052885055541992188,0.057789365444551738,0.002997271716594696,0.077424436925233056,1.1717879772186279,0,0,0,0,83.094512939453125,14378.162183912849,0.438786687741481,0.017000261336374022,0.27584540532819452,0.014737805001791688,0,6.078557014465332,23.599288940429688
345,5.75,0,0.10083199999999999,0.163776,0.0025599999999999998,0.00464,0.0014399999999999999,0.0072639999999999996,0.001792,0.075616000000000003,0.0023040000000000001,0.0052160000000000002,0.74992066010790237,1.8904000000000001,40,0.15626302307216211,3.5115108489990234,0.0092767441549539333,0.055324792861938477,0.059366214556529739,0.0030299285426735878,0.077845083886827274,1.1621329784393311,0,0,0,0,82.956138610839844,14883.540587105323,0.45420961264359505,0.017400786328399909,0.27390166783887071,0.014921701405871806,0,6.1404485702514648,23.961124420166016
346,5.7666666666666666,0,0.099743999999999999,0.163328,0.0014399999999999999,0.0047679999999999997,0.001408,0.007136,0.0018239999999999999,0.075679999999999997,0.0022079999999999999,0.00528,0.75874238049406484,1.8919999999999999,40,0.15803960897551181,3.4770865440368652,0.0096244263921470546,0.056807279586791992,0.060898824380401728,0.0030623781494796276,0.078260822248167411,1.1656378507614136,0,0,0,0,82.8179931640625,15501.172044954787,0.47305822891097371,0.017913031318054738,0.27152554583318739,0.015249169613488305,0,6.1989250183105469,24.259374618530273
347,5.7833333333333332,0,0.099199999999999997,0.16345599999999999,0.00076800000000000002,0.0046080000000000001,0.001408,0.0071679999999999999,0.0019840000000000001,0.075808,0.0022079999999999999,0.0052480000000000001,0.76419354838709685,1.8952000000000002,40,0.15881352934077778,3.2859678268432617,0.0099130066632286025,0.056545495986938477,0.062419157261832149,0.0030922729056328535,0.078641883314590752,1.1482445001602173,0,0,0,0,82.680076599121094,16036.176027715788,0.48938525475206873,0.018211923254291513,0.26954668184021957,0.015652444390441018,0,6.2499065399169922,24.19230842590332
348,5.7999999999999998,0,0.099136000000000002,0.16303999999999999,0.00076800000000000002,0.0045119999999999995,0.0013759999999999998,0.0071679999999999999,0.0021119999999999997,0.075616000000000003,0.002336,0.0052480000000000001,0.76275016139444807,1.8904000000000001,40,0.15996145404364312,3.1173019409179688,0.010330789709808276,0.05895686149597168,0.064582994519352593,0.003121684305369854,0.079014989785101589,1.1166396141052246,0,0,0,0,82.542388916015625,16580.951875042578,0.5060104942334771,0.018503617697645885,0.26775288510031126,0.016208566494977362,0,6.2969374656677246,23.818363189697266
349,5.8166666666666664,0,0.10060799999999999,0.16316799999999998,0.002336,0.0046080000000000001,0.0014399999999999999,0.0072639999999999996,0.0018239999999999999,0.075616000000000003,0.0023040000000000001,0.0052160000000000002,0.75159033078880422,1.8904000000000001,40,0.16188180991065246,3.5043275356292725,0.010851482852797294,0.062763452529907227,0.06703336748450342,0.0031522363424301147,0.079400709599223546,1.0796852111816406,0,0,0,0,82.404930114746094,17181.032062536739,0.5243234882365948,0.018802251689651609,0.26617819215053229,0.016625326618578257,0,6.3424720764160156,23.270908355712891
350,5.833333333333333,0,0.099232000000000001,0.16288,0.00076800000000000002,0.0045119999999999995,0.001408,0.0071679999999999999,0.0020799999999999998,0.075616000000000003,0.0023040000000000001,0.0053759999999999997,0.76201225411157691,1.8904000000000001,40,0.16292371505257236,3.4805214405059814,0.011300916872272195,0.065560817718505859,0.069363240757342209,0.0031853076070547104,0.079816133795802338,1.0428882837295532,0,0,0,0,82.2677001953125,17835.54549388084,0.54429765301150024,0.019153324211654811,0.26462690358366986,0.017113997654123157,0,6.3891582489013672,22.589435577392578
351,5.8499999999999996,0,0.099007999999999999,0.16303999999999999,0.00070399999999999998,0.0045760000000000002,0.001408,0.0071999999999999998,0.0019840000000000001,0.075455999999999995,0.0024319999999999997,0.0052480000000000001,0.76212023270846796,1.8863999999999996,40,0.16321450151351408,3.4023418426513672,0.011625413682762289,0.067330837249755859,0.071227823354897857,0.0032192452345043421,0.080240204816592317,1.0000224113464355,0,0,0,0,82.130699157714844,18574.426094783819,0.56684649947460386,0.019607873531878841,0.26309283113087756,0.017672791615557137,0,6.4349498748779297,22.080039978027344
352,5.8666666666666663,0,0.09894399999999999,0.16316799999999998,0.00063999999999999994,0.0047359999999999998,0.0015039999999999999,0.0073599999999999994,0.0015039999999999999,0.075616000000000003,0.0022719999999999997,0.0053119999999999999,0.76423027166882285,1.8904000000000001,40,0.16363282932874237,3.1434326171875,0.011841887003250328,0.067464828491210938,0.072368650299749357,0.0032517514191567898,0.080644298238087359,0.98719990253448486,0,0,0,0,81.993927001953125,19394.83316445028,0.59188333631745238,0.019879362571218608,0.26207738343771447,0.018199407481137742,0,6.4777259826660156,21.520170211791992
353,5.8833333333333329,0,0.099071999999999993,0.163328,0.000736,0.0045119999999999995,0.0014399999999999999,0.0071999999999999998,0.002016,0.075455999999999995,0.002464,0.0052480000000000001,0.76162790697674421,1.8863999999999996,40,0.16471785827428637,2.7935585975646973,0.012140529806674908,0.068305015563964844,0.073705000379853364,0.0032832212746143341,0.081033589018558644,0.98694539070129395,0,0,0,0,81.857383728027344,20294.205207348205,0.61932999290003066,0.019979149497186495,0.26122964850177444,0.018920021933146215,0,6.5179572105407715,21.558931350708008
354,5.9000000000000004,0,0.099071999999999993,0.16387199999999999,0.00070399999999999998,0.0046719999999999999,0.001472,0.0073279999999999994,0.0016639999999999999,0.075647999999999993,0.0022719999999999997,0.0053119999999999999,0.76356589147286824,1.8912,40,0.16585553247903417,3.0551018714904785,0.012432337755987255,0.068584680557250977,0.074958836586044117,0.0033120117150247097,0.081388103737889239,0.98526477813720703,0,0,0,0,81.7210693359375,21239.570700502474,0.64818025819404523,0.019927108791706297,0.26106226832086155,0.019657179733781949,0,6.5535244941711426,21.994514465332031
355,5.916666666666667,0,0.10073599999999999,0.163712,0.0023999999999999998,0.00464,0.0014399999999999999,0.0071999999999999998,0.0018239999999999999,0.075647999999999993,0.0023040000000000001,0.00528,0.75095298602287164,1.8912,40,0.1676988095981394,3.6305332183837891,0.012702552399950251,0.068497180938720703,0.075746228791901835,0.0033373283222317696,0.08169857186305976,0.98540753126144409,0,0,0,0,81.584976196289062,22207.601298306836,0.67772220758993029,0.020081083616184076,0.2608352505347617,0.020325849872149446,0,6.5842924118041992,22.247272491455078
356,5.9333333333333336,0,0.099071999999999993,0.16383999999999999,0.000736,0.0047359999999999998,0.001472,0.0072319999999999997,0.001696,0.075583999999999998,0.0023040000000000001,0.0053119999999999999,0.76291989664082693,1.8896000000000002,40,0.16831982318402475,4.0676889419555664,0.012905419098432193,0.067457675933837891,0.07667200959641364,0.0033578937873244286,0.081949908936184049,0.98910129070281982,0,0,0,0,81.449111938476562,23283.623168830101,0.71055978908783268,0.020411296148608659,0.26086877492303684,0.021015696325964506,0,6.6093244552612305,22.30656623840332
357,5.9500000000000002,0,0.099039999999999989,0.16342399999999999,0.000736,0.00464,0.001408,0.0071679999999999999,0.0018879999999999999,0.075616000000000003,0.002336,0.0052480000000000001,0.76348949919224562,1.8904000000000001,40,0.16873201234634477,4.5026202201843262,0.013048884480093037,0.06540226936340332,0.077334966249963735,0.0033744662068784237,0.082151886245885111,0.98656487464904785,0,0,0,0,81.3134765625,24365.731963543971,0.74358312877026278,0.020406487212595657,0.26096695107180001,0.021424427866028828,0,6.629732608795166,22.185914993286133
358,5.9666666666666668,0,0.099103999999999998,0.16336000000000001,0.00076800000000000002,0.0045119999999999995,0.0014399999999999999,0.0072959999999999995,0.0018879999999999999,0.075583999999999998,0.0023040000000000001,0.0053119999999999999,0.76267355505327739,1.8896000000000002,40,0.16911678762930965,4.5801396369934082,0.013211801824869069,0.063460350036621094,0.078122355622247702,0.0033878851681947708,0.082315067493075295,0.97894704341888428,0,0,0,0,81.178062438964844,25455.58199637798,0.77684271229180846,0.020369016567076612,0.26143096573656016,0.022117307867520516,0,6.6445455551147461,21.897663116455078
359,5.9833333333333334,0,0.099071999999999993,0.16358399999999998,0.000736,0.0047359999999999998,0.0015039999999999999,0.0071999999999999998,0.001696,0.075455999999999995,0.0024319999999999997,0.0053119999999999999,0.76162790697674421,1.8863999999999996,40,0.16879612062824684,4.2645406723022461,0.013417390610665285,0.063599705696105957,0.079488738015581969,0.0034005064517259598,0.082468253912956827,0.97039878368377686,0,0,0,0,81.042877197265625,26681.833822589339,0.81426494819913753,0.020496349612294559,0.26233053543534041,0.02278372660092922,0,6.6573629379272461,21.486295700073242
360,6,0,0.10105599999999999,0.16348799999999999,0.00070399999999999998,0.0050879999999999996,0.001472,0.0072319999999999997,0.003392,0.075583999999999998,0.0022399999999999998,0.0053439999999999998,0.7479417352754909,1.8896000000000002,40,0.16813335005328303,3.4093608856201172,0.013574980638926664,0.062866687774658203,0.080739369284110643,0.0034125763922929764,0.082614482898496391,0.95185887813568115,0,0,0,0,80.907913208007812,27853.133552987914,0.8500101792293675,0.020859984160468366,0.26320779989796184,0.023273265252590193,0,6.6694850921630859,21.252386093139648
361,6.0166666666666666,0,0.098847999999999991,0.16323199999999999,0.00057600000000000001,0.0044799999999999996,0.001472,0.0071679999999999999,0.002016,0.075583999999999998,0.0022719999999999997,0.00528,0.76464875364195539,1.8896000000000002,40,0.16816191323000101,2.7331342697143555,0.013689061733962254,0.061700344085693359,0.081404055597531402,0.0034270826727151871,0.082789886734011026,0.93355268239974976,0,0,0,0,80.773178100585938,29007.773755499686,0.88524700181578631,0.021065860985375683,0.26421166526681356,0.023506308823611644,0,6.6877880096435547,20.889715194702148
362,6.0333333333333332,0,0.10102399999999999,0.16319999999999998,0.00070399999999999998,0.0049280000000000001,0.0015039999999999999,0.0073599999999999994,0.0033599999999999997,0.075583999999999998,0.0023040000000000001,0.00528,0.74817865061767508,1.8896000000000002,40,0.16824975461042119,2.7152872085571289,0.013747452347821971,0.060271382331848145,0.081708602664258931,0.0034442823380231857,0.082997377525114435,0.9164198637008667,0,0,0,0,80.638664245605469,30099.865255988378,0.91857498950159844,0.021103715194392358,0.26514353520578021,0.024216898370338934,0,6.7121896743774414,20.265609741210938
363,6.0499999999999998,0,0.10115199999999999,0.16342399999999999,0.00067199999999999996,0.0054079999999999996,0.0015039999999999999,0.0072639999999999996,0.0030079999999999998,0.075839999999999991,0.0022079999999999999,0.0052480000000000001,0.74976273331224297,1.8959999999999997,40,0.16749602709869651,2.8778185844421387,0.01374063751253562,0.05828249454498291,0.082035602578436034,0.0034639248624444008,0.083233705461722665,0.89420598745346069,0,0,0,0,80.504379272460938,31270.327716981286,0.9542946690973293,0.021097614395027522,0.26637959301695702,0.025093484087871043,0,6.7421503067016602,19.91156005859375
364,6.0666666666666664,0,0.100704,0.16361599999999998,0.0022719999999999997,0.0047359999999999998,0.0013759999999999998,0.0071679999999999999,0.0018879999999999999,0.075808,0.002176,0.00528,0.75278042580235138,1.8952000000000002,40,0.16733939343256979,3.0270683765411377,0.013764022974984825,0.057390332221984863,0.082252138558940716,0.003484941553324461,0.083485825782877193,0.867453932762146,0,0,0,0,80.370315551757812,32460.919276941153,0.99062864004337015,0.021400901179786616,0.26750238690181799,0.025897893936965677,0,6.7765979766845703,19.669107437133789
365,6.083333333333333,0,0.099007999999999999,0.16364799999999999,0.000736,0.00464,0.0014399999999999999,0.0072319999999999997,0.001856,0.075583999999999998,0.0023040000000000001,0.0052160000000000002,0.76341305753070454,1.8896000000000002,40,0.16803403073734749,2.9680211544036865,0.013876701544978439,0.056941986083984375,0.082582685686264284,0.0035063026007264853,0.083741299258209334,0.83696889877319336,0,0,0,0,80.236473083496094,33726.655063503713,1.0292558307954014,0.021546081899008983,0.2688521141011046,0.026565245236744556,0,6.8138027191162109,19.437337875366211
366,6.0999999999999996,0,0.099552000000000002,0.163104,0.00070399999999999998,0.0046719999999999999,0.0014399999999999999,0.0072639999999999996,0.001792,0.075871999999999995,0.002464,0.0053439999999999998,0.76213436194149786,1.8968,40,0.1695460625079642,2.1757574081420898,0.014085342850156043,0.057363331317901611,0.083076791296727417,0.0035276494454592466,0.083995826627984882,0.82024258375167847,0,0,0,0,80.102859497070312,35052.850358418247,1.0697280993169631,0.021668297359502153,0.27039689768762898,0.027213231908028362,0,6.8524465560913086,19.145111083984375
367,6.1166666666666663,0,0.099039999999999989,0.16336000000000001,0.00070399999999999998,0.00496,0.0014399999999999999,0.0071679999999999999,0.0015679999999999999,0.075616000000000003,0.0022719999999999997,0.0053119999999999999,0.76348949919224562,1.8904000000000001,40,0.17024954629759195,2.0297856330871582,0.014279868673027203,0.056777015328407288,0.083876104128150511,0.0035480544902384281,0.084238405614522741,0.82667249441146851,0,0,0,0,79.969467163085938,36341.408261470424,1.1090517657919441,0.021626005393345561,0.27217176281076566,0.02755832724818396,0,6.8922371864318848,18.81346321105957
368,6.1333333333333329,0,0.099103999999999998,0.16342399999999999,0.00063999999999999994,0.0045119999999999995,0.0014399999999999999,0.0072319999999999997,0.001952,0.075775999999999996,0.0022399999999999998,0.0053119999999999999,0.76461091378753632,1.8943999999999999,40,0.17117641729354777,2.0124912261962891,0.014474761581476387,0.055726528167724609,0.084560489174474562,0.0035678234416991472,0.084472758232452039,0.82922059297561646,0,0,0,0,79.836296081542969,37727.84532781045,1.1513624672793716,0.021481348857822727,0.27392375536485875,0.028040525364793428,0,6.9339032173156738,18.440370559692383
369,6.1500000000000004,0,0.099039999999999989,0.163296,0.00070399999999999998,0.0045439999999999994,0.001472,0.0071679999999999999,0.001952,0.075616000000000003,0.0022719999999999997,0.0053119999999999999,0.76348949919224562,1.8904000000000001,40,0.17179218377772532,2.0757339000701904,0.014662686014453846,0.054162025451660156,0.085351298831064862,0.0035856047179549932,0.084682993782163762,0.82883024215698242,0,0,0,0,79.703346252441406,39223.576834168052,1.1970085703786637,0.021562665950995617,0.27578556092439194,0.028304203802031934,0,6.9744110107421875,18.03563117980957
370,6.166666666666667,0,0.099103999999999998,0.163776,0.00070399999999999998,0.0046080000000000001,0.0013759999999999998,0.0071679999999999999,0.002016,0.075647999999999993,0.0022719999999999997,0.0053119999999999999,0.76331934129803025,1.8912,40,0.17255299855407971,2.0682837963104248,0.014825970972740512,0.052561521530151367,0.085921259537509079,0.0036016255617141724,0.084871969008786075,0.82512456178665161,0,0,0,0,79.57061767578125,40654.028292858158,1.2406624845232592,0.021817827531045574,0.27763811624131418,0.028223429857584758,0,7.0140781402587891,17.589166641235352
371,6.1833333333333336,0,0.099007999999999999,0.163136,0.00076800000000000002,0.0045760000000000002,0.0014399999999999999,0.007136,0.0019840000000000001,0.075551999999999994,0.0023040000000000001,0.0052480000000000001,0.7630898513251454,1.8887999999999998,40,0.17328287182350791,1.9799966812133789,0.014990804122447979,0.051666736602783203,0.086510593717054815,0.0036152915563434362,0.085032835497158815,0.82083672285079956,0,0,0,0,79.4381103515625,42080.223464469615,1.2841865070944096,0.021968609285408551,0.27918599082280704,0.028365853711800757,0,7.0535802841186523,17.958023071289062
372,6.2000000000000002,0,0.099039999999999989,0.16288,0.00070399999999999998,0.0047039999999999998,0.001472,0.0072959999999999995,0.0016639999999999999,0.075616000000000003,0.0022719999999999997,0.0053119999999999999,0.76348949919224562,1.8904000000000001,40,0.17431239916900093,2.24985671043396,0.015147595573876103,0.051086664199829102,0.086899128496246952,0.0036279330961406231,0.085181372331521205,0.82287544012069702,0,0,0,0,79.305824279785156,43531.587393678099,1.3284786191918365,0.022108204848198424,0.28084733044971105,0.028688636738237329,0,7.0939817428588867,18.672821044921875
373,6.2166666666666668,0,0.10095999999999999,0.16319999999999998,0.00067199999999999996,0.0051199999999999996,0.001472,0.0072639999999999996,0.0033279999999999998,0.075583999999999998,0.0023040000000000001,0.0052160000000000002,0.74865293185419968,1.8896000000000002,40,0.17607441932298659,2.373671293258667,0.015306339560431096,0.050319194793701172,0.086931080728731652,0.0036401387769728899,0.08532454250651321,0.81990134716033936,0,0,0,0,79.173759460449219,45016.165265354568,1.3737843403733694,0.022102058712738414,0.2827387699184063,0.029049547441270012,0,7.1357460021972656,18.800203323364258
374,6.2333333333333334,0,0.100864,0.16307199999999999,0.0024319999999999997,0.0047359999999999998,0.001472,0.0072959999999999995,0.001632,0.075775999999999996,0.002176,0.0053439999999999998,0.75126903553299496,1.8943999999999999,40,0.17730272717683307,2.1440010070800781,0.015417703897242074,0.049602985382080078,0.086956947266046331,0.0036508115008473396,0.085449534824331722,0.81233733892440796,0,0,0,0,79.041908264160156,46430.504928142822,1.4169465615277961,0.022283081102585613,0.28450761027861554,0.029183572008692059,0,7.1782989501953125,18.267648696899414
375,6.25,0,0.098975999999999995,0.16352,0.00070399999999999998,0.0047039999999999998,0.0014399999999999999,0.0071999999999999998,0.0018239999999999999,0.075616000000000003,0.0022719999999999997,0.0052160000000000002,0.76398318784351771,1.8904000000000001,40,0.17778624312251501,1.8515876531600952,0.015493713571888463,0.048660755157470703,0.087147989066912929,0.0036611077375710011,0.085569944928941044,0.80125302076339722,0,0,0,0,78.9102783203125,47824.247812679474,1.4594802188928062,0.022564073878981142,0.28624396500202698,0.029507726713240041,0,7.2231731414794922,17.182512283325195
376,6.2666666666666666,0,0.10012799999999999,0.163328,0.0017599999999999998,0.00464,0.0014399999999999999,0.0072639999999999996,0.001792,0.075647999999999993,0.0022719999999999997,0.0053119999999999999,0.75551294343240649,1.8912,40,0.17795200438250861,1.9196928739547729,0.0155549776084285,0.048095107078552246,0.087411084030236647,0.0036716111935675144,0.08569260403987633,0.787361741065979,0,0,0,0,78.77886962890625,49312.870202121179,1.5049093689612176,0.022686837804697838,0.2880697701881525,0.02992030411149928,0,7.2700672149658203,15.916646957397461
377,6.2833333333333332,0,0.09894399999999999,0.16294400000000001,0.00060799999999999993,0.0045760000000000002,0.0014399999999999999,0.0072639999999999996,0.0018879999999999999,0.075455999999999995,0.0024319999999999997,0.00528,0.76261319534282024,1.8863999999999996,40,0.17860492834850372,2.0047717094421387,0.015626825285632882,0.047414660453796387,0.087493807870413096,0.0036821099929511547,0.085815033565817059,0.77181142568588257,0,0,0,0,78.647682189941406,50868.894352259224,1.5523954575274421,0.0227545817213557,0.28991759975937237,0.030159685003294474,0,7.3192501068115234,15.418963432312012
378,6.2999999999999998,0,0.099071999999999993,0.163712,0.00063999999999999994,0.0047359999999999998,0.001472,0.0073599999999999994,0.0015679999999999999,0.075839999999999991,0.0022079999999999999,0.0052480000000000001,0.76550387596899216,1.8959999999999997,40,0.18021894728727672,2.0565009117126465,0.0157171573337445,0.046239256858825684,0.087211459007640726,0.0036926788743585348,0.085938104172230079,0.75582480430603027,0,0,0,0,78.516708374023438,52339.287047400889,1.5972682814758572,0.022962560537831377,0.29161251851040598,0.030338121909980673,0,7.371060848236084,15.110504150390625
379,6.3166666666666664,0,0.10073599999999999,0.16352,0.002464,0.0047039999999999998,0.0014399999999999999,0.0071679999999999999,0.001856,0.075616000000000003,0.0022399999999999998,0.0052480000000000001,0.75063532401524791,1.8904000000000001,40,0.18087407870081096,2.1312026977539062,0.015817103899428923,0.044250845909118652,0.087448151847078381,0.0037027047947049141,0.086054689525962666,0.73966699838638306,0,0,0,0,78.385955810546875,53960.251980791654,1.6467362054684953,0.023275724973843222,0.29349732264373729,0.030767039456305156,0,7.4246749877929688,14.988855361938477
380,6.333333333333333,0,0.099071999999999993,0.163712,0.00070399999999999998,0.0046080000000000001,0.001472,0.0073279999999999994,0.0017599999999999998,0.075551999999999994,0.002336,0.0053119999999999999,0.76259689922480622,1.8887999999999998,40,0.1821986108503188,2.2837510108947754,0.015901453791762443,0.042831003665924072,0.08727538435968607,0.0037122976500540972,0.086166091359119887,0.72559827566146851,0,0,0,0,78.255416870117188,55610.560726013435,1.6970996315311717,0.023533545938645487,0.29531884681317738,0.03131439058552575,0,7.479827880859375,14.844741821289062
381,6.3499999999999996,0,0.098975999999999995,0.163104,0.00067199999999999996,0.0047359999999999998,0.001472,0.0072639999999999996,0.0016639999999999999,0.075583999999999998,0.0023040000000000001,0.00528,0.7636598771419334,1.8896000000000002,40,0.18288432690947806,2.2311909198760986,0.015947387429710684,0.041831910610198975,0.087199311713595531,0.0037211342714726925,0.086268583754141842,0.71342802047729492,0,0,0,0,78.125099182128906,57282.675882241834,1.7481285364453685,0.023873050538834897,0.29714654523445705,0.031936823136870095,0,7.5369086265563965,14.668842315673828
382,6.3666666666666663,0,0.10073599999999999,0.16307199999999999,0.0023679999999999999,0.0047679999999999997,0.0014399999999999999,0.0071999999999999998,0.0017279999999999999,0.075488,0.002464,0.00528,0.74936467598475232,1.8872,40,0.18320715560220771,2.2588348388671875,0.015949905717757548,0.040966033935546875,0.087059403686115339,0.0037278172094374895,0.086346015651418334,0.70316553115844727,0,0,0,0,77.9949951171875,58989.875456282163,1.8002281328211109,0.02400632804665332,0.29915176177482755,0.032338742646300586,0,7.5923557281494141,14.487325668334961
383,6.3833333333333329,0,0.098975999999999995,0.16323199999999999,0.000736,0.00464,0.001472,0.0071679999999999999,0.001856,0.075423999999999991,0.0024319999999999997,0.0052480000000000001,0.76204332363401228,1.8855999999999997,40,0.18440065205462888,2.2985715866088867,0.015913004042446006,0.039706051349639893,0.086295812217257031,0.0037328756880015135,0.086404579600869696,0.69675314426422119,0,0,0,0,77.8651123046875,60660.933264264255,1.8512247700275957,0.024110394694478784,0.30090430303657961,0.032820033485906654,0,7.646543025970459,14.289112091064453
384,6.4000000000000004,0,0.09894399999999999,0.16345599999999999,0.00067199999999999996,0.0045119999999999995,0.001472,0.0072319999999999997,0.0019199999999999998,0.075583999999999998,0.0022719999999999997,0.00528,0.76390685640362233,1.8896000000000002,40,0.18567735200267754,2.3169679641723633,0.015873604843466376,0.039209723472595215,0.08549025862474316,0.0037368102930486202,0.086450104604316361,0.694041907787323,0,0,0,0,77.735443115234375,62397.714179435556,1.9042271172923448,0.024279915233223464,0.30240946636338095,0.033343229664914459,0,7.6995019912719727,14.453627586364746
385,6.416666666666667,0,0.098912,0.16390399999999999,0.00070399999999999998,0.0047039999999999998,0.001472,0.0073279999999999994,0.0015999999999999999,0.075616000000000003,0.0022719999999999997,0.0052160000000000002,0.7644775153671951,1.8904000000000001,40,0.18683191325810389,2.3222355842590332,0.015826531206411313,0.03876042366027832,0.084709999113199319,0.0037402363959699869,0.086489726510956044,0.69168370962142944,0,0,0,0,77.605987548828125,64249.859737409482,1.9607501140566859,0.024530457699962115,0.30387202265900071,0.033916905637885304,0,7.7524595260620117,15.109492301940918
386,6.4333333333333336,0,0.099103999999999998,0.163104,0.00070399999999999998,0.0047039999999999998,0.001472,0.0072639999999999996,0.0017279999999999999,0.075616000000000003,0.0022719999999999997,0.0053439999999999998,0.76299644817565393,1.8904000000000001,40,0.18825355737676114,2.3235960006713867,0.015771995822538375,0.037329196929931641,0.083780599114911286,0.0037411646917462349,0.086500458862901239,0.68865096569061279,0,0,0,0,77.476753234863281,66060.641198855505,2.0160107787736665,0.024601588241498488,0.30510849948851804,0.034649094410379035,0,7.8028907775878906,15.685262680053711
387,6.4500000000000002,0,0.099007999999999999,0.16319999999999998,0.000736,0.0045439999999999994,0.0014399999999999999,0.0071999999999999998,0.002016,0.075583999999999998,0.0022719999999999997,0.0052160000000000002,0.76341305753070454,1.8896000000000002,40,0.18955226152756899,2.3166046142578125,0.015723360309474851,0.036091089248657227,0.082950001138277121,0.0037412657402455807,0.086501627039560131,0.68424087762832642,0,0,0,0,77.347732543945312,67892.678417501505,2.0719201177216036,0.02476096032678456,0.30640563854797676,0.035183765947507502,0,7.852881908416748,16.151205062866211
388,6.4666666666666668,0,0.10105599999999999,0.163744,0.00070399999999999998,0.0047679999999999997,0.001536,0.0073599999999999994,0.0034879999999999998,0.075455999999999995,0.0024319999999999997,0.0053119999999999999,0.746675110829639,1.8863999999999996,40,0.1909281247454829,2.2371835708618164,0.015694161547708526,0.035831570625305176,0.082199317510867814,0.0037414382677525282,0.086503621516703308,0.67965984344482422,0,0,0,0,77.218925476074219,69648.750856399405,2.1255111955688295,0.024819605916739602,0.30785100600115706,0.035615782580407811,0,7.9048051834106445,16.467363357543945
389,6.4833333333333334,0,0.100768,0.16316799999999998,0.0025279999999999999,0.0048960000000000002,0.001472,0.0072319999999999997,0.001536,0.075551999999999994,0.0022719999999999997,0.00528,0.74976182915211176,1.8887999999999998,40,0.19164747491064302,2.2325778007507324,0.015653256853553194,0.035814285278320312,0.081677344618558814,0.0037422177847474813,0.08651263242726441,0.67533087730407715,0,0,0,0,77.09033203125,71428.133971324743,2.1798136587928694,0.025048456836895439,0.30925706222992816,0.035771018499890665,0,7.9587984085083008,16.650985717773438
390,6.5,0,0.10115199999999999,0.163328,0.00070399999999999998,0.0048639999999999994,0.0015039999999999999,0.007456,0.0033599999999999997,0.075839999999999991,0.0022079999999999999,0.0052160000000000002,0.74976273331224297,1.8959999999999997,40,0.19304358579518902,2.1714029312133789,0.015631822311098487,0.039807498455047607,0.080975611008817366,0.0037443572655320168,0.086537359163912753,0.67066717147827148,0,0,0,0,76.961952209472656,73232.550357754633,2.2348800768357737,0.025371404083360995,0.31067911459442038,0.036053238774575357,0,8.0158786773681641,16.711282730102539
391,6.5166666666666666,0,0.099007999999999999,0.16316799999999998,0.000736,0.00464,0.0014399999999999999,0.0072639999999999996,0.0017599999999999998,0.075488,0.002464,0.0052160000000000002,0.76244343891402711,1.8872,40,0.19386879447779826,2.1203250885009766,0.015561961063722566,0.043839871883392334,0.08027058251246677,0.0037468764930963516,0.086566465713881977,0.66673541069030762,0,0,0,0,76.833786010742188,75204.939416927416,2.2950726140419744,0.025632636804000006,0.31231032113981577,0.036335010136377785,0,8.0753803253173828,16.643957138061523
392,6.5333333333333332,0,0.099103999999999998,0.16348799999999999,0.00076800000000000002,0.0045119999999999995,0.0015039999999999999,0.0071040000000000001,0.0020479999999999999,0.075583999999999998,0.002336,0.0052480000000000001,0.76267355505327739,1.8896000000000002,40,0.19468391356984124,2.041388988494873,0.015478301855319914,0.048535823822021484,0.079504780705814196,0.0037487149238586426,0.086587700325838915,0.66419398784637451,0,0,0,0,76.705833435058594,77249.951623330242,2.3574814338174512,0.025965857848969393,0.31390974687473761,0.036628824301375186,0,8.1349544525146484,16.405067443847656
393,6.5499999999999998,0,0.098879999999999996,0.16323199999999999,0.000544,0.0045119999999999995,0.0014399999999999999,0.0071999999999999998,0.002016,0.075647999999999993,0.0022399999999999998,0.00528,0.7650485436893204,1.8912,40,0.19627353739666645,2.0392434597015381,0.015422512035307688,0.053753972053527832,0.078576624438876738,0.0037507773377001286,0.086611515835945604,0.6618274450302124,0,0,0,0,76.578094482421875,79154.212563679554,2.4155948658349473,0.026367870489026717,0.31530343071908556,0.036931468943761682,0,8.1950922012329102,16.08268928527832
394,6.5666666666666664,0,0.10092799999999999,0.16278399999999998,0.0025919999999999997,0.0046080000000000001,0.0014399999999999999,0.0073279999999999994,0.0017279999999999999,0.075647999999999993,0.0022719999999999997,0.0053119999999999999,0.74952441344324672,1.8912,40,0.19853176145939549,2.0970644950866699,0.015413351215773858,0.059243321418762207,0.077636702069589295,0.0037548760883510113,0.086658826305818518,0.66054964065551758,0,0,0,0,76.450569152832031,81127.977468906771,2.4758293905306021,0.026537433577913449,0.3168568704332646,0.037484415469129694,0,8.2589473724365234,15.654650688171387
395,6.583333333333333,0,0.099071999999999993,0.163776,0.000736,0.0045439999999999994,0.0014399999999999999,0.0071999999999999998,0.002016,0.075679999999999997,0.0022079999999999999,0.0052480000000000001,0.76388888888888895,1.8919999999999999,40,0.2006364288966701,2.0952339172363281,0.015398888201712613,0.06474459171295166,0.076750210748832676,0.0037614030297845602,0.08673411128021731,0.66634070873260498,0,0,0,0,76.323257446289062,83170.186435598283,2.5381526622191859,0.026398962871865255,0.31849673195289863,0.037830113658598126,0,8.3286809921264648,15.208257675170898
396,6.5999999999999996,0,0.099519999999999997,0.163104,0.00060799999999999993,0.0046080000000000001,0.001408,0.0072319999999999997,0.0019199999999999998,0.075903999999999999,0.0025279999999999999,0.0053119999999999999,0.76270096463022508,1.8976,40,0.20238028237020889,2.104896068572998,0.015376421973287497,0.070451498031616211,0.075977865991706722,0.003770170733332634,0.086835139584532636,0.67655849456787109,0,0,0,0,76.196159362792969,85214.747003003125,2.6005476990662575,0.026360819275918934,0.31995299547602885,0.038036100862526463,0,8.4041652679443359,14.771122932434082
397,6.6166666666666663,0,0.10095999999999999,0.16390399999999999,0.00057600000000000001,0.0052480000000000001,0.001472,0.0072959999999999995,0.0031359999999999999,0.075712000000000002,0.0022399999999999998,0.00528,0.74992076069730595,1.8928,40,0.20383439533594325,2.100940465927124,0.015368169704248843,0.076454043388366699,0.075395370241220949,0.0037811780348420143,0.086961808109560543,0.68820434808731079,0,0,0,0,76.069267272949219,87341.625817954744,2.6654548894639509,0.026385572773839776,0.32116424856732917,0.038339851808907408,0,8.4859485626220703,14.853391647338867
398,6.6333333333333329,0,0.099103999999999998,0.16294400000000001,0.000736,0.0047039999999999998,0.001472,0.0071679999999999999,0.001792,0.075583999999999998,0.002336,0.0053119999999999999,0.76267355505327739,1.8896000000000002,40,0.20556522831160245,2.0809721946716309,0.015404468347577641,0.082440495491027832,0.074937130535651916,0.0037947320379316807,0.087117530244281843,0.70060819387435913,0,0,0,0,75.942588806152344,89517.935068906605,2.7318705770540346,0.026300622190605822,0.32235490881598505,0.038644383789900962,0,8.5723190307617188,15.01600456237793
399,6.6499999999999995,0,0.099103999999999998,0.163552,0.00067199999999999996,0.0044479999999999997,0.0014399999999999999,0.0073279999999999994,0.0019199999999999998,0.075903999999999999,0.002176,0.0052160000000000002,0.76590248627704227,1.8976,40,0.20657095031939898,2.0510439872741699,0.015476505595783317,0.088835358619689941,0.074921016589475045,0.0038102578837424517,0.087295565565983377,0.71090996265411377,0,0,0,0,75.816123962402344,91801.836942711612,2.8015697309177128,0.026483873520485719,0.32357832200084474,0.038813106085116948,0,8.6613225936889648,14.898818016052246
400,6.666666666666667,0,0.099199999999999997,0.16352,0.00070399999999999998,0.0046719999999999999,0.0015039999999999999,0.0072319999999999997,0.001696,0.075903999999999999,0.0022079999999999999,0.00528,0.76516129032258062,1.8976,40,0.20710318593174587,2.0651683807373047,0.015564048991256326,0.095285415649414062,0.075151180901609618,0.0038278009742498398,0.087496296770204388,0.71873015165328979,0,0,0,0,75.689865112304688,94137.414576100127,2.8728459038116494,0.026545486662216795,0.32461359575694687,0.039026577872837753,0,8.7525482177734375,14.587113380432129
401,6.6833333333333336,0,0.099071999999999993,0.16307199999999999,0.00076800000000000002,0.0044479999999999997,0.001472,0.0073599999999999994,0.001856,0.075583999999999998,0.002336,0.0052480000000000001,0.76291989664082693,1.8896000000000002,40,0.20850502727586032,2.2145993709564209,0.015706577653912111,0.10190045833587646,0.075329491375436694,0.0038470721337944269,0.087716271395841108,0.72361421585083008,0,0,0,0,75.563819885253906,96544.987189801061,2.9463191891418781,0.026595291466919271,0.32564839174454158,0.039461577206249474,0,8.8435945510864258,14.399960517883301
402,6.7000000000000002,0,0.099103999999999998,0.16380799999999998,0.000736,0.0050559999999999997,0.0014399999999999999,0.0071679999999999999,0.001472,0.075903999999999999,0.0021440000000000001,0.0051839999999999994,0.76590248627704227,1.8976,40,0.20986372005510853,2.2765891551971436,0.015890263291338289,0.10844910144805908,0.075717057179609859,0.0038677405100315809,0.087951583385764934,0.72523766756057739,0,0,0,0,75.437980651855469,99106.716813318999,3.0244969730627136,0.026710770367504837,0.32668523013418227,0.03980240111408271,0,8.9337043762207031,14.363369941711426
403,6.7166666666666668,0,0.099039999999999989,0.16319999999999998,0.00079999999999999993,0.0044479999999999997,0.0014399999999999999,0.0072319999999999997,0.0019840000000000001,0.075647999999999993,0.0022719999999999997,0.0052160000000000002,0.76381260096930537,1.8912,40,0.21159967050873751,2.2010645866394043,0.016191043841075968,0.11531198024749756,0.076517339569332626,0.0038905630353838205,0.088210691363165505,0.72537487745285034,0,0,0,0,75.312355041503906,101551.34635817264,3.0991011461844677,0.026670464872370358,0.32758212585007257,0.040137106590429121,0,9.023097038269043,14.376618385314941
404,6.7333333333333334,0,0.099232000000000001,0.163936,0.00076800000000000002,0.0045439999999999994,0.0014399999999999999,0.0072319999999999997,0.0019199999999999998,0.075871999999999995,0.002176,0.00528,0.76459206707513705,1.8968,40,0.21315838659949654,2.1749365329742432,0.016528554573821876,0.12183010578155518,0.077541188209861014,0.0039167720824480057,0.088507311364067615,0.72307729721069336,0,0,0,0,75.186935424804688,104122.20694345506,3.1775575849443074,0.02661742775876207,0.32850213592688737,0.040270049724719828,0,9.1135644912719727,14.475048065185547
405,6.75,0,0.10105599999999999,0.163296,0.00070399999999999998,0.0047999999999999996,0.001536,0.0073279999999999994,0.0034879999999999998,0.075583999999999998,0.0023040000000000001,0.0053119999999999999,0.7479417352754909,1.8896000000000002,40,0.21507071730677357,2.4339356422424316,0.016961808494064968,0.12900090217590332,0.078866192043572828,0.0039463513530790806,0.088840884204054171,0.71970808506011963,0,0,0,0,75.061729431152344,106817.83078966389,3.2598214962665981,0.026612839946083978,0.32927112382832041,0.040130159970319136,0,9.2051401138305664,14.583657264709473
406,6.7666666666666666,0,0.099167999999999992,0.16319999999999998,0.000736,0.0045439999999999994,0.0014399999999999999,0.0072959999999999995,0.001856,0.075647999999999993,0.0022719999999999997,0.0053759999999999997,0.76282671829622462,1.8912,40,0.21682701245032324,2.5906291007995605,0.017502526133935228,0.13668608665466309,0.080721151558296705,0.0039788028225302696,0.089205412644416032,0.71588718891143799,0,0,0,0,74.936729431152344,109500.03697767157,3.3416759331564809,0.026628504238728843,0.32982006624065591,0.040000135152409015,0,9.2964315414428711,14.928765296936035
407,6.7833333333333332,0,0.099007999999999999,0.163296,0.000736,0.0045760000000000002,0.001472,0.0073919999999999993,0.001696,0.075583999999999998,0.0023040000000000001,0.0052480000000000001,0.76341305753070454,1.8896000000000002,40,0.21870060771810609,2.8093700408935547,0.018075768197311257,0.14377152919769287,0.082650745171270842,0.0040148152038455009,0.089608205024378218,0.7119300365447998,0,0,0,0,74.811935424804688,112306.36586050389,3.4273182940827605,0.026388109531848728,0.3300659989383769,0.039923995183524005,0,9.3872537612915039,15.313573837280273
408,6.7999999999999998,0,0.099039999999999989,0.16428799999999999,0.00067199999999999996,0.0046719999999999999,0.0015039999999999999,0.0073279999999999994,0.001632,0.075839999999999991,0.002176,0.0052160000000000002,0.76575121163166393,1.8959999999999997,40,0.22006912654508537,2.9403862953186035,0.018697982147539573,0.15054547786712646,0.084964131230415615,0.0040542231872677803,0.090046912076625713,0.70733648538589478,0,0,0,0,74.687355041503906,115239.50450690053,3.5168305818756265,0.026234607858845457,0.33027682486203108,0.039955203745699601,0,9.4758586883544922,15.714722633361816
409,6.8166666666666664,0,0.100768,0.163104,0.0025279999999999999,0.0046719999999999999,0.001472,0.0072639999999999996,0.001696,0.075583999999999998,0.002336,0.0052160000000000002,0.75007939028262938,1.8896000000000002,40,0.22161225625118933,3.1042566299438477,0.01939926854080706,0.15701007843017578,0.087536984050280611,0.0040959403850138187,0.090509009330716012,0.70193910598754883,0,0,0,0,74.562980651855469,118411.54756554797,3.6136336537337637,0.026264157642434414,0.33026025071340792,0.040235899153686694,0,9.559849739074707,16.134521484375
410,6.833333333333333,0,0.099103999999999998,0.16323199999999999,0.00076800000000000002,0.0045119999999999995,0.001472,0.0072319999999999997,0.001952,0.075583999999999998,0.0023040000000000001,0.00528,0.76267355505327739,1.8896000000000002,40,0.22351870895012887,3.1905608177185059,0.020203444876742142,0.16313827037811279,0.090388160219956798,0.0041399393230676651,0.090993838506435859,0.70380514860153198,0,0,0,0,74.438812255859375,121570.04298749421,3.7100232845304628,0.026208274201982174,0.33000078604198235,0.040434487063202816,0,9.6390848159790039,16.515247344970703
411,6.8499999999999996,0,0.099199999999999997,0.163936,0.00076800000000000002,0.0045760000000000002,0.001408,0.0071999999999999998,0.0019840000000000001,0.075839999999999991,0.0022079999999999999,0.0052160000000000002,0.76451612903225796,1.8959999999999997,40,0.22547388803201729,3.2528343200683594,0.021092194923723422,0.16879081726074219,0.093546064725367806,0.0041870041750371456,0.091509607965908651,0.70753693580627441,0,0,0,0,74.314849853515625,124899.2976105783,3.8116240725884492,0.026143695998154425,0.32967833436419375,0.040714799290715149,0,9.7150697708129883,16.792207717895508
412,6.8666666666666663,0,0.099039999999999989,0.16300799999999999,0.00070399999999999998,0.0047359999999999998,0.001472,0.0071999999999999998,0.0017279999999999999,0.075616000000000003,0.0023040000000000001,0.00528,0.76348949919224562,1.8904000000000001,40,0.22771247509827808,3.3869857788085938,0.022059042973484533,0.174233078956604,0.096872351696867309,0.004238007590174675,0.092065276735310744,0.7092057466506958,0,0,0,0,74.191093444824219,128256.75202771375,3.9140854500645066,0.026161852379867932,0.32937734169226113,0.040975416903814538,0,9.7895402908325195,16.968357086181641
413,6.8833333333333329,0,0.099007999999999999,0.163552,0.000736,0.0044799999999999996,0.0014399999999999999,0.0072639999999999996,0.001952,0.075488,0.0023679999999999999,0.00528,0.76244343891402711,1.8872,40,0.23000325861467616,3.4488010406494141,0.023155467552023631,0.18016314506530762,0.1006745195328555,0.0042942743748426437,0.092674423384692756,0.70489788055419922,0,0,0,0,74.067543029785156,131725.01767279615,4.0199285178465622,0.026191514623174619,0.32880613185850249,0.04134379185666999,0,9.8645076751708984,17.107318878173828
414,6.8999999999999995,0,0.099007999999999999,0.163328,0.00070399999999999998,0.0047039999999999998,0.001472,0.0073279999999999994,0.001632,0.075583999999999998,0.0022719999999999997,0.0053119999999999999,0.76341305753070454,1.8896000000000002,40,0.23256811782276554,3.475947380065918,0.024322483440849196,0.18585717678070068,0.10458219152542983,0.0043563051149249077,0.093341363981087264,0.68713784217834473,0,0,0,0,73.944198608398438,135292.62312997773,4.1288031961052774,0.026269858368778647,0.32811903490270888,0.041697586944268575,0,9.9393272399902344,17.230899810791016
415,6.916666666666667,0,0.099039999999999989,0.16342399999999999,0.00070399999999999998,0.0046719999999999999,0.0014399999999999999,0.0072639999999999996,0.0017599999999999998,0.075679999999999997,0.0022079999999999999,0.0053119999999999999,0.76413570274636511,1.8919999999999999,40,0.23471416728239203,3.4477429389953613,0.025599698650314744,0.19175148010253906,0.10906754776125183,0.0044262120500206947,0.094087321675353205,0.6735072135925293,0,0,0,0,73.821060180664062,138919.10368240389,4.2394745996827359,0.026483594711434529,0.32749083449024557,0.041829042639040748,0,10.016817092895508,17.354759216308594
416,6.9333333333333336,0,0.100768,0.163104,0.0023679999999999999,0.00464,0.001408,0.0071679999999999999,0.0019199999999999998,0.075616000000000003,0.0023679999999999999,0.00528,0.75039695141314711,1.8904000000000001,40,0.23677440152806056,3.5304722785949707,0.026994145576985002,0.19789791107177734,0.11400787163972993,0.0045048869214951992,0.094919828502744344,0.65211945772171021,0,0,0,0,73.698127746582031,142603.84594094416,4.3519240094282274,0.026763860541369363,0.32674458402311379,0.041897491885324309,0,10.097278594970703,17.486129760742188
417,6.9500000000000002,0,0.099103999999999998,0.16323199999999999,0.000736,0.0048960000000000002,0.001472,0.0071679999999999999,0.0015999999999999999,0.075647999999999993,0.0022719999999999997,0.0053119999999999999,0.76331934129803025,1.8912,40,0.23872195590918047,3.3805828094482422,0.028462129908823231,0.2033390998840332,0.11922711424018066,0.0045931292697787285,0.095844971383779218,0.61403405666351318,0,0,0,0,73.575401306152344,146304.31082608463,4.4648532356593211,0.027051716572747984,0.32592400182538012,0.041964070718117731,0,10.179824829101562,17.87004280090332
418,6.9666666666666668,0,0.101088,0.16345599999999999,0.00070399999999999998,0.0053119999999999999,0.001472,0.0072319999999999997,0.0031679999999999998,0.075679999999999997,0.0022399999999999998,0.00528,0.74865463754352646,1.8919999999999999,40,0.2413973223322404,3.4217872619628906,0.029987991038557087,0.20862662792205811,0.1242266929426995,0.004692835733294487,0.096879675198614151,0.56350857019424438,0,0,0,0,73.452873229980469,150033.10394599359,4.578646971008105,0.027027368845209326,0.32488273889463282,0.04197144043549534,0,10.266464233398438,18.305740356445312
419,6.9833333333333334,0,0.098912,0.16345599999999999,0.00070399999999999998,0.0047679999999999997,0.0015039999999999999,0.0072639999999999996,0.0015999999999999999,0.075583999999999998,0.0022719999999999997,0.0052160000000000002,0.76415399547072138,1.8896000000000002,40,0.24340350453577697,3.6181583404541016,0.031603488424317851,0.21480867266654968,0.12983990713113405,0.0048054545186460018,0.098035243852871629,0.54730880260467529,0,0,0,0,73.330551147460938,154047.41703831451,4.7011540844212192,0.026990183540582163,0.3236701754109359,0.042035893128555539,0,10.358034133911133,18.692663192749023
420,7,0,0.099263999999999991,0.163936,0.000736,0.0044799999999999996,0.0014399999999999999,0.0072639999999999996,0.0019840000000000001,0.075808,0.002176,0.0053759999999999997,0.76370083816892331,1.8952000000000002,40,0.24632873366910127,3.7826976776123047,0.033282112386884909,0.22216653823852539,0.13511258670940715,0.0049327714368700981,0.099325439207386318,0.54198628664016724,0,0,0,0,73.20843505859375,158296.88847080717,4.8308376608522696,0.026978807807668006,0.32219740345735409,0.042166076645748021,0,10.455028533935547,19.021366119384766
421,7.0166666666666666,0,0.098975999999999995,0.16319999999999998,0.00063999999999999994,0.0047679999999999997,0.001472,0.0072959999999999995,0.0015679999999999999,0.075583999999999998,0.0023679999999999999,0.00528,0.7636598771419334,1.8896000000000002,40,0.24984830485969903,3.9227018356323242,0.035006587031848571,0.22945857048034668,0.14011136498006793,0.005076785571873188,0.10076493012822654,0.55154258012771606,0,0,0,0,73.086524963378906,162644.74779973374,4.9635237975992963,0.02691121183026773,0.3207224907083534,0.042474438500418883,0,10.560518264770508,19.276533126831055
422,7.0333333333333332,0,0.09894399999999999,0.163296,0.00070399999999999998,0.0046080000000000001,0.001408,0.0071999999999999998,0.001952,0.075423999999999991,0.0023999999999999998,0.0052480000000000001,0.76228978007761961,1.8855999999999997,40,0.25316476391832127,4.0082015991210938,0.036758604955796165,0.23594427108764648,0.1451963708806476,0.0052394978702068329,0.10236696606041261,0.56735080480575562,0,0,0,0,72.964813232421875,167018.16530861059,5.0969899080996885,0.026999742478064952,0.31909773636310801,0.042803242994179834,0,10.678157806396484,19.435409545898438
423,7.0499999999999998,0,0.099103999999999998,0.16380799999999998,0.00070399999999999998,0.00464,0.001472,0.0073279999999999994,0.001696,0.075808,0.0022079999999999999,0.0052480000000000001,0.76493380690991286,1.8952000000000002,40,0.25678905450780931,3.9713926315307617,0.038577429722283202,0.24239802360534668,0.1502300391900466,0.0054226135835051537,0.10414042042843071,0.58164966106414795,0,0,0,0,72.843307495117188,171469.52777616121,5.2328347099658572,0.027217482643502586,0.31723613643576781,0.042937010391989557,0,10.809274673461914,19.48895263671875
424,7.0666666666666664,0,0.099103999999999998,0.163968,0.000736,0.0045439999999999994,0.0014399999999999999,0.0072959999999999995,0.001856,0.075679999999999997,0.0022719999999999997,0.00528,0.7636422344204068,1.8919999999999999,40,0.26025751336838332,3.9290580749511719,0.040465108931352224,0.24951565265655518,0.15548104032668444,0.0056284521706402302,0.10609855956270312,0.60139399766921997,0,0,0,0,72.722000122070312,176183.20366709167,5.3766846822232566,0.027347021231338975,0.3150107552273006,0.04310699463504649,0,10.955554962158203,19.897125244140625
425,7.083333333333333,0,0.099103999999999998,0.16406399999999999,0.00070399999999999998,0.0045119999999999995,0.001472,0.0072319999999999997,0.001952,0.075808,0.002176,0.0052480000000000001,0.76493380690991286,1.8952000000000002,40,0.26354938063558692,3.9927253723144531,0.042418603408703362,0.25671660900115967,0.16095125439644309,0.0058575468137860298,0.1082362860946922,0.62470817565917969,0,0,0,0,72.600898742675781,181129.95333337929,5.5276475016290068,0.027363435722612177,0.31281540495669319,0.043338752874482467,0,11.11433219909668,20.407115936279297
426,7.0999999999999996,0,0.103168,0.16358399999999998,0.00070399999999999998,0.0047999999999999996,0.0053119999999999999,0.0071679999999999999,0.0019199999999999998,0.075839999999999991,0.0021440000000000001,0.00528,0.73511166253101734,1.8959999999999997,40,0.26735803504649536,4.0442352294921875,0.044447362254728728,0.26685631275177002,0.16624659231580241,0.0061112055554986,0.11055501395684052,0.65177536010742188,0,0,0,0,72.479995727539062,186480.77688558307,5.6909416774164754,0.027270060885186916,0.31060973419768118,0.043775688975382261,0,11.285335540771484,20.793006896972656
427,7.1166666666666663,0,0.100896,0.16358399999999998,0.0024319999999999997,0.00464,0.0014399999999999999,0.0071679999999999999,0.001856,0.075903999999999999,0.002176,0.00528,0.75229939739930229,1.8976,40,0.27244556889549143,3.9417166709899902,0.046560414014724577,0.27679228782653809,0.17089804104167644,0.0063898293301463127,0.11304715237586759,0.67454862594604492,0,0,0,0,72.359298706054688,192043.87350549657,5.8607139131316091,0.027149407166736115,0.308537944544722,0.044340184716544356,0,11.465599060058594,21.014339447021484
428,7.1333333333333329,0,0.099007999999999999,0.16336000000000001,0.00070399999999999998,0.00464,0.001472,0.0072959999999999995,0.0017599999999999998,0.075616000000000003,0.0022399999999999998,0.00528,0.7637362637362638,1.8904000000000001,40,0.27731985338446391,3.6944189071655273,0.048713406268517292,0.28594493865966797,0.17565783940100096,0.0066946810111403465,0.11571241083946308,0.69325774908065796,0,0,0,0,72.238800048828125,197638.36498104094,6.031444243806181,0.027069424114048255,0.30646171371685416,0.044406841359989187,0,11.655179977416992,21.127388000488281
429,7.1499999999999995,0,0.099039999999999989,0.163296,0.000736,0.0045119999999999995,0.0014399999999999999,0.0071999999999999998,0.0019840000000000001,0.075616000000000003,0.0022719999999999997,0.00528,0.76348949919224562,1.8904000000000001,40,0.28165459670966986,3.536229133605957,0.050953755447057617,0.2944522500038147,0.18090865919571997,0.0070259952917695045,0.11854109238377639,0.71806603670120239,0,0,0,0,72.118499755859375,203491.25339013513,6.2100602230876198,0.026937929988750994,0.30427617961295234,0.044438337686040989,0,11.851139068603516,21.149955749511719
430,7.166666666666667,0,0.099167999999999992,0.16361599999999998,0.000736,0.0047039999999999998,0.0013439999999999999,0.0071999999999999998,0.0018879999999999999,0.075616000000000003,0.0023679999999999999,0.0053119999999999999,0.7625040335592127,1.8904000000000001,40,0.28578232270170334,3.316791296005249,0.053346166874975232,0.30312895774841309,0.18666713311955763,0.0073847905732691288,0.1215301655826168,0.743446946144104,0,0,0,0,71.998397827148438,209954.39736715192,6.407299724339353,0.026796012922326029,0.30185498489692469,0.044539604571758672,0,12.051656723022461,21.066017150878906
431,7.1833333333333336,0,0.099071999999999993,0.16316799999999998,0.000736,0.00496,0.001472,0.0071999999999999998,0.001536,0.075583999999999998,0.0023040000000000001,0.00528,0.76291989664082693,1.8896000000000002,40,0.29082910589754568,3.2073044776916504,0.055919679355072124,0.3140571117401123,0.19227676398651691,0.0077714701183140278,0.12467132884760657,0.76370042562484741,0,0,0,0,71.878501892089844,216671.55389531018,6.6122910734652764,0.026701261152597078,0.29926194712448867,0.044847123362900053,0,12.253683090209961,20.828027725219727
432,7.2000000000000002,0,0.10102399999999999,0.16326399999999999,0.000736,0.0051199999999999996,0.0014399999999999999,0.0072639999999999996,0.0033599999999999997,0.075551999999999994,0.0023040000000000001,0.0052480000000000001,0.74786189420335769,1.8887999999999998,40,0.29587077650449017,3.3734376430511475,0.058651095382433335,0.32487964630126953,0.19823213389086852,0.0081875845789909363,0.12796549987391864,0.7809949517250061,0,0,0,0,71.758804321289062,223666.80315453571,6.8257691392375399,0.026565363605605175,0.29647396012390931,0.045298869581112226,0,12.45716667175293,20.453672409057617
433,7.2166666666666668,0,0.098975999999999995,0.16345599999999999,0.00067199999999999996,0.0044159999999999998,0.0014399999999999999,0.0071999999999999998,0.0020799999999999998,0.075583999999999998,0.0023040000000000001,0.00528,0.7636598771419334,1.8896000000000002,40,0.30066850952095048,3.7945575714111328,0.061503687216452593,0.3351064920425415,0.20455646424178331,0.0086356448009610176,0.13142027850344115,0.80667620897293091,0,0,0,0,71.639305114746094,230574.47133151474,7.0365744424900738,0.026530978550972674,0.29399268958677344,0.045740111560810093,0,12.661407470703125,20.197219848632812
434,7.2333333333333334,0,0.099136000000000002,0.163744,0.00076800000000000002,0.0045119999999999995,0.0014399999999999999,0.0072639999999999996,0.001952,0.075583999999999998,0.002336,0.00528,0.76242737249838599,1.8896000000000002,40,0.30534099531780695,4.0488228797912598,0.064505346412546835,0.34556460380554199,0.21125675032731184,0.00911739282310009,0.13503623827032571,0.82680648565292358,0,0,0,0,71.520004272460938,237939.83109692208,7.2613473845496239,0.026389714691517779,0.29148476117183963,0.046324543764948718,0,12.868564605712891,20.076770782470703
435,7.25,0,0.099071999999999993,0.163744,0.000736,0.0045439999999999994,0.001408,0.0071999999999999998,0.002016,0.075583999999999998,0.002336,0.0052480000000000001,0.76291989664082693,1.8896000000000002,40,0.31051724370506578,4.1578431129455566,0.067635625152383083,0.3589789867401123,0.21781600385653455,0.0096355900168418884,0.13882067581482155,0.84171217679977417,0,0,0,0,71.400901794433594,245408.08467081608,7.4892603964482447,0.026280919363373626,0.28895383307020428,0.046706338660417249,0,13.078149795532227,20.400909423828125
436,7.2666666666666666,0,0.099007999999999999,0.16361599999999998,0.000544,0.0049919999999999999,0.001472,0.007136,0.0015679999999999999,0.075616000000000003,0.0023040000000000001,0.0053759999999999997,0.7637362637362638,1.8904000000000001,40,0.3163095373532388,4.1168680191040039,0.07085024322709968,0.37182855606079102,0.22399022116104467,0.010192884132266045,0.14277873883926867,0.85814237594604492,0,0,0,0,71.281997680664062,253351.60633161911,7.731677439319431,0.026262825049652456,0.28611409014714123,0.047046494337334967,0,13.29090404510498,21.263830184936523
437,7.2833333333333332,0,0.098879999999999996,0.16348799999999999,0.00057600000000000001,0.0044799999999999996,0.001408,0.0071999999999999998,0.0020799999999999998,0.075488,0.0024319999999999997,0.0052160000000000002,0.76343042071197409,1.8872,40,0.32281911309587358,4.2460284233093262,0.07416039921175982,0.38397359848022461,0.22972741143036049,0.01079123467206955,0.14690973195857074,0.87748157978057861,0,0,0,0,71.163291931152344,261427.82281186699,7.9781440067098082,0.026271951127996459,0.2832587759234188,0.047247901508350343,0,13.504547119140625,21.969615936279297
438,7.2999999999999998,0,0.098912,0.16345599999999999,0.00070399999999999998,0.0044799999999999996,0.001472,0.0071679999999999999,0.0020799999999999998,0.075423999999999991,0.0022719999999999997,0.0053119999999999999,0.76253639598835321,1.8855999999999997,40,0.32921121960732902,4.3040866851806641,0.077602453887629638,0.39662528038024902,0.23572238510033461,0.01143185980618,0.15120753821274918,0.89152973890304565,0,0,0,0,71.044784545898438,269630.90023074759,8.2284820627059201,0.026275228450576813,0.28044559348090486,0.047341146417475236,0,13.716988563537598,22.466802597045898
439,7.3166666666666664,0,0.100896,0.16336000000000001,0.0025919999999999997,0.00464,0.001472,0.0071999999999999998,0.0018239999999999999,0.075647999999999993,0.0022719999999999997,0.0052480000000000001,0.74976213130352043,1.8912,40,0.33477433236726217,4.3128714561462402,0.081155283676126067,0.41131329536437988,0.24241787923900673,0.012119109742343426,0.15568628547398403,0.90253150463104248,0,0,0,0,70.926475524902344,278109.28476473619,8.487221825095709,0.02643932696163644,0.27724868376875728,0.04752675260846629,0,13.931653022766113,22.67291259765625
440,7.333333333333333,0,0.099136000000000002,0.163328,0.00070399999999999998,0.0047039999999999998,0.001472,0.0072959999999999995,0.001632,0.075839999999999991,0.002176,0.0053119999999999999,0.76500968366688171,1.8959999999999997,40,0.34019326181699272,4.7521195411682129,0.084897508182952386,0.42526960372924805,0.24955670118070439,0.01285798754543066,0.16036201261789315,0.91996669769287109,0,0,0,0,70.808364868164062,286876.77316465823,8.7547843373003609,0.026603423641896322,0.27402327181352321,0.047768144029956688,0,14.147546768188477,23.242074966430664
441,7.3499999999999996,0,0.10102399999999999,0.16380799999999998,0.002624,0.0047039999999999998,0.001472,0.0073279999999999994,0.0016639999999999999,0.075839999999999991,0.0022079999999999999,0.0051839999999999994,0.75071270193221407,1.8959999999999997,40,0.34538010414457954,5.331995964050293,0.088810798025366511,0.43723106384277344,0.25713929945481001,0.01365259662270546,0.16524283114680322,0.9323122501373291,0,0,0,0,70.690444946289062,296210.68865406408,9.0396328324604518,0.026749271290140337,0.27073053422710525,0.047951017497901552,0,14.365322113037109,23.780483245849609
442,7.3666666666666663,0,0.099071999999999993,0.16348799999999999,0.00070399999999999998,0.0046080000000000001,0.001472,0.0072319999999999997,0.0018239999999999999,0.075616000000000003,0.0022719999999999997,0.0053439999999999998,0.76324289405684764,1.8904000000000001,40,0.3514412352912788,5.9332666397094727,0.092853376180663208,0.45198154449462891,0.26420740327669628,0.014507006853818893,0.17033500435212307,0.94219887256622314,0,0,0,0,70.572723388671875,305889.74645013118,9.3350142349283196,0.026902074986339272,0.26747968034843855,0.048096209153519059,0,14.586904525756836,23.952407836914062
443,7.3833333333333329,0,0.099039999999999989,0.163328,0.000736,0.0045119999999999995,0.001472,0.0072319999999999997,0.001952,0.075583999999999998,0.0022719999999999997,0.00528,0.76316639741518588,1.8896000000000002,40,0.35710826518925959,6.5894179344177246,0.097061741333457158,0.46813774108886719,0.27179920151670683,0.015424429439008236,0.17563843223513603,0.95750725269317627,0,0,0,0,70.4552001953125,315763.81402147497,9.6363468634483329,0.027026014566100848,0.26405009343100094,0.048202387379916299,0,14.81346321105957,23.873575210571289
444,7.3999999999999995,0,0.10051199999999999,0.163136,0.0021119999999999997,0.0046080000000000001,0.001472,0.0072959999999999995,0.001792,0.075583999999999998,0.0023040000000000001,0.0053439999999999998,0.751989812161732,1.8896000000000002,40,0.36281518880946845,7.225456714630127,0.10145856968240539,0.48105621337890625,0.27964256407050841,0.016408449038863182,0.1811543487684642,0.96927553415298462,0,0,0,0,70.337875366210938,326219.58561538311,9.9554316899225803,0.027065811494619962,0.26033803012755274,0.048211123136807428,0,15.044515609741211,23.559804916381836
445,7.416666666666667,0,0.10271999999999999,0.16323199999999999,0.0024319999999999997,0.0052160000000000002,0.001472,0.007136,0.0033279999999999998,0.075616000000000003,0.0022719999999999997,0.0052480000000000001,0.73613707165109044,1.8904000000000001,40,0.36884653395769118,7.9242916107177734,0.106129852551297,0.49716711044311523,0.28773444449249103,0.017464332282543182,0.18689212012571949,0.99186652898788452,0,0,0,0,70.220741271972656,336750.09209951793,10.276797244247984,0.027055999621115951,0.25660153665890306,0.048217356335065117,0,15.27656078338623,23.002243041992188
446,7.4333333333333336,0,0.10256,0.16403199999999998,0.0021119999999999997,0.0050239999999999998,0.001472,0.0072319999999999997,0.0034879999999999998,0.075871999999999995,0.002176,0.0051839999999999994,0.73978159126365051,1.8968,40,0.37518586082805788,8.6371879577636719,0.11101266856354169,0.51476883888244629,0.29588713262949201,0.018596971407532692,0.19285731206014819,1.0073789358139038,0,0,0,0,70.103805541992188,347912.90055966913,10.617459123525059,0.02706344647792237,0.25261179023457297,0.048133783841728277,0,15.510385513305664,23.134860992431641
447,7.4500000000000002,0,0.099199999999999997,0.16367999999999999,0.000736,0.0046080000000000001,0.0013759999999999998,0.0071679999999999999,0.0019840000000000001,0.075903999999999999,0.0022079999999999999,0.0052160000000000002,0.76516129032258062,1.8976,40,0.38108975216378377,9.1027469635009766,0.11611815362946853,0.52890157699584961,0.30470027853061654,0.019814938306808472,0.1990725410839399,1.026753306388855,0,0,0,0,69.987060546875,359184.95459151728,10.961454913071206,0.027046809645208499,0.24870132327432593,0.048117843921478907,0,15.748343467712402,22.878946304321289
448,7.4666666666666668,0,0.099136000000000002,0.163776,0.000736,0.0045439999999999994,0.0013759999999999998,0.007136,0.0021119999999999997,0.075839999999999991,0.002176,0.0052160000000000002,0.76500968366688171,1.8959999999999997,40,0.38636210401124066,9.4571247100830078,0.12148283929866116,0.54817795753479004,0.31442741934940593,0.021126842126250267,0.20555700973817589,1.0462774038314819,0,0,0,0,69.870513916015625,370534.65545293799,11.307820295804992,0.026947777298464131,0.24486929845491559,0.048100010934986046,0,15.994089126586914,23.475719451904297
449,7.4833333333333334,0,0.100992,0.163712,0.00067199999999999996,0.0054399999999999995,0.0015039999999999999,0.0073279999999999994,0.0028799999999999997,0.075583999999999998,0.0022719999999999997,0.0053119999999999999,0.74841571609632451,1.8896000000000002,40,0.39247308341142184,9.3808956146240234,0.1271287290472547,0.56830501556396484,0.32391706443213109,0.022536614909768105,0.21230456853194707,1.0599439144134521,0,0,0,0,69.754158020019531,382395.75495740748,11.669792326581039,0.026826857234992493,0.2409375963874715,0.048055482581420776,0,16.250646591186523,24.467622756958008
450,7.5,0,0.101184,0.16409599999999999,0.000736,0.0050239999999999998,0.0014399999999999999,0.0072319999999999997,0.0034879999999999998,0.075839999999999991,0.0022079999999999999,0.0052160000000000002,0.74952561669829221,1.8959999999999997,40,0.3988470142161884,8.8593330383300781,0.13300774752129355,0.58487176895141602,0.33348061482340419,0.024049654603004456,0.2193155471142183,1.0725694894790649,0,0,0,0,69.63800048828125,395120.24081075669,12.058112817711081,0.026682982347943002,0.23670955905616597,0.047925894456083092,0,16.521095275878906,24.822988510131836
451,7.5166666666666666,0,0.098847999999999991,0.163136,0.00051199999999999998,0.0045119999999999995,0.0014399999999999999,0.0072639999999999996,0.001952,0.075583999999999998,0.0023679999999999999,0.0052160000000000002,0.76464875364195539,1.8896000000000002,40,0.40496108186015861,7.8091640472412109,0.13921011981480988,0.6075899600982666,0.3437617243991905,0.025669794529676437,0.22658241118708414,1.091866135597229,0,0,0,0,69.52203369140625,407987.86636701634,12.450801585907481,0.026812889575654416,0.23257573624647732,0.047666124047370285,0,16.802600860595703,24.347688674926758
452,7.5333333333333332,0,0.099071999999999993,0.16361599999999998,0.000736,0.0050239999999999998,0.001472,0.0071679999999999999,0.0015039999999999999,0.075583999999999998,0.0023040000000000001,0.00528,0.76291989664082693,1.8896000000000002,40,0.41071742586748022,8.4128684997558594,0.14576268755618807,0.62908244132995605,0.35489774325577078,0.02740202471613884,0.23410264721330615,1.1054856777191162,0,0,0,0,69.406257629394531,421231.34220260539,12.85496039436662,0.026923544687848071,0.22851157809489081,0.047554857474224971,0,17.094390869140625,24.899354934692383
453,7.5499999999999998,0,0.1008,0.163712,0.0024319999999999997,0.0046080000000000001,0.001472,0.0071999999999999998,0.001856,0.075616000000000003,0.002336,0.00528,0.75015873015873014,1.8904000000000001,40,0.4164411132990094,8.5404767990112305,0.15264094536628886,0.64936423301696777,0.36653668548016521,0.029252342879772186,0.24187741887068412,1.1145201921463013,0,0,0,0,69.290672302246094,434961.0091800997,13.273956578982535,0.0269822183754777,0.22423453428689991,0.047479605947975609,0,17.395351409912109,25.363124847412109
454,7.5666666666666664,0,0.098912,0.163136,0.00060799999999999993,0.0049919999999999999,0.0014399999999999999,0.0071679999999999999,0.001536,0.075647999999999993,0.0022719999999999997,0.0052480000000000001,0.7648010352636686,1.8912,40,0.42240364014184123,7.8626060485839844,0.15978805156080786,0.6740424633026123,0.37828284696398867,0.031224194914102554,0.24989675833872899,1.1325050592422485,0,0,0,0,69.175285339355469,449167.12907575775,13.707492952751396,0.026994854348727188,0.21985481225162357,0.047405928584489283,0,17.702747344970703,24.865549087524414
455,7.583333333333333,0,0.099103999999999998,0.163968,0.000736,0.0046719999999999999,0.001472,0.0072959999999999995,0.001696,0.075839999999999991,0.002176,0.0052160000000000002,0.76525670003228918,1.8959999999999997,40,0.42846436241740732,7.4053044319152832,0.16725654758265676,0.69640994071960449,0.39036279852772554,0.033323869109153748,0.25816223236234132,1.1465332508087158,0,0,0,0,69.060089111328125,463699.002744267,14.150970542732757,0.026832807934712925,0.21538352194876828,0.047429802011642923,0,18.016551971435547,24.176240921020508
456,7.5999999999999996,0,0.099071999999999993,0.16303999999999999,0.00076800000000000002,0.0044479999999999997,0.0014399999999999999,0.0072319999999999997,0.0020479999999999999,0.075583999999999998,0.0023040000000000001,0.0052480000000000001,0.76291989664082693,1.8896000000000002,40,0.43518345472128545,6.8548793792724609,0.17505345677596779,0.72102785110473633,0.40225209593062611,0.035565134137868881,0.26670258393149804,1.1559606790542603,0,0,0,0,68.945083618164062,478609.20614311041,14.605993839816602,0.026820221312140017,0.21080715786017079,0.047394032926684024,0,18.342449188232422,25.311531066894531
457,7.6166666666666663,0,0.10284799999999999,0.16367999999999999,0.002496,0.0052160000000000002,0.0015039999999999999,0.0071679999999999999,0.0032959999999999999,0.075679999999999997,0.0022079999999999999,0.00528,0.7358431860609832,1.8919999999999999,40,0.44249459511209277,6.4444174766540527,0.183227681382929,0.74777936935424805,0.41407891397298024,0.037950403988361359,0.2755010126600676,1.1725624799728394,0,0,0,0,68.830268859863281,494121.58415471925,15.079394047690407,0.026990084883391559,0.20616438767446027,0.047353029065518817,0,18.682552337646484,25.449859619140625
458,7.6333333333333329,0,0.099007999999999999,0.16319999999999998,0.000736,0.0045439999999999994,0.001472,0.0072639999999999996,0.0018879999999999999,0.075551999999999994,0.002336,0.0052160000000000002,0.7630898513251454,1.8887999999999998,40,0.44963039942286703,7.0777735710144043,0.19184274921196587,0.77181291580200195,0.42666765738751172,0.040488004684448242,0.28456283905123042,1.1871360540390015,0,0,0,0,68.715644836425781,509836.31093557301,15.558969449938141,0.027149598983197104,0.20142362601742017,0.047113215871613968,0,19.036741256713867,24.40178108215332
459,7.6499999999999995,0,0.10102399999999999,0.16352,0.00070399999999999998,0.0051519999999999995,0.0014399999999999999,0.0072959999999999995,0.0032959999999999999,0.075712000000000002,0.002176,0.0052480000000000001,0.74944567627494463,1.8928,40,0.45627280008488924,7.7821621894836426,0.20087408969651527,0.80286502838134766,0.44024997689790579,0.043184079229831696,0.29388460058271748,1.2019033432006836,0,0,0,0,68.601211547851562,525864.13240044017,16.048099743665777,0.027186747454857826,0.1965234683381617,0.046871114676364775,0,19.408824920654297,24.879390716552734
460,7.666666666666667,0,0.10092799999999999,0.163712,0.0025599999999999998,0.0045760000000000002,0.0014399999999999999,0.0072959999999999995,0.0018239999999999999,0.075679999999999997,0.0022399999999999998,0.0053119999999999999,0.74984147114774891,1.8919999999999999,40,0.46403259540624597,7.8249273300170898,0.21034265462136481,0.83105754852294922,0.45329284344177678,0.04604087769985199,0.30344975762011078,1.2144840955734253,0,0,0,0,68.486968994140625,542383.19422851596,16.552221503555785,0.027054229237549639,0.19166582730238146,0.04672953650553284,0,19.796875,25.197208404541016
461,7.6833333333333336,0,0.099071999999999993,0.16361599999999998,0.000736,0.0044799999999999996,0.001472,0.0072319999999999997,0.0019840000000000001,0.075808,0.0022079999999999999,0.0051519999999999995,0.76518087855297168,1.8952000000000002,40,0.47201444068736631,7.3440046310424805,0.22023607308178661,0.8610386848449707,0.4665875746535848,0.049065444618463516,0.31325850225800261,1.2328379154205322,0,0,0,0,68.372917175292969,559730.17002748069,17.081609192733175,0.02700669593602488,0.18668385601510784,0.046526980754079079,0,20.202751159667969,25.143604278564453
462,7.7000000000000002,0,0.100992,0.163136,0.00070399999999999998,0.0047679999999999997,0.001536,0.0073919999999999993,0.0034879999999999998,0.075583999999999998,0.0022719999999999997,0.0052480000000000001,0.74841571609632451,1.8896000000000002,40,0.4798864852770936,6.2175846099853516,0.23062863703705372,0.89679861068725586,0.48058998140755166,0.052265964448451996,0.32331397881456347,1.2538571357727051,0,0,0,0,68.259056091308594,577844.67991978943,17.634420163567793,0.027107232568513641,0.18161175747367941,0.04632596571854735,0,20.626386642456055,25.05784797668457
463,7.7166666666666668,0,0.098912,0.16342399999999999,0.00067199999999999996,0.0048319999999999995,0.001472,0.0073279999999999994,0.001472,0.075488,0.0023999999999999998,0.0052480000000000001,0.76318343578130055,1.8872,40,0.48865939946948772,5.1068577766418457,0.24157906059753592,0.92800474166870117,0.49437105038766438,0.055646829307079315,0.33360704221307835,1.2675954103469849,0,0,0,0,68.1453857421875,596036.07735506434,18.189577556001719,0.027007358993325813,0.17648550375147423,0.045980738247700617,0,21.066366195678711,26.376956939697266
464,7.7333333333333334,0,0.10271999999999999,0.16383999999999999,0.0023040000000000001,0.0051519999999999995,0.001472,0.0072319999999999997,0.0033599999999999997,0.075808,0.0022399999999999998,0.0051519999999999995,0.73800623052959513,1.8952000000000002,40,0.49915086645849577,4.9195432662963867,0.25311319771084184,0.97077560424804688,0.50708756554244727,0.059216607362031937,0.34414127146284545,1.2875159978866577,0,0,0,0,68.031906127929688,614561.95053384535,18.754942338069011,0.026898965470201531,0.17123818576356406,0.045556247828513786,0,21.527826309204102,27.153619766235352
465,7.75,0,0.099039999999999989,0.163712,0.00067199999999999996,0.0046719999999999999,0.0015039999999999999,0.0073919999999999993,0.0015999999999999999,0.075839999999999991,0.0022079999999999999,0.0051519999999999995,0.76575121163166393,1.8959999999999997,40,0.51038816593032643,5.1804118156433105,0.26523120524291915,1.0086746215820312,0.51966566419003946,0.062983311712741852,0.35491776994887664,1.3084752559661865,0,0,0,0,67.918609619140625,633672.5726781151,19.338152242374118,0.026697886530342736,0.16592302480460347,0.045342417409219737,0,22.011123657226562,27.202600479125977
466,7.7666666666666666,0,0.098975999999999995,0.16441599999999998,0.00070399999999999998,0.0045439999999999994,0.0014399999999999999,0.0072959999999999995,0.0018239999999999999,0.075871999999999995,0.0021440000000000001,0.0051519999999999995,0.76656967345619142,1.8968,40,0.52283494343670323,5.3869562149047852,0.27801617518544047,1.0604782104492188,0.53174750210454969,0.066948786377906799,0.36592017265492977,1.3229596614837646,0,0,0,0,67.805503845214844,653422.86887567246,19.940883449574965,0.026541970215764574,0.16051036964174015,0.045132527290962558,0,22.514980316162109,28.617612838745117
467,7.7833333333333332,0,0.10332799999999999,0.16316799999999998,0.002464,0.0051519999999999995,0.001472,0.0071999999999999998,0.003392,0.075871999999999995,0.002496,0.00528,0.73428305977082686,1.8968,40,0.53502146561956376,5.4366369247436523,0.29151148442780561,1.1072947978973389,0.54485941809873084,0.071115642786026001,0.37713563285912405,1.3440967798233032,0,0,0,0,67.692588806152344,673649.02541217278,20.558136761846093,0.026374901084380772,0.15486106536405825,0.044985468453884632,0,23.039011001586914,28.398818969726562
468,7.7999999999999998,0,0.100672,0.16294400000000001,0.002464,0.0046719999999999999,0.001472,0.0071999999999999998,0.0018239999999999999,0.075583999999999998,0.0022719999999999997,0.0051839999999999994,0.75079465988556893,1.8896000000000002,40,0.54863944832199762,5.6446442604064941,0.30581000990548668,1.1711809635162354,0.55739704981258686,0.075498774647712708,0.3885840311894268,1.3648248910903931,0,0,0,0,67.579864501953125,693857.56811011815,21.174852542423039,0.026196809951145913,0.14939105097458127,0.044836184606700746,0,23.585115432739258,29.798912048339844
469,7.8166666666666664,0,0.100576,0.16316799999999998,0.0022719999999999997,0.00464,0.001408,0.0071999999999999998,0.001856,0.075679999999999997,0.0023040000000000001,0.0052160000000000002,0.75246579700922689,1.8919999999999999,40,0.56395546381032102,5.7213549613952637,0.32082804617715693,1.2368314266204834,0.56888897575263708,0.080100208520889282,0.40025044290016543,1.3818612098693848,0,0,0,0,67.467323303222656,714381.92163409037,21.80120610455598,0.026131561657362991,0.14373891436835923,0.044713158559532812,0,24.160190582275391,29.947193145751953
470,7.833333333333333,0,0.099136000000000002,0.163712,0.000736,0.0045439999999999994,0.001472,0.0072959999999999995,0.001856,0.075839999999999991,0.0022079999999999999,0.0051839999999999994,0.76500968366688171,1.8959999999999997,40,0.57950975206972288,5.4912834167480469,0.33660214124268795,1.3208134174346924,0.58083947688630122,0.084924556314945221,0.41212754412910868,1.4050859212875366,0,0,0,0,67.354972839355469,735819.90352301474,22.455441391693565,0.026044108611350026,0.13786030847581132,0.044549542333467806,0,24.767253875732422,30.27142333984375
471,7.8499999999999996,0,0.098912,0.16345599999999999,0.00070399999999999998,0.0046080000000000001,0.001472,0.0072639999999999996,0.0018239999999999999,0.075583999999999998,0.0022719999999999997,0.0051839999999999994,0.76415399547072138,1.8896000000000002,40,0.59741333157344589,6.3473305702209473,0.35322117002310033,1.4197177886962891,0.59125090009759074,0.089979447424411774,0.42421562306075378,1.4360947608947754,0,0,0,0,67.242805480957031,757167.90776965371,23.106930779103202,0.025993243461585647,0.13206487705372963,0.044346602680613113,0,25.411176681518555,30.700593948364258
472,7.8666666666666663,0,0.09894399999999999,0.163936,0.00070399999999999998,0.0045439999999999994,0.001472,0.0072959999999999995,0.0018239999999999999,0.075679999999999997,0.0022399999999999998,0.0051839999999999994,0.76487710219922389,1.8919999999999999,40,0.61653977218322775,5.7241363525390625,0.37067176517375117,1.5391159057617188,0.60121306345114789,0.095271512866020203,0.43651234316115323,1.4564491510391235,0,0,0,0,67.130828857421875,778435.59682027763,23.755969141243824,0.025910777267486956,0.12623310592832709,0.044095376353340834,0,26.097158432006836,29.269445419311523
473,7.8833333333333329,0,0.100672,0.16387199999999999,0.0023999999999999998,0.0047679999999999997,0.0014399999999999999,0.0072959999999999995,0.001632,0.075808,0.002176,0.0051519999999999995,0.75301970756516212,1.8952000000000002,40,0.63651864587572771,6.1586160659790039,0.38885221658471969,1.6872711181640625,0.61090467514857094,0.10079538822174072,0.44898861504884668,1.4862284660339355,0,0,0,0,67.019035339355469,800605.47813919606,24.432540226415895,0.025706083014562568,0.12024450910369566,0.043801921758161527,0,26.826866149902344,29.894475936889648
474,7.8999999999999995,0,0.098879999999999996,0.163296,0.00060799999999999993,0.0044799999999999996,0.0014399999999999999,0.0072639999999999996,0.0019840000000000001,0.075583999999999998,0.002336,0.0051839999999999994,0.7644012944983819,1.8896000000000002,40,0.65827814687725916,6.905726432800293,0.40778743988444527,1.8546385765075684,0.6194758884506617,0.1065477579832077,0.46162269871228756,1.507054328918457,0,0,0,0,66.907432556152344,823453.529545989,25.129807420226715,0.025516923810469147,0.11427915611413252,0.043483524616484449,0,27.596717834472656,28.98004150390625
475,7.916666666666667,0,0.100256,0.16367999999999999,0.002016,0.00464,0.0014399999999999999,0.0073919999999999993,0.001632,0.075839999999999991,0.002176,0.0051199999999999996,0.75646345355888922,1.8959999999999997,40,0.6810514204397079,9.0108165740966797,0.42746569412179908,2.0293352603912354,0.6276555356801311,0.1125258281826973,0.47439609649046921,1.5295165777206421,0,0,0,0,66.796012878417969,846491.05329742166,25.832856851117604,0.025299606251567571,0.10837007419278932,0.043219538351080167,0,28.403957366943359,29.800868988037109
476,7.9333333333333336,0,0.10063999999999999,0.163296,0.0023999999999999998,0.0046719999999999999,0.001472,0.0072639999999999996,0.0017599999999999998,0.075583999999999998,0.0023040000000000001,0.0051839999999999994,0.75103338632750405,1.8896000000000002,40,0.70653082066698847,11.246094703674316,0.44777761748085959,2.2107999324798584,0.63376940450827424,0.1187279000878334,0.48729436706745011,1.5510152578353882,0,0,0,0,66.684776306152344,869742.95903993445,26.542448701169874,0.025125188669621341,0.10243273659251613,0.042923709092123827,0,29.253616333007812,31.79399299621582
477,7.9500000000000002,0,0.10239999999999999,0.163296,0.0021119999999999997,0.0050879999999999996,0.001472,0.0071999999999999998,0.0034559999999999999,0.075583999999999998,0.0023040000000000001,0.0051839999999999994,0.73812500000000003,1.8896000000000002,40,0.73402160907400094,13.194480895996094,0.4686361174527709,2.3979747295379639,0.63845002879952684,0.12514738738536835,0.50029468792976073,1.5647579431533813,0,0,0,0,66.573722839355469,893510.66512647003,27.267781528517762,0.024974102223655724,0.09647638744065945,0.042510111425292249,0,30.140384674072266,31.846231460571289
478,7.9666666666666668,0,0.098975999999999995,0.16316799999999998,0.00070399999999999998,0.0045760000000000002,0.001472,0.0073599999999999994,0.0017279999999999999,0.075616000000000003,0.0023040000000000001,0.0052160000000000002,0.76398318784351771,1.8904000000000001,40,0.7632505615687124,14.54000186920166,0.48993254104753847,2.5875232219696045,0.64190262767783346,0.13177357614040375,0.51336843716847991,1.5859134197235107,0,0,0,0,66.462860107421875,917823.50156108011,28.009750413851322,0.024852962434029229,0.090509923486546254,0.042107986659765083,0,31.063226699829102,34.136199951171875
479,7.9833333333333334,0,0.10284799999999999,0.16431999999999999,0.0025279999999999999,0.0051839999999999994,0.001472,0.0071999999999999998,0.0033279999999999998,0.075808,0.0021440000000000001,0.0051839999999999994,0.73708774113254516,1.8952000000000002,40,0.79518809066830876,15.188831329345703,0.51162625707215148,2.7817931175231934,0.64340281636028995,0.13860148191452026,0.52650067789988697,1.6176120042800903,0,0,0,0,66.352180480957031,942063.01680268522,28.749481713949134,0.024639664919363164,0.084655354357731361,0.041660833559645331,0,32.023933410644531,35.327014923095703
480,8,0,0.100992,0.16348799999999999,0.00063999999999999994,0.0051519999999999995,0.001472,0.0071999999999999998,0.0033599999999999997,0.075839999999999991,0.0022079999999999999,0.0051199999999999996,0.75095057034220525,1.8959999999999997,40,0.82717679278019496,15.41205883026123,0.53352876996420406,2.9753427505493164,0.64499968401069285,0.14561834931373596,0.53966350499869076,1.6317548751831055,0,0,0,0,66.241683959960938,966475.11429012881,29.49447980621731,0.024461653669372353,0.078810994171764792,0.041311632386639242,0,33.030918121337891,35.951881408691406
